base,string_id,titulo_interpretativo_string,bibtex_key_original,title,authors,year,doi,venue,status,motivo,origens,tem_abstract
Scopus,S2,Scopus S2 — Lesões e alterações gástricas por IA,Chiang2026343,A rural-to-center artificial intelligence model for diagnosing Helicobacter pylori infection and premalignant gastric conditions using endoscopy images captured in routine practice,"Chiang, Tsung-Hsien; Hsu, Yen-Ning; Chen, Min-Han; Chen, Yi-Ru; Cheng, Hsiu-Chi; Chen, Mei-Jin; Lee, Fu-Jen; Chang, Chi-Yang; Chang, Chun-Chao; Bair, Ming-Jong; Liou, Jyh-Ming; Chen, Chiuan-Jung; Chen, Yen-Chung; Chiang, Hung; Shun, Chia-Tung; Liu, Jui-Hsuan; Chiu, Han-Mo; Wu, Ming-Shiang; Yu, Jiun-Yu; Guo, Ruey-Shan; Lin, Jaw-Town; Lee, Yi-Chia; Chen, Chu-Song",2026,,Endoscopy,included,Visão computacional/DL aplicada a endoscopia digestiva alta.,Scopus/S2,sim
Scopus,S2,Scopus S2 — Lesões e alterações gástricas por IA,Al_Hayek2026,Efficacy of artificial intelligence–assisted upper gastrointestinal endoscopy for neoplasm detection: a systematic review and meta-analysis of randomized controlled trials,"Al Hayek, Mohammad; Barberio, Brigida; Al Hayek, Osamah; Rugge, Massimo; Di Pietro, Massimiliano; Nounou, Mohamedhen Vall; Elhadi, Muhammed; Savarino, Edoardo Vincenzo",2026,,Gastrointestinal Endoscopy,included,Visão computacional/DL aplicada a endoscopia digestiva alta (contexto: dataset/benchmark).,Scopus/S2,sim
Scopus,S2,Scopus S2 — Lesões e alterações gástricas por IA,Oh2025,Application of artificial intelligence in the detection of Borrmann type 4 advanced gastric cancer in upper endoscopy (with video),"Oh, Mi Jin; Park, Jinbae; Jeon, Jiwoon; Park, Mina; Kang, Seungkyung; Kim, Su Hyun; Park, Su Hee; Chang, Young Hoon; Shin, Cheol Min; Kang, Seung Joo; Lee, Seunghan; Kim, Sang Gyun; Cho, Soo-Jeong",2025,,Cancer,included,Visão computacional/DL aplicada a endoscopia digestiva alta.,Scopus/S2,sim
Scopus,S2,Scopus S2 — Lesões e alterações gástricas por IA,Sun2022459,Lesion Segmentation in Gastroscopic Images Using Generative Adversarial Networks,"Sun, Yaru; Li, Yunqi; Wang, Pengfei; He, Dongzhi; Wang, Zhiqiang",2022,,Journal of Digital Imaging,included,Visão computacional/DL aplicada a endoscopia digestiva alta.,Scopus/S2,sim
Scopus,S2,Scopus S2 — Lesões e alterações gástricas por IA,Kanesaka2026,Artificial Intelligence for the Detection of Neoplastic Lesions During Upper Gastrointestinal Endoscopy: Diagnostic Performance and Future Directions,"Kanesaka, Takashi",2026,,Digestive Endoscopy,included,"Título/keywords indicam DL/CV em endoscopia digestiva alta ou achado GI, mesmo sem abstract.",Scopus/S2,não
Scopus,S2,Scopus S2 — Lesões e alterações gástricas por IA,Hu20253011,AI-based large-scale screening of gastric cancer from noncontrast CT imaging,"Hu, Can; Xia, Yingda; Zheng, Zhilin; Cao, Mengxuan; Zheng, Guoliang; Chen, Shangqi; Sun, Jiancheng; Chen, Wujie; Zheng, Qi; Pan, Siwei; Zhang, Yanqiang; Chen, Jiahui; Yu, Pengfei; Xu, Jingli; Xu, Jianwei; Qiu, Zhongwei; Lin, Tiancheng; Yun, Boxiang; Yao, Jiawen; Guo, Wenchao; Gao, Chen; Kong, Xianghui; Chen, Keda; Wen, Zhengle; Zhu, Guanxia; Qiao, Jinfang; Pan, Yibo; Li, Huan; Gong, Xijun; Ye, Zaisheng; Ao, Weiqun; Zhang, Lei; Yan, Xing; Tong, Yahan; Yang, Xinxin; Zheng, Xiaozhong; Fan, Shufeng; Cao, Jielu; Yan, Cheng; Xie, Kangjie; Zhang, Shengjie; Wang, Yao; Zheng, Lin; Wu, Yingjie; Ge, Zufeng; Tian, Xiyuan; Zhang, Xin; Wang, Yan; Zhang, Ruolan; Wei, Yizhou; Zhu, Weiwei; Zhang, Jianfeng; Qiu, Hanjun; Su, Miaoguang; Shi, Lei; Xu, Zhiyuan; Zhang, Ling; Cheng, Xiangdong",2025,,Nature Medicine,included,Visão computacional/DL aplicada a endoscopia digestiva alta.,Scopus/S2,sim
Scopus,S2,Scopus S2 — Lesões e alterações gástricas por IA,Pornvoraphat2023,Real-time gastric intestinal metaplasia diagnosis tailored for bias and noisy-labeled data with multiple endoscopic imaging,"Pornvoraphat, Passin; Tiankanon, Kasenee; Pittayanon, Rapat; Sunthornwetchapong, Phanukorn; Vateekul, Peerapon; Rerknimitr, Rungsun",2023,,Computers in Biology and Medicine,included,Visão computacional/DL aplicada a endoscopia digestiva alta (contexto: dataset/benchmark).,Scopus/S2,sim
Scopus,S2,Scopus S2 — Lesões e alterações gástricas por IA,Krenzer2026276,Classification of Gastroscopy Images Under Extreme Class Imbalance: A Deep Learning Pipeline,"Krenzer, Adrian; Friedetzki, Tobias; Dietsch, Max; Puppe, Frank",2026,,Lecture Notes in Computer Science,included,Visão computacional/DL aplicada a endoscopia digestiva alta (contexto: dataset/benchmark).,Scopus/S2; Scopus/S3,sim
Scopus,S2,Scopus S2 — Lesões e alterações gástricas por IA,Fujishiro2026,World Endoscopy Organization Position Statements for Artificial Intelligence in Endoscopic Diagnosis of Gastric Epithelial Neoplasia,"Fujishiro, Mitsuhiro; Kakushima, Naomi; Abe, Seiichiro; Yip, Hon Chi; Liu, Xuemei; Kim, Gwan Ha; Pioche, Mathieu; Cortas, George Adel; Sumiyama, Kazuki; Arantes, Vitor Nunes; Emura, Fabian; Dinis-Ribeiro, Mário",2026,,Digestive Endoscopy,included,Visão computacional/DL aplicada a endoscopia digestiva alta.,Scopus/S2,sim
Scopus,S2,Scopus S2 — Lesões e alterações gástricas por IA,Visaggi20241008,"Artificial Intelligence Tools for the Diagnosis of Eosinophilic Esophagitis in Adults Reporting Dysphagia: Development, External Validation, and Software Creation for Point-of-Care Use","Visaggi, Pierfrancesco; Del Corso, Giulio; Baiano Svizzero, Federica; Ghisa, Matteo; Bardelli, Serena; Venturini, Arianna; Stefani Donati, Delio; Barberio, Brigida; Marciano, Emanuele; Bellini, Massimo; Dunn, Jason; Wong, Terry; de Bortoli, Nicola; Savarino, Edoardo V.; Zeki, Sebastian",2024,,Journal of Allergy and Clinical Immunology: In Practice,included,Visão computacional/DL aplicada a endoscopia digestiva alta.,Scopus/S2,sim
Scopus,S2,Scopus S2 — Lesões e alterações gástricas por IA,Sui2021,Automatic Detection of Gastric Wall Structure Based on Oral Contrast-Enhanced Ultrasound and Its Application on Tumor Screening,"Sui, An; Hu, Zhaoyu; Xie, Xuan; Deng, Yinhui; Wang, Yuanyuan; Yu, Jinhua; Shen, Li",2021,,Frontiers in Oncology,included,Visão computacional/DL aplicada a endoscopia digestiva alta.,Scopus/S2,sim
Scopus,S2,Scopus S2 — Lesões e alterações gástricas por IA,Kim20213543,Usefulness of artificial intelligence in gastric neoplasms,"Kim, Ji Hyun; Nam, Seung-Joo; Park, Sung Chul",2021,,World Journal of Gastroenterology,included,DL/CV em endoscopia com achado do trato GI alto.,Scopus/S2,sim
Scopus,S2,Scopus S2 — Lesões e alterações gástricas por IA,Diao2021,RETRACTED: Dictionary Learning-Based Ultrasound Image Combined with Gastroscope for Diagnosis of Helicobacter pylori-Caused Gastrointestinal Bleeding,"Diao, Yunyun; Zhang, Zhenzhou",2021,,Computational and Mathematical Methods in Medicine,included,Visão computacional/DL aplicada a endoscopia digestiva alta.,Scopus/S2,sim
Scopus,S2,Scopus S2 — Lesões e alterações gástricas por IA,Widya2019,Whole Stomach 3D reconstruction and frame localization from monocular endoscope video,"Widya, Aji Resindra; Monno, Yusuke; Okutomi, Masatoshi; Suzuki, Sho; Gotoda, Takuji; Miki, Kenji",2019,,IEEE Journal of Translational Engineering in Health and Medicine,included,Visão computacional/DL aplicada a endoscopia digestiva alta.,Scopus/S2,sim
Scopus,S2,Scopus S2 — Lesões e alterações gástricas por IA,Yashima20231,Current status and future perspective of linked color imaging for gastric cancer screening: a literature review,"Yashima, Kazuo; Onoyama, Takumi; Kurumi, Hiroki; Takeda, Yohei; Yoshida, Akira; Kawaguchi, Koichiro; Yamaguchi, Naoyuki; Isomoto, Hajime",2023,,Journal of Gastroenterology,included,Visão computacional/DL aplicada a endoscopia digestiva alta.,Scopus/S2,sim
Scopus,S2,Scopus S2 — Lesões e alterações gástricas por IA,Gu2025789,Development and validation of a recognition and classification system for portal hypertensive gastropathy based on deep learning; [基于深度学习的门静脉高压性胃病识别与分级系统的开发与验证],"Gu, Haowen; Yang, Jie; Xiao, Yong; Wan, Xinyue; Hu, Wei; Xie, Xianmu; Huang, Dingpeng; Yao, Chengming; Shi, Xinliang; Liu, Shiqian; Huang, Li; Zhang, Chi; Zheng, Biqing; Chen, Mingkai",2025,,Chinese Journal of Digestive Endoscopy,included,Visão computacional/DL aplicada a endoscopia digestiva alta (contexto: dataset/benchmark).,Scopus/S2,sim
Scopus,S2,Scopus S2 — Lesões e alterações gástricas por IA,Jiayi2021796,Clinical significance of the deep learning algorithm based on contrast ⁃ enhanced CT in the differential diagnosis of gastric gastrointestinal stromal tumors with a diameter ≤ 5 cm; [基于增强CT的深度学习算法对直径≤5 cm 胃的胃肠间质瘤鉴别诊断临床意义],"Jiayi, Gu; Haoting, Shi; Linxi, Yang; Yiqing, Shen; Zixin, Wang; Qi, Feng; Ming, Wang; Hui, Cao",2021,,Chinese Journal of Gastrointestinal Surgery / Zhonghua Wei Chang Wai Ke Za Zhi,included,Visão computacional/DL aplicada a endoscopia digestiva alta.,Scopus/S2,sim
Scopus,S2,Scopus S2 — Lesões e alterações gástricas por IA,Zhang2022,Automated Disease Detection in Gastroscopy Videos Using Convolutional Neural Networks,"Zhang, Chenxi; Xiong, Zinan; Chen, Shuijiao; Ding, Alex; Cao, Yu; Liu, Benyuan; Liu, Xiaowei",2022,,Frontiers in Medicine,included,Visão computacional/DL aplicada a endoscopia digestiva alta.,Scopus/S2,sim
Scopus,S2,Scopus S2 — Lesões e alterações gástricas por IA,Liu2016281,Identification of lesion images from gastrointestinal endoscope based on feature extraction of combinational methods with and without learning process,"Liu, Ding-Yun; Gan, Tao; Rao, Ni-Ni; Xing, Yao-Wen; Zheng, Jie; Li, Sang; Luo, Cheng-Si; Zhou, Zhong-Jun; Wan, Yong-Li",2016,,Medical Image Analysis,included,Visão computacional/DL aplicada a endoscopia digestiva alta.,Scopus/S2,sim
Scopus,S2,Scopus S2 — Lesões e alterações gástricas por IA,Yoshii202074,Validity of endoscopic features for the diagnosis of Helicobacter pylori infection status based on the Kyoto classification of gastritis,"Yoshii, Shinji; Mabe, Katsuhiro; Watano, Keiko; Ohno, Masayoshi; Matsumoto, Mio; Ono, Shoko; Kudo, Takahiko; Nojima, Masanori; Kato, Mototsugu; Sakamoto, Naoya",2020,,Digestive Endoscopy,included,Visão computacional/DL aplicada a endoscopia digestiva alta.,Scopus/S2; Scopus/S3,sim
Scopus,S2,Scopus S2 — Lesões e alterações gástricas por IA,Mandin20241099,Artificial intelligence-guided magnetic gastric capsule video: the end of conventional gastroscopy?; [La vidéo-capsule gastrique à commande magnétique guidée par intelligence artificielle: la fin de la gastroscopie conventionnelle ?],"Mandin, Lilas; Khediri, Nesrine; Archambeaud, Isabelle; Bourreille, Arnaud; Chapelle, Nicolas; Matysiak-Budnik, Tamara; Coron, Emmanuel",2024,,Hepato-Gastro et Oncologie Digestive,included,Visão computacional/DL aplicada a endoscopia digestiva alta.,Scopus/S2,sim
Scopus,S2,Scopus S2 — Lesões e alterações gástricas por IA,Ma2023,Construction of Tongue Image-Based Machine Learning Model for Screening Patients with Gastric Precancerous Lesions,"Ma, Changzheng; Zhang, Peng; Du, Shiyu; Li, Yan; Li, Shao",2023,,Journal of Personalized Medicine,included,Visão computacional/DL aplicada a endoscopia digestiva alta.,Scopus/S2,sim
Scopus,S2,Scopus S2 — Lesões e alterações gástricas por IA,Junjun2023,Construction of gastroscope image recognition model and diagnosis system based on artificial intelligence technology,"Junjun, Huang; Yujie, Jiang",2023,,Proceedings of SPIE - The International Society for Optical Engineering,included,Visão computacional/DL aplicada a endoscopia digestiva alta.,Scopus/S2,sim
Scopus,S2,Scopus S2 — Lesões e alterações gástricas por IA,Van_Der_Stap201681,A real-time target tracking algorithm for a robotic flexible endoscopy platform,"Van Der Stap, Nanda; Voskuilen, Luuk; De Jong, Guido; Pullens, Hendrikus J. M.; Schwartz, Matthijs P.; Broeders, Ivo; Van Der Heijden, Ferdi",2016,,Lecture Notes in Computer Science (including subseries Lecture Notes in Artificial Intelligence and Lecture Notes in Bioinformatics),included,Visão computacional/DL aplicada a endoscopia digestiva alta.,Scopus/S2,sim
Scopus,S2,Scopus S2 — Lesões e alterações gástricas por IA,Zeng2025596,Construction and validation of an artificial intelligence system based on multi-feature integration for diagnosing gastric whitish neoplastic lesions; [基于多特征拟合诊断胃褪色调肿瘤性病变的人工智能系统的构建和验证],"Zeng, Xiaoquan; Dong, Zehua; Li, Yanxia; Deng, Yunchao; Yu, Honggang; Chen, Mingkai",2025,,Chinese Journal of Digestive Endoscopy,included,Visão computacional/DL aplicada a endoscopia digestiva alta (contexto: dataset/benchmark).,Scopus/S2,sim
Scopus,S2,Scopus S2 — Lesões e alterações gástricas por IA,Lee2024,Gastro-BaseNet: A Specialized Pre-Trained Model for Enhanced Gastroscopic Data Classification and Diagnosis of Gastric Cancer and Ulcer,"Lee, Gi Pyo; Kim, Young Jae; Park, Dong Kyun; Kim, Yoon Jae; Han, Su Kyeong; Kim, Kwang Gi",2024,,Diagnostics,included,Visão computacional/DL aplicada a endoscopia digestiva alta.,Scopus/S2,sim
Scopus,S2,Scopus S2 — Lesões e alterações gástricas por IA,Mushtaq2023866,An automatic gastric polyp detection technique using deep learning,"Mushtaq, Dania; Madni, Tahir Mustafa; Janjua, Uzair Iqbal; Anwar, Fozia; Kakakhail, Ahmad",2023,,International Journal of Imaging Systems and Technology,included,Visão computacional/DL aplicada a endoscopia digestiva alta.,Scopus/S2; Scopus/S3,sim
Scopus,S2,Scopus S2 — Lesões e alterações gástricas por IA,Ma2025,Artificial intelligence-aided optical biopsy improves the diagnosis of esophageal squamous neoplasm,"Ma, Tian; Liu, Guan-Qun; Guo, Jing; Ji, Rui; Shao, Xue-Jun; Li, Yan-Qing; Li, Zhen; Zuo, Xiu-Li",2025,,World Journal of Gastroenterology,included,Visão computacional/DL aplicada a endoscopia digestiva alta.,Scopus/S2,sim
Scopus,S2,Scopus S2 — Lesões e alterações gástricas por IA,Cao2021852,An Efficient Approach for Gastric Polyps Detection Based on Improved SSD,"Cao, Chanting; Yu, Yao; Xie, Yun; Sun, Changyin",2021,,"Proceeding - 2021 China Automation Congress, CAC 2021",included,Visão computacional/DL aplicada a endoscopia digestiva alta (contexto: dataset/benchmark).,Scopus/S2; Scopus/S3,sim
Scopus,S2,Scopus S2 — Lesões e alterações gástricas por IA,Rey2025797,Magnetically guided gastric capsule endoscopy: a review and new developments,"Rey, Jean-Francois",2025,,Clinical Endoscopy,included,Visão computacional/DL aplicada a endoscopia digestiva alta.,Scopus/S2,sim
Scopus,S2,Scopus S2 — Lesões e alterações gástricas por IA,Shah2025405,AGA Clinical Practice Update on Screening and Surveillance in Individuals at Increased Risk for Gastric Cancer in the United States: Expert Review,"Shah, Shailja C.; Wang, Andrew Y.; Wallace, Michael B.; Hwang, Joo Ha",2025,,Gastroenterology,included,Visão computacional/DL aplicada a endoscopia digestiva alta (contexto: dataset/benchmark).,Scopus/S2,sim
Scopus,S2,Scopus S2 — Lesões e alterações gástricas por IA,Wang2018198,Deep learning–based endoscopic image recognition for detection of early gastric cancer: a Chinese perspective,"Wang, Zhijie; Meng, Qianqian; Wang, Shuling; Li, Zhaoshen; Bai, Yu; Wang, Dong",2018,,Gastrointestinal Endoscopy,included,"Título/keywords indicam DL/CV em endoscopia digestiva alta ou achado GI, mesmo sem abstract.",Scopus/S2,não
Scopus,S2,Scopus S2 — Lesões e alterações gástricas por IA,Wu2021536,GCdiscrimination: Identification of gastric cancer based on a milliliter of blood,"Wu, Jiangpeng; Yang, Yifan; Cheng, Long; Wu, Jing; Xi, Lili; Ma, Ying; Zhang, Pengyi; Xu, Xiaoying; Zhang, Dekui; Li, Shuyan",2021,,Briefings in Bioinformatics,included,Visão computacional/DL aplicada a endoscopia digestiva alta.,Scopus/S2,sim
Scopus,S2,Scopus S2 — Lesões e alterações gástricas por IA,Matsuda2025322,Detection of pathologic complete response using deep neural network-based endoscopic evaluation in patients with esophageal cancer receiving neoadjuvant chemotherapy: a nationwide multicenter retrospective study from 46 Japanese esophageal centers,"Matsuda, Satoru; Irino, Tomoyuki; Kitagawa, Yuko; Okamura, Akihiko; Mayanagi, Shuhei; Booka, Eisuke; Takeuchi, Masashi; Kitadani, Junya; Kanda, Mitsuro; Abe, Tetsuya; Bamba, Takeo; Iwatsuki, Masaaki; Kagaya, Takehiro; Kurogochi, Takanori; Tsubosa, Yasuhiro; Kawakubo, Hirofumi; Kakeji, Yoshihiro; Kono, Koji; Watanabe, Masayuki; Takeuchi, Hiroya",2025,,Esophagus,included,Visão computacional/DL aplicada a endoscopia digestiva alta.,Scopus/S2,sim
Scopus,S2,Scopus S2 — Lesões e alterações gástricas por IA,Higuchi20261006,Real-time Use of Computer-aided Diagnosis in the Optical Diagnosis of Gastric Neoplasia: A Multicenter Randomized Controlled Trial,"Higuchi, Kazutoshi; Kaise, Mitsuru; Fujimoto, Ai; Akimoto, Teppei; Ikeya, Takashi; Fukuzawa, Masakatsu; Yokoi, Chizu; Iizuka, Toshiro; Noda, Hiroto; Ishizuka, Naoki; Kirita, Kumiko; Goto, Osamu; Iwakiri, Katsuhiko",2026,,Clinical Gastroenterology and Hepatology,included,Visão computacional/DL aplicada a endoscopia digestiva alta.,Scopus/S2,sim
Scopus,S2,Scopus S2 — Lesões e alterações gástricas por IA,Huang2023,A masked graph neural network model for real-time gastric polyp detection in Healthcare 4.0,"Huang, Junjun; Saw, Shier Nee; He, Tianran; Feng, Wei; Loo, Chu Kiong",2023,,Journal of Industrial Information Integration,included,Visão computacional/DL aplicada a endoscopia digestiva alta (contexto: dataset/benchmark).,Scopus/S2; Scopus/S3,sim
Scopus,S2,Scopus S2 — Lesões e alterações gástricas por IA,Parkash2024665,Use of artificial intelligence for the detection of Helicobacter pylori infection from upper gastrointestinal endoscopy images: an updated systematic review and meta-analysis,"Parkash, Om; Lal, Abhishek; Subash, Tushar; Sultan, Ujala; Tahir, Hasan Nawaz; Hoodbhoy, Zahra; Sundar, Shiyam; Das, Jai Kumar",2024,,Annals of Gastroenterology,included,Visão computacional/DL aplicada a endoscopia digestiva alta (contexto: dataset/benchmark).,Scopus/S2,sim
Scopus,S2,Scopus S2 — Lesões e alterações gástricas por IA,Hong2025624,Artificial intelligence for early gastric cancer boundary recognition in NBI and nF-NBI endoscopic images,"Hong, Kaicheng; Lei, Changda; Kan, Xiuji; Ouyang, Yifan; Mei, Yutong; Guo, Yunbo; Wang, Bilin; Zhang, Deqing; Li, Junbo; Li, Rui; Tang, Yuguo",2025,,Scandinavian Journal of Gastroenterology,included,Visão computacional/DL aplicada a endoscopia digestiva alta.,Scopus/S2,sim
Scopus,S2,Scopus S2 — Lesões e alterações gástricas por IA,Li20246692,Multi-omics Combined with Machine Learning Facilitating the Diagnosis of Gastric Cancer,"Li, Jie; Xu, Siyi; Zhu, Feng; Shen, Fei; Zhang, Tianyi; Wan, Xin; Gong, Saisai; Liang, Geyu; Zhou, Yonglin",2024,,Current Medicinal Chemistry,included,Visão computacional/DL aplicada a endoscopia digestiva alta.,Scopus/S2,sim
Scopus,S2,Scopus S2 — Lesões e alterações gástricas por IA,Zhang2023,An explainable artificial intelligence system for diagnosing Helicobacter Pylori infection under endoscopy: a case–control study,"Zhang, Mengjiao; Pan, Jie; Lin, Jiejun; Xu, Ming; Zhang, Lihui; Shang, Renduo; Yao, Liwen; Li, Yanxia; Zhou, Wei; Deng, Yunchao; Dong, Zehua; Zhu, Yijie; Tao, Xiao; Wu, Lianlian; Yu, Honggang",2023,,Therapeutic Advances in Gastroenterology,included,Visão computacional/DL aplicada a endoscopia digestiva alta.,Scopus/S2,sim
Scopus,S2,Scopus S2 — Lesões e alterações gástricas por IA,Zhang2025,Machine learning-based reconstruction of prognostic staging for gastric cancer patients with different differentiation grades: A multicenter retrospective study,"Zhang, Yong-Le; Song, Hai-Bin; Xue, Ying-Wei",2025,,World Journal of Gastroenterology,included,Visão computacional/DL aplicada a endoscopia digestiva alta (contexto: dataset/benchmark).,Scopus/S2,sim
Scopus,S2,Scopus S2 — Lesões e alterações gástricas por IA,Sy-Janairo202447,Non-endoscopic Applications of Machine Learning in Gastric Cancer: A Systematic Review,"Sy-Janairo, Marianne Linley L.; Janairo, Jose Isagani B.",2024,,Journal of Gastrointestinal Cancer,included,Visão computacional/DL aplicada a endoscopia digestiva alta (contexto: dataset/benchmark).,Scopus/S2,sim
Scopus,S2,Scopus S2 — Lesões e alterações gástricas por IA,Fan2022,RETRACTED: Ultrasound Image-Guided Nerve Block Combined with General Anesthesia under an Artificial Intelligence Algorithm on Patients Undergoing Radical Gastrectomy for Gastric Cancer during and after Operation,"Fan, Wanqiu; Yang, Liuyingzi; Li, Jing; Dong, Biqian",2022,,Computational and Mathematical Methods in Medicine,included,Visão computacional/DL aplicada a endoscopia digestiva alta.,Scopus/S2,sim
Scopus,S2,Scopus S2 — Lesões e alterações gástricas por IA,Fei2024529,Noninvasive Gastric Cancer Screening Based on Urinary Volatolomics and Machine Learning; [基于机器学习的尿液挥发组学分析用于胃癌的非侵入性筛查],"Fei, Wenyan; Sha, Tao; Zhao, Yun",2024,,Chinese Journal of Gastroenterology,included,Visão computacional/DL aplicada a endoscopia digestiva alta.,Scopus/S2,sim
Scopus,S2,Scopus S2 — Lesões e alterações gástricas por IA,Yao2022,Construction and Multicenter Diagnostic Verification of Intelligent Recognition System for Endoscopic Images From Early Gastric Cancer Based on YOLO-V3 Algorithm,"Yao, Zhendong; Jin, Tao; Mao, Boneng; Lu, Bo; Zhang, Yefei; Li, Sisi; Chen, Weichang",2022,,Frontiers in Oncology,included,Visão computacional/DL aplicada a endoscopia digestiva alta.,Scopus/S2,sim
Scopus,S2,Scopus S2 — Lesões e alterações gástricas por IA,Minoda2026,Endoscopic Diagnosis of Gastric Subepithelial Lesions < 20 mm: Current Strategies and Emerging Solutions,"Minoda, Yosuke; Nagatomo, Shuzaburo; Ogino, Haruei; Fujimori, Nao; Ihara, Eikichi",2026,,Digestive Endoscopy,included,Visão computacional/DL aplicada a endoscopia digestiva alta.,Scopus/S2,sim
Scopus,S2,Scopus S2 — Lesões e alterações gástricas por IA,Goto2022321,Advancements in the Diagnosis of Gastric Subepithelial Tumors,"Goto, Osamu; Kaise, Mitsuru; Iwakiri, Katsuhiko",2022,,Gut and Liver,included,Visão computacional/DL aplicada a endoscopia digestiva alta.,Scopus/S2,sim
Scopus,S2,Scopus S2 — Lesões e alterações gástricas por IA,Tontini2021,Artificial intelligence in gastrointestinal endoscopy for inflammatory bowel disease: a systematic review and new horizons,"Tontini, Gian Eugenio; Rimondi, Alessandro; Vernero, Marta; Neumann, Helmut; Vecchi, Maurizio; Bezzio, Cristina; Cavallaro, Flaminia",2021,,Therapeutic Advances in Gastroenterology,included,Visão computacional/DL aplicada a endoscopia digestiva alta.,Scopus/S2,sim
Scopus,S2,Scopus S2 — Lesões e alterações gástricas por IA,Liu20201715,The prescreening tool for gastric cancer in China,"Liu, Kecheng; Qin, Mengbin; Huang, Jiean",2020,,Gut,included,"Título/keywords indicam DL/CV em endoscopia digestiva alta ou achado GI, mesmo sem abstract.",Scopus/S2,não
Scopus,S2,Scopus S2 — Lesões e alterações gástricas por IA,Yuan2024418,Application of MRI-based Deep Learning Models in Gastric Cancer,"Yuan, Letian",2024,,ACM International Conference Proceeding Series,included,Visão computacional/DL aplicada a endoscopia digestiva alta.,Scopus/S2,sim
Scopus,S2,Scopus S2 — Lesões e alterações gástricas por IA,Oura2022392,Development and evaluation of a double-check support system using artificial intelligence in endoscopic screening for gastric cancer,"Oura, Hirotaka; Matsumura, Tomoaki; Fujie, Mai; Ishikawa, Tsubasa; Nagashima, Ariki; Shiratori, Wataru; Tokunaga, Mamoru; Kaneko, Tatsuya; Imai, Yushi; Oike, Tsubasa; Yokoyama, Yuya; Akizue, Naoki; Ota, Yuki; Okimoto, Kenichiro; Arai, Makoto; Nakagawa, Yuki; Inada, Mari; Yamaguchi, Kazuya; Kato, Jun; Kato, Naoya",2022,,Gastric Cancer,included,Visão computacional/DL aplicada a endoscopia digestiva alta (contexto: dataset/benchmark).,Scopus/S2,sim
Scopus,S2,Scopus S2 — Lesões e alterações gástricas por IA,2026,"29th Annual Conference on Medical Image Understanding and Analysis, MIUA 2025",,2026,,Lecture Notes in Computer Science,duplicate,"Duplicata de '29th Annual Conference on Medical Image Understanding and Analysis, MIUA 2025…' já presente em Scopus/S1.",Scopus/S2,sim
Scopus,S2,Scopus S2 — Lesões e alterações gástricas por IA,Liu2025,Deep learning-aided optical biopsy achieves whole-chain diagnosis of Correa cascade of gastric cancer: a prospective study,"Liu, Guanqun; Li, Guangchao; Li, Zhen; Shao, Xuejun; Ji, Rui; Ma, Tian; Zhang, Yan; Su, Jingran; Qi, Qingqing; Guo, Jing; He, Yishan; Yang, Xiaoxiao; Li, Yanqing; Zuo, Xiuli",2025,,BMC Medicine,included,Visão computacional/DL aplicada a endoscopia digestiva alta.,Scopus/S2,sim
Scopus,S2,Scopus S2 — Lesões e alterações gástricas por IA,Durak20211563,Deep neural network approaches for detecting gastric polyps in endoscopic images,"Durak, Serdar; Bayram, Bülent; Bakırman, Tolga; Erkut, Murat; Doğan, Metehan; Gürtürk, Mert; Akpınar, Burak",2021,,Medical and Biological Engineering and Computing,included,Visão computacional/DL aplicada a endoscopia digestiva alta (contexto: dataset/benchmark).,Scopus/S2; Scopus/S3,sim
Scopus,S2,Scopus S2 — Lesões e alterações gástricas por IA,Osawa2026,"Real-World Evaluation of an AI-Assisted Diagnostic Support System for Early Gastric Cancer: Diagnostic Performance, Confidence Stratification, and Determinants of False-Positive Diagnosis","Osawa, Satoshi; Yamada, Takanori; Inui, Wataru; Niwa, Tomoyuki; Takahashi, Kenichi; Egami, Takatoshi; Inagaki, Keisuke; Takebe, Tomohiro; Ito, Tatsuhiro; Takahashi, Satoru; Onoue, Shunya; Asai, Yusuke; Sugiura, Kiichi; Matsuura, Tomoharu; Ishida, Natsuki; Yamade, Mihoko; Iwaizumi, Moriya; Hamaya, Yasushi; Sugimoto, Ken",2026,,Journal of Clinical Medicine,included,Visão computacional/DL aplicada a endoscopia digestiva alta.,Scopus/S2,sim
Scopus,S2,Scopus S2 — Lesões e alterações gástricas por IA,Visaggi2021,Modern diagnosis of early esophageal cancer: From blood biomarkers to advanced endoscopy and artificial intelligence,"Visaggi, Pierfrancesco; Barberio, Brigida; Ghisa, Matteo; Ribolsi, Mentore; Savarino, Vincenzo; Fassan, Matteo; Valmasoni, Michele; Marchi, Santino; de Bortoli, Nicola; Savarino, Edoardo",2021,,Cancers,included,Visão computacional/DL aplicada a endoscopia digestiva alta.,Scopus/S2,sim
Scopus,S2,Scopus S2 — Lesões e alterações gástricas por IA,Park2021719,A prospective validation and observer performance study of a deep learning algorithm for pathologic diagnosis of gastric tumors in endoscopic biopsies,"Park, Jeonghyuk; Jang, Bo Gun; Kim, Yeong Won; Park, Hyunho; Kim, Baek-Hui; Kim, Myeung Ju; Ko, Hyungsuk; Gwak, Jae Moon; Lee, Eun Ji; Chung, Yul Ri; Kim, Kyungdoc; Myung, Jae Kyung; Park, Jeong Hwan; Choi, Dong Youl; Jung, Chang Won; Park, Bong-Hee; Jung, Kyu-Hwan; Kim, Dong-Il",2021,,Clinical Cancer Research,included,Visão computacional/DL aplicada a endoscopia digestiva alta.,Scopus/S2,sim
Scopus,S2,Scopus S2 — Lesões e alterações gástricas por IA,Li2024652,Triangular pulley traction facilitates endoscopic full-thickness resection of exogenous gastric tumor in the fornix of the stomach,"Li, Yan-Mei; Zhou, Xiang-Rong; Du, Zhi-Qiang; Wang, Wei; Liu, Wei-Hui",2024,,Revista Espanola de Enfermedades Digestivas,included,"Título/keywords indicam DL/CV em endoscopia digestiva alta ou achado GI, mesmo sem abstract.",Scopus/S2,não
Scopus,S2,Scopus S2 — Lesões e alterações gástricas por IA,Chen20251101,Enhancing radiotherapy for gastric cancer: A systematic review on the role of predictive models in clinical decision-making,"Chen, Sh.; Wei, Sh.; Wang, Y.; Chen, L.; Lin, Zhitao",2025,,International Journal of Radiation Research,included,Visão computacional/DL aplicada a endoscopia digestiva alta (contexto: dataset/benchmark).,Scopus/S2,sim
Scopus,S2,Scopus S2 — Lesões e alterações gástricas por IA,Mengjiao2023372,Application of an artificial intelligence⁃assisted endoscopic diagnosis system to the detection of focal gastric lesions (with video); [内镜人工智能诊断辅助系统对胃局灶性病变检出的应用（含视频）],"Mengjiao, Zhang; Ming, Xu; Lianlian, Wu; Junxiao, Wang; Zehua, Dong; Yijie, Zhu; Xinqi, He; Xiao, Tao; Hongliu, Du; Chenxia, Zhang; Yutong, Bai; Renduo, Shang; Hao, Li; Hao, Kuang; Shan, Hu; Honggang, Yu",2023,,Chinese Journal of Digestive Endoscopy,included,Visão computacional/DL aplicada a endoscopia digestiva alta.,Scopus/S2,sim
Scopus,S2,Scopus S2 — Lesões e alterações gástricas por IA,Ramamoorthy2024258,Early Cancer Diagnosis and Ulcer Classifications in Endoscopy Videos Using Deep Learning Approach,"Ramamoorthy, M.; Gnanajeyaraman, R.; Carmel Mary Belinda, M.J.; Manimaran, A.; Kannan, K. Nattar; Thangarasu, Gunasekar",2024,,"2024 6th IEEE Symposium on Computers and Informatics, ISCI 2024",included,Visão computacional/DL aplicada a endoscopia digestiva alta.,Scopus/S2,sim
Scopus,S2,Scopus S2 — Lesões e alterações gástricas por IA,Tokat2022395,Artificial Intelligence in Upper Gastrointestinal Endoscopy,"Tokat, Meltem; Van Tilburg, Laurelle; Koch, Arjun D.; Spaander, Manon C.W.",2022,,Digestive Diseases,included,Visão computacional/DL aplicada a endoscopia digestiva alta.,Scopus/S2,sim
Scopus,S2,Scopus S2 — Lesões e alterações gástricas por IA,Quek20231587,Comparing artificial intelligence to humans for endoscopic diagnosis of gastric neoplasia: An external validation study,"Quek, Sabrina Xin Zi; Lee, Jonathan W. J.; Feng, Zhu; Soh, Min Min; Tokano, Masayuki; Guan, Yeoh Khay; So, Jimmy B. Y.; Tada, Tomohiro; Koh, Calvin J.",2023,,Journal of Gastroenterology and Hepatology (Australia),included,Visão computacional/DL aplicada a endoscopia digestiva alta.,Scopus/S2,sim
Scopus,S2,Scopus S2 — Lesões e alterações gástricas por IA,Zhang20245,Current status of quality control in screening esophagogastroduodenoscopy and the emerging role of artificial intelligence,"Zhang, Lihui; Yao, Liwen; Lu, Zihua; Yu, Honggang",2024,,Digestive Endoscopy,included,Visão computacional/DL aplicada a endoscopia digestiva alta.,Scopus/S2,sim
Scopus,S2,Scopus S2 — Lesões e alterações gástricas por IA,Everson2019297,Artificial intelligence for the real-time classification of intrapapillary capillary loop patterns in the endoscopic diagnosis of early oesophageal squamous cell carcinoma: A proof-of-concept study,"Everson, M.; Herrera, L.C.G.P.; Li, W.; Luengo, I Muntion; Ahmad, O.; Banks, M.; Magee, C.; Alzoubaidi, D.; Hsu, H.M.; Graham, D.; Vercauteren, T.; Lovat, L.; Ourselin, S.; Kashin, S.; Wang, Hsiu-Po; Wang, Wen-Lun; Haidry, R.J.",2019,,United European Gastroenterology Journal,included,Visão computacional/DL aplicada a endoscopia digestiva alta.,Scopus/S2,sim
Scopus,S2,Scopus S2 — Lesões e alterações gástricas por IA,Li2020298,Research Progress in Application of Artificial Intelligence in Diagnosis of Upper Digestive Tract Diseases; [人工智能在上消化道疾病诊断中应用的研究进展],"Li, Yandong; Wang, Shi",2020,,Chinese Journal of Gastroenterology,included,Visão computacional/DL aplicada a endoscopia digestiva alta.,Scopus/S2,sim
Scopus,S2,Scopus S2 — Lesões e alterações gástricas por IA,Zhang2020566,Diagnosing chronic atrophic gastritis by gastroscopy using artificial intelligence,"Zhang, Yaqiong; Li, Fengxia; Yuan, Fuqiang; Zhang, Kai; Huo, Lijuan; Dong, Zichen; Lang, Yiming; Zhang, Yapeng; Wang, Meihong; Gao, Zenghui; Qin, Zhenzhen; Shen, Leixue",2020,,Digestive and Liver Disease,included,Visão computacional/DL aplicada a endoscopia digestiva alta (contexto: dataset/benchmark).,Scopus/S2,sim
Scopus,S2,Scopus S2 — Lesões e alterações gástricas por IA,Wang2022,Automatic classification of gastric lesions in gastroscopic images using a lightweight deep learning model with attention mechanism and cost-sensitive learning,"Wang, Lingxiao; Yang, Yingyun; Li, Jingyang; Tian, Wei; He, Kun; Xu, Tianming; Fang, Zhaohui; Yang, Aiming; Li, Ting",2022,,Frontiers in Physics,included,Visão computacional/DL aplicada a endoscopia digestiva alta (contexto: dataset/benchmark).,Scopus/S2,sim
Scopus,S2,Scopus S2 — Lesões e alterações gástricas por IA,He2025,A unified framework harnessing multi-scale feature ensemble and attention mechanism for gastric polyp and protrusion identification in gastroscope imaging,"He, Chunyou; Zhang, Jingda; Liang, Yunxiao; Li, Hao",2025,,Scientific Reports,included,Visão computacional/DL aplicada a endoscopia digestiva alta (contexto: dataset/benchmark).,Scopus/S2; Scopus/S3,sim
Scopus,S2,Scopus S2 — Lesões e alterações gástricas por IA,An2024173,Application value of an artificial intelligence-based diagnosis and recognition system in gastroscopy training for graduate students in gastroenterology: a preliminary study,"An, Peng; Wang, Zhongqiu",2024,,Wiener Medizinische Wochenschrift,included,Visão computacional/DL aplicada a endoscopia digestiva alta.,Scopus/S2; Scopus/S3,sim
Scopus,S2,Scopus S2 — Lesões e alterações gástricas por IA,Bravo2023,Automatic Classification of Esophagogastroduodenoscopy Sub-Anatomical Regions,"Bravo, Diego; Ruano, Josue; Jaramillo, Maria; Gallego, Daniel; Gomez, Martin; Gonzalez, Fabio A.; Romero, Eduardo",2023,,Proceedings - International Symposium on Biomedical Imaging,included,Visão computacional/DL aplicada a endoscopia digestiva alta (contexto: dataset/benchmark).,Scopus/S2,sim
Scopus,S2,Scopus S2 — Lesões e alterações gástricas por IA,Pooja20241,Analyzing the evaluation metrics of detecting gastrointestinal tumor using segmentation techniques in endoscopic images,"Pooja, K.; Jerritta, S.",2024,,Onkologia i Radioterapia,duplicate,Duplicata de 'Analyzing the evaluation metrics of detecting gastrointestinal tumor using segme…' já presente em Scopus/S1.,Scopus/S2,sim
Scopus,S2,Scopus S2 — Lesões e alterações gástricas por IA,Luo2025481,A deep-learning based system for diagnosing multitype gastric lesions under white-light endoscopy,"Luo, Qi; Yuan, Xianglei; Liu, Wei; Chen, Ou; Wu, Jiong; Hu, Bing",2025,,Chinese Medical Journal,included,"Título/keywords indicam DL/CV em endoscopia digestiva alta ou achado GI, mesmo sem abstract.",Scopus/S2,não
Scopus,S2,Scopus S2 — Lesões e alterações gástricas por IA,Yard_mc_2020515,Tubular gastric adenocarcinoma: Machine learning-based ct texture analysis for predicting lymphovascular and perineural invasion,"Yardımcı, Aytül Hande; Koçak, Burak; Bektaş, Ceyda Turan; Sel, İpek; Yarıkkaya, Enver; Dursun, Nevra; Bektaş, Hasan; Afşar, Çiğdem Usul; Gürsu, Rıza Umar; Kılıçkesmez, Özgür",2020,,Diagnostic and Interventional Radiology,included,Visão computacional/DL aplicada a endoscopia digestiva alta.,Scopus/S2,sim
Scopus,S2,Scopus S2 — Lesões e alterações gástricas por IA,Hiramatsu2025787,Recent advancement in endoscopic diagnosis for risk stratification of gastric cancer,"Hiramatsu, Takuma; Kakushima, Naomi; Kuribara, Hikaru; Miyata, Ryohei; Nakagawa, Hideki; Hisada, Hiroyuki; Kubota, Dai; Miura, Yuko; Mizutani, Hiroya; Ohki, Daisuke; Takeuchi, Chihiro; Yakabi, Seiichi; Tsuji, Yosuke; Yamamichi, Nobutake; Fujishiro, Mitsuhiro",2025,,Clinical Endoscopy,included,Visão computacional/DL aplicada a endoscopia digestiva alta.,Scopus/S2,sim
Scopus,S2,Scopus S2 — Lesões e alterações gástricas por IA,Wu20211735,Application of artificial intelligence technology based on convolutional neural network in early gastric cancer recognition; [基于卷积神经网络的人工智能技术在早期胃癌识别中的应用],"Wu, Hongbo; Yao, Xingyu; Zeng, Lisha; Huang, Fang; Chen, Lei",2021,,Journal of Third Military Medical University,included,Visão computacional/DL aplicada a endoscopia digestiva alta (contexto: dataset/benchmark).,Scopus/S2; Scopus/S3,sim
Scopus,S2,Scopus S2 — Lesões e alterações gástricas por IA,Xiang2023,Volatolomics analysis of exhaled breath and gastric-endoluminal gas for distinguishing early upper gastrointestinal cancer from benign,"Xiang, Chengfang; Yang, Hang; Zhao, Zhongjun; Deng, Fulong; Lv, Yantong; Yang, Yanting; Duan, Yixiang; Li, Wenwen; Hu, Bing",2023,,Journal of Breath Research,included,Visão computacional/DL aplicada a endoscopia digestiva alta.,Scopus/S2,sim
Scopus,S2,Scopus S2 — Lesões e alterações gástricas por IA,Pan2022E622,Real-time identification of gastric lesions and anatomical landmarks by artificial intelligence during magnetically controlled capsule endoscopy,"Pan, Jun; Xia, Ji; Jiang, Bin; Zhang, Hang; Zhang, Hao; Li, Zhao-Shen; Liao, Zhuan",2022,,Endoscopy,included,"Título/keywords indicam DL/CV em endoscopia digestiva alta ou achado GI, mesmo sem abstract.",Scopus/S2,não
Scopus,S2,Scopus S2 — Lesões e alterações gástricas por IA,Miura2023186,Recent Progress of Image-Enhanced Endoscopy for Upper Gastrointestinal Neoplasia and Associated Lesions,"Miura, Yoshimasa; Osawa, Hiroyuki; Sugano, Kentaro",2023,,Digestive Diseases,included,Visão computacional/DL aplicada a endoscopia digestiva alta.,Scopus/S2,sim
Scopus,S2,Scopus S2 — Lesões e alterações gástricas por IA,Sakai20184138,Automatic detection of early gastric cancer in endoscopic images using a transferring convolutional neural network,"Sakai, Y.; Takemoto, S.; Hori, K.; Nishimura, M.; Ikematsu, H.; Yano, T.; Yokota, H.",2018,,"Proceedings of the Annual International Conference of the IEEE Engineering in Medicine and Biology Society, EMBS",included,Visão computacional/DL aplicada a endoscopia digestiva alta (contexto: dataset/benchmark).,Scopus/S2,sim
Scopus,S2,Scopus S2 — Lesões e alterações gástricas por IA,Wang2024394,Development of a Routine Serological Test Index Panel for the Surveillance of Gastric Cancer Risk in a High-Risk Population,"Wang, Mengmeng; Zong, Zengyan; Wu, Shuyi; Chen, Xu; Hu, Jiaqing",2024,,Annals of Clinical and Laboratory Science,included,Visão computacional/DL aplicada a endoscopia digestiva alta (contexto: dataset/benchmark).,Scopus/S2,sim
Scopus,S2,Scopus S2 — Lesões e alterações gástricas por IA,Ling2021469,A deep learning-based system for identifying differentiation status and delineating the margins of early gastric cancer in magnifying narrow-band imaging endoscopy,"Ling, Tingsheng; Wu, Lianlian; Fu, Yiwei; Xu, Qinwei; An, Ping; Zhang, Jun; Hu, Shan; Chen, Yiyun; He, Xinqi; Wang, Jing; Chen, Xi; Zhou, Jie; Xu, Youming; Zou, Xiaoping; Yu, Honggang",2021,,Endoscopy,included,Visão computacional/DL aplicada a endoscopia digestiva alta (contexto: dataset/benchmark).,Scopus/S2,sim
Scopus,S2,Scopus S2 — Lesões e alterações gástricas por IA,Yang20243079,"Validation of a Machine Learning Algorithm, EVendo, for Predicting Esophageal Varices in Hepatocellular Carcinoma","Yang, Jamie O.; Chittajallu, Punya; Benhammou, Jihane N.; Patel, Arpan; Pisegna, Joseph R.; Tabibian, James; Dong, Tien S.",2024,,Digestive Diseases and Sciences,included,Visão computacional/DL aplicada a endoscopia digestiva alta.,Scopus/S2,sim
Scopus,S2,Scopus S2 — Lesões e alterações gástricas por IA,Kamran20251438,Consensus on Upper Gastrointestinal Endoscopy Key Performance Indicators to Reduce Post Endoscopy Upper Gastrointestinal Cancer,"Kamran, Umair; Gronlund, Toto Anne; Morris, Eva J. A.; Brookes, Matthew; Rutter, Matt; McCord, Mimi; Adderley, Nicola J.; Trudgill, Nigel",2025,,United European Gastroenterology Journal,included,Visão computacional/DL aplicada a endoscopia digestiva alta (contexto: dataset/benchmark).,Scopus/S2,sim
Scopus,S2,Scopus S2 — Lesões e alterações gástricas por IA,La_Milia2026,"Early Detection of Gastric Cancer: Linking Epidemiology, Pathophysiology, and Innovations in Digestive Endoscopy","La Milia, Marta; Capasso, Mario; Pessarelli, Tommaso; Manfredi, Guido; Amato, Arnaldo",2026,,Diseases,included,Visão computacional/DL aplicada a endoscopia digestiva alta.,Scopus/S2,sim
Scopus,S2,Scopus S2 — Lesões e alterações gástricas por IA,Wang2022,Toward Automatic Detection of Gastric Lesion for Upper Gastrointestinal Endoscopy with Neural Network,"Wang, Sai; He, Qi; Zhang, Ping; Chen, Xin; Zuo, Siyang",2022,,Journal of Medical Robotics Research,included,Visão computacional/DL aplicada a endoscopia digestiva alta (contexto: dataset/benchmark).,Scopus/S2,sim
Scopus,S2,Scopus S2 — Lesões e alterações gástricas por IA,Li2021216,Intelligent detection endoscopic assistant: An artificial intelligence-based system for monitoring blind spots during esophagogastroduodenoscopy in real-time,"Li, Yan-Dong; Zhu, Shu-Wen; Yu, Jiang-Ping; Ruan, Rong-Wei; Cui, Zhao; Li, Yi-Ting; Lv, Mei-Chao; Wang, Huo-Gen; Chen, Ming; Jin, Chao-Hui; Wang, Shi",2021,,Digestive and Liver Disease,included,Visão computacional/DL aplicada a endoscopia digestiva alta.,Scopus/S2,sim
Scopus,S2,Scopus S2 — Lesões e alterações gástricas por IA,Sheikhtaheri20192276,A Clinical Decision Support System for Predicting the Early Complications of One-Anastomosis Gastric Bypass Surgery,"Sheikhtaheri, Abbas; Orooji, Azam; Pazouki, Abdolreza; Beitollahi, Maryam",2019,,Obesity Surgery,included,Visão computacional/DL aplicada a endoscopia digestiva alta (contexto: dataset/benchmark).,Scopus/S2,sim
Scopus,S2,Scopus S2 — Lesões e alterações gástricas por IA,Pozdeev20191216,Automatic analysis of endoscopic images for polyps detection and segmentation,"Pozdeev, Alexandr A.; Obukhova, Nataliia A.; Motyko, Alexandr A.",2019,,"Proceedings of the 2019 IEEE Conference of Russian Young Researchers in Electrical and Electronic Engineering, ElConRus 2019",included,Visão computacional/DL aplicada a endoscopia digestiva alta (contexto: dataset/benchmark).,Scopus/S2,sim
Scopus,S2,Scopus S2 — Lesões e alterações gástricas por IA,Niu20205408,Artificial intelligence in gastric cancer: Application and future perspectives,"Niu, Peng-Hui; Zhao, Lu-Lu; Wu, Hong-Liang; Zhao, Dong-Bing; Chen, Ying-Tai",2020,,World Journal of Gastroenterology,included,Visão computacional/DL aplicada a endoscopia digestiva alta (contexto: dataset/benchmark).,Scopus/S2,sim
Scopus,S2,Scopus S2 — Lesões e alterações gástricas por IA,Mori2019378,Artificial intelligence and upper gastrointestinal endoscopy: Current status and future perspective,"Mori, Yuichi; Kudo, Shin-ei; Mohmed, Hussein E. N.; Misawa, Masashi; Ogata, Noriyuki; Itoh, Hayato; Oda, Masahiro; Mori, Kensaku",2019,,Digestive Endoscopy,included,Visão computacional/DL aplicada a endoscopia digestiva alta.,Scopus/S2,sim
Scopus,S2,Scopus S2 — Lesões e alterações gástricas por IA,Tao20241319,An artificial intelligence system for chronic atrophic gastritis diagnosis and risk stratification under white light endoscopy,"Tao, Xiao; Zhu, Yijie; Dong, Zehua; Huang, Li; Shang, Renduo; Du, Hongliu; Wang, Junxiao; Zeng, Xiaoquan; Wang, Wen; Wang, Jiamin; Li, Yanxia; Deng, Yunchao; Wu, Lianlian; Yu, Honggang",2024,,Digestive and Liver Disease,included,Visão computacional/DL aplicada a endoscopia digestiva alta.,Scopus/S2,sim
Scopus,S2,Scopus S2 — Lesões e alterações gástricas por IA,Dong2023,"The effectiveness of a computer-aided system in improving the detection rate of gastric neoplasm and early gastric cancer: study protocol for a multi-centre, randomized controlled trial","Dong, Zehua; Zhu, Yijie; Du, Hongliu; Wang, Junxiao; Zeng, Xiaoquan; Tao, Xiao; Yang, Ting; Wang, Jiamin; Deng, Mei; Liu, Jun; Wu, Lianlian; Yu, Honggang",2023,,Trials,included,Visão computacional/DL aplicada a endoscopia digestiva alta.,Scopus/S2,sim
Scopus,S2,Scopus S2 — Lesões e alterações gástricas por IA,Feng2024,Robustly federated learning model for identifying high-risk patients with postoperative gastric cancer recurrence,"Feng, Bao; Shi, Jiangfeng; Huang, Liebin; Yang, Zhiqi; Feng, Shi-Ting; Li, Jianpeng; Chen, Qinxian; Xue, Huimin; Chen, Xiangguang; Wan, Cuixia; Hu, Qinghui; Cui, Enming; Chen, Yehang; Long, Wansheng",2024,,Nature Communications,included,Visão computacional/DL aplicada a endoscopia digestiva alta.,Scopus/S2,sim
Scopus,S2,Scopus S2 — Lesões e alterações gástricas por IA,Liu2022,Instant diagnosis of gastroscopic biopsy via deep-learned single-shot femtosecond stimulated Raman histology,"Liu, Zhijie; Su, Wei; Ao, Jianpeng; Wang, Min; Jiang, Qiuli; He, Jie; Gao, Hua; Lei, Shu; Nie, Jinshan; Yan, Xuefeng; Guo, Xiaojing; Zhou, Pinghong; Hu, Hao; Ji, Minbiao",2022,,Nature Communications ,included,Visão computacional/DL aplicada a endoscopia digestiva alta.,Scopus/S2,sim
Scopus,S2,Scopus S2 — Lesões e alterações gástricas por IA,Zhang2021788,Diagnosis of gastric lesions through a deep convolutional neural network,"Zhang, Liming; Zhang, Yang; Wang, Li; Wang, Jiangyuan; Liu, Yulan",2021,,Digestive Endoscopy,included,Visão computacional/DL aplicada a endoscopia digestiva alta (contexto: dataset/benchmark).,Scopus/S2,sim
Scopus,S2,Scopus S2 — Lesões e alterações gástricas por IA,Turtoi2024,Artificial Intelligence for the Automatic Diagnosis of Gastritis: A Systematic Review,"Turtoi, Daria Claudia; Brata, Vlad Dumitru; Incze, Victor; Ismaiel, Abdulrahman; Dumitrascu, Dinu Iuliu; Militaru, Valentin; Munteanu, Mihai Alexandru; Botan, Alexandru; Toc, Dan Alexandru; Duse, Traian Adrian; Popa, Stefan Lucian",2024,,Journal of Clinical Medicine,included,Visão computacional/DL aplicada a endoscopia digestiva alta (contexto: dataset/benchmark).,Scopus/S2,sim
Scopus,S2,Scopus S2 — Lesões e alterações gástricas por IA,Zhou2023157,A convolutional neural network-based system for detecting early gastric cancer in white-light endoscopy,"Zhou, Bin; Rao, Xiaolong; Xing, Haoqiang; Ma, Yongchen; Wang, Feng; Rong, Long",2023,,Scandinavian Journal of Gastroenterology,included,DL/CV em endoscopia com achado do trato GI alto.,Scopus/S2,sim
Scopus,S2,Scopus S2 — Lesões e alterações gástricas por IA,Puthenpura2022,Management of nondysplastic Barrett’s esophagus: When to survey? When to ablate?,"Puthenpura, Max M.; Sanaka, Krishna O.; Qin, Yi; Thota, Prashanthi N.",2022,,Therapeutic Advances in Chronic Disease,included,Visão computacional/DL aplicada a endoscopia digestiva alta.,Scopus/S2,sim
Scopus,S2,Scopus S2 — Lesões e alterações gástricas por IA,Yang2021665,Recent advances in early esophageal cancer: diagnosis and treatment based on endoscopy,"Yang, Hang; Hu, Bing",2021,,Postgraduate Medicine,included,Visão computacional/DL aplicada a endoscopia digestiva alta.,Scopus/S2,sim
Scopus,S2,Scopus S2 — Lesões e alterações gástricas por IA,Cao2021,Gastric polyp detection in gastroscopic images using deep neural network,"Cao, Chanting; Wang, Ruilin; Yu, Yao; Zhang, Hui; Yu, Ying; Sun, Changyin",2021,,PLoS ONE,included,Visão computacional/DL aplicada a endoscopia digestiva alta (contexto: dataset/benchmark).,Scopus/S2; Scopus/S3,sim
Scopus,S2,Scopus S2 — Lesões e alterações gástricas por IA,Bachmann2025,"Cone-beam computed tomography-based online adaptive radiotherapy of esophageal cancer in the neoadjuvant setting: Dosimetric analysis, toxicity and treatment response","Bachmann, Nicolas; Ahmadsei, Maiwand; Hürlimann, Moritz; Gabrys, Hubert S.; Schmidhalter, Daniel; Bertholet, Jenny; Berger, Martin D.; Borbély, Yves; Ermiş, Ekin; Stutz, Emanuel; Shrestha, Binaya K.; Aebersold, Daniel M.; Manser, Peter; Hemmatazad, Hossein",2025,,Radiotherapy and Oncology,included,Visão computacional/DL aplicada a endoscopia digestiva alta.,Scopus/S2,sim
Scopus,S2,Scopus S2 — Lesões e alterações gástricas por IA,Zhang2025,Development and external validation of nomogram associated with gastroparesis syndrome after subtotal gastrectomy depending on random forest and traditional model: does robotic surgery have advantages?,"Zhang, Xianhu; Huang, Yong; Wang, Yulong; Jiang, Yongjun; Liu, Bin; Ren, Jun; Wang, Daorong",2025,,Journal of Robotic Surgery,included,Visão computacional/DL aplicada a endoscopia digestiva alta (contexto: dataset/benchmark).,Scopus/S2,sim
Scopus,S2,Scopus S2 — Lesões e alterações gástricas por IA,Qin2024,A reconstruction and convolution operations enabled variant vision transformer with gastroscopic images for automatic locating of polyps in Internet of Medical Things,"Qin, Zhe; Zhang, Yaqiong; Li, Jian; Li, Deming; Mo, Yanqing; Wang, Liyang; Qian, Peiyu; Feng, Li",2024,,Information Fusion,included,Visão computacional/DL aplicada a endoscopia digestiva alta (contexto: dataset/benchmark).,Scopus/S2; Scopus/S3,sim
Scopus,S2,Scopus S2 — Lesões e alterações gástricas por IA,Dilaghi2026159,Exploring the potential of artificial intelligence in assessing the risk of gastric neoplastic lesions in patients with corpus atrophic gastritis,"Dilaghi, Emanuele; Cesaroni, Edoardo; Ligato, Irene; Silvestri, Matteo; Liuzzi, Giampaolo; Annibale, Bruno; Lucidi, Stefano; Esposito, Gianluca; Sciandrone, Marco",2026,,Gastric Cancer,included,Visão computacional/DL aplicada a endoscopia digestiva alta (contexto: dataset/benchmark).,Scopus/S2,sim
Scopus,S2,Scopus S2 — Lesões e alterações gástricas por IA,Zhou2023,Classification of precancerous lesions based on fusion of multiple hierarchical features,"Zhou, Huijun; Liu, Zhenyang; Li, Ting; Chen, Yifei; Huang, Wei; Zhang, Zijian",2023,,Computer Methods and Programs in Biomedicine,included,Visão computacional/DL aplicada a endoscopia digestiva alta (contexto: dataset/benchmark).,Scopus/S2; Scopus/S3,sim
Scopus,S2,Scopus S2 — Lesões e alterações gástricas por IA,Yahagi2021478,Is artificial intelligence ready to replace expert endoscopists?,"Yahagi, Naohisa",2021,,Endoscopy,included,"Título/keywords indicam DL/CV em endoscopia digestiva alta ou achado GI, mesmo sem abstract.",Scopus/S2,não
Scopus,S2,Scopus S2 — Lesões e alterações gástricas por IA,Moctezuma-Velazquez2025,Future of Endoscopy in Surveillance of Esophageal Varices,"Moctezuma-Velazquez, Carlos; Abraldes, Juan G.",2025,,Current Gastroenterology Reports,included,Visão computacional/DL aplicada a endoscopia digestiva alta.,Scopus/S2,sim
Scopus,S2,Scopus S2 — Lesões e alterações gástricas por IA,Liu2021,Prediction of serosal invasion in gastric cancer: development and validation of multivariate models integrating preoperative clinicopathological features and radiographic findings based on late arterial phase CT images,"Liu, Song; Xu, Mengying; Qiao, Xiangmei; Ji, Changfeng; Li, Lin; Zhou, Zhengyang",2021,,BMC Cancer,included,Visão computacional/DL aplicada a endoscopia digestiva alta.,Scopus/S2,sim
Scopus,S2,Scopus S2 — Lesões e alterações gástricas por IA,Zhai2022,RETRACTED: Construction of Stomach Cancer Lesion Detection Combined with Drug Therapy Based on Artificial Intelligence,"Zhai, Shengyong; Yu, Lihong; Li, Jing",2022,,Contrast Media and Molecular Imaging,included,Visão computacional/DL aplicada a endoscopia digestiva alta (contexto: dataset/benchmark).,Scopus/S2; Scopus/S3,sim
Scopus,S2,Scopus S2 — Lesões e alterações gástricas por IA,He2024334,Artificial intelligence-assisted system for the assessment of Forrest classification of peptic ulcer bleeding: A multicenter diagnostic study,"He, Xiao-Jian; Wang, Xiao-Ling; Su, Tian-Kang; Yao, Li-Jia; Zheng, Jing; Wen, Xiao-Dong; Xu, Qin-Wei; Huang, Qian-Rong; Chen, Li-Bin; Chen, Chang-Xin; Lin, Hai-Fan; Chen, Yi-Qun; Hu, Yan-Xing; Zhang, Kai-Hua; Jiang, Chuan-Shen; Liu, Gang; Li, Da-Zhou; Li, Dong-Liang; Wen, Wang",2024,,Endoscopy,included,Visão computacional/DL aplicada a endoscopia digestiva alta (contexto: dataset/benchmark).,Scopus/S2,sim
Scopus,S2,Scopus S2 — Lesões e alterações gástricas por IA,Chang2024327,Real-World Application of Artificial Intelligence for Detecting Pathologic Gastric Atypia and Neoplastic Lesions,"Chang, Young Hoon; Shin, Cheol Min; Lee, Hae Dong; Park, Jinbae; Jeon, Jiwoon; Cho, Soo-Jeong; Kang, Seung Joo; Chung, Jae-Yong; Jun, Yu Kyung; Choi, Yonghoon; Yoon, Hyuk; Park, Young Soo; Kim, Nayoung; Lee, Dong Ho",2024,,Journal of Gastric Cancer,included,Visão computacional/DL aplicada a endoscopia digestiva alta (contexto: dataset/benchmark).,Scopus/S2,sim
Scopus,S2,Scopus S2 — Lesões e alterações gástricas por IA,Fujiyoshi2022,Endoscopic classifications of early gastric cancer: A literature review,"Fujiyoshi, Mary Raina Angeli; Inoue, Haruhiro; Fujiyoshi, Yusuke; Nishikawa, Yohei; Toshimori, Akiko; Shimamura, Yuto; Tanabe, Mayo; Ikeda, Haruo; Onimaru, Manabu",2022,,Cancers,included,Visão computacional/DL aplicada a endoscopia digestiva alta.,Scopus/S2,sim
Scopus,S2,Scopus S2 — Lesões e alterações gástricas por IA,Wu2024,"Biologically interpretable multi-task deep learning pipeline predicts molecular alterations, grade, and prognosis in glioma patients","Wu, Xuewei; Zhang, Shuaitong; Zhang, Zhenyu; He, Zicong; Xu, Zexin; Wang, Weiwei; Jin, Zhe; You, Jingjing; Guo, Yang; Zhang, Lu; Huang, Wenhui; Wang, Fei; Liu, Xianzhi; Yan, Dongming; Cheng, Jingliang; Yan, Jing; Zhang, Shuixing; Zhang, Bin",2024,,npj Precision Oncology,included,Visão computacional/DL aplicada a endoscopia digestiva alta (contexto: dataset/benchmark).,Scopus/S2,sim
Scopus,S2,Scopus S2 — Lesões e alterações gástricas por IA,Shixu2021289,Application and progress of artificial intelligence in endoscopic diagnosis of superficial esophageal cancer,"Shixu, Wang; Yan, Ke; Guiqi, Wang",2021,,Chinese Journal of Oncology,included,Visão computacional/DL aplicada a endoscopia digestiva alta.,Scopus/S2,sim
Scopus,S2,Scopus S2 — Lesões e alterações gástricas por IA,Zhu2022e00551,A Multimodal Multipath Artificial Intelligence System for Diagnosing Gastric Protruded Lesions on Endoscopy and Endoscopic Ultrasonography Images,"Zhu, Chang; Hua, Yifei; Zhang, Min; Wang, Yun; Li, Wenjie; Ding, Yanbing; She, Qiang; Zhang, Weifeng; Si, Xinmin; Kong, Zihao; Liu, Baiyun; Chen, Weidao; Wu, Jiangfen; Dang, Yini; Zhang, Guoxin",2022,,Clinical and Translational Gastroenterology,included,Visão computacional/DL aplicada a endoscopia digestiva alta.,Scopus/S2,sim
Scopus,S2,Scopus S2 — Lesões e alterações gástricas por IA,Ishioka2023483,Performance of an artificial intelligence-based diagnostic support tool for early gastric cancers: Retrospective study,"Ishioka, Mitsuaki; Osawa, Hiroyuki; Hirasawa, Toshiaki; Kawachi, Hiroshi; Nakano, Kaoru; Fukushima, Noriyoshi; Sakaguchi, Mio; Tada, Tomohiro; Kato, Yusuke; Shibata, Junichi; Ozawa, Tsuyoshi; Tajiri, Hisao; Fujisaki, Junko",2023,,Digestive Endoscopy,included,Visão computacional/DL aplicada a endoscopia digestiva alta.,Scopus/S2; Scopus/S3,sim
Scopus,S2,Scopus S2 — Lesões e alterações gástricas por IA,Maione2022,Endoscopic Diagnosis and Management of Barrett’s Esophagus with Low-Grade Dysplasia,"Maione, Francesco; Chini, Alessia; Maione, Rosa; Manigrasso, Michele; Marello, Alessandra; Cassese, Gianluca; Gennarelli, Nicola; Milone, Marco; De Palma, Giovanni Domenico",2022,,Diagnostics,included,Visão computacional/DL aplicada a endoscopia digestiva alta.,Scopus/S2,sim
Scopus,S2,Scopus S2 — Lesões e alterações gástricas por IA,Tiwari2026,Beyond Detection: AI in Gastric Endoscopy,"Tiwari, Avinash",2026,,Digestive Endoscopy,included,"Título/keywords indicam DL/CV em endoscopia digestiva alta ou achado GI, mesmo sem abstract.",Scopus/S2,não
Scopus,S2,Scopus S2 — Lesões e alterações gástricas por IA,Gao2023432,"Machine learning-based automated sponge cytology for screening of oesophageal squamous cell carcinoma and adenocarcinoma of the oesophagogastric junction: a nationwide, multicohort, prospective study","Gao, Ye; Xin, Lei; Lin, Han; Yao, Bin; Zhang, Tao; Zhou, Ai-Jun; Huang, Shu; Wang, Jian-Hua; Feng, Ya-Dong; Yao, Sheng-Hua; Guo, Yan; Dang, Tong; Meng, Xian-Mei; Yang, Zeng-Zhou; Jia, Wan-Qi; Pang, Hui-Fang; Tian, Xiao-Juan; Deng, Bin; Wang, Jun-Ping; Fan, Wen-Chuan; Wang, Jun; Shi, Li-Hong; Yang, Guan-Yu; Sun, Chang; Wang, Wei; Zang, Jun-Cai; Li, Song-Yang; Shi, Rui-Hua; Li, Zhao-Shen; Wang, Luo-Wei",2023,,The Lancet Gastroenterology and Hepatology,included,Visão computacional/DL aplicada a endoscopia digestiva alta.,Scopus/S2,sim
Scopus,S2,Scopus S2 — Lesões e alterações gástricas por IA,Meng20225483,Application of an artificial intelligence system for endoscopic diagnosis of superficial esophageal squamous cell carcinoma,"Meng, Qian-Qian; Gao, Ye; Lin, Han; Wang, Tian-Jiao; Zhang, Yan-Rong; Feng, Jian; Li, Zhao-Shen; Xin, Lei; Wang, Luo-Wei",2022,,World Journal of Gastroenterology,included,Visão computacional/DL aplicada a endoscopia digestiva alta (contexto: dataset/benchmark).,Scopus/S2,sim
Scopus,S2,Scopus S2 — Lesões e alterações gástricas por IA,Zhu2026,Influence of sex differences among endoscopists in gastric cancer and precancerous condition detection rate during EGD in the artificial intelligence era: a retrospective study,"Zhu, Yijie; Huang, Li; Gong, Dexin; Dong, Zehua; Zhang, Chenxia; Wang, Jingzhai; Tao, Xiao; Wan, Ping; Wu, Lianlian; Zhang, Yu",2026,,Surgical Endoscopy ,included,Visão computacional/DL aplicada a endoscopia digestiva alta.,Scopus/S2,sim
Scopus,S2,Scopus S2 — Lesões e alterações gástricas por IA,Sun202015812,Non-Local attention and Densely-Connected Convolutional Neural Networks for Malignancy Suspiciousness Classification of Gastric Ulcer,"Sun, Muyi; Liang, Kaiyi; Zhang, Wenbao; Chang, Qing; Zhou, Xiaoguang",2020,,IEEE Access,included,Visão computacional/DL aplicada a endoscopia digestiva alta (contexto: dataset/benchmark).,Scopus/S2,sim
Scopus,S2,Scopus S2 — Lesões e alterações gástricas por IA,Duan2025,An artificial intelligence model utilizing endoscopic ultrasonography for differentiating small and micro gastric stromal tumors from gastric leiomyomas,"Duan, Ruifeng; Duan, Liwei; Chen, Xin; Liu, Min; Song, Xiangyi; Wei, Lijuan",2025,,BMC Gastroenterology,included,Visão computacional/DL aplicada a endoscopia digestiva alta (contexto: dataset/benchmark).,Scopus/S2,sim
Scopus,S2,Scopus S2 — Lesões e alterações gástricas por IA,Zhang2023181,Effect of a deep learning–based automatic upper GI endoscopic reporting system: a randomized crossover study (with video),"Zhang, Lihui; Lu, Zihua; Yao, Liwen; Dong, Zehua; Zhou, Wei; He, Chunping; Luo, Renquan; Zhang, Mengjiao; Wang, Jing; Li, Yanxia; Deng, Yunchao; Zhang, Chenxia; Li, Xun; Shang, Renduo; Xu, Ming; Wang, Junxiao; Zhao, Yu; Wu, Lianlian; Yu, Honggang",2023,,Gastrointestinal Endoscopy,included,Visão computacional/DL aplicada a endoscopia digestiva alta (contexto: dataset/benchmark).,Scopus/S2; Scopus/S3,sim
Scopus,S2,Scopus S2 — Lesões e alterações gástricas por IA,Kim20235800,Endoscopic submucosal dissection for early gastric cancer: It is time to consider the quality of its outcomes,"Kim, Gwang Ha",2023,,World Journal of Gastroenterology,included,Visão computacional/DL aplicada a endoscopia digestiva alta.,Scopus/S2,sim
Scopus,S2,Scopus S2 — Lesões e alterações gástricas por IA,Xie2025,Application of machine learning based on habitat imaging and vision transformer to predict treatment response of locally advanced esophageal squamous cell carcinoma following neoadjuvant chemoimmunotherapy: a multi-center study,"Xie, Shu-Han; Xu, Hui; Zhang, Hai; Xu, Jin-Xin; Huang, Shi-Jie; Liu, Wen-Yi; Tang, Zi-Lu; Xu, Rong-Yu; Ke, Sun-Kui; Xie, Jin-Biao; Feng, Qing-Yi; Kang, Ming-Qiang",2025,,Frontiers in Immunology,included,Visão computacional/DL aplicada a endoscopia digestiva alta.,Scopus/S2,sim
Scopus,S2,Scopus S2 — Lesões e alterações gástricas por IA,Halimi2026,Accuracy of AI-based raman spectroscopy in the diagnosis of gastric cancer: a systematic review and meta-analysis,"Halimi, Anis; Msherghi, Ahmed; Nounou, Mohamedhen Vall; Abdulwahed, Eman; Shlibek, Hala; Ateeqa, Sara Bin; Benali, Ahmed; Khasawneh, Islam; Kouidri, Khadidja; Elhadi, Muhammed",2026,,Lasers in Medical Science,included,Visão computacional/DL aplicada a endoscopia digestiva alta.,Scopus/S2,sim
Scopus,S2,Scopus S2 — Lesões e alterações gástricas por IA,Matsubayashi20241156,Artificial intelligence for gastric cancer in endoscopy: From diagnostic reasoning to market,"Matsubayashi, Carolina Ogawa; Cheng, Shuyan; Hulchafo, Ismael; Zhang, Yifan; Tada, Tomohiro; Buxbaum, James L.; Ochiai, Kentaro",2024,,Digestive and Liver Disease,included,Visão computacional/DL aplicada a endoscopia digestiva alta.,Scopus/S2,sim
Scopus,S2,Scopus S2 — Lesões e alterações gástricas por IA,Zhang2024,A study on the improvement in the ability of endoscopists to diagnose gastric neoplasms using an artificial intelligence system,"Zhang, Bojiang; Zhang, Wei; Yao, Hongjuan; Qiao, Jinggui; Zhang, Haimiao; Song, Ying",2024,,Frontiers in Medicine,included,Visão computacional/DL aplicada a endoscopia digestiva alta.,Scopus/S2,sim
Scopus,S2,Scopus S2 — Lesões e alterações gástricas por IA,Zeng2025,Machine learning assisted radiomics in predicting postoperative occurrence of deep venous thrombosis in patients with gastric cancer,"Zeng, Yuan; Chen, Yuhao; Zhu, Dandan; Xu, Jun; Zhang, Xiangting; Ying, Huiya; Song, Xian; Zhou, Ruoru; Wang, Yixiao; Yu, Fujun",2025,,BMC Cancer,included,Visão computacional/DL aplicada a endoscopia digestiva alta.,Scopus/S2,sim
Scopus,S2,Scopus S2 — Lesões e alterações gástricas por IA,Tian2025,Investigating the relationship between tongue diagnosis features and gastric cancer: A machine learning-based prediction model,"Tian, Pengfei; Chen, Zonglin; Fang, Biaojie; Wang, Xintian; Yu, Xin; Lu, Mingdian",2025,,European Journal of Surgical Oncology,included,Visão computacional/DL aplicada a endoscopia digestiva alta (contexto: dataset/benchmark).,Scopus/S2; Scopus/S3,sim
Scopus,S2,Scopus S2 — Lesões e alterações gástricas por IA,Ishioka2019e34,Detecting gastric cancer from video images using convolutional neural networks,"Ishioka, Mitsuaki; Hirasawa, Toshiaki; Tada, Tomohiro",2019,,Digestive Endoscopy,included,"Título/keywords indicam DL/CV em endoscopia digestiva alta ou achado GI, mesmo sem abstract.",Scopus/S2,não
Scopus,S2,Scopus S2 — Lesões e alterações gástricas por IA,Jothimani2023491,Liver Cirrhosis and Portal Hypertension: How to Deal with Esophageal Varices?,"Jothimani, Dinesh; Rela, Mohamed; Kamath, Patrick S.",2023,,Medical Clinics of North America,included,"Título/keywords indicam DL/CV em endoscopia digestiva alta ou achado GI, mesmo sem abstract.",Scopus/S2,não
Scopus,S2,Scopus S2 — Lesões e alterações gástricas por IA,Chen2022,The Accuracy of Artificial Intelligence in the Endoscopic Diagnosis of Early Gastric Cancer: Pooled Analysis Study,"Chen, Pei-Chin; Lu, Yun-Ru; Kang, Yi-No; Chang, Chun-Chao",2022,,Journal of Medical Internet Research,included,Visão computacional/DL aplicada a endoscopia digestiva alta (contexto: dataset/benchmark).,Scopus/S2,sim
Scopus,S2,Scopus S2 — Lesões e alterações gástricas por IA,Ono2025352,Linked color imaging and upper gastrointestinal neoplasia,"Ono, Shoko; Inoue, Masaki; Higashino, Masayuki; Hayasaka, Shuhei; Tanaka, Shugo; Egami, Hiroki; Sakamoto, Naoya",2025,,Digestive Endoscopy,included,Visão computacional/DL aplicada a endoscopia digestiva alta.,Scopus/S2,sim
Scopus,S2,Scopus S2 — Lesões e alterações gástricas por IA,2026,"29th Annual Conference on Medical Image Understanding and Analysis, MIUA 2025",,2026,,Lecture Notes in Computer Science,duplicate,"Duplicata de '29th Annual Conference on Medical Image Understanding and Analysis, MIUA 2025…' já presente em Scopus/S1.",Scopus/S2,sim
Scopus,S2,Scopus S2 — Lesões e alterações gástricas por IA,Li2023649,Assessment of Helicobacter pylori infection by deep learning based on endoscopic videos in real time,"Li, Yan-Dong; Wang, Huo-Gen; Chen, Sheng-Sen; Yu, Jiang-Ping; Ruan, Rong-Wei; Jin, Chao-Hui; Chen, Ming; Jin, Jia-Yan; Wang, Shi",2023,,Digestive and Liver Disease,included,Visão computacional/DL aplicada a endoscopia digestiva alta.,Scopus/S2,sim
Scopus,S2,Scopus S2 — Lesões e alterações gástricas por IA,Chen20249305,A Machine Learning-Driven Surface-Enhanced Raman Scattering Analysis Platform for the Label-Free Detection and Identification of Gastric Lesions,"Chen, Fengsong; Huang, Yanhua; Qian, Yayun; Zhao, Ya; Bu, Chiwen; Zhang, Dong",2024,,International Journal of Nanomedicine,included,Visão computacional/DL aplicada a endoscopia digestiva alta.,Scopus/S2,sim
Scopus,S2,Scopus S2 — Lesões e alterações gástricas por IA,Lobanovs2025,Machine learning in gastrointestinal endoscopy: challenges and opportunities,"Lobanovs, Sergejs; Aleksejeva, Jekaterina; Rūtiņa, Alise Kitija; Krustiņš, Eduards; Čižovs, Jurijs; Bļizņuks, Dmitrijs",2025,,BMJ Open Gastroenterology,included,Visão computacional/DL aplicada a endoscopia digestiva alta (contexto: dataset/benchmark).,Scopus/S2,sim
Scopus,S2,Scopus S2 — Lesões e alterações gástricas por IA,Nagao2020866,"Highly accurate artificial intelligence systems to predict the invasion depth of gastric cancer: efficacy of conventional white-light imaging, nonmagnifying narrow-band imaging, and indigo-carmine dye contrast imaging","Nagao, Sayaka; Tsuji, Yosuke; Sakaguchi, Yoshiki; Takahashi, Yu; Minatsuki, Chihiro; Niimi, Keiko; Yamashita, Hiroharu; Yamamichi, Nobutake; Seto, Yasuyuki; Tada, Tomohiro; Koike, Kazuhiko",2020,,Gastrointestinal Endoscopy,included,Visão computacional/DL aplicada a endoscopia digestiva alta (contexto: dataset/benchmark).,Scopus/S2,sim
Scopus,S2,Scopus S2 — Lesões e alterações gástricas por IA,Jankowski2020,Recent advances in understanding and preventing oesophageal cancer,"Jankowski, Janusz; Franklin, James",2020,,F1000Research,included,Visão computacional/DL aplicada a endoscopia digestiva alta.,Scopus/S2,sim
Scopus,S2,Scopus S2 — Lesões e alterações gástricas por IA,Frazzoni2022403,Endoscopists' diagnostic accuracy in detecting upper gastrointestinal neoplasia in the framework of artificial intelligence studies,"Frazzoni, Leonardo; Arribas, Julia; Antonelli, Giulio; Libanio, Diogo; Ebigbo, Alanna; Van Der Sommen, Fons; De Groof, Albert Jeroen; Fukuda, Hiromu; Ohmori, Masayasu; Ishihara, Ryu; Wu, Lianlian; Yu, Honggang; Mori, Yuichi; Repici, Alessandro; Bergman, Jacques J. G. H. M.; Sharma, Prateek; Messmann, Helmut; Hassan, Cesare; Fuccio, Lorenzo; Dinis-Ribeiro, Mário",2022,,Endoscopy,included,Visão computacional/DL aplicada a endoscopia digestiva alta (contexto: dataset/benchmark).,Scopus/S2,sim
Scopus,S2,Scopus S2 — Lesões e alterações gástricas por IA,Waddingham2024,Latest Advances in Endoscopic Detection of Oesophageal and Gastric Neoplasia,"Waddingham, William; Graham, David G.; Banks, Matthew R.",2024,,Diagnostics,included,Visão computacional/DL aplicada a endoscopia digestiva alta.,Scopus/S2,sim
Scopus,S2,Scopus S2 — Lesões e alterações gástricas por IA,Gong2022929,Automatic captioning of early gastric cancer using magnification endoscopy with narrow-band imaging,"Gong, Lixin; Wang, Min; Shu, Lei; He, Jie; Qin, Bin; Xu, Jiacheng; Su, Wei; Dong, Di; Hu, Hao; Tian, Jie; Zhou, Pinghong",2022,,Gastrointestinal Endoscopy,included,Visão computacional/DL aplicada a endoscopia digestiva alta.,Scopus/S2,sim
Scopus,S2,Scopus S2 — Lesões e alterações gástricas por IA,Arkhipova2021113,Modern possibilities and prospects of early diagnosis of stomach cancer; [СовРемеННые воЗможНоСТИ И ПеРСПекТИвы РАННей дИАГНоСТИкИ РАкА желУдкА],"Arkhipova, A.A.; Anischenko, V.V.",2021,,Acta Biomedica Scientifica,included,Visão computacional/DL aplicada a endoscopia digestiva alta.,Scopus/S2,sim
Scopus,S2,Scopus S2 — Lesões e alterações gástricas por IA,Yin20231725,Identification of gastric signet ring cell carcinoma based on endoscopic images using few-shot learning,"Yin, Minyue; Zhang, Rufa; Lin, Jiaxi; Zhu, Shiqi; Liu, Lu; Liu, Xiaolin; Lu, Jianying; Xu, Chunfang; Zhu, Jinzhou",2023,,Digestive and Liver Disease,included,Visão computacional/DL aplicada a endoscopia digestiva alta.,Scopus/S2,sim
Scopus,S2,Scopus S2 — Lesões e alterações gástricas por IA,Lan2025,A risk prediction model for gastric cancer based on endoscopic atrophy classification,"Lan, Yadi; Sun, Weijia; Zhong, Shen; Xu, Qianqian; Xue, Yining; Liu, Zhaoyu; Shi, Lei; Han, Bing; Zhai, Tianyu; Liu, Mingyue; Sun, Yujing; Xu, Hongwei",2025,,BMC Cancer,included,Visão computacional/DL aplicada a endoscopia digestiva alta.,Scopus/S2,sim
Scopus,S2,Scopus S2 — Lesões e alterações gástricas por IA,Martins2023,Endoscopic Imaging for the Diagnosis of Neoplastic and Pre-Neoplastic Conditions of the Stomach,"Martins, Bruno Costa; Moura, Renata Nobre; Kum, Angelo So Taa; Matsubayashi, Carolina Ogawa; Marques, Sergio Barbosa; Safatle-Ribeiro, Adriana Vaz",2023,,Cancers,included,Visão computacional/DL aplicada a endoscopia digestiva alta.,Scopus/S2,sim
Scopus,S2,Scopus S2 — Lesões e alterações gástricas por IA,Ma202545985,A Hybrid Attention-Based Fuzzy Pooling Network Model for Locating Polyp Positions in Gastroscopic Image in Internet of Medical Things,"Ma, Xiaoyu; Wang, Honghu; Ren, Xiaoxue; Ma, Yu",2025,,IEEE Internet of Things Journal,included,Visão computacional/DL aplicada a endoscopia digestiva alta (contexto: dataset/benchmark).,Scopus/S2; Scopus/S3,sim
Scopus,S2,Scopus S2 — Lesões e alterações gástricas por IA,Nakao2024210,Randomized controlled trial of an artificial intelligence diagnostic system for the detection of esophageal squamous cell carcinoma in clinical practice,"Nakao, Eisuke; Yoshio, Toshiyuki; Kato, Yusuke; Namikawa, Ken; Tokai, Yoshitaka; Yoshimizu, Shoichi; Horiuchi, Yusuke; Ishiyama, Akiyoshi; Hirasawa, Toshiaki; Kurihara, Nozomi; Ishizuka, Naoki; Ishihara, Ryu; Tada, Tomohiro; Fujisaki, Junko",2024,,Endoscopy,included,Visão computacional/DL aplicada a endoscopia digestiva alta.,Scopus/S2,sim
Scopus,S2,Scopus S2 — Lesões e alterações gástricas por IA,Abe20251306,A Multicenter Pivotal Study on the Artificial Intelligence System for Neoplastic Lesions Detection in Upper Gastrointestinal Endoscopy,"Abe, Seiichiro; Kitagawa, Yoshiyasu; Hatta, Waku; Maekita, Takao; Kato, Motohiko; Nagahara, Akihito; Osawa, Hiroyuki; Dohi, Osamu; Nakashima, Hirotaka; Furukawa, Kazuhiro; Oka, Shiro; Yokoyama, Tomoko; Ito, Toru; Oda, Ichiro",2025,,Digestive Endoscopy,included,Visão computacional/DL aplicada a endoscopia digestiva alta (contexto: dataset/benchmark).,Scopus/S2,sim
Scopus,S2,Scopus S2 — Lesões e alterações gástricas por IA,Lee20201033,Deep learning based gastric lesion classification system using data augmentation,"Lee, Sin-Ae; Kim, Dong-Hyun; Cho, Hyun-Chong",2020,,Transactions of the Korean Institute of Electrical Engineers,included,Visão computacional/DL aplicada a endoscopia digestiva alta.,Scopus/S2,sim
Scopus,S2,Scopus S2 — Lesões e alterações gástricas por IA,Feng20251874,A prospective and comparative study on improving the diagnostic accuracy of early gastric cancer based on deep convolutional neural network real-time diagnosis system (with video),"Feng, Jie; Zhang, Yaoping; Feng, Zhijun; Ma, Huiming; Gou, Yani; Wang, Pengfei; Feng, Yanhu; Wang, Xiang; Huang, Xiaojun",2025,,Surgical Endoscopy ,included,Visão computacional/DL aplicada a endoscopia digestiva alta (contexto: dataset/benchmark).,Scopus/S2,sim
Scopus,S2,Scopus S2 — Lesões e alterações gástricas por IA,Gao20212207,Feasibility and Accuracy of Artificial Intelligence-Assisted Sponge Cytology for Community-Based Esophageal Squamous Cell Carcinoma Screening in China,"Gao, Ye; Xin, Lei; Feng, Ya-Dong; Yao, Bin; Lin, Han; Sun, Chang; An, Wei; Li, Zhao-Shen; Shi, Rui-Hua; Wang, Luo-Wei",2021,,American Journal of Gastroenterology,included,Visão computacional/DL aplicada a endoscopia digestiva alta.,Scopus/S2,sim
Scopus,S2,Scopus S2 — Lesões e alterações gástricas por IA,Huang2023225,Application Value of Artificial Intelligence in the Identification of Gastric Cancer Polyps. A Cooperative Diagnosis Method Based on Al and Was Established,"Huang, Junjun; Saw, Shier Nee; Yang, Ruohan; Qin, Yesheng; Chen, Yanlin; Kiong, Loo Chu",2023,,"Journal of Natural Science, Biology and Medicine",included,Visão computacional/DL aplicada a endoscopia digestiva alta.,Scopus/S2,sim
Scopus,S2,Scopus S2 — Lesões e alterações gástricas por IA,Leung2021945,Editorial: machine learning models for gastric cancer risk prediction—authors' reply,"Leung, Wai K.; Lui, Thomas K. L.",2021,,Alimentary Pharmacology and Therapeutics,included,"Título/keywords indicam DL/CV em endoscopia digestiva alta ou achado GI, mesmo sem abstract.",Scopus/S2,não
Scopus,S2,Scopus S2 — Lesões e alterações gástricas por IA,Malerba2026,Artificial Intelligence Applications in Gastric Cancer Surgery: Bridging Early Diagnosis and Responsible Precision Medicine,"Malerba, Silvia; Vladimirov, Miljana; Goyal, Aman; Dulskas, Audrius; Baušys, Augustinas; Cwalinski, Tomasz; Girnyi, Sergii; Skokowski, Jaroslaw; Duka, Ruslan; Molchanov, Robert; Jovanovic, Bojan; Ciarleglio, Francesco Antonio; Brolese, Alberto; Gonfa, Kebebe Bekele; Demmo, Abdi Tesemma; Dambrauskas, Zilvinas; Pérez Bonet, Adolfo; Testini, Mario; Prete, Francesco Paolo; Calu, Valentin; Calomino, Natale; Jain, Vikas; Karamarkovic, Aleksandar; Polom, Karol; Abou-Mrad, Adel; Oviedo, Rodolfo J.; Vashist, Yogesh; Marano, Luigi",2026,,Journal of Clinical Medicine,included,Visão computacional/DL aplicada a endoscopia digestiva alta (contexto: dataset/benchmark).,Scopus/S2,sim
Scopus,S2,Scopus S2 — Lesões e alterações gástricas por IA,Horiuchi20201355,Convolutional Neural Network for Differentiating Gastric Cancer from Gastritis Using Magnified Endoscopy with Narrow Band Imaging,"Horiuchi, Yusuke; Aoyama, Kazuharu; Tokai, Yoshitaka; Hirasawa, Toshiaki; Yoshimizu, Shoichi; Ishiyama, Akiyoshi; Yoshio, Toshiyuki; Tsuchida, Tomohiro; Fujisaki, Junko; Tada, Tomohiro",2020,,Digestive Diseases and Sciences,included,Visão computacional/DL aplicada a endoscopia digestiva alta.,Scopus/S2,sim
Scopus,S2,Scopus S2 — Lesões e alterações gástricas por IA,Hon_rio-Silva2024,"Development of a novel sustainable, portable, fast, and non-invasive platform based on ATR-FTIR technology coupled with machine learning algorithms for Helicobacter pylori detection in human saliva","Honório-Silva, Ghabriel; Guevara-Vega, Marco; Silva, Nagela Bernadelli Sousa; Garcia-Júnior, Marcelo Augusto; Alves, Deborah Cristina Teixeira; Goulart, Luiz Ricardo; Martins, Mario Machado; Oliveira, André Luiz; Vitorino, Rui Miguel Pinheiro; Cunha, Thulio Marquez; Martins, Carlos Henrique Gomes; Guimarães Carneiro, Murillo; Sabino-Silva, Robinson",2024,,Talanta Open,included,Visão computacional/DL aplicada a endoscopia digestiva alta.,Scopus/S2,sim
Scopus,S2,Scopus S2 — Lesões e alterações gástricas por IA,Wang2019,A systematic evaluation and optimization of automatic detection of ulcers in wireless capsule endoscopy on a large dataset using deep convolutional neural networks,"Wang, Sen; Xing, Yuxiang; Zhang, Li; Gao, Hewei; Zhang, Hao",2019,,Physics in Medicine and Biology,included,Visão computacional/DL aplicada a endoscopia digestiva alta (contexto: dataset/benchmark).,Scopus/S2,sim
Scopus,S2,Scopus S2 — Lesões e alterações gástricas por IA,Baumer2023479,Endoscopic diagnosis and treatment of esophageal adenocarcinoma; [Endoskopische Diagnostik und Therapie von Adenokarzinomen des Ösophagus],"Baumer, Sebastian; Pech, Oliver",2023,,Onkologie,included,Visão computacional/DL aplicada a endoscopia digestiva alta.,Scopus/S2,sim
Scopus,S2,Scopus S2 — Lesões e alterações gástricas por IA,Liu201753,Hue-texture-embedded region-based model for magnifying endoscopy with narrow-band imaging image segmentation based on visual features,"Liu, Xiaoqi; Wang, Chengliang; Bai, Jianying; Liao, Guobin; Zhao, Yanjun",2017,,Computer Methods and Programs in Biomedicine,included,Visão computacional/DL aplicada a endoscopia digestiva alta.,Scopus/S2,sim
Scopus,S2,Scopus S2 — Lesões e alterações gástricas por IA,Wang2025622,A single-center self-controlled study on the impact of a computer-aided detection system on the detection rate of gastric precancerous lesions and neoplasms; [计算机辅助检测系统对胃癌前病变和瘤变检出率影响的单中心自身对照研究],"Wang, Wen; Huang, Li; Wu, Lianlian; Yu, Honggang",2025,,Chinese Journal of Digestive Endoscopy,included,Visão computacional/DL aplicada a endoscopia digestiva alta.,Scopus/S2,sim
Scopus,S2,Scopus S2 — Lesões e alterações gástricas por IA,Chen20222152,Artificial intelligence: Emerging player in the diagnosis and treatment of digestive disease,"Chen, Hai-Yang; Ge, Peng; Liu, Jia-Yue; Qu, Jia-Lin; Bao, Fang; Xu, Cai-Ming; Chen, Hai-Long; Shang, Dong; Zhang, Gui-Xin",2022,,World Journal of Gastroenterology,included,Visão computacional/DL aplicada a endoscopia digestiva alta.,Scopus/S2,sim
Scopus,S2,Scopus S2 — Lesões e alterações gástricas por IA,Norwood2022501,"Gastric Cancer: Emerging Trends in Prevention, Diagnosis, and Treatment","Norwood, Dalton A.; Montalvan, Eleazar E.; Dominguez, Ricardo L.; Morgan, Douglas R.",2022,,Gastroenterology Clinics of North America,included,"Título/keywords indicam DL/CV em endoscopia digestiva alta ou achado GI, mesmo sem abstract.",Scopus/S2,não
Scopus,S2,Scopus S2 — Lesões e alterações gástricas por IA,Pennazio2021101,Small bowel capsule endoscopy: Where do we stand after 20 years of clinical use?,"Pennazio, Marco; Rondonotti, Emanuele; Pellicano, Rinaldo; Valdivia, Pablo Cortegoso",2021,,Minerva Gastroenterology,included,Visão computacional/DL aplicada a endoscopia digestiva alta.,Scopus/S2,sim
Scopus,S2,Scopus S2 — Lesões e alterações gástricas por IA,Gon_alves2025,Early diagnosis of gastric cancer: Endoscopy and artificial intelligence,"Gonçalves, N.; Chaves, J.; Marques- Sá, I.; Dinis-Ribeiro, M.; Libânio, D.",2025,,Best Practice and Research: Clinical Gastroenterology,included,Visão computacional/DL aplicada a endoscopia digestiva alta.,Scopus/S2,sim
Scopus,S2,Scopus S2 — Lesões e alterações gástricas por IA,Ikenoyama20211105,Artificial intelligence diagnostic system predicts multiple Lugol-voiding lesions in the esophagus and patients at high risk for esophageal squamous cell carcinoma,"Ikenoyama, Yohei; Yoshio, Toshiyuki; Tokura, Junki; Naito, Sakiko; Namikawa, Ken; Tokai, Yoshitaka; Yoshimizu, Shoichi; Horiuchi, Yusuke; Ishiyama, Akiyoshi; Hirasawa, Toshiaki; Tsuchida, Tomohiro; Katayama, Naoyuki; Tada, Tomohiro; Fujisaki, Junko",2021,,Endoscopy,included,Visão computacional/DL aplicada a endoscopia digestiva alta (contexto: dataset/benchmark).,Scopus/S2,sim
Scopus,S2,Scopus S2 — Lesões e alterações gástricas por IA,Dai2025,Combining methylated RNF180 and SFRP2 plasma biomarkers for noninvasive diagnosis of gastric cancer,"Dai, Zhihao; Jiang, Jin; Chen, Qianping; Bai, Minghua; Sun, Quanquan; Feng, Yanru; Liu, Dong; Wang, Dong; Zhang, Tong; Han, Liang; Ng, Litheng; Zheng, Jun; Zou, Hao; Mao, Wei; Zhu, Ji",2025,,Translational Oncology,included,Visão computacional/DL aplicada a endoscopia digestiva alta.,Scopus/S2,sim
Scopus,S2,Scopus S2 — Lesões e alterações gástricas por IA,Fang2024343,Diagnosing and grading gastric atrophy and intestinal metaplasia using semi-supervised deep learning on pathological images: development and validation study,"Fang, Shuangshuang; Liu, Zhenyu; Qiu, Qi; Tang, Zhenchao; Yang, Yang; Kuang, Zhongsheng; Du, Xiaohua; Xiao, Shanshan; Liu, Yanyan; Luo, Yuanbin; Gu, Liping; Tian, Li; Liang, Xiaoxia; Fan, Guiling; Zhang, Yu; Zhang, Ping; Zhou, Weixun; Liu, Xiuli; Tian, Jie; Wei, Wei",2024,,Gastric Cancer,included,Visão computacional/DL aplicada a endoscopia digestiva alta.,Scopus/S2,sim
Scopus,S2,Scopus S2 — Lesões e alterações gástricas por IA,Sharma20221056,Artificial Intelligence and Deep Learning for Upper Gastrointestinal Neoplasia,"Sharma, Prateek; Hassan, Cesare",2022,,Gastroenterology,included,Visão computacional/DL aplicada a endoscopia digestiva alta.,Scopus/S2,sim
Scopus,S2,Scopus S2 — Lesões e alterações gástricas por IA,Chae202329391,Enhanced Classification of Gastric Lesions and Early Gastric Cancer Diagnosis in Gastroscopy Using Multi-Filter AutoAugment,"Chae, Jung-Woo; Cho, Hyun-Chong",2023,,IEEE Access,included,Visão computacional/DL aplicada a endoscopia digestiva alta.,Scopus/S2,sim
Scopus,S2,Scopus S2 — Lesões e alterações gástricas por IA,Renna2022,Artificial Intelligence for Upper Gastrointestinal Endoscopy: A Roadmap from Technology Development to Clinical Practice,"Renna, Francesco; Martins, Miguel; Neto, Alexandre; Cunha, António; Libânio, Diogo; Dinis-Ribeiro, Mário; Coimbra, Miguel",2022,,Diagnostics,included,Visão computacional/DL aplicada a endoscopia digestiva alta (contexto: dataset/benchmark).,Scopus/S2,sim
Scopus,S2,Scopus S2 — Lesões e alterações gástricas por IA,Ikeda20211030,Cystoscopic Imaging for Bladder Cancer Detection Based on Stepwise Organic Transfer Learning with a Pretrained Convolutional Neural Network,"Ikeda, Atsushi; Nosato, Hirokazu; Kochi, Yuta; Negoro, Hiromitsu; Kojima, Takahiro; Sakanashi, Hidenori; Murakawa, Masahiro; Nishiyama, Hiroyuki",2021,,Journal of Endourology,included,Visão computacional/DL aplicada a endoscopia digestiva alta.,Scopus/S2,sim
Scopus,S2,Scopus S2 — Lesões e alterações gástricas por IA,Bang2021,Establishing machine learning models to predict curative resection in early gastric cancer with undifferentiated histology: Development and usability study,"Bang, Chang Seok; Ahn, Ji Yong; Kim, Jie-Hyun; Kim, Young Il; Choi, Il Ju; Shin, Woon Geon",2021,,Journal of Medical Internet Research,included,Visão computacional/DL aplicada a endoscopia digestiva alta.,Scopus/S2,sim
Scopus,S2,Scopus S2 — Lesões e alterações gástricas por IA,Yang2021,Analysis of the Diagnostic Effect of EUS-RTE on Giant Cystic Tumours of the Oesophagus Based on Cluster Analysis,"Yang, Huizhen; Zhang, Zhenghang; He, Yingbi; Tian, Bin; Zhang, Xiaozhen; Hao, Yingying; Lu, Shuang; Tian, Yanhua",2021,,Journal of Healthcare Engineering,included,Visão computacional/DL aplicada a endoscopia digestiva alta (contexto: dataset/benchmark).,Scopus/S2,sim
Scopus,S2,Scopus S2 — Lesões e alterações gástricas por IA,Li2021492,Application of minimally invasive intelligent diagnosis and treatment technology in gastric cancer; [微创智能化诊断与治疗技术在胃癌中的应用],"Li, Shuchun; Zang, Lu; Zheng, Minhua",2021,,Chinese Journal of Digestive Surgery,included,Visão computacional/DL aplicada a endoscopia digestiva alta.,Scopus/S2,sim
Scopus,S2,Scopus S2 — Lesões e alterações gástricas por IA,Nagao2022,Implementation of artificial intelligence in upper gastrointestinal endoscopy,"Nagao, Sayaka; Tani, Yasuhiro; Shibata, Junichi; Tsuji, Yosuke; Tada, Tomohiro; Ishihara, Ryu; Fujishiro, Mitsuhiro",2022,,DEN Open,included,Visão computacional/DL aplicada a endoscopia digestiva alta.,Scopus/S2,sim
Scopus,S2,Scopus S2 — Lesões e alterações gástricas por IA,Soong2024,Comparing Raman Spectroscopy-Based Artificial Intelligence to High-Definition White Light Endoscopy for Endoscopic Diagnosis of Gastric Neoplasia: A Feasibility Proof-of-Concept Study,"Soong, Tse Kiat; Kim, Guo Wei; Chia, Daryl Kai Ann; So, Jimmy Bok Yan; Lee, Jonathan Wei Jie; Shabbbir, Asim; Lum, Jeffrey Huey Yew; Soon, Gwyneth Shook Ting; Ho, Khek Yu",2024,,Diagnostics,included,Visão computacional/DL aplicada a endoscopia digestiva alta.,Scopus/S2,sim
Scopus,S2,Scopus S2 — Lesões e alterações gástricas por IA,Tai2019749,Upper gastrointestinal endoscopy: can we cut the cord?,"Tai, Foong Way David; Ching, Hey-Long; Hale, Melissa F; McAlindon, Mark E",2019,,The Lancet Gastroenterology and Hepatology,included,"Título/keywords indicam DL/CV em endoscopia digestiva alta ou achado GI, mesmo sem abstract.",Scopus/S2,não
Scopus,S2,Scopus S2 — Lesões e alterações gástricas por IA,Yan2025,Nylon66-Au@Ag core-shell nanocomposites fabricated by filtration-accumulation for gastritis staging via SERS biosensing,"Yan, Zixing; Xu, Peipei; Su, Junpeng; Chen, Jingxin; Liu, Youmei; Wang, Chuyi; Lu, Yudong",2025,,Microchemical Journal,included,Visão computacional/DL aplicada a endoscopia digestiva alta.,Scopus/S2,sim
Scopus,S2,Scopus S2 — Lesões e alterações gástricas por IA,Kim2022319,Quality indicators in esophagogastroduodenoscopy,"Kim, Sang Yoon; Park, Jae Myung",2022,,Clinical Endoscopy,included,Visão computacional/DL aplicada a endoscopia digestiva alta.,Scopus/S2,sim
Scopus,S2,Scopus S2 — Lesões e alterações gástricas por IA,Zhu2023,Convolutional neural network based anatomical site identification for laryngoscopy quality control: A multicenter study,"Zhu, Ji-Qing; Wang, Mei-Ling; Li, Ying; Zhang, Wei; Li, Li-Juan; Liu, Lin; Zhang, Yan; Han, Cai-Juan; Tie, Cheng-Wei; Wang, Shi-Xu; Wang, Gui-Qi; Ni, Xiao-Guang",2023,,American Journal of Otolaryngology - Head and Neck Medicine and Surgery,included,Visão computacional/DL aplicada a endoscopia digestiva alta.,Scopus/S2,sim
Scopus,S2,Scopus S2 — Lesões e alterações gástricas por IA,Xie2023,Gastric polyp detection module based on improved attentional feature fusion,"Xie, Yun; Yu, Yao; Liao, Mingchao; Sun, Changyin",2023,,BioMedical Engineering Online,included,Visão computacional/DL aplicada a endoscopia digestiva alta (contexto: dataset/benchmark).,Scopus/S2; Scopus/S3,sim
Scopus,S2,Scopus S2 — Lesões e alterações gástricas por IA,Li20244354,Machine learning algorithms able to predict the prognosis of gastric cancer patients treated with immune checkpoint inhibitors,"Li, Hong-Wei; Zhu, Zi-Yu; Xue, Ying-Wei; Sun, Yu-Fei; Yuan, Chao-Yu; Wang, Mo-Han; Wang, Nan",2024,,World Journal of Gastroenterology,included,Visão computacional/DL aplicada a endoscopia digestiva alta (contexto: dataset/benchmark).,Scopus/S2,sim
Scopus,S2,Scopus S2 — Lesões e alterações gástricas por IA,You20261651,Artificial intelligence assistance narrows the experience gap in endoscopic reporting of gastric lesions: a prospective clinical trial,"You, Hang; Tao, Xiao; Dong, Zehua; Li, Yanxia; Huang, Li; Li, Jia; Du, Hongliu; Deng, Mei; Wu, Zhifeng; Tan, Xia; Yang, Ting; Liu, Jun; Yu, Honggang",2026,,Surgical Endoscopy ,included,Visão computacional/DL aplicada a endoscopia digestiva alta.,Scopus/S2,sim
Scopus,S2,Scopus S2 — Lesões e alterações gástricas por IA,Chen20245604,Artificial intelligence assisted recognition and diagnosis of Magnetically controlled capsule gastroscopy,"Chen, Susu; Wei, Chuyu; Li, Dongqi; Borchert, Glen M.; Yu, Zhong; Lin, Jiawen; Huang, Jingshan",2024,,"Proceedings - 2024 IEEE International Conference on Bioinformatics and Biomedicine, BIBM 2024",included,Visão computacional/DL aplicada a endoscopia digestiva alta (contexto: dataset/benchmark).,Scopus/S2,sim
Scopus,S2,Scopus S2 — Lesões e alterações gástricas por IA,Lee2023375,The Role of Artificial Intelligence in Gastric Cancer: Surgical and Therapeutic Perspectives: A Comprehensive Review,"Lee, Junho; Lee, Hanna; Chung, Jun-Won",2023,,Journal of Gastric Cancer,included,Visão computacional/DL aplicada a endoscopia digestiva alta.,Scopus/S2,sim
Scopus,S2,Scopus S2 — Lesões e alterações gástricas por IA,Agarwal20251901,Evaluation of the use of convoluted neural network for detecting early gastric cancer and predicting its invasion depth: A systematic review and meta-analysis,"Agarwal, Samagra; Rajput, Mahender Singh; Pandey, Shivam; Ramai, Daryl; Tabibian, James H; Ofosu, Andrew; Barakat, Monique T.; Girotra, Mohit; Mahapatra, Soumya Jagannath",2025,,Digestive and Liver Disease,included,Visão computacional/DL aplicada a endoscopia digestiva alta (contexto: dataset/benchmark).,Scopus/S2,sim
Scopus,S2,Scopus S2 — Lesões e alterações gástricas por IA,Zhou2024,"Efficacy of a real-time intelligent quality-control system for the detection of early upper gastrointestinal neoplasms: a multicentre, single-blinded, randomised controlled trial","Zhou, Ruchen; Liu, Jing; Zhang, Chenchen; Zhao, Yusha; Su, Jingran; Niu, Qiong; Liu, Chengxia; Guo, Zhuang; Cui, Zhenqin; Zhong, Xiaoqin; Zhao, Weidong; Li, Jing; Zhang, Xiaodong; Wang, Hongyan; Sun, Shidong; Ma, Ruiguang; Chen, Xinyu; Xu, Xinyan; Zhu, Yiqing; Li, Zhen; Zuo, Xiuli; Li, Yanqing",2024,,eClinicalMedicine,included,Visão computacional/DL aplicada a endoscopia digestiva alta.,Scopus/S2,sim
Scopus,S2,Scopus S2 — Lesões e alterações gástricas por IA,Abe2023492,"Computer-aided endoscopic diagnosis of early gastric cancer on white light endoscopy: No detection, no characterization","Abe, Seiichiro",2023,,Digestive Endoscopy,included,"Título/keywords indicam DL/CV em endoscopia digestiva alta ou achado GI, mesmo sem abstract.",Scopus/S2,não
Scopus,S2,Scopus S2 — Lesões e alterações gástricas por IA,Fratini2025,"Dredge Sediment as an Opportunity: A Comprehensive and Updated Review of Beneficial Uses in Marine, River, and Lagoon Eco-Systems","Fratini, Chiara; Anselmi, Serena; Renzi, Monia",2025,,Environments - MDPI,included,DL/CV aplicado a achados do trato GI alto — presume-se imagens endoscópicas/histopatológicas.,Scopus/S2,sim
Scopus,S2,Scopus S2 — Lesões e alterações gástricas por IA,Huang2021,Impact of Computer-Assisted System on the Learning Curve and Quality in Esophagogastroduodenoscopy: Randomized Controlled Trial,"Huang, Li; Liu, Jun; Wu, Lianlian; Xu, Ming; Yao, Liwen; Zhang, Lihui; Shang, Renduo; Zhang, Mengjiao; Xiong, Qiutang; Wang, Dawei; Dong, Zehua; Xu, Youming; Li, Jia; Zhu, Yijie; Gong, Dexin; Wu, Huiling; Yu, Honggang",2021,,Frontiers in Medicine,included,Visão computacional/DL aplicada a endoscopia digestiva alta.,Scopus/S2; Scopus/S3,sim
Scopus,S2,Scopus S2 — Lesões e alterações gástricas por IA,Chen20251185,A novel artificial intelligence-based system for quality monitoring during esophagogastroduodenoscopy: a multicenter randomized controlled study,"Chen, Shengsen; Li, Yandong; Wang, Huogen; Chen, Ming; Wang, Chun; Pan, Weilong; Ma, Ji; Ji, Tingting; Hong, Jiemin; Hu, Di; Sheng, Xiancang; Jiang, Junbing; Wang, Shi",2025,,Endoscopy,included,Visão computacional/DL aplicada a endoscopia digestiva alta.,Scopus/S2,sim
Scopus,S2,Scopus S2 — Lesões e alterações gástricas por IA,Lee2024,Validation of Artificial Intelligence Computer-Aided Detection on Gastric Neoplasm in Upper Gastrointestinal Endoscopy,"Lee, Hannah; Chung, Jun-Won; Yun, Sung-Cheol; Jung, Sung Woo; Yoon, Yeong Jun; Kim, Ji Hee; Cha, Boram; Kayasseh, Mohd Azzam; Kim, Kyoung Oh",2024,,Diagnostics,included,Visão computacional/DL aplicada a endoscopia digestiva alta (contexto: dataset/benchmark).,Scopus/S2,sim
Scopus,S2,Scopus S2 — Lesões e alterações gástricas por IA,Liu20211392,Artificial intelligence-Assisted endoscopic detection of esophageal neoplasia in early stage: The next step?,"Liu, Yong",2021,,World Journal of Gastroenterology,included,Visão computacional/DL aplicada a endoscopia digestiva alta.,Scopus/S2,sim
Scopus,S2,Scopus S2 — Lesões e alterações gástricas por IA,Li20221138,Correlation of the detection rate of upper GI cancer with artificial intelligence score: results from a multicenter trial (with video),"Li, Yan-Dong; Li, Hui-Zhang; Chen, Sheng-Sen; Jin, Chao-Hui; Chen, Ming; Cheng, Ming; Ma, Min-Jun; Zhang, Xiao-Ping; Wang, Xin; Zhou, Jian-Bo; Chen, Ming-Tong; Chen, Jiang-Ning; Yu, Shan; Wang, Tie-Jun; Fang, Wei-Ping; Cao, Xian-Wei; Yu, Xiao-Jie; Du, Ling-Bin; Wang, Shi",2022,,Gastrointestinal Endoscopy,included,Visão computacional/DL aplicada a endoscopia digestiva alta.,Scopus/S2,sim
Scopus,S2,Scopus S2 — Lesões e alterações gástricas por IA,Goenka2023128,Role of artificial intelligence–guided esophagogastroduodenoscopy in assessing the procedural completeness and quality,"Goenka, Mahesh Kumar; Afzalpurkar, Shivaraj; Jejurikar, Saurabh; Rodge, Gajanan Ashokrao; Tiwari, Awanish",2023,,Indian Journal of Gastroenterology,included,Visão computacional/DL aplicada a endoscopia digestiva alta.,Scopus/S2,sim
Scopus,S2,Scopus S2 — Lesões e alterações gástricas por IA,Liu2024,A deep learning approach for gastroscopic manifestation recognition based on Kyoto Gastritis Score,"Liu, Ao; Zhang, Xilin; Zhong, Jiaxin; Wang, Zilu; Ge, Zhenyang; Wang, Zhong; Fan, Xiaoya; Zhang, Jing",2024,,Annals of Medicine,included,Visão computacional/DL aplicada a endoscopia digestiva alta (contexto: dataset/benchmark).,Scopus/S2,sim
Scopus,S2,Scopus S2 — Lesões e alterações gástricas por IA,Gomoll_n2022389,Clinical characteristics and prognostic factors for Crohn's disease relapses using natural language processing and machine learning: a pilot study,"Gomollón, Fernando; Gisbert, Javier P.; Guerra, Iván; Plaza, Rocío; Pajares Villarroya, Ramón; Moreno Almazán, Luis; López Martín, Mª Carmen; Domínguez Antonaya, Mercedes; Vera Mendoza, María Isabel; Aparicio, Jesús; Martínez, Vicente; Tagarro, Ignacio; Fernández-Nistal, Alonso; Lumbreras, Sara; Maté, Claudia; Montoto, Carmen",2022,,European Journal of Gastroenterology and Hepatology,included,Visão computacional/DL aplicada a endoscopia digestiva alta (contexto: dataset/benchmark).,Scopus/S2,sim
Scopus,S2,Scopus S2 — Lesões e alterações gástricas por IA,Li2025,Factors influencing the incidence of early gastric cancer: a bayesian network analysis,"Li, Ruiyu; Yang, Taiming; Dong, Zi; Gao, Yin; Li, Nan; Song, Ting; Sun, Jinshu; Chen, Ying",2025,,BMC Gastroenterology,included,Visão computacional/DL aplicada a endoscopia digestiva alta.,Scopus/S2; Scopus/S3,sim
Scopus,S2,Scopus S2 — Lesões e alterações gástricas por IA,Pan2022,Metabolomics study identified bile acids as potential biomarkers for gastric cancer: A case control study,"Pan, Chen; Deng, Dawei; Wei, Tianfu; Wu, Zeming; Zhang, Biao; Yuan, Qihang; Liang, Guogang; Liu, Yanfeng; Yin, Peiyuan",2022,,Frontiers in Endocrinology,included,Visão computacional/DL aplicada a endoscopia digestiva alta.,Scopus/S2,sim
Scopus,S2,Scopus S2 — Lesões e alterações gástricas por IA,Rao2020299,Predictors of mortality and endoscopic intervention in patients with upper gastrointestinal bleeding in the intensive care unit,"Rao, Vijaya L.; Gupta, Nina; Swei, Eric; Wagner, Thomas; Aronsohn, Andrew; Reddy, K. Gautham; Sengupta, Neil",2020,,Gastroenterology Report,excluded,"[manual_v1] Preditores clínicos de mortalidade em sangramento GI alto (UTI) — estudo clínico-estatístico, sem componente de visão computacional.",Scopus/S2,sim
Scopus,S2,Scopus S2 — Lesões e alterações gástricas por IA,Goto2023116,Cooperation between artificial intelligence and endoscopists for diagnosing invasion depth of early gastric cancer,"Goto, Atsushi; Kubota, Naoto; Nishikawa, Jun; Ogawa, Ryo; Hamabe, Koichi; Hashimoto, Shinichi; Ogihara, Hiroyuki; Hamamoto, Yoshihiko; Yanai, Hideo; Miura, Osamu; Takami, Taro",2023,,Gastric Cancer,included,Visão computacional/DL aplicada a endoscopia digestiva alta.,Scopus/S2,sim
Scopus,S2,Scopus S2 — Lesões e alterações gástricas por IA,Inoue2020e00154,Application of Convolutional Neural Networks for Detection of Superficial Nonampullary Duodenal Epithelial Tumors in Esophagogastroduodenoscopic Images,"Inoue, Shuntaro; Shichijo, Satoki; Aoyama, Kazuharu; Kono, Mitsuhiro; Fukuda, Hiromu; Shimamoto, Yusaku; Nakagawa, Kentaro; Ohmori, Masayasu; Iwagami, Hiroyoshi; Matsuno, Kenshi; Iwatsubo, Taro; Nakahira, Hiroko; Matsuura, Noriko; Maekawa, Akira; Kanesaka, Takashi; Yamamoto, Sachiko; Takeuchi, Yoji; Higashino, Koji; Uedo, Noriya; Ishihara, Ryu; Tada, Tomohiro",2020,,Clinical and translational gastroenterology,included,Visão computacional/DL aplicada a endoscopia digestiva alta (contexto: dataset/benchmark).,Scopus/S2,sim
Scopus,S2,Scopus S2 — Lesões e alterações gástricas por IA,Zhao2024503,Linked Color Imaging with Artificial Intelligence Improves the Detection of Early Gastric Cancer,"Zhao, Youshen; Dohi, Osamu; Ishida, Tsugitaka; Yoshida, Naohisa; Ochiai, Tomoko; Mukai, Hiroki; Seya, Mayuko; Yamauchi, Katsuma; Miyazaki, Hajime; Fukui, Hayato; Yasuda, Takeshi; Iwai, Naoto; Inoue, Ken; Itoh, Yoshito; Liu, Xinkai; Zhang, Ruiyao; Zhu, Xin",2024,,Digestive Diseases,included,Visão computacional/DL aplicada a endoscopia digestiva alta.,Scopus/S2,sim
Scopus,S2,Scopus S2 — Lesões e alterações gástricas por IA,Leung2024343,Artificial intelligence-assisted assessment for Forrest classification of peptic ulcer bleeding: Hype or reality?,"Leung, Wai K.",2024,,Endoscopy,included,"Título/keywords indicam DL/CV em endoscopia digestiva alta ou achado GI, mesmo sem abstract.",Scopus/S2,não
Scopus,S2,Scopus S2 — Lesões e alterações gástricas por IA,Fedorov202518,Endoscopic Features of Eosinophilic Esophagitis: From Its Origins to Current Practice and Innovations. Literature Review and Personal Experience; [Эндоскопическая семиотика эозинофильного эзофагита: от истоков к современности. Обзор литературы и собственный опыт],"Fedorov, Evgeny D.; Kaibysheva, Valeria O.; Gorbachev, Evgeny V.; Mokritskiy, Andrey I.; Mikhaleva, Liudmila M.; Maslyonkina, Ksenia S.; Shapovalianc, Sergey G.",2025,,"Russian Journal of Gastroenterology, Hepatology, Coloproctology",included,Visão computacional/DL aplicada a endoscopia digestiva alta.,Scopus/S2,sim
Scopus,S2,Scopus S2 — Lesões e alterações gástricas por IA,Du2023,Early gastric cancer segmentation in gastroscopic images using a co-spatial attention and channel attention based triple-branch ResUnet,"Du, Wenju; Rao, Nini; Yong, Jiahao; Adjei, Prince Ebenezer; Hu, Xiaoming; Wang, Xiaotong; Gan, Tao; Zhu, Linlin; Zeng, Bing; Liu, Mengyuan; Xu, Yongxue",2023,,Computer Methods and Programs in Biomedicine,included,Visão computacional/DL aplicada a endoscopia digestiva alta (contexto: dataset/benchmark).,Scopus/S2,sim
Scopus,S2,Scopus S2 — Lesões e alterações gástricas por IA,Yanqi2020413,Precancerous Diseases Classification Based on Fusion of Shallow and Deep Features,"Yanqi, Pan; Rui, Chen; Xu, Zhang; Xinsen, Zhang; Jiquana, Liu; Weiling, Hu; Huilong, Duan; Jianmin, Si",2020,,Chinese Journal of Biomedical Engineering,included,Visão computacional/DL aplicada a endoscopia digestiva alta.,Scopus/S2; Scopus/S3,sim
Scopus,S2,Scopus S2 — Lesões e alterações gástricas por IA,Dohi2020191,Can image-enhanced endoscopy improve the diagnosis of Kyoto classification of gastritis in the clinical setting?,"Dohi, Osamu; Majima, Atsushi; Naito, Yuji; Yoshida, Takuma; Ishida, Tsugitaka; Azuma, Yuka; Kitae, Hiroaki; Matsumura, Shinya; Mizuno, Naoki; Yoshida, Naohisa; Kamada, Kazuhiro; Itoh, Yoshito",2020,,Digestive Endoscopy,included,Visão computacional/DL aplicada a endoscopia digestiva alta.,Scopus/S2,sim
Scopus,S2,Scopus S2 — Lesões e alterações gástricas por IA,Lei2025,Virtual NBI image synthesis using stable diffusion for enhanced recognition of early gastric cancer: a technical validation study,"Lei, Changda; Kan, Xiuji; Ouyang, Yifan; Mei, Yutong; Guo, Yunbo; Hong, Kaicheng; Li, Junbo; Wang, Bilin; Li, Rui",2025,,Annals of Medicine,included,Visão computacional/DL aplicada a endoscopia digestiva alta.,Scopus/S2,sim
Scopus,S2,Scopus S2 — Lesões e alterações gástricas por IA,Chen2024,Machine learning models to predict submucosal invasion in early gastric cancer based on endoscopy features and standardized color metrics,"Chen, Keyan; Wang, Ye; Lang, Yanfei; Yang, Linjian; Guo, Zhijun; Wu, Wei; Zhang, Jing; Ding, Shigang",2024,,Scientific Reports,included,Visão computacional/DL aplicada a endoscopia digestiva alta.,Scopus/S2,sim
Scopus,S2,Scopus S2 — Lesões e alterações gástricas por IA,Klang2021155,Differentiation between malignant and benign endoscopic images of gastric ulcers using deep learning,"Klang, Eyal; Barash, Yiftach; Levartovsky, Asaf; Lederer, Noam Barkin; Lahat, Adi",2021,,Clinical and Experimental Gastroenterology,included,Visão computacional/DL aplicada a endoscopia digestiva alta (contexto: dataset/benchmark).,Scopus/S2,sim
Scopus,S2,Scopus S2 — Lesões e alterações gástricas por IA,Halvorsen202381,Artificial intelligence and upper gastrointestinal endoscopy: what is the optimal study design?,"Halvorsen, Natalie; Mori, Yuichi",2023,,Minerva Surgery,included,Visão computacional/DL aplicada a endoscopia digestiva alta.,Scopus/S2,sim
Scopus,S2,Scopus S2 — Lesões e alterações gástricas por IA,Si2024,Identification of chronic non-atrophic gastritis and intestinal metaplasia stages in the Correa's cascade through machine learning analyses of SERS spectral signature of non-invasively-collected human gastric fluid samples,"Si, Yu-Ting; Xiong, Xue-Song; Wang, Jin-Ting; Yuan, Quan; Li, Yu-Ting; Tang, Jia-Wei; Li, Yong-Nian; Zhang, Xin-Yu; Li, Zheng-Kang; Lai, Jin-Xin; Umar, Zeeshan; Yang, Wei-Xuan; Li, Fen; Wang, Liang; Gu, Bing",2024,,Biosensors and Bioelectronics,included,Visão computacional/DL aplicada a endoscopia digestiva alta.,Scopus/S2,sim
Scopus,S2,Scopus S2 — Lesões e alterações gástricas por IA,Wu20251118,Clinical decision tree for optimizing endoscopic assessment of signet ring cell carcinoma in hereditary diffuse gastric cancer surveillance,"Wu, Lianlian; Honing, Judith; Wu, Anjui; Kupfer, Sonia S.; Bisseling, Tanya M.; Van Dieren, Jolanda M.; Tan, W. Keith; Lee, Colin Y. C.; Hadjinicolaou, Andreas V.; Huang, Yuan; Negro, Juan De La Revilla; Sharip, Mohmmed Tauseef; Elias, Joshua; Lim, Hui Jun; Karthik, Nandini; Markert, Greta; Prew, William; O'Donovan, Maria; Tischkowitz, Marc; Sujendran, Vijayendran; O'Neill, J. Robert; Markowetz, Florian; Fitzgerald, Rebecca C.; Di Pietro, Massimiliano",2025,,Endoscopy,included,Visão computacional/DL aplicada a endoscopia digestiva alta.,Scopus/S2,sim
Scopus,S2,Scopus S2 — Lesões e alterações gástricas por IA,Huang2025,Classification of pediatric video capsule endoscopy images for small bowel abnormalities using deep learning models,"Huang, Yi-Hsuan; Lin, Qian; Jin, Xin-Yan; Chou, Chih-Yi; Wei, Jia-Jie; Xing, Jiao; Guo, Hong-Mei; Liu, Zhi-Feng; Lu, Yan",2025,,World Journal of Gastroenterology,included,Visão computacional/DL aplicada a endoscopia digestiva alta (contexto: dataset/benchmark).,Scopus/S2,sim
Scopus,S2,Scopus S2 — Lesões e alterações gástricas por IA,Guimar_es20204,Deep-learning based detection of gastric precancerous conditions,"Guimarães, Pedro; Keller, Andreas; Fehlmann, Tobias; Lammert, Frank; Casper, Markus",2020,,Gut,included,"Título/keywords indicam DL/CV em endoscopia digestiva alta ou achado GI, mesmo sem abstract.",Scopus/S2,não
Scopus,S2,Scopus S2 — Lesões e alterações gástricas por IA,Zhang2021789,Diagnosis of routine endoscopic images of gastric lesions through a deep convolutional neural network; [深度卷积神经网络对胃病变普通内镜图像诊断的研究],"Zhang, Liming; Zhang, Yang; Wang, Li; Wang, Jiangyuan; Liu, Yulan",2021,,Chinese Journal of Digestive Endoscopy,included,Visão computacional/DL aplicada a endoscopia digestiva alta (contexto: dataset/benchmark).,Scopus/S2,sim
Scopus,S2,Scopus S2 — Lesões e alterações gástricas por IA,Abrantes2015652,Identifying technology interaction opportunities within a gastroenterology exam room,"Abrantes, Diogo; Pimentel-Nunes, Pedro; Dinis-Ribeiro, Mário; Coimbra, Miguel",2015,,Studies in Health Technology and Informatics,included,Visão computacional/DL aplicada a endoscopia digestiva alta.,Scopus/S2,sim
Scopus,S2,Scopus S2 — Lesões e alterações gástricas por IA,Niu20241565,A deep learning model based on magnifying endoscopy with narrow-band imaging to evaluate intestinal metaplasia grading and OLGIM staging: A multicenter study,"Niu, Wenlu; Liu, Leheng; Dong, Zhixia; Bu, Xiongzhu; Yao, Fanghao; Wang, Jing; Wu, Xiaowan; Chen, Congying; Mao, Tiancheng; Wu, Yulun; Yuan, Lin; Wan, Xinjian; Zhou, Hui",2024,,Digestive and Liver Disease,included,Visão computacional/DL aplicada a endoscopia digestiva alta.,Scopus/S2,sim
Scopus,S2,Scopus S2 — Lesões e alterações gástricas por IA,Zhao2022,Deep learning as a novel method for endoscopic diagnosis of chronic atrophic gastritis: a prospective nested case–control study,"Zhao, Quchuan; Jia, Qing; Chi, Tianyu",2022,,BMC Gastroenterology,included,Visão computacional/DL aplicada a endoscopia digestiva alta.,Scopus/S2,sim
Scopus,S2,Scopus S2 — Lesões e alterações gástricas por IA,Tan2025e00839,"Artificial Intelligence as a Surrogate for Inspection Time to Assess Completeness in Esophagogastroduodenoscopy: A Prospective, Randomized, Noninferiority Study","Tan, Xia; Yao, Liwen; Dong, Zehua; Li, Yanxia; Yu, Yuanjie; Gao, Xin; Zhu, Kai; Su, Wenhao; Yin, Haisen; Wang, Wen; Luo, Chaijie; Li, Jialing; You, Hang; Hu, Huiyan; Zhou, Wei; Yu, Honggang",2025,,Clinical and Translational Gastroenterology,included,Visão computacional/DL aplicada a endoscopia digestiva alta.,Scopus/S2,sim
Scopus,S2,Scopus S2 — Lesões e alterações gástricas por IA,Wolff2024,Incidence and predictors of thermal oesophageal and vagus nerve injuries in Ablation Index-guided high-power-short-duration ablation of atrial fibrillation: a prospective study,"Wolff, Charlotte; Langenhan, Katharina; Wolff, Marc; Efimova, Elena; Zachäus, Markus; Darma, Angeliki; Dinov, Borislav; Seewöster, Timm; Nedios, Sotirios; Bertagnolli, Livio; Wolff, Jan; Paetsch, Ingo; Jahnke, Cosima; Bollmann, Andreas; Hindricks, Gerhard; Bode, Kerstin; Halm, Ulrich; Arya, Arash",2024,,Europace,included,Visão computacional/DL aplicada a endoscopia digestiva alta.,Scopus/S2,sim
Scopus,S2,Scopus S2 — Lesões e alterações gástricas por IA,Xie2024878.e1,A new artificial intelligence system for both stomach and small-bowel capsule endoscopy,"Xie, Xia; Xiao, Yu-Feng; Yang, Huan; Peng, Xue; Li, Jian-Jun; Zhou, Yuan-Yuan; Fan, Chao-Qiang; Meng, Rui-Ping; Huang, Bao-Bao; Liao, Xi-Ping; Chen, Yu-Yang; Zhong, Ting-Ting; Lin, Hui; Koulaouzidis, Anastasios; Yang, Shi-Ming",2024,,Gastrointestinal Endoscopy,included,Visão computacional/DL aplicada a endoscopia digestiva alta.,Scopus/S2,sim
Scopus,S2,Scopus S2 — Lesões e alterações gástricas por IA,Ding2021143,SCNET: A Novel UGI Cancer Screening Framework Based on Semantic-Level Multimodal Data Fusion,"Ding, Shuai; Huang, Hui; Li, Zhenmin; Liu, Xiao; Yang, Shanlin",2021,,IEEE Journal of Biomedical and Health Informatics,included,Visão computacional/DL aplicada a endoscopia digestiva alta.,Scopus/S2,sim
Scopus,S2,Scopus S2 — Lesões e alterações gástricas por IA,Xie2022599,Diagnostic accuracy of convolutional neural network–based endoscopic image analysis in diagnosing gastric cancer and predicting its invasion depth: a systematic review and meta-analysis,"Xie, Fang; Zhang, Keqiang; Li, Feng; Ma, Guorong; Ni, Yuanyuan; Zhang, Wei; Wang, Junchao; Li, Yuewei",2022,,Gastrointestinal Endoscopy,included,Visão computacional/DL aplicada a endoscopia digestiva alta.,Scopus/S2,sim
Scopus,S2,Scopus S2 — Lesões e alterações gástricas por IA,Ogawa2019386,Objective Assessment of the Utility of Chromoendoscopy with a Support Vector Machine,"Ogawa, Ryo; Nishikawa, Jun; Hideura, Eizaburo; Goto, Atsushi; Koto, Yurika; Ito, Shunsuke; Unno, Madoka; Yamaoka, Yuko; Kawasato, Ryo; Hashimoto, Shinichi; Okamoto, Takeshi; Ogihara, Hiroyuki; Hamamoto, Yoshihiko; Sakaida, Isao",2019,,Journal of Gastrointestinal Cancer,included,Visão computacional/DL aplicada a endoscopia digestiva alta.,Scopus/S2,sim
Scopus,S2,Scopus S2 — Lesões e alterações gástricas por IA,Yang20211075,Real-time artificial intelligence for endoscopic diagnosis of early esophageal squamous cell cancer (with video),"Yang, Xiao-Xiao; Li, Zhen; Shao, Xue-Jun; Ji, Rui; Qu, Jun-Yan; Zheng, Meng-Qi; Sun, Yi-Ning; Zhou, Ru-Chen; You, Hang; Li, Li-Xiang; Feng, Jian; Yang, Xiao-Yun; Li, Yan-Qing; Zuo, Xiu-Li",2021,,Digestive Endoscopy,included,Visão computacional/DL aplicada a endoscopia digestiva alta.,Scopus/S2,sim
Scopus,S2,Scopus S2 — Lesões e alterações gástricas por IA,Alharami2025S1368,S6419 Gastric Schwannoma Versus Gastrointestinal Stromal Tumor: A Case Report and the Future of Artificial Intelligence in Differentiating Subepithelial Gastric Lesions,"Alharami, Mohamed; Alwan, Omar; Zahrawi, Frhaan; Khattab, Omar; Neubert, Zachary",2025,,American Journal of Gastroenterology,included,"Título/keywords indicam DL/CV em endoscopia digestiva alta ou achado GI, mesmo sem abstract.",Scopus/S2,não
Scopus,S2,Scopus S2 — Lesões e alterações gástricas por IA,Shi2019,Gastroscopic Panoramic View: Application to Automatic Polyps Detection under Gastroscopy,"Shi, Chenfei; Xue, Yan; Jiang, Chuan; Tian, Hui; Liu, Bei",2019,,Computational and Mathematical Methods in Medicine,included,Visão computacional/DL aplicada a endoscopia digestiva alta.,Scopus/S2; Scopus/S3,sim
Scopus,S2,Scopus S2 — Lesões e alterações gástricas por IA,Huang20231001,Cost‑effectiveness of early gastric cancer screening using an artificial intelligence gastroscopy‑assisted system; [人工智能胃镜检查辅助系统用于早期胃癌筛查的成本和效益分析],"Huang, Li; Wu, Lianlian; Zhu, Yijie; Yu, Honggang",2023,,Chinese Journal of Digestive Endoscopy,included,Visão computacional/DL aplicada a endoscopia digestiva alta.,Scopus/S2,sim
Scopus,S2,Scopus S2 — Lesões e alterações gástricas por IA,Alkhattabi202669,Endoscopic Screening of Barrett’s Esophagus,"Alkhattabi, Abdullah; Trindade, Arvind J.; Iyer, Prasad G.",2026,,Gastrointestinal Endoscopy Clinics of North America,included,"Título/keywords indicam DL/CV em endoscopia digestiva alta ou achado GI, mesmo sem abstract.",Scopus/S2,não
Scopus,S2,Scopus S2 — Lesões e alterações gástricas por IA,Trieu2026107,Surveillance of Barrett’s Esophagus,"Trieu, Richard; Hur, Chin; Sharma, Prateek",2026,,Gastrointestinal Endoscopy Clinics of North America,included,"Título/keywords indicam DL/CV em endoscopia digestiva alta ou achado GI, mesmo sem abstract.",Scopus/S2,não
Scopus,S2,Scopus S2 — Lesões e alterações gástricas por IA,Yuan202434,"Effect of an artificial intelligence-assisted system on endoscopic diagnosis of superficial oesophageal squamous cell carcinoma and precancerous lesions: a multicentre, tandem, double-blind, randomised controlled trial","Yuan, Xiang-Lei; Liu, Wei; Lin, Yi-Xiu; Deng, Qian-Yi; Gao, Yuan-Ping; Wan, Ling; Zhang, Bin; Zhang, Tao; Zhang, Wan-Hong; Bi, Xiao-Gang; Yang, Guo-Dong; Zhu, Bi-Hui; Zhang, Fan; Qin, Xiao-Bo; Pan, Feng; Zeng, Xian-Hui; Chaudhry, Hunza; Pang, Mao-Yin; Yang, Juliana; Zhang, Jing-Yu; Hu, Bing",2024,,The Lancet Gastroenterology and Hepatology,included,Visão computacional/DL aplicada a endoscopia digestiva alta.,Scopus/S2,sim
Scopus,S2,Scopus S2 — Lesões e alterações gástricas por IA,Wu2021700,"Effect of a deep learning-based system on the miss rate of gastric neoplasms during upper gastrointestinal endoscopy: a single-centre, tandem, randomised controlled trial","Wu, Lianlian; Shang, Renduo; Sharma, Prateek; Zhou, Wei; Liu, Jun; Yao, Liwen; Dong, Zehua; Yuan, Jingping; Zeng, Zhi; Yu, Yuanjie; He, Chunping; Xiong, Qiutang; Li, Yanxia; Deng, Yunchao; Cao, Zhuo; Huang, Chao; Zhou, Rui; Li, Hongyan; Hu, Guiying; Chen, Yiyun; Wang, Yonggui; He, Xinqi; Zhu, Yijie; Yu, Honggang",2021,,The Lancet Gastroenterology and Hepatology,included,Visão computacional/DL aplicada a endoscopia digestiva alta.,Scopus/S2; Web of Science/S2,sim
Scopus,S2,Scopus S2 — Lesões e alterações gástricas por IA,Ferrari20241,Enhancing the Quality of Upper Gastrointestinal Endoscopy: Current Indicators and Future Trends,"Ferrari, Caesar; Tadros, Micheal",2024,,Gastroenterology Insights,included,Visão computacional/DL aplicada a endoscopia digestiva alta (contexto: dataset/benchmark).,Scopus/S2,sim
Scopus,S2,Scopus S2 — Lesões e alterações gástricas por IA,Tamashiro20201057,Artificial intelligence-based detection of pharyngeal cancer using convolutional neural networks,"Tamashiro, Atsuko; Yoshio, Toshiyuki; Ishiyama, Akiyoshi; Tsuchida, Tomohiro; Hijikata, Kazunori; Yoshimizu, Shoichi; Horiuchi, Yusuke; Hirasawa, Toshiaki; Seto, Akira; Sasaki, Toru; Fujisaki, Junko; Tada, Tomohiro",2020,,Digestive Endoscopy,included,Visão computacional/DL aplicada a endoscopia digestiva alta.,Scopus/S2,sim
Scopus,S2,Scopus S2 — Lesões e alterações gástricas por IA,Arai2022864,Machine learning–based personalized prediction of gastric cancer incidence using the endoscopic and histologic findings at the initial endoscopy,"Arai, Junya; Aoki, Tomonori; Sato, Masaya; Niikura, Ryota; Suzuki, Nobumi; Ishibashi, Rei; Tsuji, Yosuke; Yamada, Atsuo; Hirata, Yoshihiro; Ushiku, Tetsuo; Hayakawa, Yoku; Fujishiro, Mitsuhiro",2022,,Gastrointestinal Endoscopy,included,Visão computacional/DL aplicada a endoscopia digestiva alta.,Scopus/S2,sim
Scopus,S2,Scopus S2 — Lesões e alterações gástricas por IA,Young20215126,Endoscopic diagnosis and treatment of gastric dysplasia and early cancer: Current evidence and what the future may hold,"Young, Edward; Philpott, Hamish; Singh, Rajvinder",2021,,World Journal of Gastroenterology,included,Visão computacional/DL aplicada a endoscopia digestiva alta.,Scopus/S2,sim
Scopus,S2,Scopus S2 — Lesões e alterações gástricas por IA,Tang2020,Development and validation of a real-time artificial intelligence-assisted system for detecting early gastric cancer: A multicentre retrospective diagnostic study,"Tang, Dehua; Wang, Lei; Ling, Tingsheng; Lv, Ying; Ni, Muhan; Zhan, Qiang; Fu, Yiwei; Zhuang, Duanming; Guo, Huimin; Dou, Xiaotan; Zhang, Wei; Xu, Guifang; Zou, Xiaoping",2020,,EBioMedicine,included,Visão computacional/DL aplicada a endoscopia digestiva alta (contexto: dataset/benchmark).,Scopus/S2,sim
Scopus,S2,Scopus S2 — Lesões e alterações gástricas por IA,Lopes2024,Improving Endoscopy Lesion Classification Using Self-Supervised Deep Learning,"Lopes, Inês; Vakalopoulou, Maria; Ferrante, Enzo; Libânio, Diogo; Dinis-Ribeiro, Mário; Coimbra, Miguel; Renna, Francesco",2024,,"Proceedings of the Annual International Conference of the IEEE Engineering in Medicine and Biology Society, EMBS",included,Visão computacional/DL aplicada a endoscopia digestiva alta (contexto: dataset/benchmark).,Scopus/S2,sim
Scopus,S2,Scopus S2 — Lesões e alterações gástricas por IA,Liu2025,Toward autonomous robotic gastroscopy with a novel interventional keypoint and polyp detection system,"Liu, Yuying; Feng, Guang; He, Qi; Chen, Xin; Li, Jinhua; Wang, Bangmao; Zuo, Siyang",2025,,Computer Methods and Programs in Biomedicine,included,Visão computacional/DL aplicada a endoscopia digestiva alta (contexto: dataset/benchmark).,Scopus/S2; Scopus/S3,sim
Scopus,S2,Scopus S2 — Lesões e alterações gástricas por IA,Wu2022269,Real-time artificial intelligence for detecting focal lesions and diagnosing neoplasms of the stomach by white-light endoscopy (with videos),"Wu, Lianlian; Xu, Ming; Jiang, Xiaoda; He, Xinqi; Zhang, Heng; Ai, Yaowei; Tong, Qiaoyun; Lv, Peihua; Lu, Bin; Guo, Mingwen; Huang, Manling; Ye, Liping; Shen, Lei; Yu, Honggang",2022,,Gastrointestinal Endoscopy,included,Visão computacional/DL aplicada a endoscopia digestiva alta.,Scopus/S2,sim
Scopus,S2,Scopus S2 — Lesões e alterações gástricas por IA,Lee20241088,An artificial intelligence system for comprehensive pathologic outcome prediction in early gastric cancer through endoscopic image analysis (with video),"Lee, Seunghan; Jeon, Jiwoon; Park, Jinbae; Chang, Young Hoon; Shin, Cheol Min; Oh, Mi Jin; Kim, Su Hyun; Kang, Seungkyung; Park, Su Hee; Kim, Sang Gyun; Lee, Hyuk-Joon; Yang, Han-Kwang; Lee, Hey Seung; Cho, Soo-Jeong",2024,,Gastric Cancer,included,Visão computacional/DL aplicada a endoscopia digestiva alta.,Scopus/S2,sim
Scopus,S2,Scopus S2 — Lesões e alterações gástricas por IA,Tian2026,Risk Allocation and Incentive Mechanisms in AI-Assisted Medical Diagnosis: A Cross-Disciplinary Analysis Based on Multi-domain Cases,"Tian, Xinyang; Wang, Ruolin; Tian, Xinyue",2026,,Human-Centric Intelligent Systems,included,Visão computacional/DL aplicada a endoscopia digestiva alta.,Scopus/S2,sim
Scopus,S2,Scopus S2 — Lesões e alterações gástricas por IA,Igarashi2020,Anatomical classification of upper gastrointestinal organs under various image capture conditions using AlexNet,"Igarashi, Shohei; Sasaki, Yoshihiro; Mikami, Tatsuya; Sakuraba, Hirotake; Fukuda, Shinsaku",2020,,Computers in Biology and Medicine,included,Visão computacional/DL aplicada a endoscopia digestiva alta (contexto: dataset/benchmark).,Scopus/S2,sim
Scopus,S2,Scopus S2 — Lesões e alterações gástricas por IA,Zhang2019483,Construction of gastroscopic image recognition model based on transfer learning and its application in gastric cancer diagnosis,"Zhang, Jing; Zhong, L.; Du, Gang; Jiang, Xiang-Wu; Tang, Shao-Hui",2019,,Academic Journal of Second Military Medical University,included,Visão computacional/DL aplicada a endoscopia digestiva alta.,Scopus/S2,sim
Scopus,S2,Scopus S2 — Lesões e alterações gástricas por IA,Yang2024,Evaluating the accuracy of a nutritional screening tool for patients with digestive system tumors: A hierarchical Bayesian latent class meta-analysis,"Yang, Menghao; Xiao, Na; Tang, Le; Zhang, Yang; Wen, Yuexiu; Yang, Xiuqin",2024,,PLoS ONE,included,Visão computacional/DL aplicada a endoscopia digestiva alta (contexto: dataset/benchmark).,Scopus/S2,sim
Scopus,S2,Scopus S2 — Lesões e alterações gástricas por IA,Matsuda20233733,Evaluation of Endoscopic Response Using Deep Neural Network in Esophageal Cancer Patients Who Received Neoadjuvant Chemotherapy,"Matsuda, Satoru; Irino, Tomoyuki; Kawakubo, Hirofumi; Takeuchi, Masashi; Nishimura, Erika; Hisaoka, Kazuhiko; Sano, Junichi; Kobayashi, Ryota; Fukuda, Kazumasa; Nakamura, Rieko; Takeuchi, Hiroya; Kitagawa, Yuko",2023,,Annals of Surgical Oncology,included,Visão computacional/DL aplicada a endoscopia digestiva alta.,Scopus/S2,sim
Scopus,S2,Scopus S2 — Lesões e alterações gástricas por IA,Wang2024e705,"Highly sensitive detection platform-based diagnosis of oesophageal squamous cell carcinoma in China: a multicentre, case–control, diagnostic study","Wang, Yu; Xing, Shan; Xu, Yi-Wei; Xu, Qing-Xia; Ji, Ming-Fang; Peng, Yu-Hui; Wu, Ya-Xian; Wu, Meng; Xue, Ning; Zhang, Biao; Xie, Shang-Hang; Zhu, Rui-Dan; Ou, Xin-Yuan; Huang, Qi; Tian, Bo-Yu; Li, Hui-Lan; Jiang, Yu; Yao, Xiao-Bin; Li, Jian-Pei; Ling, Li; Cao, Su-Mei; Zhong, Qian; Liu, Wan-Li; Zeng, Mu-Sheng",2024,,The Lancet Digital Health,included,Visão computacional/DL aplicada a endoscopia digestiva alta.,Scopus/S2,sim
Scopus,S2,Scopus S2 — Lesões e alterações gástricas por IA,Yang2022,A retrospective analysis based on multiple machine learning models to predict lymph node metastasis in early gastric cancer,"Yang, Tao; Martinez-Useros, Javier; Liu, JingWen; Alarcón, Isaias; Li, Chao; Li, WeiYao; Xiao, Yuanxun; Ji, Xiang; Zhao, YanDong; Wang, Lei; Morales-Conde, Salvador; Yang, Zuli",2022,,Frontiers in Oncology,included,Visão computacional/DL aplicada a endoscopia digestiva alta.,Scopus/S2,sim
Scopus,S2,Scopus S2 — Lesões e alterações gástricas por IA,Spaander2021943,Editorial: machine learning models for gastric cancer risk prediction,"Spaander, Manon C. W.; Kuipers, Ernst J.",2021,,Alimentary Pharmacology and Therapeutics,included,"Título/keywords indicam DL/CV em endoscopia digestiva alta ou achado GI, mesmo sem abstract.",Scopus/S2,não
Scopus,S2,Scopus S2 — Lesões e alterações gástricas por IA,Ferreira2022,Detection and Characterization of Early Gastric Cancer,"Ferreira, Carlos Noronha; Serrazina, Juliana; Marinho, Rui Tato",2022,,Frontiers in Oncology,included,Visão computacional/DL aplicada a endoscopia digestiva alta.,Scopus/S2,sim
Scopus,S2,Scopus S2 — Lesões e alterações gástricas por IA,Park20231399,A Study on Improving the Performance of Gastroscopy Image Classification CADx System with SAM Optimizer; [SAM Optimizer를 통한 위내시경 이미지 분류 CADx의 성능 향상 연구],"Park, Jae-Beom; Kim, Min-Jun; Won, Hyeong-Sik; Cho, Hyun Chin; Cho, Hyun-Chong",2023,,Transactions of the Korean Institute of Electrical Engineers,included,Visão computacional/DL aplicada a endoscopia digestiva alta (contexto: dataset/benchmark).,Scopus/S2,sim
Scopus,S2,Scopus S2 — Lesões e alterações gástricas por IA,Yan20212531,Deep learning for diagnosis of precancerous lesions in upper gastrointestinal endoscopy: A review,"Yan, Tao; Wong, Pak Kin; Qin, Ye-Ying",2021,,World Journal of Gastroenterology,included,Visão computacional/DL aplicada a endoscopia digestiva alta.,Scopus/S2,sim
Scopus,S2,Scopus S2 — Lesões e alterações gástricas por IA,Xu2025314,The value of artificial intelligence‑assisted cytology in the diagnosis of esophageal cancer and precancerous lesions; [人工智能辅助细胞学诊断食管癌及癌前病 变 的价值],"Xu, Min; Liu, Lin; Chang, Zhiheng; Tang, Bofu; Dang, Tong",2025,,Chinese Journal of Digestive Endoscopy,included,Visão computacional/DL aplicada a endoscopia digestiva alta.,Scopus/S2,sim
Scopus,S2,Scopus S2 — Lesões e alterações gástricas por IA,Ham202299361,Improvement of Gastroscopy Classification Performance Through Image Augmentation Using a Gradient-Weighted Class Activation Map,"Ham, Hyun-Sik; Lee, Han-Sung; Chae, Jung-Woo; Cho, Hyun Chin; Cho, Hyun-Chong",2022,,IEEE Access,included,Visão computacional/DL aplicada a endoscopia digestiva alta (contexto: dataset/benchmark).,Scopus/S2,sim
Scopus,S2,Scopus S2 — Lesões e alterações gástricas por IA,Gao20241293,Research progress on endoscopic image diagnosis of gastric tumors based on deep learning,"Gao, Yuan; Wei, Guohui",2024,,Sheng wu yi xue gong cheng xue za zhi = Journal of biomedical engineering = Shengwu yixue gongchengxue zazhi,included,Visão computacional/DL aplicada a endoscopia digestiva alta.,Scopus/S2,sim
Scopus,S2,Scopus S2 — Lesões e alterações gástricas por IA,Niikura2022780,Artificial intelligence versus expert endoscopists for diagnosis of gastric cancer in patients who have undergone upper gastrointestinal endoscopy,"Niikura, Ryota; Aoki, Tomonori; Shichijo, Satoki; Yamada, Atsuo; Kawahara, Takuya; Kato, Yusuke; Hirata, Yoshihiro; Hayakawa, Yoku; Suzuki, Nobumi; Ochi, Masanori; Hirasawa, Toshiaki; Tada, Tomohiro; Kawai, Takashi; Koike, Kazuhiko",2022,,Endoscopy,included,Visão computacional/DL aplicada a endoscopia digestiva alta.,Scopus/S2,sim
Scopus,S2,Scopus S2 — Lesões e alterações gástricas por IA,Zheng2022451,Malignancy Suspicious Region Guided Deep Neural Networks for Gastric Ulcer Classification,"Zheng, Xiaoyan; Zeng, Zeng; Ma, Can; Chang, Qing; Zhao, Ziyuan; Yang, Xulei",2022,,"Proceedings of the Annual International Conference of the IEEE Engineering in Medicine and Biology Society, EMBS",included,Visão computacional/DL aplicada a endoscopia digestiva alta (contexto: dataset/benchmark).,Scopus/S2,sim
Scopus,S2,Scopus S2 — Lesões e alterações gástricas por IA,Almeida20251254,Artificial intelligence for endoscopic grading of gastric intestinal metaplasia: Advancing risk stratification for gastric cancer,"Almeida, Eduarda; Martins, Miguel Lopes; Marques, David; Delas, Rose; Almeida, Tatiana; Chaves, Jéssica; Libânio, Diogo; Renna, Francesco; Coimbra, Miguel Tavares; Dinis-Ribeiro, Mário",2025,,Endoscopy,included,Visão computacional/DL aplicada a endoscopia digestiva alta (contexto: dataset/benchmark).,Scopus/S2,sim
Scopus,S2,Scopus S2 — Lesões e alterações gástricas por IA,Wang20234677,Lightweight deep learning model incorporating an attention mechanism and feature fusion for automatic classification of gastric lesions in gastroscopic images,"Wang, Lingxiao; Yang, Yingyun; Yang, Aiming; Li, Ting",2023,,Biomedical Optics Express,included,Visão computacional/DL aplicada a endoscopia digestiva alta (contexto: dataset/benchmark).,Scopus/S2,sim
Scopus,S2,Scopus S2 — Lesões e alterações gástricas por IA,Laun20251296,Validation of an Epigenetic Prognostic Assay to Accurately Risk-Stratify Patients with Barrett Esophagus,"Laun, Sarah E.; Kann, Lisa; Braun, Jerome; Gilbert, Stacey; Lunz, Daniel; Pierre, Francia; Kalra, Andrew; Ma, Ke; Tsai, Hua-Ling; Wang, Hao; Jit, Simran; Cheng, Yulan; Ahmed, Yousra; Wang, Kenneth K.; Leggett, Cadman L.; Cellini, Ashley; Ioffe, Olga B.; Zaidi, Ali H.; Omstead, Ashten N.; Jobe, Blair; Korman, Louis; Cornish, Drew; Zellenrath, Pauline; Spaander, Manon; Kuipers, Ernst; Perpetua, Lorrie; Greenwald, Bruce D.; Maddala, Tara; Meltzer, Stephen J.",2025,,American Journal of Gastroenterology,included,Visão computacional/DL aplicada a endoscopia digestiva alta.,Scopus/S2,sim
Scopus,S2,Scopus S2 — Lesões e alterações gástricas por IA,Yan2024302,A machine learning stacking model accurately estimating gastric fluid volume in patients undergoing elective sedated gastrointestinal endoscopy,"Yan, Yuqing; Jin, Yuzhan; Guo, Yaoyi; Ma, Mingtao; Feng, Yue; Zhong, Yi; Chen, Chen; Ge, Chun; Zou, Jianjun; Si, Yanna",2024,,Postgraduate Medicine,included,Visão computacional/DL aplicada a endoscopia digestiva alta.,Scopus/S2,sim
Scopus,S2,Scopus S2 — Lesões e alterações gástricas por IA,Teh2020433,Recent advances in diagnostic upper endoscopy,"Teh, Jun-Liang; Shabbir, Asim; Yuen, Soon; So, Jimmy Bok-Yan",2020,,World Journal of Gastroenterology,included,Visão computacional/DL aplicada a endoscopia digestiva alta (contexto: dataset/benchmark).,Scopus/S2,sim
Scopus,S2,Scopus S2 — Lesões e alterações gástricas por IA,2026,"29th Annual Conference on Medical Image Understanding and Analysis, MIUA 2025",,2026,,Lecture Notes in Computer Science,duplicate,"Duplicata de '29th Annual Conference on Medical Image Understanding and Analysis, MIUA 2025…' já presente em Scopus/S1.",Scopus/S2,sim
Scopus,S2,Scopus S2 — Lesões e alterações gástricas por IA,Lui2024144,A novel artificial intelligence–assisted gastric dysplasia detection model to streamline its removal via endoscopic submucosal dissection,"Lui, Thomas K.L.",2024,,Gastrointestinal Endoscopy,included,"Título/keywords indicam DL/CV em endoscopia digestiva alta ou achado GI, mesmo sem abstract.",Scopus/S2,não
Scopus,S2,Scopus S2 — Lesões e alterações gástricas por IA,Xiao2022,A deep learning based framework for the classification of multi- class capsule gastroscope image in gastroenterologic diagnosis,"Xiao, Ping; Pan, Yuhang; Cai, Feiyue; Tu, Haoran; Liu, Junru; Yang, Xuemei; Liang, Huanling; Zou, Xueqing; Yang, Li; Duan, Jueni; Xv, Long; Feng, Lijuan; Liu, Zhenyu; Qian, Yun; Meng, Yu; Du, Jingfeng; Mei, Xi; Lou, Ting; Yin, Xiaoxv; Tan, Zhen",2022,,Frontiers in Physiology,included,Visão computacional/DL aplicada a endoscopia digestiva alta (contexto: dataset/benchmark).,Scopus/S2,sim
Scopus,S2,Scopus S2 — Lesões e alterações gástricas por IA,Duraipandian2012,"Real-time Raman spectroscopy for in vivo, online gastric cancer diagnosis during clinical endoscopic examination","Duraipandian, Shiyamala; Bergholt, Mads Sylvest; Zheng, Wei; Ho, Khek Yu; Teh, Ming; Yeoh, Khay Guan; So, Jimmy Bok Yan; Shabbir, Asim; Huang, Zhiwei",2012,,Journal of Biomedical Optics,included,Visão computacional/DL aplicada a endoscopia digestiva alta (contexto: dataset/benchmark).,Scopus/S2,sim
Scopus,S2,Scopus S2 — Lesões e alterações gástricas por IA,Wang2026,Development and validation of an interpretable machine learning model for non-invasive screening of precancerous gastric lesions using symptom and lifestyle data: a multicentre cohort study,"Wang, Lan; Tang, Kaiqiang; Zhang, Peng; Liu, Jiasheng; Wu, Bowen; Chen, Jun; Li, Yan; Du, Shiyu; Wang, Yan; Li, Shao",2026,,eClinicalMedicine,included,Visão computacional/DL aplicada a endoscopia digestiva alta (contexto: dataset/benchmark).,Scopus/S2,sim
Scopus,S2,Scopus S2 — Lesões e alterações gástricas por IA,Ali201839,Computer assisted gastric abnormalities detection using hybrid texture descriptors for chromoendoscopy images,"Ali, Hussam; Yasmin, Mussarat; Sharif, Muhammad; Rehmani, Mubashir Husain",2018,,Computer Methods and Programs in Biomedicine,included,Visão computacional/DL aplicada a endoscopia digestiva alta.,Scopus/S2,sim
Scopus,S2,Scopus S2 — Lesões e alterações gástricas por IA,Zhu2019806,Application of convolutional neural network in the diagnosis of the invasion depth of gastric cancer based on conventional endoscopy,"Zhu, Yan; Wang, Qiu-Cheng; Xu, Mei-Dong; Zhang, Zhen; Cheng, Jing; Zhong, Yun-Shi; Zhang, Yi-Qun; Chen, Wei-Feng; Yao, Li-Qing; Zhou, Ping-Hong; Li, Quan-Lin",2019,,Gastrointestinal Endoscopy,included,Visão computacional/DL aplicada a endoscopia digestiva alta (contexto: dataset/benchmark).,Scopus/S2,sim
Scopus,S2,Scopus S2 — Lesões e alterações gástricas por IA,Chen2024,In-depth metaproteomics analysis of tongue coating for gastric cancer: a multicenter diagnostic research study,"Chen, Jiahui; Sun, Yingying; Li, Jie; Lyu, Mengge; Yuan, Li; Sun, Jiancheng; Chen, Shangqi; Hu, Can; Wei, Qing; Xu, Zhiyuan; Guo, Tiannan; Cheng, Xiangdong",2024,,Microbiome,included,Visão computacional/DL aplicada a endoscopia digestiva alta.,Scopus/S2,sim
Scopus,S2,Scopus S2 — Lesões e alterações gástricas por IA,Takemoto2023741,Computer-aided demarcation of early gastric cancer: a pilot comparative study with endoscopists,"Takemoto, Satoko; Hori, Keisuke; Yoshimasa, Sakai; Nishimura, Masaomi; Nakajo, Keiichiro; Inaba, Atsushi; Sasabe, Maasa; Aoyama, Naoki; Watanabe, Takashi; Minakata, Nobuhisa; Ikematsu, Hiroaki; Yokota, Hideo; Yano, Tomonori",2023,,Journal of Gastroenterology,included,Visão computacional/DL aplicada a endoscopia digestiva alta (contexto: dataset/benchmark).,Scopus/S2,sim
Scopus,S2,Scopus S2 — Lesões e alterações gástricas por IA,Yoon2025594,"A Lesion-Based Attention Mechanism for Real-Time, Lightweight, and Performance-Enhanced Endoscopic Image Analysis","Yoon, Namkyung; Joo, Hyeontae; Kim, Hwangnam",2025,,"Proceedings - 2025 IEEE Annual Congress on Artificial Intelligence of Things, AIoT 2025",included,Visão computacional/DL aplicada a endoscopia digestiva alta (contexto: dataset/benchmark).,Scopus/S2,sim
Scopus,S2,Scopus S2 — Lesões e alterações gástricas por IA,Li2021,Proteomic profiling identifies signatures associated with progression of precancerous gastric lesions and risk of early gastric cancer,"Li, Xue; Zheng, Nai-Ren; Wang, Lin-Heng; Li, Zhong-Wu; Liu, Zong-Chao; Fan, Hua; Wang, Yi; Dai, Jin; Ni, Xiao-Tian; Wei, Xin; Liu, Ming-Wei; Li, Kai; Li, Zhe-Xuan; Zhou, Tong; Zhang, Yang; Zhang, Jing-Ying; Kadeerhan, Gaohaer; Huang, Sha; Wu, Wen-Hui; Liu, Wei-Dong; Wu, Xiu-Zhen; Zhang, Lan-Fu; Xu, Jian-Ming; Gerhard, Markus; You, Wei-Cheng; Pan, Kai-Feng; Li, Wen-Qing; Qin, Jun",2021,,EBioMedicine,included,Visão computacional/DL aplicada a endoscopia digestiva alta.,Scopus/S2,sim
Scopus,S2,Scopus S2 — Lesões e alterações gástricas por IA,Wang2022597,Gastric cancer diagnostic model based on convolutional neural network,"Wang, Jixian; Gui, Kun; Chen, Bingxian; Ru, Guoqing; Zhao, Di; Chen, Wanyuan; Zhang, Zhiyong",2022,,Medical Journal of Peking Union Medical College Hospital,included,Visão computacional/DL aplicada a endoscopia digestiva alta (contexto: dataset/benchmark).,Scopus/S2,sim
Scopus,S2,Scopus S2 — Lesões e alterações gástricas por IA,Parlar2025503,Future of image enhanced endoscopy of esophageal adenocarcinoma,"Parlar, Kerem; Cakir, Mert; Ozer, Ozlem; Sharma, Prateek",2025,,Clinical Endoscopy,included,DL/CV em endoscopia com achado do trato GI alto.,Scopus/S2,sim
Scopus,S2,Scopus S2 — Lesões e alterações gástricas por IA,Yu20225524,Noninvasive detection and interpretation of gastrointestinal diseases by collaborative serum metabolite and magnetically controlled capsule endoscopy,"Yu, Xiang-Tian; Chen, Ming; Guo, Jingyi; Zhang, Jing; Zeng, Tao",2022,,Computational and Structural Biotechnology Journal,included,Visão computacional/DL aplicada a endoscopia digestiva alta.,Scopus/S2,sim
Scopus,S2,Scopus S2 — Lesões e alterações gástricas por IA,Nopour2025,Development of a prediction model for peptic ulcer disease using the fusion of a feature selection strategy and ensemble algorithms,"Nopour, Raoof",2025,,BMC Gastroenterology,included,Visão computacional/DL aplicada a endoscopia digestiva alta.,Scopus/S2,sim
Scopus,S2,Scopus S2 — Lesões e alterações gástricas por IA,Berman2022,Quantification of TFF3 expression from a non-endoscopic device predicts clinically relevant Barrett's oesophagus by machine learning,"Berman, Adam G.; Tan, W. Keith; O'Donovan, Maria; Markowetz, Florian; Fitzgerald, Rebecca C.",2022,,eBioMedicine,included,Visão computacional/DL aplicada a endoscopia digestiva alta (contexto: dataset/benchmark).,Scopus/S2,sim
Scopus,S2,Scopus S2 — Lesões e alterações gástricas por IA,Wang2019128,Gastric polyps detection by improved faster r-cnn,"Wang, Ruilin; Zhang, Wei; Nie, Wenbo; Yu, Yao",2019,,ACM International Conference Proceeding Series,included,Visão computacional/DL aplicada a endoscopia digestiva alta.,Scopus/S2; Scopus/S3,sim
Scopus,S2,Scopus S2 — Lesões e alterações gástricas por IA,An202425,Machine learning identifies a 5-serum cytokine panel for the early detection of chronic atrophy gastritis patients,"An, Fangmei; Ge, Yan; Ye, Wei; Ji, Lin; Chen, Ke; Wang, Yunfei; Zhang, Xiaoxue; Dong, Shengrong; Shen, Yao; Zhao, Jiamin; Gao, Xiaojuan; Junankar, Simon; Chan, Robin Barry; Christodoulou, Dimitris; Wen, Wen; Lu, Peihua; Zhan, Qiang",2024,,Cancer Biomarkers,included,Visão computacional/DL aplicada a endoscopia digestiva alta.,Scopus/S2,sim
Scopus,S2,Scopus S2 — Lesões e alterações gástricas por IA,Sarvestani2023e288,Endoscopic surveillance in hereditary diffuse gastric cancer – Authors’ reply,"Sarvestani, A Leila; Asif, Bilal; Famiglietti, Amber L; Korman, Louis; Heller, Theo; Davis, Jeremy L",2023,,The Lancet Oncology,included,"Título/keywords indicam DL/CV em endoscopia digestiva alta ou achado GI, mesmo sem abstract.",Scopus/S2,não
Scopus,S2,Scopus S2 — Lesões e alterações gástricas por IA,Wu20211199,Evaluation of the effects of an artificial intelligence system on endoscopy quality and preliminary testing of its performance in detecting early gastric cancer: A randomized controlled trial,"Wu, Lianlian; He, Xinqi; Liu, Mei; Xie, Huaping; An, Ping; Zhang, Jun; Zhang, Heng; Ai, Yaowei; Tong, Qiaoyun; Guo, Mingwen; Huang, Manling; Ge, Cunjin; Yang, Zhi; Yuan, Jingping; Liu, Jun; Zhou, Wei; Jiang, Xiaoda; Huang, Xu; Mu, Ganggang; Wan, Xinyue; Li, Yanxia; Wang, Hongguang; Wang, Yonggui; Zhang, Hongfeng; Chen, Di; Gong, Dexin; Wang, Jing; Huang, Li; Li, Jia; Yao, Liwen; Zhu, Yijie; Yu, Honggang",2021,,Endoscopy,included,Visão computacional/DL aplicada a endoscopia digestiva alta.,Scopus/S2,sim
Scopus,S2,Scopus S2 — Lesões e alterações gástricas por IA,Shiroma2021,Ability of artificial intelligence to detect T1 esophageal squamous cell carcinoma from endoscopic videos and the effects of real-time assistance,"Shiroma, Sho; Yoshio, Toshiyuki; Kato, Yusuke; Horie, Yoshimasa; Namikawa, Ken; Tokai, Yoshitaka; Yoshimizu, Shoichi; Yoshizawa, Natsuko; Horiuchi, Yusuke; Ishiyama, Akiyoshi; Hirasawa, Toshiaki; Tsuchida, Tomohiro; Akazawa, Naoki; Akiyama, Junichi; Tada, Tomohiro; Fujisaki, Junko",2021,,Scientific Reports,included,Visão computacional/DL aplicada a endoscopia digestiva alta.,Scopus/S2,sim
Scopus,S2,Scopus S2 — Lesões e alterações gástricas por IA,Su2023313,Evaluation of deep learning methods for early gastric cancer detection using gastroscopic images,"Su, Xiufeng; Liu, Qingshan; Gao, Xiaozhong; Ma, Liyong",2023,,Technology and health care : official journal of the European Society for Engineering and Medicine,included,Visão computacional/DL aplicada a endoscopia digestiva alta.,Scopus/S2,sim
Scopus,S2,Scopus S2 — Lesões e alterações gástricas por IA,Dinis-Ribeiro2025633,How to improve the quality of upper gastrointestinal diagnostic endoscopy?,"Dinis-Ribeiro, Mário; Areia, Miguel",2025,,Clinical Endoscopy,included,Visão computacional/DL aplicada a endoscopia digestiva alta.,Scopus/S2,sim
Scopus,S2,Scopus S2 — Lesões e alterações gástricas por IA,Kusano20211208,Artificial intelligence for gastric cancer: Can we make further progress?,"Kusano, Chika",2021,,Endoscopy,included,"Título/keywords indicam DL/CV em endoscopia digestiva alta ou achado GI, mesmo sem abstract.",Scopus/S2,não
Scopus,S2,Scopus S2 — Lesões e alterações gástricas por IA,Ye20251441,Diagnostic and therapeutic strategies for advanced gastric cancer; [中晚期胃癌诊治策略],"Ye, Zaiyuan; Zhang, Xiao",2025,,Journal of Chinese Physician,included,Visão computacional/DL aplicada a endoscopia digestiva alta.,Scopus/S2,sim
Scopus,S2,Scopus S2 — Lesões e alterações gástricas por IA,An2020884,A deep learning method for delineating early gastric cancer resection margin under chromoendoscopy and white light endoscopy,"An, Ping; Yang, Dongmei; Wang, Jing; Wu, Lianlian; Zhou, Jie; Zeng, Zhi; Huang, Xu; Xiao, Yong; Hu, Shan; Chen, Yiyun; Yao, Fang; Guo, Mingwen; Wu, Qi; Yang, Yanning; Yu, Honggang",2020,,Gastric Cancer,included,Visão computacional/DL aplicada a endoscopia digestiva alta (contexto: dataset/benchmark).,Scopus/S2,sim
