base,string_id,titulo_interpretativo_string,bibtex_key_original,title,authors,year,doi,venue,status,motivo,origens,tem_abstract
IEEE,S1,IEEE S1 — Principal: IA/DL em endoscopia digestiva alta,8919015,Gastric Section Detection Based on Decision Fusion of Convolutional Neural Networks,"Lin, Ting-Hsuan; Huang, Chun-Rong; Cheng, Hsiu-Chi; Sheu, Bor-Shyang",2019,10.1109/BIOCAS.2019.8919015,2019 IEEE Biomedical Circuits and Systems Conference (BioCAS),included,DL/CV em endoscopia com achado do trato GI alto.,IEEE/S1; IEEE/S2,sim
IEEE,S1,IEEE S1 — Principal: IA/DL em endoscopia digestiva alta,7493282,Narrow band imaging versus white-light: What is best for computer-assisted diagnosis of celiac disease?,"Gadermayr, M.; Hegenbart, S.; Kwitt, R.; Uhl, A.; Vécsei, A.",2016,10.1109/ISBI.2016.7493282,2016 IEEE 13th International Symposium on Biomedical Imaging (ISBI),included,"[manual_v1] NBI vs white-light para CAD de doença celíaca em endoscopia alta — relevante por abordar modalidade de iluminação em endoscopia digestiva, útil para discussão de artefatos/qualidade de imagem.",IEEE/S1,sim
IEEE,S1,IEEE S1 — Principal: IA/DL em endoscopia digestiva alta,9317450,Efficient Transfer Laerning Used in the Classification of Gastroscopic Images with Small Dataset,"Du, Wenju; Nini, Rao; Yingchun, Wang; Hu, Dingcan; Jiahao, Yong",2020,10.1109/ICCWAMTIP51612.2020.9317450,2020 17th International Computer Conference on Wavelet Active Media Technology and Information Processing (ICCWAMTIP),included,Visão computacional/DL aplicada a endoscopia digestiva alta (contexto: dataset/benchmark).,IEEE/S1; Web of Science/S1,sim
IEEE,S1,IEEE S1 — Principal: IA/DL em endoscopia digestiva alta,9895254,Improvement of Gastroscopy Classification Performance Through Image Augmentation Using a Gradient-Weighted Class Activation Map,"Ham, Hyun-Sik; Lee, Han-Sung; Chae, Jung-Woo; Cho, Hyun Chin; Cho, Hyun-Chong",2022,10.1109/ACCESS.2022.3207839,IEEE Access,included,Visão computacional/DL aplicada a endoscopia digestiva alta (contexto: dataset/benchmark).,IEEE/S1; IEEE/S2; IEEE/S3; Web of Science/S1; Web of Science/S2,sim
IEEE,S1,IEEE S1 — Principal: IA/DL em endoscopia digestiva alta,9396379,The Automatic Method of Endoscopic Images Analysis for Differential Diagnosis,"Xin, Yang; Obukhova, Nataliia A.; Titov, Ivan P.",2021,10.1109/ElConRus51938.2021.9396379,2021 IEEE Conference of Russian Young Researchers in Electrical and Electronic Engineering (ElConRus),included,DL/CV em endoscopia com achado do trato GI alto.,IEEE/S1; IEEE/S2; IEEE/S3,sim
IEEE,S1,IEEE S1 — Principal: IA/DL em endoscopia digestiva alta,9107452,Deep Ensemble Feature Network for Gastric Section Classification,"Lin, Ting-Hsuan; Jhang, Jyun-Yao; Huang, Chun-Rong; Tsai, Yu-Ching; Cheng, Hsiu-Chi; Sheu, Bor-Shyang",2021,10.1109/JBHI.2020.2999731,IEEE Journal of Biomedical and Health Informatics,included,DL/CV em endoscopia com achado do trato GI alto.,IEEE/S1; IEEE/S2,sim
IEEE,S1,IEEE S1 — Principal: IA/DL em endoscopia digestiva alta,9066514,Computer-Aided WCE Diagnosis Using Convolutional Neural Network and Label Transfer,"Wang, Qiang; Fan, Huijie; Tang, Yandong",2019,10.1109/CYBER46603.2019.9066514,"2019 IEEE 9th Annual International Conference on CYBER Technology in Automation, Control, and Intelligent Systems (CYBER)",included,Visão computacional/DL aplicada a endoscopia digestiva alta (contexto: dataset/benchmark).,IEEE/S1; IEEE/S2,sim
IEEE,S1,IEEE S1 — Principal: IA/DL em endoscopia digestiva alta,9871776,Malignancy Suspicious Region Guided Deep Neural Networks for Gastric Ulcer Classification,"Zheng, Xiaoyan; Zeng, Zeng; Ma, Can; Chang, Qing; Zhao, Ziyuan; Yang, Xulei",2022,10.1109/EMBC48229.2022.9871776,2022 44th Annual International Conference of the IEEE Engineering in Medicine & Biology Society (EMBC),included,Visão computacional/DL aplicada a endoscopia digestiva alta (contexto: dataset/benchmark).,IEEE/S1; IEEE/S2; IEEE/S3; PubMed/S3; Web of Science/S1; Web of Science/S2,sim
IEEE,S1,IEEE S1 — Principal: IA/DL em endoscopia digestiva alta,9852098,CNN quantization for anatomical landmarks classification from upper gastrointestinal endoscopic images on Edge Devices,"Le, Minh Quan; Nguyen, Quang Tung; Dao, Viet Hang; Tran, Thanh-Hai",2022,10.1109/ICCE55644.2022.9852098,2022 IEEE Ninth International Conference on Communications and Electronics (ICCE),included,Visão computacional/DL aplicada a endoscopia digestiva alta (contexto: dataset/benchmark).,IEEE/S1; IEEE/S2,sim
IEEE,S1,IEEE S1 — Principal: IA/DL em endoscopia digestiva alta,9871040,Analysis of classification tradeoff in deep learning for gastric cancer detection,"Lima, Gabriel; Coimbra, Miguel; Dinis-Ribeiro, Mário; Libânio, Diogo; Renna, Francesco",2022,10.1109/EMBC48229.2022.9871040,2022 44th Annual International Conference of the IEEE Engineering in Medicine & Biology Society (EMBC),included,DL/CV em endoscopia com achado do trato GI alto.,IEEE/S1; IEEE/S2; IEEE/S3,sim
IEEE,S1,IEEE S1 — Principal: IA/DL em endoscopia digestiva alta,10328381,COmparative Study of Feature Localization Methods for Endoscopy Image Matching,"Urdapilleta, Ana; Agudo, Antonio",2023,10.1109/ICIPC59416.2023.10328381,2023 IEEE International Conference on Image Processing Challenges and Workshops (ICIPCW),included,Visão computacional/DL aplicada a endoscopia digestiva alta (contexto: dataset/benchmark).,IEEE/S1,sim
IEEE,S1,IEEE S1 — Principal: IA/DL em endoscopia digestiva alta,11199511,A Radiomics-Based Approach to Gastric Imaging Biomarker Extraction in Upper GI Endoscopy,"Teixeira, Nuno; Almeida, Eduarda; Dinis-Ribeiro, Mario; Coimbra, Miguel",2025,10.1109/ENBENG67130.2025.11199511,2025 IEEE 8th Portuguese Meeting on Bioengineering (ENBENG),included,Visão computacional/DL aplicada a endoscopia digestiva alta (contexto: dataset/benchmark).,IEEE/S1; IEEE/S2,sim
IEEE,S1,IEEE S1 — Principal: IA/DL em endoscopia digestiva alta,10472340,MLMSA: Multi-Level and Multi-Scale Attention for Lesion Detection in Endoscopy,"Zhang, Zhang; Wang, Xizhe; Chen, Shuijiao; Liu, Xiaowei; Chen, Qilei; Zhang, Yizhe; Cao, Yu; Liu, Benyuan",2023,10.1109/Healthcom56612.2023.10472340,"2023 IEEE International Conference on E-health Networking, Application & Services (Healthcom)",included,[manual_v1] MLMSA — atenção multi-escala para detecção de lesões em endoscopia; contribuição metodológica (mecanismo de atenção multi-nível) aplicável ao pipeline de classificação multilabel.,IEEE/S1,sim
IEEE,S1,IEEE S1 — Principal: IA/DL em endoscopia digestiva alta,9095753,Image Classification to Diagnose Chronic Atrophic Gastritis Based on Squeeze-and-Excitation Block,"Gong, Jiamin; Ma, Doudou; Zhang, Yaqiong; Jiang, Jiewei; Pei, Mengjie",2020,10.1109/ICCCBDA49378.2020.9095753,2020 IEEE 5th International Conference on Cloud Computing and Big Data Analytics (ICCCBDA),included,Visão computacional/DL aplicada a endoscopia digestiva alta (contexto: dataset/benchmark).,IEEE/S1; IEEE/S2,sim
IEEE,S1,IEEE S1 — Principal: IA/DL em endoscopia digestiva alta,9823457,A Novel Implementation of Esophagus Diagnosis Using Deep Learning,"Janaki, R.; Lakshmi, D.",2022,10.1109/ICACITE53722.2022.9823457,2022 2nd International Conference on Advance Computing and Innovative Technologies in Engineering (ICACITE),included,DL/CV em endoscopia com achado do trato GI alto.,IEEE/S1,sim
IEEE,S1,IEEE S1 — Principal: IA/DL em endoscopia digestiva alta,9842519,Application of Improved Mask R-CNN Algorithm Based on Gastroscopic Image in Detection of Early Gastric Cancer,"Cui, Zhi-Heng; Zhang, Qin-Yan; Zhang, Jing-Wei; Sun, Xue; Wang, Qing; Lei, Yi; Zang, Lin; Zhao, Li; Yang, Ji-Jiang",2022,10.1109/COMPSAC54236.2022.00221,"2022 IEEE 46th Annual Computers, Software, and Applications Conference (COMPSAC)",included,Visão computacional/DL aplicada a endoscopia digestiva alta (contexto: dataset/benchmark).,IEEE/S1; IEEE/S2; IEEE/S3; Web of Science/S1,sim
IEEE,S1,IEEE S1 — Principal: IA/DL em endoscopia digestiva alta,5212217,Abnormal region detection in gastroscopic images by combining classifiers on neighboring patches,"Su Zhang; Wei Yang; Yi-Lun Wu; Rui Yao; Cheng, Shi-Dan",2009,10.1109/ICMLC.2009.5212217,2009 International Conference on Machine Learning and Cybernetics,included,Visão computacional/DL aplicada a endoscopia digestiva alta (contexto: dataset/benchmark).,IEEE/S1,sim
IEEE,S1,IEEE S1 — Principal: IA/DL em endoscopia digestiva alta,7511600,WiLD: Widening view angle for lesion detection with gastroscopic images,"Sohn, Soo Yeon; Lee, Dongkyu R.; Lee, Suk Kyu; Kim, Hwangnam; Suh, Yun Suhk; Kong, Seong Ho; Lee, Hyuk Joon; Yang, Han Kwang",2016,10.1109/ICC.2016.7511600,2016 IEEE International Conference on Communications (ICC),included,Visão computacional/DL aplicada a endoscopia digestiva alta.,IEEE/S1; Web of Science/S1,sim
IEEE,S1,IEEE S1 — Principal: IA/DL em endoscopia digestiva alta,7351368,Computer aided endoscope diagnosis via weakly labeled data mining,"Wang, Shuai; Cong, Yang; Fan, Huijie; Yang, Yunsheng; Tang, Yandong; Zhao, Huaici",2015,10.1109/ICIP.2015.7351368,2015 IEEE International Conference on Image Processing (ICIP),included,Visão computacional/DL aplicada a endoscopia digestiva alta (contexto: dataset/benchmark).,IEEE/S1,sim
IEEE,S1,IEEE S1 — Principal: IA/DL em endoscopia digestiva alta,9098607,Supervised Augmentation: Leverage Strong Annotation for Limited Data,"Zheng, Han; Shang, Hong; Sun, Zhongqian; Fu, Xinghui; Yao, Jianhua; Huang, Junzhou",2020,10.1109/ISBI45749.2020.9098607,2020 IEEE 17th International Symposium on Biomedical Imaging (ISBI),included,Visão computacional/DL aplicada a endoscopia digestiva alta.,IEEE/S1; Web of Science/S1,sim
IEEE,S1,IEEE S1 — Principal: IA/DL em endoscopia digestiva alta,11134015,OSNet-DCN: Integrating Deformable Feature Learning for Tracking Lesion in Endoscopic Videos,"Cao, Thanh-Tung; Nguyen, Thi-Thu-Huong; Manh, Xuan-Huy; Kieu, Anh-Hao; Nguyen, Thanh-Tung; Dao, Viet-Hang; Vu, Hai",2025,10.1109/MAPR67746.2025.11134015,2025 International Conference on Multimedia Analysis and Pattern Recognition (MAPR),included,Visão computacional/DL aplicada a endoscopia digestiva alta.,IEEE/S1; IEEE/S2; IEEE/S3,sim
IEEE,S1,IEEE S1 — Principal: IA/DL em endoscopia digestiva alta,11200389,Automatic Segmentation of Metaplasia in an Endoscopic Decision Support System,"Obukhova, N.; Motyko, A.; Savelev, A.; Saveleva, O.; Samarin, A.; Sigaeva, J.",2025,10.1109/ICIVC66358.2025.11200389,"2025 10th International Conference on Image, Vision and Computing (ICIVC)",included,[manual_v1] Segmentação automática de metaplasia em sistema de suporte à decisão endoscópica — metaplasia intestinal é achado gástrico relevante; útil para fundamentação clínica e comparação.,IEEE/S1; IEEE/S2,sim
IEEE,S1,IEEE S1 — Principal: IA/DL em endoscopia digestiva alta,11138896,DwinTMIL: An Innovative Approach for Helicobacter Pylori Infection Classification,"Jiang, Su; Lv, Zehui",2025,10.1109/ICIPCA65645.2025.11138896,2025 IEEE 3rd International Conference on Image Processing and Computer Applications (ICIPCA),included,Visão computacional/DL aplicada a endoscopia digestiva alta (contexto: dataset/benchmark).,IEEE/S1; IEEE/S3,sim
IEEE,S1,IEEE S1 — Principal: IA/DL em endoscopia digestiva alta,10635276,Predicting Metaplasia in Upper Gastrointestinal Images from White Light Endoscopy,"Jaramillo, María; Bravo, Diego; Quijano, Jose M.; Gómez, Martín; González, Fabio A.; Romero, Eduardo",2024,10.1109/ISBI56570.2024.10635276,2024 IEEE International Symposium on Biomedical Imaging (ISBI),included,Visão computacional/DL aplicada a endoscopia digestiva alta.,IEEE/S1,sim
IEEE,S1,IEEE S1 — Principal: IA/DL em endoscopia digestiva alta,10262774,Hybrid of DNN Feature Extraction and Ensemble Classification for Identification of Esophagitis and Barretts in Upper Gastrointestinal Tract Images,"Khullar, Vikas; R.M, Veeramanickam M.; Muthukumarasamy, S.; Prabha, Chander; Pal Singh, Harjit; Pavankumar, Vadrevu",2023,10.1109/IC2E357697.2023.10262774,"2023 International Conference on Computer, Electronics & Electrical Engineering & their Applications (IC2E3)",included,Visão computacional/DL aplicada a endoscopia digestiva alta (contexto: dataset/benchmark).,IEEE/S1,sim
IEEE,S1,IEEE S1 — Principal: IA/DL em endoscopia digestiva alta,10943118,A Hybrid Attention-Based Fuzzy Pooling Network Model for Locating Polyp Positions in Gastroscopic Image in Internet of Medical Things,"Ma, Xiaoyu; Wang, Honghu; Ren, Xiaoxue; Ma, Yu",2025,10.1109/JIOT.2025.3555427,IEEE Internet of Things Journal,included,Visão computacional/DL aplicada a endoscopia digestiva alta (contexto: dataset/benchmark).,IEEE/S1; IEEE/S4; Web of Science/S2; Web of Science/S3,sim
IEEE,S1,IEEE S1 — Principal: IA/DL em endoscopia digestiva alta,9624380,Fusion of Selected Deep CNN and Handcrafted Features for Gastritis Detection from Wireless Capsule Endoscopy Images,"Zhao, Bailiang; Sun, Wendell Q.; Wang, Liangchao; Hu, Menghan",2021,10.1109/CISP-BMEI53629.2021.9624380,"2021 14th International Congress on Image and Signal Processing, BioMedical Engineering and Informatics (CISP-BMEI)",included,DL/CV em endoscopia com achado do trato GI alto.,IEEE/S1,sim
IEEE,S1,IEEE S1 — Principal: IA/DL em endoscopia digestiva alta,10635452,Automatic Endoscopy Classification by Fusing Depth Estimations and Image Information,"Bravo, Diego; Ruano, Josué; Jaramillo, María; Medina, Sebastian; Gómez, Martín; González, Fabio A.; Romero, Eduardo",2024,10.1109/ISBI56570.2024.10635452,2024 IEEE International Symposium on Biomedical Imaging (ISBI),included,Visão computacional/DL aplicada a endoscopia digestiva alta.,IEEE/S1,sim
IEEE,S1,IEEE S1 — Principal: IA/DL em endoscopia digestiva alta,10435544,Mask R-CNN with R-D Net: A Detection and Segmentation Model for Early Gastric Cancer Gastroscopy Images,"Liang, Tao; Lei, Yi; Song, Wenai; Sun, Xue; Du, Jun; Wang, Qing; Zhao, Li",2023,10.1109/EIECS59936.2023.10435544,2023 3rd International Conference on Electronic Information Engineering and Computer Science (EIECS),included,Visão computacional/DL aplicada a endoscopia digestiva alta (contexto: dataset/benchmark).,IEEE/S1; IEEE/S3,sim
IEEE,S1,IEEE S1 — Principal: IA/DL em endoscopia digestiva alta,11237112,Enhancing Robustness in Gastroscopy Analysis With Poisson–Gaussian Noise-Based Adversarial Augmentation,"Kim, Ji-Hwan; Chae, Jung-Woo; Chin Cho, Hyun; Cho, Hyun-Chong",2025,10.1109/ACCESS.2025.3631278,IEEE Access,included,Visão computacional/DL aplicada a endoscopia digestiva alta (contexto: dataset/benchmark).,IEEE/S1; Web of Science/S1,sim
IEEE,S1,IEEE S1 — Principal: IA/DL em endoscopia digestiva alta,9653496,Diagnosis of Esophagitis Based on Deep Learning,"Hou, Yuling; Diao, Luhong; Lu, Na; Li, Ying; Qiao, Yong",2021,10.1109/ICAA53760.2021.00075,"2021 International Conference on Intelligent Computing, Automation and Applications (ICAA)",included,DL/CV aplicado a achados do trato GI alto — presume-se imagens endoscópicas/histopatológicas.,IEEE/S1,sim
IEEE,S1,IEEE S1 — Principal: IA/DL em endoscopia digestiva alta,9684579,Fast segmentation convolutional neural network with edge-guided path for real-time diagnosis of gastric intestinal metaplasia,"Siripoppohn, Vitchaya; Pittayanon, Rapat; Tiankanon, Kasenee; Faknak, Natee; Sanpavat, Anapat; Klaikaew, Naruemon; Vateekul, Peerapon; Rerknimitr, Rungsun",2021,10.1109/ICSEC53205.2021.9684579,2021 25th International Computer Science and Engineering Conference (ICSEC),included,Visão computacional/DL aplicada a endoscopia digestiva alta.,IEEE/S1,sim
IEEE,S1,IEEE S1 — Principal: IA/DL em endoscopia digestiva alta,10661758,An Early Gastric Cancer Detection Method Based on DETR Multi-scale Feature Fusion,"Zhang, Hengrui; Lu, Meichen; Chen, Weiqing; Ao, Fei; Chai, Yi",2024,10.23919/CCC63176.2024.10661758,2024 43rd Chinese Control Conference (CCC),included,Visão computacional/DL aplicada a endoscopia digestiva alta.,IEEE/S1,sim
IEEE,S1,IEEE S1 — Principal: IA/DL em endoscopia digestiva alta,9668225,Evaluation of U-Net and Its Variants in Solving Upper Gastrointestinal Endoscopy Segmentation,"Do, Hong-Quan; Nguyen, Thi-Ha; Vu, Viet-Vu; Hoang, Thi-Mai; Nguyen, Hai-Minh; Nguyen, T. Thuy-Duong",2021,10.1109/ACOMP53746.2021.00016,2021 15th International Conference on Advanced Computing and Applications (ACOMP),included,Visão computacional/DL aplicada a endoscopia digestiva alta (contexto: dataset/benchmark).,IEEE/S1; IEEE/S3,sim
IEEE,S1,IEEE S1 — Principal: IA/DL em endoscopia digestiva alta,10667897,Early Cancer Diagnosis and Ulcer Classifications In Endoscopy Videos Using Deep Learning Approach,"Ramamoorthy, M.; GnanaJeyaraman, R.; Belinda M J, Carmel Mary; Manimaran, A; Kannan, K Nattar; Thangarasu, Gunasekar",2024,10.1109/ISCI62787.2024.10667897,2024 IEEE 6th Symposium on Computers & Informatics (ISCI),included,Visão computacional/DL aplicada a endoscopia digestiva alta.,IEEE/S1; IEEE/S3,sim
IEEE,S1,IEEE S1 — Principal: IA/DL em endoscopia digestiva alta,10986471,Enhancing Image Quality and Early Gastric Cancer Detection Using Pre-Processing Techniques on the Kvasir-SEG Dataset,"Garg, Jyoti; Chhabra, Mohit",2025,10.1109/ICDT63985.2025.10986471,2025 3rd International Conference on Disruptive Technologies (ICDT),included,Visão computacional/DL aplicada a endoscopia digestiva alta (contexto: dataset/benchmark).,IEEE/S1,sim
IEEE,S1,IEEE S1 — Principal: IA/DL em endoscopia digestiva alta,8876662,Whole Stomach 3D Reconstruction and Frame Localization From Monocular Endoscope Video,"Widya, Aji Resindra; Monno, Yusuke; Okutomi, Masatoshi; Suzuki, Sho; Gotoda, Takuji; Miki, Kenji",2019,10.1109/JTEHM.2019.2946802,IEEE Journal of Translational Engineering in Health and Medicine,included,Visão computacional/DL aplicada a endoscopia digestiva alta.,IEEE/S1; Web of Science/S1,sim
IEEE,S1,IEEE S1 — Principal: IA/DL em endoscopia digestiva alta,10373530,Automated Anatomical Classification and Quality Assessment of Endoscopy by Temporal-Spatial Analysis,"Bravo, Diego; Medina, Sebastian; Ruano, Josué; Jaramillo, María; Gómez, Martin; González, Fabio A.; Romero, Eduardo",2023,10.1109/SIPAIM56729.2023.10373530,2023 19th International Symposium on Medical Information Processing and Analysis (SIPAIM),included,Visão computacional/DL aplicada a endoscopia digestiva alta (contexto: dataset/benchmark).,IEEE/S1,sim
IEEE,S1,IEEE S1 — Principal: IA/DL em endoscopia digestiva alta,9457060,Machine Learning Approach for Biopsy-Based Identification of Eosinophilic Esophagitis Reveals Importance of Global features,"Czyzewski, Tomer; Daniel, Nati; Rochman, Mark; Caldwell, Julie M.; Osswald, Garrett A.; Collins, Margaret H.; Rothenberg, Marc E.; Savir, Yonatan",2021,10.1109/OJEMB.2021.3089552,IEEE Open Journal of Engineering in Medicine and Biology,included,DL/CV aplicado a achados do trato GI alto — presume-se imagens endoscópicas/histopatológicas.,IEEE/S1,sim
IEEE,S1,IEEE S1 — Principal: IA/DL em endoscopia digestiva alta,10803504,DAC-UNet: Dual Attention CNN-Enhanced CswinUnet for Gastric Cancer Pathological Image Segmentation,"Hu, Tao; Pan, Jingshan; Li, Na; Tian, Tangbin; Liu, Shengyu; Zhang, Lu; Han, Yujiao; Xu, Jiwei",2024,10.1109/MedAI62885.2024.00049,2024 IEEE International Conference on Medical Artificial Intelligence (MedAI),included,Visão computacional/DL aplicada a endoscopia digestiva alta (contexto: dataset/benchmark).,IEEE/S1; Web of Science/S1,sim
IEEE,S3,IEEE S3 — Lesões e alterações gástricas por IA,9727723,An Efficient Approach for Gastric Polyps Detection Based on Improved SSD,"Cao, Chanting; Yu, Yao; Xie, Yun; Sun, Changyin",2021,10.1109/CAC53003.2021.9727723,2021 China Automation Congress (CAC),included,Visão computacional/DL aplicada a endoscopia digestiva alta (contexto: dataset/benchmark).,IEEE/S3; IEEE/S4,sim
IEEE,S3,IEEE S3 — Lesões e alterações gástricas por IA,9372583,Research of Deep Learning on Gastric Cancer Diagnosis,"Li, Lanlan; Chen, Mengni; Zhou, Ying; Wang, Jianping; Wang, Dabiao",2020,10.1109/CSRSWTC50769.2020.9372583,2020 Cross Strait Radio Science & Wireless Technology Conference (CSRSWTC),included,Visão computacional/DL aplicada a endoscopia digestiva alta.,IEEE/S3; Web of Science/S1,sim
IEEE,S3,IEEE S3 — Lesões e alterações gástricas por IA,10078850,Enhanced Classification of Gastric Lesions and Early Gastric Cancer Diagnosis in Gastroscopy Using Multi-Filter AutoAugment,"Chae, Jung-Woo; Cho, Hyun-Chong",2023,10.1109/ACCESS.2023.3260983,IEEE Access,included,Visão computacional/DL aplicada a endoscopia digestiva alta.,IEEE/S3; Web of Science/S2,sim
IEEE,S3,IEEE S3 — Lesões e alterações gástricas por IA,10564093,Identification of Gastric Abnormalities with Synchronous Biopsy Site Localization from Endoscope Imaging in Gastro-Intestinal Tract using Deep Learning Technique,"S, Gnanapriya; D, Reshma; M, Varun",2024,10.1109/ICBSII61384.2024.10564093,"2024 Tenth International Conference on Bio Signals, Images, and Instrumentation (ICBSII)",included,DL/CV em endoscopia com achado do trato GI alto.,IEEE/S3,sim
IEEE,S3,IEEE S3 — Lesões e alterações gástricas por IA,10445423,Three-Branch BERT-Based Text Classification Network for Gastroscopy Diagnosis Text,"Wang, Zhichao; Zheng, Xiangwei; Zhang, Jinsong; Zhang, Mingzhe",2024,10.26599/IJCS.2023.9100031,International Journal of Crowd Science,included,Visão computacional/DL aplicada a endoscopia digestiva alta.,IEEE/S3,sim
IEEE,S3,IEEE S3 — Lesões e alterações gástricas por IA,10313503,Fractal Bilinear Deep Neural Network Models for Gastric Intestinal Metaplasia Detection,"Pedroso, Maria; Martins, Miguel L.; Libânio, Diogo; Dinis-Ribeiro, Mário; Coimbra, Miguel; Renna, Francesco",2023,10.1109/BHI58575.2023.10313503,2023 IEEE EMBS International Conference on Biomedical and Health Informatics (BHI),included,Visão computacional/DL aplicada a endoscopia digestiva alta (contexto: dataset/benchmark).,IEEE/S3; Web of Science/S1,sim
IEEE,S3,IEEE S3 — Lesões e alterações gástricas por IA,10782717,Improving Endoscopy Lesion Classification Using Self-Supervised Deep Learning,"Lopes, Inês; Vakalopoulou, Maria; Ferrante, Enzo; Libânio, Diogo; Dinis-Ribeiro, Mário; Coimbra, Miguel; Renna, Francesco",2024,10.1109/EMBC53108.2024.10782717,2024 46th Annual International Conference of the IEEE Engineering in Medicine and Biology Society (EMBC),included,Visão computacional/DL aplicada a endoscopia digestiva alta (contexto: dataset/benchmark).,IEEE/S3,sim
IEEE,S4,IEEE S4 — Pólipos gástricos em endoscopia com IA,9361187,Accurate Gastric Ulcer and Intestinal Polyp Segmentation Using Attention Network and Multiscale Information Integration,"Luo, Yiwen; Zhou, Xiaoguang; Li, Kaiqi; Yao, Zeyi",2020,10.1109/ICAICE51518.2020.00110,2020 International Conference on Artificial Intelligence and Computer Engineering (ICAICE),included,DL/CV em endoscopia com achado do trato GI alto.,IEEE/S4,sim
IEEE,S4,IEEE S4 — Pólipos gástricos em endoscopia com IA,9389708,A Novel Approach for Increased Convolutional Neural Network Performance in Gastric-Cancer Classification Using Endoscopic Images,"Lee, Sin-Ae; Cho, Hyun Chin; Cho, Hyun-Chong",2021,10.1109/ACCESS.2021.3069747,IEEE Access,included,DL/CV em endoscopia com achado do trato GI alto.,IEEE/S4; Web of Science/S3,sim
IEEE,S4,IEEE S4 — Pólipos gástricos em endoscopia com IA,9718790,Classification of Gastric Precancerous Diseases using Hybrid CNN-SVM,"Islam, Jahidul; Bhuiyan, Sajjad; Hossain, Arafat; Surja, Amit Shaha; Iqbal, Md. Shahid",2021,10.1109/ICEEE54059.2021.9718790,2021 3rd International Conference on Electrical & Electronic Engineering (ICEEE),included,DL/CV em endoscopia com achado do trato GI alto.,IEEE/S4,sim
IEEE,S4,IEEE S4 — Pólipos gástricos em endoscopia com IA,11042612,Performance Evaluation of various Image Enhancement Techniques for Gastric Polyp Detection in the Kvasir Dataset,"A, Aseena.; Paul, Shiny",2025,10.1109/ICTEST64710.2025.11042612,2025 2nd International Conference on Trends in Engineering Systems and Technologies (ICTEST),included,Visão computacional/DL aplicada a endoscopia digestiva alta (contexto: dataset/benchmark).,IEEE/S4,sim
IEEE,S4,IEEE S4 — Pólipos gástricos em endoscopia com IA,10797592,Enhancing Diagnostic Precision for Early Detection of Gastric Polyps with U-Net3+ Segmentation,"Patra, Kumar Janardan; Mishra, Jibitesh; Dash, Sanjit Kumar; Jayasingh, Suvendra Kumar",2024,10.1109/ODICON62106.2024.10797592,"2024 3rd Odisha International Conference on Electrical Power Engineering, Communication and Computing Technology (ODICON)",included,DL/CV em endoscopia com achado do trato GI alto.,IEEE/S4,sim
IEEE,S4,IEEE S4 — Pólipos gástricos em endoscopia com IA,10802585,Robot-Enabled Machine Learning-Based Diagnosis of Gastric Cancer Polyps Using Partial Surface Tactile Imaging,"Kapuria, Siddhartha; Bonyun, Jeff; Kulkarni, Yash; Ikoma, Naruhiko; Chinchali, Sandeep; Alambeigi, Farshid",2024,10.1109/IROS58592.2024.10802585,2024 IEEE/RSJ International Conference on Intelligent Robots and Systems (IROS),included,DL/CV em endoscopia com achado do trato GI alto.,IEEE/S4,sim
IEEE,S5,IEEE S5 — IA em endoscopia com dados brasileiros / latino-americanos,10373486,Identification of Digestive Tract Abnormalities on Endoscopic Images,"Torres, L. M.; Pessoa, O. N.; Correa, I. V.; Soares, E. M. S.; Oliveira, A. S.; Costa, M. G. F.; Costa Filho, C. F.F.",2023,10.1109/SIPAIM56729.2023.10373486,2023 19th International Symposium on Medical Information Processing and Analysis (SIPAIM),included,"[manual_v1] Identificação de anormalidades em imagens endoscópicas do trato digestivo (Costa Filho et al., SIPAIM 2023) — grupo brasileiro, diretamente relacionado ao problema multilabel/multiclasse da tese.",IEEE/S5; IEEE/S6,sim
IEEE,S5,IEEE S5 — IA em endoscopia com dados brasileiros / latino-americanos,11253109,Block-Level Genetic Algorithm Optimization for ResNet Endoscopic Image Classification,"De Souza Júnior, Gilberto R.; De Sousa Filho, Gilberto F.; Cabral, Lucídio Dos Anjos F.",2025,10.1109/EMBC58623.2025.11253109,2025 47th Annual International Conference of the IEEE Engineering in Medicine and Biology Society (EMBC),included,"Endoscopia com contribuição metodológica relevante (multilabel, desbalanceamento, explicabilidade ou artefatos).",IEEE/S5; IEEE/S6,sim
IEEE,S5,IEEE S5 — IA em endoscopia com dados brasileiros / latino-americanos,9926791,Classification of Video Capsule Endoscopy Images Using Visual Transformers,"Soares Lima, Daniel Lopes; Pinto Pessoa, Alexandre César; De Paiva, Anselmo Cardoso; Trigueiros da Silva Cunha, António Manuel; Júnior, Geraldo Braz; De Almeida, João Dallyson S.",2022,10.1109/BHI56158.2022.9926791,2022 IEEE-EMBS International Conference on Biomedical and Health Informatics (BHI),included,[manual_v1] Classificação de imagens de cápsula endoscópica com Visual Transformers (grupo brasileiro UFMA — de Paiva et al.) — referência brasileira direta em ViT para endoscopia.,IEEE/S5; IEEE/S6,sim
IEEE,S5,IEEE S5 — IA em endoscopia com dados brasileiros / latino-americanos,9702073,Implementation of Support Vector Machine on Text-based GERD Detection by using Drug Review Content,"Nabilah ’Izzaturrahmah, Asty; Nhita, Fhira; Kurniawan, Isman",2021,10.1109/ICADEIS52521.2021.9702073,"2021 International Conference Advancement in Data Science, E-learning and Information Systems (ICADEIS)",included,Visão computacional/DL aplicada a endoscopia digestiva alta (contexto: dados brasileiros/latino-americanos).,IEEE/S5,sim
IEEE,S5,IEEE S5 — IA em endoscopia com dados brasileiros / latino-americanos,8097327,Barrett's Esophagus Identification Using Optimum-Path Forest,"Souza, Luis Antonio De; Afonso, Luis Cláudio Sugi; Palm, Christoph; Papa, João Paulo",2017,10.1109/SIBGRAPI.2017.47,"2017 30th SIBGRAPI Conference on Graphics, Patterns and Images (SIBGRAPI)",included,DL/CV em endoscopia com achado do trato GI alto.,IEEE/S5; IEEE/S6,sim
IEEE,S5,IEEE S5 — IA em endoscopia com dados brasileiros / latino-americanos,8614325,Barrett's Esophagus Identification Using Color Co-Occurrence Matrices,"Souza, Luis; Ebigbo, Alanna; Probst, Andreas; Messmann, Helmut; Papa, João Paulo; Mendel, Robert; Palm, Christoph",2018,10.1109/SIBGRAPI.2018.00028,"2018 31st SIBGRAPI Conference on Graphics, Patterns and Images (SIBGRAPI)",included,DL/CV aplicado a achados do trato GI alto — presume-se imagens endoscópicas/histopatológicas.,IEEE/S5; IEEE/S6,sim
IEEE,S5,IEEE S5 — IA em endoscopia com dados brasileiros / latino-americanos,8489576,Snore Sounds Excitation Localization by Using Scattering Transform and Deep Neural Networks,"Vesperini, Fabio; Galli, Andrea; Gabrielli, Leonardo; Principi, Emanuele; Squartini, Stefano",2018,10.1109/IJCNN.2018.8489576,2018 International Joint Conference on Neural Networks (IJCNN),included,"Endoscopia com contribuição metodológica relevante (multilabel, desbalanceamento, explicabilidade ou artefatos).",IEEE/S5; IEEE/S6,sim
Scopus,S1,Scopus S1 — Principal: IA/DL em endoscopia digestiva alta,Du2022,Improving the Classification Performance of Esophageal Disease on Small Dataset by Semi-supervised Efficient Contrastive Learning,"Du, Wenju; Rao, Nini; Yong, Jiahao; Wang, Yingchun; Hu, Dingcan; Gan, Tao; Zhu, Linlin; Zeng, Bing",2022,10.1007/s10916-021-01782-z,Journal of Medical Systems,included,Visão computacional/DL aplicada a endoscopia digestiva alta (contexto: dataset/benchmark).,Scopus/S1; Springer Nature Link/S1; Springer Nature Link/S2; Web of Science/S1,sim
Scopus,S1,Scopus S1 — Principal: IA/DL em endoscopia digestiva alta,Oh2025,Application of artificial intelligence in the detection of Borrmann type 4 advanced gastric cancer in upper endoscopy (with video),"Oh, Mi Jin; Park, Jinbae; Jeon, Jiwoon; Park, Mina; Kang, Seungkyung; Kim, Su Hyun; Park, Su Hee; Chang, Young Hoon; Shin, Cheol Min; Kang, Seung Joo; Lee, Seunghan; Kim, Sang Gyun; Cho, Soo-Jeong",2025,10.1002/cncr.35768,Cancer,included,DL/CV em endoscopia com achado do trato GI alto.,PubMed/S2; Scopus/S1,sim
Scopus,S1,Scopus S1 — Principal: IA/DL em endoscopia digestiva alta,Nguyen2025,EAGLE-Net: A hierarchical neural network for detecting anatomical landmarks in upper gastrointestinal endoscopy for clinical diagnosis,"Nguyen, Thi Thu Huong; Truong, Van Duy; Manh, Xuan Huy; Nguyen, Thanh Tung; Dao, Hang Viet; Vu, Hai",2025,10.1016/j.health.2025.100420,Healthcare Analytics,included,Visão computacional/DL aplicada a endoscopia digestiva alta.,Scopus/S1,sim
Scopus,S1,Scopus S1 — Principal: IA/DL em endoscopia digestiva alta,Yin20231725,Identification of gastric signet ring cell carcinoma based on endoscopic images using few-shot learning,"Yin, Minyue; Zhang, Rufa; Lin, Jiaxi; Zhu, Shiqi; Liu, Lu; Liu, Xiaolin; Lu, Jianying; Xu, Chunfang; Zhu, Jinzhou",2023,10.1016/j.dld.2023.07.005,Digestive and Liver Disease,included,DL/CV em endoscopia com achado do trato GI alto.,Scopus/S1,sim
Scopus,S1,Scopus S1 — Principal: IA/DL em endoscopia digestiva alta,Pornvoraphat2023,Real-time gastric intestinal metaplasia diagnosis tailored for bias and noisy-labeled data with multiple endoscopic imaging,"Pornvoraphat, Passin; Tiankanon, Kasenee; Pittayanon, Rapat; Sunthornwetchapong, Phanukorn; Vateekul, Peerapon; Rerknimitr, Rungsun",2023,10.1016/j.compbiomed.2023.106582,Computers in Biology and Medicine,included,DL/CV em endoscopia com achado do trato GI alto.,PubMed/S2; PubMed/S3; Scopus/S1,sim
Scopus,S1,Scopus S1 — Principal: IA/DL em endoscopia digestiva alta,Krenzer2026276,Classification of Gastroscopy Images Under Extreme Class Imbalance: A Deep Learning Pipeline,"Krenzer, Adrian; Friedetzki, Tobias; Dietsch, Max; Puppe, Frank",2026,10.1007/978-3-031-98691-8_20,Lecture Notes in Computer Science,included,Visão computacional/DL aplicada a endoscopia digestiva alta (contexto: dataset/benchmark).,Scopus/S1; Web of Science/S1; Web of Science/S2; Web of Science/S3,sim
Scopus,S1,Scopus S1 — Principal: IA/DL em endoscopia digestiva alta,Teramoto2021,Automated detection of gastric cancer by retrospective endoscopic image dataset using u-net r-cnn,"Teramoto, Atsushi; Shibata, Tomoyuki; Yamada, Hyuga; Hirooka, Yoshiki; Saito, Kuniaki; Fujita, Hiroshi",2021,10.3390/app112311275,Applied Sciences (Switzerland),included,Visão computacional/DL aplicada a endoscopia digestiva alta (contexto: dataset/benchmark).,Scopus/S1; Web of Science/S1; Web of Science/S6,sim
Scopus,S1,Scopus S1 — Principal: IA/DL em endoscopia digestiva alta,Shi2023,Deep learning-assisted diagnosis of chronic atrophic gastritis in endoscopy,"Shi, Yanting; Wei, Ning; Wang, Kunhong; Wu, Jingjing; Tao, Tao; Li, Na; Lv, Bing",2023,10.3389/fonc.2023.1122247,Frontiers in Oncology,included,DL/CV em endoscopia com achado do trato GI alto.,Scopus/S1,sim
Scopus,S1,Scopus S1 — Principal: IA/DL em endoscopia digestiva alta,Ge2023596,Using deep learning and explainable artificial intelligence to assess the severity of gastroesophageal reflux disease according to the Los Angeles Classification System,"Ge, Zhenyang; Wang, Bowen; Chang, Jiuyang; Yu, Zequn; Zhou, Zhenyuan; Zhang, Jing; Duan, Zhijun",2023,10.1080/00365521.2022.2163185,Scandinavian Journal of Gastroenterology,included,DL/CV em endoscopia com achado do trato GI alto.,PubMed/S2; Scopus/S1,sim
Scopus,S1,Scopus S1 — Principal: IA/DL em endoscopia digestiva alta,Shichijo2019158,Application of convolutional neural networks for evaluating Helicobacter pylori infection status on the basis of endoscopic images,"Shichijo, Satoki; Endo, Yuma; Aoyama, Kazuharu; Takeuchi, Yoshinori; Ozawa, Tsuyoshi; Takiyama, Hirotoshi; Matsuo, Keigo; Fujishiro, Mitsuhiro; Ishihara, Soichiro; Ishihara, Ryu; Tada, Tomohiro",2019,10.1080/00365521.2019.1577486,Scandinavian Journal of Gastroenterology,included,Visão computacional/DL aplicada a endoscopia digestiva alta (contexto: dataset/benchmark).,PubMed/S2; Scopus/S1; Web of Science/S1,sim
Scopus,S1,Scopus S1 — Principal: IA/DL em endoscopia digestiva alta,Li20241903,Segmentation of Gastric Cancer Pathological Slice Cancerous Region Based on Lightweight Improved SAM,"Li, Lanlan; Geng, Yi; Huang, Liqin; Li, Juan; Niu, Decao",2024,10.1109/AINIT61980.2024.10581445,"2024 5th International Seminar on Artificial Intelligence, Networking and Information Technology, AINIT 2024",included,Visão computacional/DL aplicada a endoscopia digestiva alta (contexto: dataset/benchmark).,IEEE/S1; Scopus/S1,sim
Scopus,S1,Scopus S1 — Principal: IA/DL em endoscopia digestiva alta,Kim20213543,Usefulness of artificial intelligence in gastric neoplasms,"Kim, Ji Hyun; Nam, Seung-Joo; Park, Sung Chul",2021,10.3748/wjg.v27.i24.3543,World Journal of Gastroenterology,included,Visão computacional/DL aplicada a endoscopia digestiva alta.,PubMed/S2; PubMed/S3; Scopus/S1; Web of Science/S1; Web of Science/S2,sim
Scopus,S1,Scopus S1 — Principal: IA/DL em endoscopia digestiva alta,Zhang2022,Automated Disease Detection in Gastroscopy Videos Using Convolutional Neural Networks,"Zhang, Chenxi; Xiong, Zinan; Chen, Shuijiao; Ding, Alex; Cao, Yu; Liu, Benyuan; Liu, Xiaowei",2022,10.3389/fmed.2022.846024,Frontiers in Medicine,included,Visão computacional/DL aplicada a endoscopia digestiva alta.,PubMed/S3; Scopus/S1; Web of Science/S1; Web of Science/S2,sim
Scopus,S1,Scopus S1 — Principal: IA/DL em endoscopia digestiva alta,Tran2021278,Classification of anatomical landmarks from upper gastrointestinal endoscopic images,"Tran, Thanh-Hai; Nguyen, Phuong-Thao; Tran, Duc-Huy; Manh, Xuan-Huy; Vu, Danh-Huy; Ho, Nguyen-Khang; Do, Khanh-Linh; Nguyen, Van-Tuan; Nguyen, Long-Thuy; Dao, Viet-Hang; Vu, Hai",2021,10.1109/NICS54270.2021.9701513,"Proceedings - 2021 8th NAFOSTED Conference on Information and Computer Science, NICS 2021",included,Visão computacional/DL aplicada a endoscopia digestiva alta (contexto: dataset/benchmark).,IEEE/S1; IEEE/S2; Scopus/S1,sim
Scopus,S1,Scopus S1 — Principal: IA/DL em endoscopia digestiva alta,Wang2025,Task-specific prompting SAM for multi-task gastric cancer diagnosis in endoscopic images,"Wang, Bilin; Lei, Changda; Guo, Yunbo; Hong, Kaicheng; Kan, Xiuji; Ouyang, Yifan; Li, Junbo; Li, Rui",2025,10.1016/j.eswa.2025.128329,Expert Systems with Applications,included,Visão computacional/DL aplicada a endoscopia digestiva alta (contexto: dataset/benchmark).,Scopus (VLM/FMs)/S2; Scopus/S1; Web of Science/S1; Web of Science/S6,sim
Scopus,S1,Scopus S1 — Principal: IA/DL em endoscopia digestiva alta,Choi202257,Development of artificial intelligence system for quality control of photo documentation in esophagogastroduodenoscopy,"Choi, Seong Ji; Khan, Mohammad Azam; Choi, Hyuk Soon; Choo, Jaegul; Lee, Jae Min; Kwon, Soonwook; Keum, Bora; Chun, Hoon Jai",2022,10.1007/s00464-020-08236-6,Surgical Endoscopy,included,Visão computacional/DL aplicada a endoscopia digestiva alta (contexto: dataset/benchmark).,PubMed/S2; Scopus/S1; Web of Science/S1,sim
Scopus,S1,Scopus S1 — Principal: IA/DL em endoscopia digestiva alta,Jin2024,Research on Gastritis Endoscopic Images Classification Based on SE-RepLKNet,"Jin, Xinao; Zhao, Yining; Cao, Yuqi; Zhang, Gangzhi; Zhang, Guangxin; Han, Yuehua",2024,10.1109/ICCVIT63928.2024.10872498,"2024 2nd International Conference on Computer, Vision and Intelligent Technology, ICCVIT 2024 - Proceedings",included,Visão computacional/DL aplicada a endoscopia digestiva alta (contexto: dataset/benchmark).,IEEE/S1; IEEE/S2; IEEE/S3; Scopus/S1; Web of Science/S1,sim
Scopus,S1,Scopus S1 — Principal: IA/DL em endoscopia digestiva alta,Ge20251961,Simultaneous Segmentation and Classification of Esophageal Lesions Using Attention Gating Pyramid Vision Transformer,"Ge, Peixuan; Yan, Tao; Wong, Pak Kin; Li, Zheng; Chan, In Neng; Yu, Hon Ho; Chan, Chon In; Yao, Liang; Hu, Ying; Gao, Shan",2025,10.1109/TETCI.2024.3485704,IEEE Transactions on Emerging Topics in Computational Intelligence,included,Visão computacional/DL aplicada a endoscopia digestiva alta (contexto: dataset/benchmark).,IEEE/S1; IEEE/S2; Scopus/S1; Web of Science/S1,sim
Scopus,S1,Scopus S1 — Principal: IA/DL em endoscopia digestiva alta,Li2021,A multi-feature fusion method for image recognition of gastrointestinal metaplasia (GIM),"Li, Hongyan; Vong, Chi Man; Wong, Pak Kin; Ip, Weng Fai; Yan, Tao; Choi, I. Cheong; Yu, Hon Ho",2021,10.1016/j.bspc.2021.102909,Biomedical Signal Processing and Control,included,Visão computacional/DL aplicada a endoscopia digestiva alta (contexto: dataset/benchmark).,Scopus/S1; Web of Science/S1,sim
Scopus,S1,Scopus S1 — Principal: IA/DL em endoscopia digestiva alta,Xie2023,Gastric polyp detection module based on improved attentional feature fusion,"Xie, Yun; Yu, Yao; Liao, Mingchao; Sun, Changyin",2023,10.1186/s12938-023-01130-x,BioMedical Engineering Online,included,Visão computacional/DL aplicada a endoscopia digestiva alta (contexto: dataset/benchmark).,PubMed/S3; Scopus/S1; Web of Science/S1; Web of Science/S2; Web of Science/S3,sim
Scopus,S1,Scopus S1 — Principal: IA/DL em endoscopia digestiva alta,Iakovidis20182196,Detecting and Locating Gastrointestinal Anomalies Using Deep Learning and Iterative Cluster Unification,"Iakovidis, Dimitris K.; Georgakopoulos, Spiros V.; Vasilakakis, Michael; Koulaouzidis, Anastasios; Plagianakos, Vassilis P.",2018,10.1109/TMI.2018.2837002,IEEE Transactions on Medical Imaging,included,Visão computacional/DL aplicada a endoscopia digestiva alta (contexto: dataset/benchmark).,IEEE/S1; IEEE/S2; PubMed/S2; Scopus/S1; Web of Science/S1; Web of Science/S2,sim
Scopus,S1,Scopus S1 — Principal: IA/DL em endoscopia digestiva alta,Matsuda2025322,Detection of pathologic complete response using deep neural network-based endoscopic evaluation in patients with esophageal cancer receiving neoadjuvant chemotherapy: a nationwide multicenter retrospective study from 46 Japanese esophageal centers,"Matsuda, Satoru; Irino, Tomoyuki; Kitagawa, Yuko; Okamura, Akihiko; Mayanagi, Shuhei; Booka, Eisuke; Takeuchi, Masashi; Kitadani, Junya; Kanda, Mitsuro; Abe, Tetsuya; Bamba, Takeo; Iwatsuki, Masaaki; Kagaya, Takehiro; Kurogochi, Takanori; Tsubosa, Yasuhiro; Kawakubo, Hirofumi; Kakeji, Yoshihiro; Kono, Koji; Watanabe, Masayuki; Takeuchi, Hiroya",2025,10.1007/s10388-025-01130-x,Esophagus,included,DL/CV em endoscopia com achado do trato GI alto.,PubMed/S2; Scopus/S1; Springer Nature Link/S1; Springer Nature Link/S4,sim
Scopus,S1,Scopus S1 — Principal: IA/DL em endoscopia digestiva alta,Chang20223811,Deep learning-based endoscopic anatomy classification: an accelerated approach for data preparation and model validation,"Chang, Yuan-Yen; Li, Pai-Chi; Chang, Ruey-Feng; Yao, Chih-Da; Chen, Yang-Yuan; Chang, Wen-Yen; Yen, Hsu-Heng",2022,10.1007/s00464-021-08698-2,Surgical Endoscopy,included,Visão computacional/DL aplicada a endoscopia digestiva alta (contexto: dataset/benchmark).,PubMed/S2; Scopus/S1; Web of Science/S1,sim
Scopus,S1,Scopus S1 — Principal: IA/DL em endoscopia digestiva alta,Shichijo2017106,Application of Convolutional Neural Networks in the Diagnosis of Helicobacter pylori Infection Based on Endoscopic Images,"Shichijo, Satoki; Nomura, Shuhei; Aoyama, Kazuharu; Nishikawa, Yoshitaka; Miura, Motoi; Shinagawa, Takahide; Takiyama, Hirotoshi; Tanimoto, Tetsuya; Ishihara, Soichiro; Matsuo, Keigo; Tada, Tomohiro",2017,10.1016/j.ebiom.2017.10.014,EBioMedicine,included,DL/CV em endoscopia com achado do trato GI alto.,PubMed/S2; Scopus/S1,sim
Scopus,S1,Scopus S1 — Principal: IA/DL em endoscopia digestiva alta,Scheppach2023911,Detection of duodenal villous atrophy on endoscopic images using a deep learning algorithm,"Scheppach, Markus W.; Rauber, David; Stallhofer, Johannes; Muzalyova, Anna; Otten, Vera; Manzeneder, Carolin; Schwamberger, Tanja; Wanzl, Julia; Schlottmann, Jakob; Tadic, Vidan; Probst, Andreas; Schnoy, Elisabeth; Römmele, Christoph; Fleischmann, Carola; Meinikheim, Michael; Miller, Silvia; Märkl, Bruno; Stallmach, Andreas; Palm, Christoph; Messmann, Helmut; Ebigbo, Alanna",2023,10.1016/j.gie.2023.01.006,Gastrointestinal Endoscopy,included,Visão computacional/DL aplicada a endoscopia digestiva alta (contexto: dataset/benchmark).,PubMed/S2; Scopus/S1; Web of Science/S1,sim
Scopus,S1,Scopus S1 — Principal: IA/DL em endoscopia digestiva alta,Parkash2024665,Use of artificial intelligence for the detection of Helicobacter pylori infection from upper gastrointestinal endoscopy images: an updated systematic review and meta-analysis,"Parkash, Om; Lal, Abhishek; Subash, Tushar; Sultan, Ujala; Tahir, Hasan Nawaz; Hoodbhoy, Zahra; Sundar, Shiyam; Das, Jai Kumar",2024,10.20524/aog.2024.0913,Annals of Gastroenterology,included,Visão computacional/DL aplicada a endoscopia digestiva alta (contexto: dataset/benchmark).,PubMed/S2; Scopus/S1; Web of Science/S1,sim
Scopus,S1,Scopus S1 — Principal: IA/DL em endoscopia digestiva alta,He20201085,Deep learning-based anatomical site classification for upper gastrointestinal endoscopy,"He, Qi; Bano, Sophia; Ahmad, Omer F.; Yang, Bo; Chen, Xin; Valdastri, Pietro; Lovat, Laurence B.; Stoyanov, Danail; Zuo, Siyang",2020,10.1007/s11548-020-02148-5,International Journal of Computer Assisted Radiology and Surgery,included,Visão computacional/DL aplicada a endoscopia digestiva alta (contexto: dataset/benchmark).,PubMed/S2; Scopus/S1; Springer Nature Link/S1; Springer Nature Link/S2; Web of Science/S1,sim
Scopus,S1,Scopus S1 — Principal: IA/DL em endoscopia digestiva alta,Hong2025624,Artificial intelligence for early gastric cancer boundary recognition in NBI and nF-NBI endoscopic images,"Hong, Kaicheng; Lei, Changda; Kan, Xiuji; Ouyang, Yifan; Mei, Yutong; Guo, Yunbo; Wang, Bilin; Zhang, Deqing; Li, Junbo; Li, Rui; Tang, Yuguo",2025,10.1080/00365521.2025.2509818,Scandinavian Journal of Gastroenterology,included,DL/CV em endoscopia com achado do trato GI alto.,PubMed/S2; Scopus/S1,sim
Scopus,S1,Scopus S1 — Principal: IA/DL em endoscopia digestiva alta,Chen20245604,Artificial intelligence assisted recognition and diagnosis of Magnetically controlled capsule gastroscopy,"Chen, Susu; Wei, Chuyu; Li, Dongqi; Borchert, Glen M.; Yu, Zhong; Lin, Jiawen; Huang, Jingshan",2024,10.1109/BIBM62325.2024.10822068,"Proceedings - 2024 IEEE International Conference on Bioinformatics and Biomedicine, BIBM 2024",included,Visão computacional/DL aplicada a endoscopia digestiva alta (contexto: dataset/benchmark).,IEEE/S3; Scopus/S1; Web of Science/S1; Web of Science/S2,sim
Scopus,S1,Scopus S1 — Principal: IA/DL em endoscopia digestiva alta,Hu2025,Artificial intelligence–assisted endoscopic diagnosis system for diagnosing Helicobacter pylori infection: a multicenter study,"Hu, Yue; Xu, Jianwei; Huang, Liang; Zheng, Zhilin; Zhao, Jin; Chen, Tanzhou; Liu, Jiang; Zhang, Fangfang; Ding, Xiaoyun; Pan, Jie; Wang, Xiaoteng; Liu, Shan; Zhang, Ling; Lv, Bin",2025,10.1186/s12916-025-04379-2,BMC Medicine,included,Visão computacional/DL aplicada a endoscopia digestiva alta (contexto: dataset/benchmark).,PubMed/S2; Scopus/S1; Springer Nature Link/S1; Springer Nature Link/S2; Springer Nature Link/S3,sim
Scopus,S1,Scopus S1 — Principal: IA/DL em endoscopia digestiva alta,Yao2022,Construction and Multicenter Diagnostic Verification of Intelligent Recognition System for Endoscopic Images From Early Gastric Cancer Based on YOLO-V3 Algorithm,"Yao, Zhendong; Jin, Tao; Mao, Boneng; Lu, Bo; Zhang, Yefei; Li, Sisi; Chen, Weichang",2022,10.3389/fonc.2022.815951,Frontiers in Oncology,included,Visão computacional/DL aplicada a endoscopia digestiva alta.,PubMed/S2; Scopus/S1; Web of Science/S1,sim
Scopus,S1,Scopus S1 — Principal: IA/DL em endoscopia digestiva alta,Wang2025180,Bilinear Fine-grained Classification of Ultrasound Images Integrated with Interpretable Radiomics,"Wang, Chenzhong; Gong, Xun; Kong, Weiji; Zhou, Hong; Li, Jiao",2025,10.1007/978-981-97-8499-8_13,Lecture Notes in Computer Science (including subseries Lecture Notes in Artificial Intelligence and Lecture Notes in Bioinformatics) ,included,Visão computacional/DL aplicada a endoscopia digestiva alta (contexto: dataset/benchmark).,Scopus/S1; Web of Science/S1,sim
Scopus,S1,Scopus S1 — Principal: IA/DL em endoscopia digestiva alta,Zhang2023109,Artificial intelligence‑assisted diagnosis system of Helicobacter pylori infection based on deep learning; [基于深度学习的幽门螺杆菌人工智能辅助诊断系统研究],"Zhang, Mengjiao; Wu, Lianlian; Xing, Daqi; Dong, Zehua; Zhu, Yijie; Hu, Shan; Yu, Honggang",2023,10.3760/cma.j.cn321463-20211021-00473,Chinese Journal of Digestive Endoscopy,included,Visão computacional/DL aplicada a endoscopia digestiva alta.,Scopus/S1,sim
Scopus,S1,Scopus S1 — Principal: IA/DL em endoscopia digestiva alta,Yuan2024418,Application of MRI-based Deep Learning Models in Gastric Cancer,"Yuan, Letian",2024,10.1145/3662739.3670218,ACM International Conference Proceeding Series,included,Visão computacional/DL aplicada a endoscopia digestiva alta.,Scopus/S1; Web of Science/S1; Web of Science/S2,sim
Scopus,S1,Scopus S1 — Principal: IA/DL em endoscopia digestiva alta,Jhang2024434,Gastric Section Correlation Network for Gastric Precancerous Lesion Diagnosis,"Jhang, Jyun-Yao; Tsai, Yu-Ching; Hsu, Tzu-Chun; Huang, Chun-Rong; Cheng, Hsiu-Chi; Sheu, Bor-Shyang",2024,10.1109/OJEMB.2023.3277219,IEEE Open Journal of Engineering in Medicine and Biology,included,Visão computacional/DL aplicada a endoscopia digestiva alta (contexto: dataset/benchmark).,IEEE/S1; IEEE/S3; PubMed/S2; Scopus/S1; Web of Science/S1,sim
Scopus,S1,Scopus S1 — Principal: IA/DL em endoscopia digestiva alta,2026,"29th Annual Conference on Medical Image Understanding and Analysis, MIUA 2025",,2026,,Lecture Notes in Computer Science,included,Visão computacional/DL aplicada a endoscopia digestiva alta.,Scopus/S1; Scopus/S2,sim
Scopus,S1,Scopus S1 — Principal: IA/DL em endoscopia digestiva alta,Durak20211563,Deep neural network approaches for detecting gastric polyps in endoscopic images,"Durak, Serdar; Bayram, Bülent; Bakırman, Tolga; Erkut, Murat; Doğan, Metehan; Gürtürk, Mert; Akpınar, Burak",2021,10.1007/s11517-021-02398-8,Medical and Biological Engineering and Computing,included,DL/CV em endoscopia com achado do trato GI alto.,Scopus/S1; Web of Science/S3,sim
Scopus,S1,Scopus S1 — Principal: IA/DL em endoscopia digestiva alta,Liu2024,A deep learning approach for gastroscopic manifestation recognition based on Kyoto Gastritis Score,"Liu, Ao; Zhang, Xilin; Zhong, Jiaxin; Wang, Zilu; Ge, Zhenyang; Wang, Zhong; Fan, Xiaoya; Zhang, Jing",2024,10.1080/07853890.2024.2418963,Annals of Medicine,included,Visão computacional/DL aplicada a endoscopia digestiva alta (contexto: dataset/benchmark).,PubMed/S2; Scopus/S1; Web of Science/S1,sim
Scopus,S1,Scopus S1 — Principal: IA/DL em endoscopia digestiva alta,Gao2026,Gastric Anatomical Sites Recognition in Gastroscopic Images Based on Dual-branch Perception and Multi-scale Semantic Aggregation,"Gao, Shujun; Yu, Xiaomei; Liang, Xiao; Chen, Xuanchi; Zheng, Xiangwei",2026,10.1016/j.displa.2025.103234,Displays,included,Visão computacional/DL aplicada a endoscopia digestiva alta (contexto: dataset/benchmark).,ScienceDirect/S1; ScienceDirect/S2; ScienceDirect/S3; ScienceDirect/S4; ScienceDirect/S8; Scopus/S1; Web of Science/S1; Web of Science/S6,sim
Scopus,S1,Scopus S1 — Principal: IA/DL em endoscopia digestiva alta,Neto202334,Preliminary Study of Deep Learning Algorithms for Metaplasia Detection in Upper Gastrointestinal Endoscopy,"Neto, Alexandre; Ferreira, Sofia; Libânio, Diogo; Dinis-Ribeiro, Mário; Coimbra, Miguel; Cunha, António",2023,10.1007/978-3-031-32029-3_4,"Lecture Notes of the Institute for Computer Sciences, Social-Informatics and Telecommunications Engineering, LNICST",included,"Visão computacional/DL aplicada a endoscopia digestiva alta (contexto: dados brasileiros/latino-americanos, dataset/benchmark).",Scopus/S1; Springer Nature Link/S1; Springer Nature Link/S2,sim
Scopus,S1,Scopus S1 — Principal: IA/DL em endoscopia digestiva alta,Truong2024643,Automatic Classifying Informative Frames for Upper Gastrointestinal Endoscopy Diagnosis Using Deep Learning Method,"Truong, Van Duy; Nguyen, Duc Anh; Manh, Xuan Huy; Nguyen, Thu Huong; Pham, Thi Thuy; Nguyen, Thanh Tung; Nguyen, Phuc Binh; Dao, Hang Viet; Vu, Hai",2024,10.1007/978-981-97-5504-2_74,Lecture Notes in Networks and Systems,included,Visão computacional/DL aplicada a endoscopia digestiva alta (contexto: dataset/benchmark).,Scopus/S1; Springer Nature Link/S1,sim
Scopus,S1,Scopus S1 — Principal: IA/DL em endoscopia digestiva alta,Anitha2023212,Segmentation and Classification of Gastric Cancer from Endoscopic Image Dataset with the Aid of Artificial Intelligence,"Anitha, Cuddapah; Srinivas Rao, Vemu; Ramyadevi, R.; Maya, R.; Debroy, Subhasish; Mahaveerakannan, R.",2023,10.1109/ICECA58529.2023.10394686,"7th International Conference on Electronics, Communication and Aerospace Technology, ICECA 2023 - Proceedings",included,Visão computacional/DL aplicada a endoscopia digestiva alta (contexto: dataset/benchmark).,IEEE/S1; IEEE/S2; Scopus/S1,sim
Scopus,S1,Scopus S1 — Principal: IA/DL em endoscopia digestiva alta,Yang20237,A Benchmark Dataset of Endoscopic Images and Novel Deep Learning Method to Detect Intestinal Metaplasia and Gastritis Atrophy,"Yang, Jie; Ou, Yan; Chen, Zhiqian; Liao, Juan; Sun, Wenjian; Luo, Yang; Luo, Chunbo",2023,10.1109/JBHI.2022.3217944,IEEE Journal of Biomedical and Health Informatics,included,DL/CV em endoscopia com achado do trato GI alto.,Scopus/S1,sim
Scopus,S1,Scopus S1 — Principal: IA/DL em endoscopia digestiva alta,Bravo2023,Automatic Classification of Esophagogastroduodenoscopy Sub-Anatomical Regions,"Bravo, Diego; Ruano, Josue; Jaramillo, Maria; Gallego, Daniel; Gomez, Martin; Gonzalez, Fabio A.; Romero, Eduardo",2023,10.1109/ISBI53787.2023.10230483,Proceedings - International Symposium on Biomedical Imaging,included,Visão computacional/DL aplicada a endoscopia digestiva alta (contexto: dataset/benchmark).,IEEE/S1; IEEE/S3; Scopus/S1; Web of Science/S1; Web of Science/S2,sim
Scopus,S1,Scopus S1 — Principal: IA/DL em endoscopia digestiva alta,Pooja20241,Analyzing the evaluation metrics of detecting gastrointestinal tumor using segmentation techniques in endoscopic images,"Pooja, K.; Jerritta, S.",2024,,Onkologia i Radioterapia,included,DL/CV em endoscopia com achado do trato GI alto.,Scopus/S1; Scopus/S2; Scopus/S3,sim
Scopus,S1,Scopus S1 — Principal: IA/DL em endoscopia digestiva alta,Xia2023166,Gastric Endoscopy Image Classification Based on MobileSiT-SimAM,"Xia, Xin; Luo, Wenjie; Li, Tan; Liu, Zemin",2023,10.1109/ICEIEC58029.2023.10200950,ICEIEC 2023 - Proceedings of 2023 IEEE 13th International Conference on Electronics Information and Emergency Communication,included,Visão computacional/DL aplicada a endoscopia digestiva alta (contexto: dataset/benchmark).,IEEE/S1; IEEE/S2; Scopus/S1,sim
Scopus,S1,Scopus S1 — Principal: IA/DL em endoscopia digestiva alta,Kabilesh_Kumar2025,Spatio-Temporal Deep Learning for GERD Severity Classification in Endoscopic Videos,"Kabilesh Kumar, R.; Shyni, I Domilin; Manish Dutt, S.",2025,10.1109/IDICAIHEI65991.2025.11378939,"2025 3rd DMIHER International Conference on Artificial Intelligence in Healthcare, Education and Industry, IDICAIHEI 2025",included,Visão computacional/DL aplicada a endoscopia digestiva alta (contexto: dataset/benchmark).,IEEE/S1; IEEE/S2; Scopus/S1,sim
Scopus,S1,Scopus S1 — Principal: IA/DL em endoscopia digestiva alta,Lei2025,Virtual NBI image synthesis using stable diffusion for enhanced recognition of early gastric cancer: a technical validation study,"Lei, Changda; Kan, Xiuji; Ouyang, Yifan; Mei, Yutong; Guo, Yunbo; Hong, Kaicheng; Li, Junbo; Wang, Bilin; Li, Rui",2025,10.1080/07853890.2025.2523565,Annals of Medicine,included,DL/CV em endoscopia com achado do trato GI alto.,PubMed/S2; Scopus/S1,sim
Scopus,S1,Scopus S1 — Principal: IA/DL em endoscopia digestiva alta,Dai20252240,A Multisite Fusion-Based Deep Convolutional Neural Network for Classification of Helicobacter pylori Infection Status Using Endoscopic Images: A Multicenter Study,"Dai, Duwei; Quan, Xiaojing; Zheng, Yueqin; Wang, Yu; Hao, Quan; Lei, Yali; Gao, Yuan; Liang, Jianqun; Zhang, Hanhua; Huang, Yun; Chen, Changxin; Wang, Jia; Zhang, Jiantao; Wu, Jie; Zou, Baicang; Li, Lu; Shi, Haitao; Qin, Bin",2025,10.1111/jgh.70004,Journal of Gastroenterology and Hepatology (Australia),included,DL/CV em endoscopia com achado do trato GI alto.,PubMed/S2; Scopus/S1,sim
Scopus,S1,Scopus S1 — Principal: IA/DL em endoscopia digestiva alta,He2024,A two-stage image enhancement and dynamic feature aggregation framework for gastroscopy image segmentation,"He, Dongzhi; Li, Yunyu; Chen, Liule; Liang, Yu; Xue, Yongle; Xiao, Xingmei; Li, Yunqi",2024,10.1016/j.neucom.2024.128228,Neurocomputing,included,Visão computacional/DL aplicada a endoscopia digestiva alta (contexto: dataset/benchmark).,ScienceDirect/S1; ScienceDirect/S2; ScienceDirect/S5; Scopus/S1; Web of Science/S1,sim
Scopus,S1,Scopus S1 — Principal: IA/DL em endoscopia digestiva alta,Sakai20184138,Automatic detection of early gastric cancer in endoscopic images using a transferring convolutional neural network,"Sakai, Y.; Takemoto, S.; Hori, K.; Nishimura, M.; Ikematsu, H.; Yano, T.; Yokota, H.",2018,10.1109/EMBC.2018.8513274,"Proceedings of the Annual International Conference of the IEEE Engineering in Medicine and Biology Society, EMBS",included,DL/CV em endoscopia com achado do trato GI alto.,IEEE/S1; IEEE/S2; IEEE/S3; PubMed/S2; Scopus/S1,sim
Scopus,S1,Scopus S1 — Principal: IA/DL em endoscopia digestiva alta,Kumar2026295,Detection and Segmentation of Early Gastric Cancer using Graph Learning Based Improved U-Net Architecture,"Kumar, Alok; Mahendran, N.",2026,10.36548/jiip.2026.1.016,Journal of Innovative Image Processing,included,Visão computacional/DL aplicada a endoscopia digestiva alta.,Scopus/S1,sim
Scopus,S1,Scopus S1 — Principal: IA/DL em endoscopia digestiva alta,Teramoto2022,Detection and Characterization of Gastric Cancer Using Cascade Deep Learning Model in Endoscopic Images,"Teramoto, Atsushi; Shibata, Tomoyuki; Yamada, Hyuga; Hirooka, Yoshiki; Saito, Kuniaki; Fujita, Hiroshi",2022,10.3390/diagnostics12081996,Diagnostics,included,DL/CV em endoscopia com achado do trato GI alto.,Scopus/S1,sim
Scopus,S1,Scopus S1 — Principal: IA/DL em endoscopia digestiva alta,Kim20211,Deep learning‐based computer‐aided diagnosis system for gastroscopy image classification using synthetic data,"Kim, Yun-Ji; Cho, Hyun Chin; Cho, Hyun-Chong",2021,10.3390/app11020760,Applied Sciences (Switzerland),included,Visão computacional/DL aplicada a endoscopia digestiva alta (contexto: dataset/benchmark).,Scopus/S1; Web of Science/S1,sim
Scopus,S1,Scopus S1 — Principal: IA/DL em endoscopia digestiva alta,Huang2025,Classification of pediatric video capsule endoscopy images for small bowel abnormalities using deep learning models,"Huang, Yi-Hsuan; Lin, Qian; Jin, Xin-Yan; Chou, Chih-Yi; Wei, Jia-Jie; Xing, Jiao; Guo, Hong-Mei; Liu, Zhi-Feng; Lu, Yan",2025,10.3748/wjg.v31.i21.107601,World Journal of Gastroenterology,included,DL/CV em endoscopia com achado do trato GI alto.,PubMed/S2; PubMed/S3; Scopus/S1,sim
Scopus,S1,Scopus S1 — Principal: IA/DL em endoscopia digestiva alta,Neto2024201,Research Challenges for Augmenting Endoscopy Image Datasets using Image Combination Methodologies,"Neto, Alexandre; Libanio, Diogo; Dinis-Ribeiro, Mario; Coimbra, Miguel; Cunha, Antonio",2024,10.1016/j.procs.2024.06.163,Procedia Computer Science,included,Visão computacional/DL aplicada a endoscopia digestiva alta (contexto: dataset/benchmark).,ScienceDirect/S1; ScienceDirect/S2; ScienceDirect/S3; ScienceDirect/S4; Scopus/S1,sim
Scopus,S1,Scopus S1 — Principal: IA/DL em endoscopia digestiva alta,Zhang2021789,Diagnosis of routine endoscopic images of gastric lesions through a deep convolutional neural network; [深度卷积神经网络对胃病变普通内镜图像诊断的研究],"Zhang, Liming; Zhang, Yang; Wang, Li; Wang, Jiangyuan; Liu, Yulan",2021,10.3760/cma.j.cn321463-20200611-00280,Chinese Journal of Digestive Endoscopy,included,Visão computacional/DL aplicada a endoscopia digestiva alta (contexto: dataset/benchmark).,Scopus/S1,sim
Scopus,S1,Scopus S1 — Principal: IA/DL em endoscopia digestiva alta,Pozdeev20191216,Automatic analysis of endoscopic images for polyps detection and segmentation,"Pozdeev, Alexandr A.; Obukhova, Nataliia A.; Motyko, Alexandr A.",2019,10.1109/EIConRus.2019.8657018,"Proceedings of the 2019 IEEE Conference of Russian Young Researchers in Electrical and Electronic Engineering, ElConRus 2019",included,Visão computacional/DL aplicada a endoscopia digestiva alta (contexto: dataset/benchmark).,IEEE/S1; IEEE/S2; IEEE/S3; Scopus/S1; Web of Science/S1; Web of Science/S2,sim
Scopus,S1,Scopus S1 — Principal: IA/DL em endoscopia digestiva alta,Cao2025,A Multitask Network for the Diagnosis of Autoimmune Gastritis,"Cao, Yuqi; Zhao, Yining; Jin, Xinao; Zhang, Jiayuan; Zhang, Gangzhi; Huang, Pingjie; Zhang, Guangxin; Han, Yuehua",2025,10.3390/jimaging11050154,Journal of Imaging,included,Visão computacional/DL aplicada a endoscopia digestiva alta.,PubMed/S2; Scopus/S1; Web of Science/S1,sim
Scopus,S1,Scopus S1 — Principal: IA/DL em endoscopia digestiva alta,Vu2019362,Labelling stomach anatomical locations in upper gastrointestinal endoscopic images using a CNN,"Vu, Hai; Manh, Xuan Huy; Duc, Bach Quan; Ha, Van Kien; Dao, Viet Hang; Nguyen, Phuc Binh; Hoang, Bao Long; Vu, Thanh Hai",2019,10.1145/3368926.3369704,ACM International Conference Proceeding Series,included,Visão computacional/DL aplicada a endoscopia digestiva alta.,Scopus/S1; Web of Science/S1,sim
Scopus,S1,Scopus S1 — Principal: IA/DL em endoscopia digestiva alta,Xie2022599,Diagnostic accuracy of convolutional neural network–based endoscopic image analysis in diagnosing gastric cancer and predicting its invasion depth: a systematic review and meta-analysis,"Xie, Fang; Zhang, Keqiang; Li, Feng; Ma, Guorong; Ni, Yuanyuan; Zhang, Wei; Wang, Junchao; Li, Yuewei",2022,10.1016/j.gie.2021.12.021,Gastrointestinal Endoscopy,included,DL/CV em endoscopia com achado do trato GI alto.,ScienceDirect/S1; ScienceDirect/S2; Scopus/S1,sim
Scopus,S1,Scopus S1 — Principal: IA/DL em endoscopia digestiva alta,Yang20211075,Real-time artificial intelligence for endoscopic diagnosis of early esophageal squamous cell cancer (with video),"Yang, Xiao-Xiao; Li, Zhen; Shao, Xue-Jun; Ji, Rui; Qu, Jun-Yan; Zheng, Meng-Qi; Sun, Yi-Ning; Zhou, Ru-Chen; You, Hang; Li, Li-Xiang; Feng, Jian; Yang, Xiao-Yun; Li, Yan-Qing; Zuo, Xiu-Li",2021,10.1111/den.13908,Digestive Endoscopy,included,DL/CV em endoscopia com achado do trato GI alto.,Scopus/S1,sim
Scopus,S1,Scopus S1 — Principal: IA/DL em endoscopia digestiva alta,Zenteno2022,Optical biopsy mapping on endoscopic image mosaics with a marker-free probe,"Zenteno, Omar; Trinh, Dinh-Hoan; Treuillet, Sylvie; Lucas, Yves; Bazin, Thomas; Lamarque, Dominique; Daul, Christian",2022,10.1016/j.compbiomed.2022.105234,Computers in Biology and Medicine,included,Visão computacional/DL aplicada a endoscopia digestiva alta.,PubMed/S2; ScienceDirect/S1; ScienceDirect/S2; Scopus/S1; Web of Science/S1,sim
Scopus,S1,Scopus S1 — Principal: IA/DL em endoscopia digestiva alta,Zhang2021788,Diagnosis of gastric lesions through a deep convolutional neural network,"Zhang, Liming; Zhang, Yang; Wang, Li; Wang, Jiangyuan; Liu, Yulan",2021,10.1111/den.13844,Digestive Endoscopy,included,DL/CV em endoscopia com achado do trato GI alto.,Scopus/S1,sim
Scopus,S1,Scopus S1 — Principal: IA/DL em endoscopia digestiva alta,Tamashiro20201057,Artificial intelligence-based detection of pharyngeal cancer using convolutional neural networks,"Tamashiro, Atsuko; Yoshio, Toshiyuki; Ishiyama, Akiyoshi; Tsuchida, Tomohiro; Hijikata, Kazunori; Yoshimizu, Shoichi; Horiuchi, Yusuke; Hirasawa, Toshiaki; Seto, Akira; Sasaki, Toru; Fujisaki, Junko; Tada, Tomohiro",2020,10.1111/den.13653,Digestive Endoscopy,included,Visão computacional/DL aplicada a endoscopia digestiva alta.,PubMed/S2; Scopus/S1; Web of Science/S1,sim
Scopus,S1,Scopus S1 — Principal: IA/DL em endoscopia digestiva alta,Zhang2026,A Benchmark Dataset of Endoscopic Images and a Novel Deep Learning Method to Segment Gastric Intestinal Metaplasia Under Linked Color Imaging,"Zhang, Mingya; Wang, Liang; Yu, Yue; Liu, Ling; Tao, Xianping; Gu, Limei; Ling, Tingsheng",2026,10.1111/coin.70177,Computational Intelligence,included,Visão computacional/DL aplicada a endoscopia digestiva alta (contexto: dataset/benchmark).,Scopus/S1; Web of Science/S1,sim
Scopus,S1,Scopus S1 — Principal: IA/DL em endoscopia digestiva alta,Vu2022254,A robust and high-performance neural network for classifying landmarks in upper gastrointestinal endoscopy images,"Vu, Hai; Nguyen Xuan, Cong; Le, Minh Nghia; Nguyen, Duc Anh; Dao, Viet Hang",2022,10.1145/3568562.3568641,ACM International Conference Proceeding Series,included,Visão computacional/DL aplicada a endoscopia digestiva alta (contexto: dataset/benchmark).,Scopus/S1,sim
Scopus,S1,Scopus S1 — Principal: IA/DL em endoscopia digestiva alta,Kim2023908,Deep Learning-based Landmark Identification for the Upper Gastrointestinal Track in Endoscopic Images,"Kim, Hyeon-Seo; Cho, Byeong-Woo; Kang, Byungjeon",2023,10.5302/J.ICROS.2023.23.0121,"Journal of Institute of Control, Robotics and Systems",included,Visão computacional/DL aplicada a endoscopia digestiva alta (contexto: dataset/benchmark).,Scopus/S1,sim
Scopus,S1,Scopus S1 — Principal: IA/DL em endoscopia digestiva alta,Tang2020,Development and validation of a real-time artificial intelligence-assisted system for detecting early gastric cancer: A multicentre retrospective diagnostic study,"Tang, Dehua; Wang, Lei; Ling, Tingsheng; Lv, Ying; Ni, Muhan; Zhan, Qiang; Fu, Yiwei; Zhuang, Duanming; Guo, Huimin; Dou, Xiaotan; Zhang, Wei; Xu, Guifang; Zou, Xiaoping",2020,10.1016/j.ebiom.2020.103146,EBioMedicine,included,Visão computacional/DL aplicada a endoscopia digestiva alta (contexto: dataset/benchmark).,PubMed/S2; Scopus/S1,sim
Scopus,S1,Scopus S1 — Principal: IA/DL em endoscopia digestiva alta,Zhu2016372,Lesion detection of endoscopy images based on convolutional neural network features,"Zhu, Rongsheng; Zhang, Rong; Xue, Dixiu",2016,10.1109/CISP.2015.7407907,"Proceedings - 2015 8th International Congress on Image and Signal Processing, CISP 2015",included,Visão computacional/DL aplicada a endoscopia digestiva alta.,IEEE/S1; IEEE/S2; Scopus/S1,sim
Scopus,S1,Scopus S1 — Principal: IA/DL em endoscopia digestiva alta,Daher2023,A Temporal Learning Approach to Inpainting Endoscopic Specularities and Its Effect on Image Correspondence,"Daher, Rema; Vasconcelos, Francisco; Stoyanov, Danail",2023,10.1016/j.media.2023.102994,Medical Image Analysis,included,Visão computacional/DL aplicada a endoscopia digestiva alta (contexto: dataset/benchmark).,PubMed/S2; Scopus/S1; Web of Science/S1,sim
Scopus,S1,Scopus S1 — Principal: IA/DL em endoscopia digestiva alta,Wu2022269,Real-time artificial intelligence for detecting focal lesions and diagnosing neoplasms of the stomach by white-light endoscopy (with videos),"Wu, Lianlian; Xu, Ming; Jiang, Xiaoda; He, Xinqi; Zhang, Heng; Ai, Yaowei; Tong, Qiaoyun; Lv, Peihua; Lu, Bin; Guo, Mingwen; Huang, Manling; Ye, Liping; Shen, Lei; Yu, Honggang",2022,10.1016/j.gie.2021.09.017,Gastrointestinal Endoscopy,included,Visão computacional/DL aplicada a endoscopia digestiva alta.,PubMed/S2; PubMed/S3; ScienceDirect/S1; ScienceDirect/S2; ScienceDirect/S3; ScienceDirect/S4; ScienceDirect/S5; ScienceDirect/S6; Scopus/S1; Web of Science/S1; Web of Science/S2,sim
Scopus,S1,Scopus S1 — Principal: IA/DL em endoscopia digestiva alta,Lee20241088,An artificial intelligence system for comprehensive pathologic outcome prediction in early gastric cancer through endoscopic image analysis (with video),"Lee, Seunghan; Jeon, Jiwoon; Park, Jinbae; Chang, Young Hoon; Shin, Cheol Min; Oh, Mi Jin; Kim, Su Hyun; Kang, Seungkyung; Park, Su Hee; Kim, Sang Gyun; Lee, Hyuk-Joon; Yang, Han-Kwang; Lee, Hey Seung; Cho, Soo-Jeong",2024,10.1007/s10120-024-01524-3,Gastric Cancer,included,DL/CV em endoscopia com achado do trato GI alto.,PubMed/S2; Scopus/S1,sim
Scopus,S1,Scopus S1 — Principal: IA/DL em endoscopia digestiva alta,Park2023,Investigating Effective Data Augmentation Techniques for Accurate Gastric Classification in the Development of a Deep Learning-Based Computer-Aided Diagnosis System,"Park, Jae-Beom; Lee, Han-Sung; Cho, Hyun-Chong",2023,10.3390/app132212325,Applied Sciences (Switzerland),included,Visão computacional/DL aplicada a endoscopia digestiva alta (contexto: dataset/benchmark).,Scopus/S1; Web of Science/S1,sim
Scopus,S1,Scopus S1 — Principal: IA/DL em endoscopia digestiva alta,Igarashi2020,Anatomical classification of upper gastrointestinal organs under various image capture conditions using AlexNet,"Igarashi, Shohei; Sasaki, Yoshihiro; Mikami, Tatsuya; Sakuraba, Hirotake; Fukuda, Shinsaku",2020,10.1016/j.compbiomed.2020.103950,Computers in Biology and Medicine,included,Visão computacional/DL aplicada a endoscopia digestiva alta (contexto: dataset/benchmark).,PubMed/S2; Scopus/S1; Web of Science/S1,sim
Scopus,S1,Scopus S1 — Principal: IA/DL em endoscopia digestiva alta,Brata2024,Applications of Artificial Intelligence-Based Systems in the Management of Esophageal Varices,"Brata, Vlad Dumitru; Incze, Victor; Ismaiel, Abdulrahman; Turtoi, Daria Claudia; Grad, Simona; Popovici, Raluca; Duse, Traian Adrian; Surdea-Blaga, Teodora; Padureanu, Alexandru Marius; David, Liliana; Dita, Miruna Oana; Baldea, Corina Alexandrina; Popa, Stefan Lucian",2024,10.3390/jpm14091012,Journal of Personalized Medicine,included,Visão computacional/DL aplicada a endoscopia digestiva alta.,PubMed/S2; Scopus/S1,sim
Scopus,S1,Scopus S1 — Principal: IA/DL em endoscopia digestiva alta,Matsuda20233733,Evaluation of Endoscopic Response Using Deep Neural Network in Esophageal Cancer Patients Who Received Neoadjuvant Chemotherapy,"Matsuda, Satoru; Irino, Tomoyuki; Kawakubo, Hirofumi; Takeuchi, Masashi; Nishimura, Erika; Hisaoka, Kazuhiko; Sano, Junichi; Kobayashi, Ryota; Fukuda, Kazumasa; Nakamura, Rieko; Takeuchi, Hiroya; Kitagawa, Yuko",2023,10.1245/s10434-023-13140-z,Annals of Surgical Oncology,included,DL/CV em endoscopia com achado do trato GI alto.,PubMed/S2; Scopus/S1; Springer Nature Link/S1,sim
Scopus,S1,Scopus S1 — Principal: IA/DL em endoscopia digestiva alta,Sun2022,Channel separation-based network for the automatic anatomical site recognition using endoscopic images,"Sun, Mingjian; Ma, Lingyu; Su, Xiufeng; Gao, Xiaozhong; Liu, Zichao; Ma, Liyong",2022,10.1016/j.bspc.2021.103167,Biomedical Signal Processing and Control,included,Visão computacional/DL aplicada a endoscopia digestiva alta.,Scopus/S1; Web of Science/S1,sim
Scopus,S1,Scopus S1 — Principal: IA/DL em endoscopia digestiva alta,He2024334,Artificial intelligence-assisted system for the assessment of Forrest classification of peptic ulcer bleeding: A multicenter diagnostic study,"He, Xiao-Jian; Wang, Xiao-Ling; Su, Tian-Kang; Yao, Li-Jia; Zheng, Jing; Wen, Xiao-Dong; Xu, Qin-Wei; Huang, Qian-Rong; Chen, Li-Bin; Chen, Chang-Xin; Lin, Hai-Fan; Chen, Yi-Qun; Hu, Yan-Xing; Zhang, Kai-Hua; Jiang, Chuan-Shen; Liu, Gang; Li, Da-Zhou; Li, Dong-Liang; Wen, Wang",2024,10.1055/a-2252-4874,Endoscopy,included,Visão computacional/DL aplicada a endoscopia digestiva alta (contexto: dataset/benchmark).,PubMed/S2; PubMed/S3; Scopus/S1; Web of Science/S1; Web of Science/S2,sim
Scopus,S1,Scopus S1 — Principal: IA/DL em endoscopia digestiva alta,Park20231399,A Study on Improving the Performance of Gastroscopy Image Classification CADx System with SAM Optimizer; [SAM Optimizer를 통한 위내시경 이미지 분류 CADx의 성능 향상 연구],"Park, Jae-Beom; Kim, Min-Jun; Won, Hyeong-Sik; Cho, Hyun Chin; Cho, Hyun-Chong",2023,10.5370/KIEE.2023.72.11.1399,Transactions of the Korean Institute of Electrical Engineers,included,Visão computacional/DL aplicada a endoscopia digestiva alta (contexto: dataset/benchmark).,Scopus/S1,sim
Scopus,S1,Scopus S1 — Principal: IA/DL em endoscopia digestiva alta,Gao20241293,Research progress on endoscopic image diagnosis of gastric tumors based on deep learning,"Gao, Yuan; Wei, Guohui",2024,10.7507/1001-5515.202404004,Sheng wu yi xue gong cheng xue za zhi = Journal of biomedical engineering = Shengwu yixue gongchengxue zazhi,included,DL/CV em endoscopia com achado do trato GI alto.,PubMed/S2; Scopus/S1,sim
Scopus,S1,Scopus S1 — Principal: IA/DL em endoscopia digestiva alta,Almeida20251254,Artificial intelligence for endoscopic grading of gastric intestinal metaplasia: Advancing risk stratification for gastric cancer,"Almeida, Eduarda; Martins, Miguel Lopes; Marques, David; Delas, Rose; Almeida, Tatiana; Chaves, Jéssica; Libânio, Diogo; Renna, Francesco; Coimbra, Miguel Tavares; Dinis-Ribeiro, Mário",2025,10.1055/a-2657-9906,Endoscopy,included,DL/CV em endoscopia com achado do trato GI alto.,PubMed/S2; Scopus/S1,sim
Scopus,S1,Scopus S1 — Principal: IA/DL em endoscopia digestiva alta,Zeng2024391,Construction and verification of intelligent endoscopic image analysis system for monitoring upper gastrointestinal blind spots; [监测上消化道盲区智能内镜影像分析系统的构建及验证],"Zeng, Xiaoquan; Dong, Zehua; Wu, Lianlian; Li, Yanxia; Deng, Yunchao; Yu, Honggang",2024,10.3760/cma.j.cn321463-20230905-00347,Chinese Journal of Digestive Endoscopy,included,Visão computacional/DL aplicada a endoscopia digestiva alta (contexto: dataset/benchmark).,Scopus/S1,sim
Scopus,S1,Scopus S1 — Principal: IA/DL em endoscopia digestiva alta,Lee20233127,Improving Classification Performance in Gastric Disease through Realistic Data Augmentation Technique Based on Poisson Blending,"Lee, Han-sung; Cho, Hyun-chong",2023,10.1007/s42835-023-01543-7,Journal of Electrical Engineering and Technology,included,Visão computacional/DL aplicada a endoscopia digestiva alta (contexto: dataset/benchmark).,Scopus/S1; Web of Science/S1,sim
Scopus,S1,Scopus S1 — Principal: IA/DL em endoscopia digestiva alta,Shi2023,Diagnostic value of artificial intelligence-assisted endoscopy for chronic atrophic gastritis: a systematic review and meta-analysis,"Shi, Yanting; Wei, Ning; Wang, Kunhong; Tao, Tao; Yu, Feng; Lv, Bing",2023,10.3389/fmed.2023.1134980,Frontiers in Medicine,included,DL/CV em endoscopia com achado do trato GI alto.,Scopus/S1,sim
Scopus,S1,Scopus S1 — Principal: IA/DL em endoscopia digestiva alta,Qiu2022,Endoscopic image recognition method of gastric cancer based on deep learning model,"Qiu, Wengang; Xie, Jun; Shen, Yi; Xu, Jiang; Liang, Jun",2022,10.1111/exsy.12758,Expert Systems,included,Visão computacional/DL aplicada a endoscopia digestiva alta.,Scopus/S1; Web of Science/S1,sim
Scopus,S1,Scopus S1 — Principal: IA/DL em endoscopia digestiva alta,Wan2024,Reducing blind spots in esophagogastroduodenoscopy examinations using a novel deep learning model,"Wan, Guangquan; Lian, Guanghui; Yao, Lan",2024,10.1007/s00530-024-01259-2,Multimedia Systems,included,Visão computacional/DL aplicada a endoscopia digestiva alta.,Scopus/S1; Springer Nature Link/S1; Web of Science/S1,sim
Scopus,S1,Scopus S1 — Principal: IA/DL em endoscopia digestiva alta,Zhu2019806,Application of convolutional neural network in the diagnosis of the invasion depth of gastric cancer based on conventional endoscopy,"Zhu, Yan; Wang, Qiu-Cheng; Xu, Mei-Dong; Zhang, Zhen; Cheng, Jing; Zhong, Yun-Shi; Zhang, Yi-Qun; Chen, Wei-Feng; Yao, Li-Qing; Zhou, Ping-Hong; Li, Quan-Lin",2019,10.1016/j.gie.2018.11.011,Gastrointestinal Endoscopy,included,DL/CV em endoscopia com achado do trato GI alto.,PubMed/S2; ScienceDirect/S1; ScienceDirect/S2; Scopus/S1,sim
Scopus,S1,Scopus S1 — Principal: IA/DL em endoscopia digestiva alta,Sun202015812,Non-Local attention and Densely-Connected Convolutional Neural Networks for Malignancy Suspiciousness Classification of Gastric Ulcer,"Sun, Muyi; Liang, Kaiyi; Zhang, Wenbao; Chang, Qing; Zhou, Xiaoguang",2020,10.1109/aCCESS.2020.2967350,IEEE Access,included,Visão computacional/DL aplicada a endoscopia digestiva alta (contexto: dataset/benchmark).,IEEE/S1; IEEE/S2; Scopus/S1; Web of Science/S1; Web of Science/S2,sim
Scopus,S1,Scopus S1 — Principal: IA/DL em endoscopia digestiva alta,Takemoto2023741,Computer-aided demarcation of early gastric cancer: a pilot comparative study with endoscopists,"Takemoto, Satoko; Hori, Keisuke; Yoshimasa, Sakai; Nishimura, Masaomi; Nakajo, Keiichiro; Inaba, Atsushi; Sasabe, Maasa; Aoyama, Naoki; Watanabe, Takashi; Minakata, Nobuhisa; Ikematsu, Hiroaki; Yokota, Hideo; Yano, Tomonori",2023,10.1007/s00535-023-02001-x,Journal of Gastroenterology,included,DL/CV em endoscopia com achado do trato GI alto.,PubMed/S2; Scopus/S1; Springer Nature Link/S1,sim
Scopus,S1,Scopus S1 — Principal: IA/DL em endoscopia digestiva alta,Nakashima2018462,Artificial intelligence diagnosis of helicobacter pylori infection using blue laser imaging-bright and linked color imaging: A single-center prospective study,"Nakashima, Hirotaka; Kawahira, Hiroshi; Kawachi, Hiroshi; Sakaki, Nobuhiro",2018,10.20524/aog.2018.0269,Annals of Gastroenterology,included,Visão computacional/DL aplicada a endoscopia digestiva alta.,PubMed/S2; Scopus/S1; Web of Science/S1,sim
Scopus,S1,Scopus S1 — Principal: IA/DL em endoscopia digestiva alta,Yoon2025594,"A Lesion-Based Attention Mechanism for Real-Time, Lightweight, and Performance-Enhanced Endoscopic Image Analysis","Yoon, Namkyung; Joo, Hyeontae; Kim, Hwangnam",2025,10.1109/AIoT66900.2025.00089,"Proceedings - 2025 IEEE Annual Congress on Artificial Intelligence of Things, AIoT 2025",included,Visão computacional/DL aplicada a endoscopia digestiva alta (contexto: dataset/benchmark).,IEEE/S1; IEEE/S2; IEEE/S3; Scopus/S1,sim
Scopus,S1,Scopus S1 — Principal: IA/DL em endoscopia digestiva alta,Wei2025,Multi-granularity classification of upper gastrointestinal endoscopic images,"Wei, Hua; Yi, Dongyang; Hu, Shuyu; Zhu, Guobin; Ding, Yi; Pang, Minghui",2025,10.1016/j.neucom.2025.129564,Neurocomputing,included,Visão computacional/DL aplicada a endoscopia digestiva alta (contexto: dataset/benchmark).,ScienceDirect/S1; ScienceDirect/S2; ScienceDirect/S3; ScienceDirect/S4; Scopus/S1,sim
Scopus,S1,Scopus S1 — Principal: IA/DL em endoscopia digestiva alta,Zou2024,Development and application of an artificial intelligence-assisted endoscopy system for diagnosis of Helicobacter pylori infection: a multicenter randomized controlled study,"Zou, Pei-Ying; Zhu, Jian-Ru; Zhao, Zhe; Mei, Hao; Zhao, Jing-Tao; Sun, Wen-Jing; Wang, Guo-Hua; Chen, Dong-Feng; Fan, Li-Lin; Lan, Chun-Hui",2024,10.1186/s12876-024-03389-3,BMC Gastroenterology,included,Visão computacional/DL aplicada a endoscopia digestiva alta.,PubMed/S2; Scopus/S1; Springer Nature Link/S1; Springer Nature Link/S2; Web of Science/S1,sim
Scopus,S1,Scopus S1 — Principal: IA/DL em endoscopia digestiva alta,Chen2022,The Accuracy of Artificial Intelligence in the Endoscopic Diagnosis of Early Gastric Cancer: Pooled Analysis Study,"Chen, Pei-Chin; Lu, Yun-Ru; Kang, Yi-No; Chang, Chun-Chao",2022,10.2196/27694,Journal of Medical Internet Research,included,DL/CV em endoscopia com achado do trato GI alto.,Scopus/S1,sim
Scopus,S1,Scopus S1 — Principal: IA/DL em endoscopia digestiva alta,Lee20212015,A Study on Data Augmentation Methods Optimized for Gastric Cancer Classification in Gastroscopy Images,"Lee, Jeong-Nam; Cho, Hyun Chin; Cho, Hyun-Chong",2021,10.5370/KIEE.2021.70.12.2015,Transactions of the Korean Institute of Electrical Engineers,included,Visão computacional/DL aplicada a endoscopia digestiva alta.,Scopus/S1,sim
Scopus,S1,Scopus S1 — Principal: IA/DL em endoscopia digestiva alta,Shiroma2021,Ability of artificial intelligence to detect T1 esophageal squamous cell carcinoma from endoscopic videos and the effects of real-time assistance,"Shiroma, Sho; Yoshio, Toshiyuki; Kato, Yusuke; Horie, Yoshimasa; Namikawa, Ken; Tokai, Yoshitaka; Yoshimizu, Shoichi; Yoshizawa, Natsuko; Horiuchi, Yusuke; Ishiyama, Akiyoshi; Hirasawa, Toshiaki; Tsuchida, Tomohiro; Akazawa, Naoki; Akiyama, Junichi; Tada, Tomohiro; Fujisaki, Junko",2021,10.1038/s41598-021-87405-6,Scientific Reports,included,Visão computacional/DL aplicada a endoscopia digestiva alta.,PubMed/S2; Scopus/S1; Springer Nature Link/S1; Web of Science/S1,sim
Scopus,S1,Scopus S1 — Principal: IA/DL em endoscopia digestiva alta,Chong20221770,A deep learning network based on multi-scale and attention for the diagnosis of chronic atrophic gastritis,"Chong, Yanwen; Xie, Ningdi; Liu, Xin; Zhang, Meng; Huang, Fengxing; Fang, Jun; Wang, Fan; Pan, Shaoming; Nie, Haihang; Zhao, Qiu",2022,10.1055/a-1828-1441,Zeitschrift fur Gastroenterologie,included,Visão computacional/DL aplicada a endoscopia digestiva alta (contexto: dataset/benchmark).,PubMed/S2; Scopus/S1; Web of Science/S1,sim
Scopus,S1,Scopus S1 — Principal: IA/DL em endoscopia digestiva alta,Lee2021102,A New Image Augmentation Method for Improving Computer-aided Diagnosis System Performance,"Lee, Sin-Ae; Cho, Hyun-Chong",2021,10.5370/KIEE.2021.70.1.102,Transactions of the Korean Institute of Electrical Engineers,included,Visão computacional/DL aplicada a endoscopia digestiva alta.,Scopus/S1,sim
Scopus,S1,Scopus S1 — Principal: IA/DL em endoscopia digestiva alta,Wang20196795,Smart connected electronic gastroscope system for gastric cancer screening using multi-column convolutional neural networks,"Wang, Hao; Ding, Shuai; Wu, Desheng; Zhang, Youtao; Yang, Shanlin",2019,10.1080/00207543.2018.1464232,International Journal of Production Research,included,Visão computacional/DL aplicada a endoscopia digestiva alta.,Scopus/S1; Web of Science/S1,sim
Scopus,S2,Scopus S2 — Lesões e alterações gástricas por IA,Chiang2026343,A rural-to-center artificial intelligence model for diagnosing Helicobacter pylori infection and premalignant gastric conditions using endoscopy images captured in routine practice,"Chiang, Tsung-Hsien; Hsu, Yen-Ning; Chen, Min-Han; Chen, Yi-Ru; Cheng, Hsiu-Chi; Chen, Mei-Jin; Lee, Fu-Jen; Chang, Chi-Yang; Chang, Chun-Chao; Bair, Ming-Jong; Liou, Jyh-Ming; Chen, Chiuan-Jung; Chen, Yen-Chung; Chiang, Hung; Shun, Chia-Tung; Liu, Jui-Hsuan; Chiu, Han-Mo; Wu, Ming-Shiang; Yu, Jiun-Yu; Guo, Ruey-Shan; Lin, Jaw-Town; Lee, Yi-Chia; Chen, Chu-Song",2026,,Endoscopy,included,Visão computacional/DL aplicada a endoscopia digestiva alta.,Scopus/S2,sim
Scopus,S2,Scopus S2 — Lesões e alterações gástricas por IA,Al_Hayek2026,Efficacy of artificial intelligence–assisted upper gastrointestinal endoscopy for neoplasm detection: a systematic review and meta-analysis of randomized controlled trials,"Al Hayek, Mohammad; Barberio, Brigida; Al Hayek, Osamah; Rugge, Massimo; Di Pietro, Massimiliano; Nounou, Mohamedhen Vall; Elhadi, Muhammed; Savarino, Edoardo Vincenzo",2026,,Gastrointestinal Endoscopy,included,Visão computacional/DL aplicada a endoscopia digestiva alta (contexto: dataset/benchmark).,Scopus/S2,sim
Scopus,S2,Scopus S2 — Lesões e alterações gástricas por IA,Oh2025,Application of artificial intelligence in the detection of Borrmann type 4 advanced gastric cancer in upper endoscopy (with video),"Oh, Mi Jin; Park, Jinbae; Jeon, Jiwoon; Park, Mina; Kang, Seungkyung; Kim, Su Hyun; Park, Su Hee; Chang, Young Hoon; Shin, Cheol Min; Kang, Seung Joo; Lee, Seunghan; Kim, Sang Gyun; Cho, Soo-Jeong",2025,,Cancer,included,Visão computacional/DL aplicada a endoscopia digestiva alta.,Scopus/S2,sim
Scopus,S2,Scopus S2 — Lesões e alterações gástricas por IA,Sun2022459,Lesion Segmentation in Gastroscopic Images Using Generative Adversarial Networks,"Sun, Yaru; Li, Yunqi; Wang, Pengfei; He, Dongzhi; Wang, Zhiqiang",2022,,Journal of Digital Imaging,included,Visão computacional/DL aplicada a endoscopia digestiva alta.,Scopus/S2,sim
Scopus,S2,Scopus S2 — Lesões e alterações gástricas por IA,Kanesaka2026,Artificial Intelligence for the Detection of Neoplastic Lesions During Upper Gastrointestinal Endoscopy: Diagnostic Performance and Future Directions,"Kanesaka, Takashi",2026,,Digestive Endoscopy,included,"Título/keywords indicam DL/CV em endoscopia digestiva alta ou achado GI, mesmo sem abstract.",Scopus/S2,não
Scopus,S2,Scopus S2 — Lesões e alterações gástricas por IA,Hu20253011,AI-based large-scale screening of gastric cancer from noncontrast CT imaging,"Hu, Can; Xia, Yingda; Zheng, Zhilin; Cao, Mengxuan; Zheng, Guoliang; Chen, Shangqi; Sun, Jiancheng; Chen, Wujie; Zheng, Qi; Pan, Siwei; Zhang, Yanqiang; Chen, Jiahui; Yu, Pengfei; Xu, Jingli; Xu, Jianwei; Qiu, Zhongwei; Lin, Tiancheng; Yun, Boxiang; Yao, Jiawen; Guo, Wenchao; Gao, Chen; Kong, Xianghui; Chen, Keda; Wen, Zhengle; Zhu, Guanxia; Qiao, Jinfang; Pan, Yibo; Li, Huan; Gong, Xijun; Ye, Zaisheng; Ao, Weiqun; Zhang, Lei; Yan, Xing; Tong, Yahan; Yang, Xinxin; Zheng, Xiaozhong; Fan, Shufeng; Cao, Jielu; Yan, Cheng; Xie, Kangjie; Zhang, Shengjie; Wang, Yao; Zheng, Lin; Wu, Yingjie; Ge, Zufeng; Tian, Xiyuan; Zhang, Xin; Wang, Yan; Zhang, Ruolan; Wei, Yizhou; Zhu, Weiwei; Zhang, Jianfeng; Qiu, Hanjun; Su, Miaoguang; Shi, Lei; Xu, Zhiyuan; Zhang, Ling; Cheng, Xiangdong",2025,,Nature Medicine,included,Visão computacional/DL aplicada a endoscopia digestiva alta.,Scopus/S2,sim
Scopus,S2,Scopus S2 — Lesões e alterações gástricas por IA,Pornvoraphat2023,Real-time gastric intestinal metaplasia diagnosis tailored for bias and noisy-labeled data with multiple endoscopic imaging,"Pornvoraphat, Passin; Tiankanon, Kasenee; Pittayanon, Rapat; Sunthornwetchapong, Phanukorn; Vateekul, Peerapon; Rerknimitr, Rungsun",2023,,Computers in Biology and Medicine,included,Visão computacional/DL aplicada a endoscopia digestiva alta (contexto: dataset/benchmark).,Scopus/S2,sim
Scopus,S2,Scopus S2 — Lesões e alterações gástricas por IA,Krenzer2026276,Classification of Gastroscopy Images Under Extreme Class Imbalance: A Deep Learning Pipeline,"Krenzer, Adrian; Friedetzki, Tobias; Dietsch, Max; Puppe, Frank",2026,,Lecture Notes in Computer Science,included,Visão computacional/DL aplicada a endoscopia digestiva alta (contexto: dataset/benchmark).,Scopus/S2; Scopus/S3,sim
Scopus,S2,Scopus S2 — Lesões e alterações gástricas por IA,Fujishiro2026,World Endoscopy Organization Position Statements for Artificial Intelligence in Endoscopic Diagnosis of Gastric Epithelial Neoplasia,"Fujishiro, Mitsuhiro; Kakushima, Naomi; Abe, Seiichiro; Yip, Hon Chi; Liu, Xuemei; Kim, Gwan Ha; Pioche, Mathieu; Cortas, George Adel; Sumiyama, Kazuki; Arantes, Vitor Nunes; Emura, Fabian; Dinis-Ribeiro, Mário",2026,,Digestive Endoscopy,included,Visão computacional/DL aplicada a endoscopia digestiva alta.,Scopus/S2,sim
Scopus,S2,Scopus S2 — Lesões e alterações gástricas por IA,Visaggi20241008,"Artificial Intelligence Tools for the Diagnosis of Eosinophilic Esophagitis in Adults Reporting Dysphagia: Development, External Validation, and Software Creation for Point-of-Care Use","Visaggi, Pierfrancesco; Del Corso, Giulio; Baiano Svizzero, Federica; Ghisa, Matteo; Bardelli, Serena; Venturini, Arianna; Stefani Donati, Delio; Barberio, Brigida; Marciano, Emanuele; Bellini, Massimo; Dunn, Jason; Wong, Terry; de Bortoli, Nicola; Savarino, Edoardo V.; Zeki, Sebastian",2024,,Journal of Allergy and Clinical Immunology: In Practice,included,Visão computacional/DL aplicada a endoscopia digestiva alta.,Scopus/S2,sim
Scopus,S2,Scopus S2 — Lesões e alterações gástricas por IA,Sui2021,Automatic Detection of Gastric Wall Structure Based on Oral Contrast-Enhanced Ultrasound and Its Application on Tumor Screening,"Sui, An; Hu, Zhaoyu; Xie, Xuan; Deng, Yinhui; Wang, Yuanyuan; Yu, Jinhua; Shen, Li",2021,,Frontiers in Oncology,included,Visão computacional/DL aplicada a endoscopia digestiva alta.,Scopus/S2,sim
Scopus,S2,Scopus S2 — Lesões e alterações gástricas por IA,Kim20213543,Usefulness of artificial intelligence in gastric neoplasms,"Kim, Ji Hyun; Nam, Seung-Joo; Park, Sung Chul",2021,,World Journal of Gastroenterology,included,DL/CV em endoscopia com achado do trato GI alto.,Scopus/S2,sim
Scopus,S2,Scopus S2 — Lesões e alterações gástricas por IA,Diao2021,RETRACTED: Dictionary Learning-Based Ultrasound Image Combined with Gastroscope for Diagnosis of Helicobacter pylori-Caused Gastrointestinal Bleeding,"Diao, Yunyun; Zhang, Zhenzhou",2021,,Computational and Mathematical Methods in Medicine,included,Visão computacional/DL aplicada a endoscopia digestiva alta.,Scopus/S2,sim
Scopus,S2,Scopus S2 — Lesões e alterações gástricas por IA,Widya2019,Whole Stomach 3D reconstruction and frame localization from monocular endoscope video,"Widya, Aji Resindra; Monno, Yusuke; Okutomi, Masatoshi; Suzuki, Sho; Gotoda, Takuji; Miki, Kenji",2019,,IEEE Journal of Translational Engineering in Health and Medicine,included,Visão computacional/DL aplicada a endoscopia digestiva alta.,Scopus/S2,sim
Scopus,S2,Scopus S2 — Lesões e alterações gástricas por IA,Yashima20231,Current status and future perspective of linked color imaging for gastric cancer screening: a literature review,"Yashima, Kazuo; Onoyama, Takumi; Kurumi, Hiroki; Takeda, Yohei; Yoshida, Akira; Kawaguchi, Koichiro; Yamaguchi, Naoyuki; Isomoto, Hajime",2023,,Journal of Gastroenterology,included,Visão computacional/DL aplicada a endoscopia digestiva alta.,Scopus/S2,sim
Scopus,S2,Scopus S2 — Lesões e alterações gástricas por IA,Gu2025789,Development and validation of a recognition and classification system for portal hypertensive gastropathy based on deep learning; [基于深度学习的门静脉高压性胃病识别与分级系统的开发与验证],"Gu, Haowen; Yang, Jie; Xiao, Yong; Wan, Xinyue; Hu, Wei; Xie, Xianmu; Huang, Dingpeng; Yao, Chengming; Shi, Xinliang; Liu, Shiqian; Huang, Li; Zhang, Chi; Zheng, Biqing; Chen, Mingkai",2025,,Chinese Journal of Digestive Endoscopy,included,Visão computacional/DL aplicada a endoscopia digestiva alta (contexto: dataset/benchmark).,Scopus/S2,sim
Scopus,S2,Scopus S2 — Lesões e alterações gástricas por IA,Jiayi2021796,Clinical significance of the deep learning algorithm based on contrast ⁃ enhanced CT in the differential diagnosis of gastric gastrointestinal stromal tumors with a diameter ≤ 5 cm; [基于增强CT的深度学习算法对直径≤5 cm 胃的胃肠间质瘤鉴别诊断临床意义],"Jiayi, Gu; Haoting, Shi; Linxi, Yang; Yiqing, Shen; Zixin, Wang; Qi, Feng; Ming, Wang; Hui, Cao",2021,,Chinese Journal of Gastrointestinal Surgery / Zhonghua Wei Chang Wai Ke Za Zhi,included,Visão computacional/DL aplicada a endoscopia digestiva alta.,Scopus/S2,sim
Scopus,S2,Scopus S2 — Lesões e alterações gástricas por IA,Zhang2022,Automated Disease Detection in Gastroscopy Videos Using Convolutional Neural Networks,"Zhang, Chenxi; Xiong, Zinan; Chen, Shuijiao; Ding, Alex; Cao, Yu; Liu, Benyuan; Liu, Xiaowei",2022,,Frontiers in Medicine,included,Visão computacional/DL aplicada a endoscopia digestiva alta.,Scopus/S2,sim
Scopus,S2,Scopus S2 — Lesões e alterações gástricas por IA,Liu2016281,Identification of lesion images from gastrointestinal endoscope based on feature extraction of combinational methods with and without learning process,"Liu, Ding-Yun; Gan, Tao; Rao, Ni-Ni; Xing, Yao-Wen; Zheng, Jie; Li, Sang; Luo, Cheng-Si; Zhou, Zhong-Jun; Wan, Yong-Li",2016,,Medical Image Analysis,included,Visão computacional/DL aplicada a endoscopia digestiva alta.,Scopus/S2,sim
Scopus,S2,Scopus S2 — Lesões e alterações gástricas por IA,Yoshii202074,Validity of endoscopic features for the diagnosis of Helicobacter pylori infection status based on the Kyoto classification of gastritis,"Yoshii, Shinji; Mabe, Katsuhiro; Watano, Keiko; Ohno, Masayoshi; Matsumoto, Mio; Ono, Shoko; Kudo, Takahiko; Nojima, Masanori; Kato, Mototsugu; Sakamoto, Naoya",2020,,Digestive Endoscopy,included,Visão computacional/DL aplicada a endoscopia digestiva alta.,Scopus/S2; Scopus/S3,sim
Scopus,S2,Scopus S2 — Lesões e alterações gástricas por IA,Mandin20241099,Artificial intelligence-guided magnetic gastric capsule video: the end of conventional gastroscopy?; [La vidéo-capsule gastrique à commande magnétique guidée par intelligence artificielle: la fin de la gastroscopie conventionnelle ?],"Mandin, Lilas; Khediri, Nesrine; Archambeaud, Isabelle; Bourreille, Arnaud; Chapelle, Nicolas; Matysiak-Budnik, Tamara; Coron, Emmanuel",2024,,Hepato-Gastro et Oncologie Digestive,included,Visão computacional/DL aplicada a endoscopia digestiva alta.,Scopus/S2,sim
Scopus,S2,Scopus S2 — Lesões e alterações gástricas por IA,Ma2023,Construction of Tongue Image-Based Machine Learning Model for Screening Patients with Gastric Precancerous Lesions,"Ma, Changzheng; Zhang, Peng; Du, Shiyu; Li, Yan; Li, Shao",2023,,Journal of Personalized Medicine,included,Visão computacional/DL aplicada a endoscopia digestiva alta.,Scopus/S2,sim
Scopus,S2,Scopus S2 — Lesões e alterações gástricas por IA,Junjun2023,Construction of gastroscope image recognition model and diagnosis system based on artificial intelligence technology,"Junjun, Huang; Yujie, Jiang",2023,,Proceedings of SPIE - The International Society for Optical Engineering,included,Visão computacional/DL aplicada a endoscopia digestiva alta.,Scopus/S2,sim
Scopus,S2,Scopus S2 — Lesões e alterações gástricas por IA,Van_Der_Stap201681,A real-time target tracking algorithm for a robotic flexible endoscopy platform,"Van Der Stap, Nanda; Voskuilen, Luuk; De Jong, Guido; Pullens, Hendrikus J. M.; Schwartz, Matthijs P.; Broeders, Ivo; Van Der Heijden, Ferdi",2016,,Lecture Notes in Computer Science (including subseries Lecture Notes in Artificial Intelligence and Lecture Notes in Bioinformatics),included,Visão computacional/DL aplicada a endoscopia digestiva alta.,Scopus/S2,sim
Scopus,S2,Scopus S2 — Lesões e alterações gástricas por IA,Zeng2025596,Construction and validation of an artificial intelligence system based on multi-feature integration for diagnosing gastric whitish neoplastic lesions; [基于多特征拟合诊断胃褪色调肿瘤性病变的人工智能系统的构建和验证],"Zeng, Xiaoquan; Dong, Zehua; Li, Yanxia; Deng, Yunchao; Yu, Honggang; Chen, Mingkai",2025,,Chinese Journal of Digestive Endoscopy,included,Visão computacional/DL aplicada a endoscopia digestiva alta (contexto: dataset/benchmark).,Scopus/S2,sim
Scopus,S2,Scopus S2 — Lesões e alterações gástricas por IA,Lee2024,Gastro-BaseNet: A Specialized Pre-Trained Model for Enhanced Gastroscopic Data Classification and Diagnosis of Gastric Cancer and Ulcer,"Lee, Gi Pyo; Kim, Young Jae; Park, Dong Kyun; Kim, Yoon Jae; Han, Su Kyeong; Kim, Kwang Gi",2024,,Diagnostics,included,Visão computacional/DL aplicada a endoscopia digestiva alta.,Scopus/S2,sim
Scopus,S2,Scopus S2 — Lesões e alterações gástricas por IA,Mushtaq2023866,An automatic gastric polyp detection technique using deep learning,"Mushtaq, Dania; Madni, Tahir Mustafa; Janjua, Uzair Iqbal; Anwar, Fozia; Kakakhail, Ahmad",2023,,International Journal of Imaging Systems and Technology,included,Visão computacional/DL aplicada a endoscopia digestiva alta.,Scopus/S2; Scopus/S3,sim
Scopus,S2,Scopus S2 — Lesões e alterações gástricas por IA,Ma2025,Artificial intelligence-aided optical biopsy improves the diagnosis of esophageal squamous neoplasm,"Ma, Tian; Liu, Guan-Qun; Guo, Jing; Ji, Rui; Shao, Xue-Jun; Li, Yan-Qing; Li, Zhen; Zuo, Xiu-Li",2025,,World Journal of Gastroenterology,included,Visão computacional/DL aplicada a endoscopia digestiva alta.,Scopus/S2,sim
Scopus,S2,Scopus S2 — Lesões e alterações gástricas por IA,Cao2021852,An Efficient Approach for Gastric Polyps Detection Based on Improved SSD,"Cao, Chanting; Yu, Yao; Xie, Yun; Sun, Changyin",2021,,"Proceeding - 2021 China Automation Congress, CAC 2021",included,Visão computacional/DL aplicada a endoscopia digestiva alta (contexto: dataset/benchmark).,Scopus/S2; Scopus/S3,sim
Scopus,S2,Scopus S2 — Lesões e alterações gástricas por IA,Rey2025797,Magnetically guided gastric capsule endoscopy: a review and new developments,"Rey, Jean-Francois",2025,,Clinical Endoscopy,included,Visão computacional/DL aplicada a endoscopia digestiva alta.,Scopus/S2,sim
Scopus,S2,Scopus S2 — Lesões e alterações gástricas por IA,Shah2025405,AGA Clinical Practice Update on Screening and Surveillance in Individuals at Increased Risk for Gastric Cancer in the United States: Expert Review,"Shah, Shailja C.; Wang, Andrew Y.; Wallace, Michael B.; Hwang, Joo Ha",2025,,Gastroenterology,included,Visão computacional/DL aplicada a endoscopia digestiva alta (contexto: dataset/benchmark).,Scopus/S2,sim
Scopus,S2,Scopus S2 — Lesões e alterações gástricas por IA,Wang2018198,Deep learning–based endoscopic image recognition for detection of early gastric cancer: a Chinese perspective,"Wang, Zhijie; Meng, Qianqian; Wang, Shuling; Li, Zhaoshen; Bai, Yu; Wang, Dong",2018,,Gastrointestinal Endoscopy,included,"Título/keywords indicam DL/CV em endoscopia digestiva alta ou achado GI, mesmo sem abstract.",Scopus/S2,não
Scopus,S2,Scopus S2 — Lesões e alterações gástricas por IA,Wu2021536,GCdiscrimination: Identification of gastric cancer based on a milliliter of blood,"Wu, Jiangpeng; Yang, Yifan; Cheng, Long; Wu, Jing; Xi, Lili; Ma, Ying; Zhang, Pengyi; Xu, Xiaoying; Zhang, Dekui; Li, Shuyan",2021,,Briefings in Bioinformatics,included,Visão computacional/DL aplicada a endoscopia digestiva alta.,Scopus/S2,sim
Scopus,S2,Scopus S2 — Lesões e alterações gástricas por IA,Matsuda2025322,Detection of pathologic complete response using deep neural network-based endoscopic evaluation in patients with esophageal cancer receiving neoadjuvant chemotherapy: a nationwide multicenter retrospective study from 46 Japanese esophageal centers,"Matsuda, Satoru; Irino, Tomoyuki; Kitagawa, Yuko; Okamura, Akihiko; Mayanagi, Shuhei; Booka, Eisuke; Takeuchi, Masashi; Kitadani, Junya; Kanda, Mitsuro; Abe, Tetsuya; Bamba, Takeo; Iwatsuki, Masaaki; Kagaya, Takehiro; Kurogochi, Takanori; Tsubosa, Yasuhiro; Kawakubo, Hirofumi; Kakeji, Yoshihiro; Kono, Koji; Watanabe, Masayuki; Takeuchi, Hiroya",2025,,Esophagus,included,Visão computacional/DL aplicada a endoscopia digestiva alta.,Scopus/S2,sim
Scopus,S2,Scopus S2 — Lesões e alterações gástricas por IA,Higuchi20261006,Real-time Use of Computer-aided Diagnosis in the Optical Diagnosis of Gastric Neoplasia: A Multicenter Randomized Controlled Trial,"Higuchi, Kazutoshi; Kaise, Mitsuru; Fujimoto, Ai; Akimoto, Teppei; Ikeya, Takashi; Fukuzawa, Masakatsu; Yokoi, Chizu; Iizuka, Toshiro; Noda, Hiroto; Ishizuka, Naoki; Kirita, Kumiko; Goto, Osamu; Iwakiri, Katsuhiko",2026,,Clinical Gastroenterology and Hepatology,included,Visão computacional/DL aplicada a endoscopia digestiva alta.,Scopus/S2,sim
Scopus,S2,Scopus S2 — Lesões e alterações gástricas por IA,Huang2023,A masked graph neural network model for real-time gastric polyp detection in Healthcare 4.0,"Huang, Junjun; Saw, Shier Nee; He, Tianran; Feng, Wei; Loo, Chu Kiong",2023,,Journal of Industrial Information Integration,included,Visão computacional/DL aplicada a endoscopia digestiva alta (contexto: dataset/benchmark).,Scopus/S2; Scopus/S3,sim
Scopus,S2,Scopus S2 — Lesões e alterações gástricas por IA,Parkash2024665,Use of artificial intelligence for the detection of Helicobacter pylori infection from upper gastrointestinal endoscopy images: an updated systematic review and meta-analysis,"Parkash, Om; Lal, Abhishek; Subash, Tushar; Sultan, Ujala; Tahir, Hasan Nawaz; Hoodbhoy, Zahra; Sundar, Shiyam; Das, Jai Kumar",2024,,Annals of Gastroenterology,included,Visão computacional/DL aplicada a endoscopia digestiva alta (contexto: dataset/benchmark).,Scopus/S2,sim
Scopus,S2,Scopus S2 — Lesões e alterações gástricas por IA,Hong2025624,Artificial intelligence for early gastric cancer boundary recognition in NBI and nF-NBI endoscopic images,"Hong, Kaicheng; Lei, Changda; Kan, Xiuji; Ouyang, Yifan; Mei, Yutong; Guo, Yunbo; Wang, Bilin; Zhang, Deqing; Li, Junbo; Li, Rui; Tang, Yuguo",2025,,Scandinavian Journal of Gastroenterology,included,Visão computacional/DL aplicada a endoscopia digestiva alta.,Scopus/S2,sim
Scopus,S2,Scopus S2 — Lesões e alterações gástricas por IA,Li20246692,Multi-omics Combined with Machine Learning Facilitating the Diagnosis of Gastric Cancer,"Li, Jie; Xu, Siyi; Zhu, Feng; Shen, Fei; Zhang, Tianyi; Wan, Xin; Gong, Saisai; Liang, Geyu; Zhou, Yonglin",2024,,Current Medicinal Chemistry,included,Visão computacional/DL aplicada a endoscopia digestiva alta.,Scopus/S2,sim
Scopus,S2,Scopus S2 — Lesões e alterações gástricas por IA,Zhang2023,An explainable artificial intelligence system for diagnosing Helicobacter Pylori infection under endoscopy: a case–control study,"Zhang, Mengjiao; Pan, Jie; Lin, Jiejun; Xu, Ming; Zhang, Lihui; Shang, Renduo; Yao, Liwen; Li, Yanxia; Zhou, Wei; Deng, Yunchao; Dong, Zehua; Zhu, Yijie; Tao, Xiao; Wu, Lianlian; Yu, Honggang",2023,,Therapeutic Advances in Gastroenterology,included,Visão computacional/DL aplicada a endoscopia digestiva alta.,Scopus/S2,sim
Scopus,S2,Scopus S2 — Lesões e alterações gástricas por IA,Zhang2025,Machine learning-based reconstruction of prognostic staging for gastric cancer patients with different differentiation grades: A multicenter retrospective study,"Zhang, Yong-Le; Song, Hai-Bin; Xue, Ying-Wei",2025,,World Journal of Gastroenterology,included,Visão computacional/DL aplicada a endoscopia digestiva alta (contexto: dataset/benchmark).,Scopus/S2,sim
Scopus,S2,Scopus S2 — Lesões e alterações gástricas por IA,Sy-Janairo202447,Non-endoscopic Applications of Machine Learning in Gastric Cancer: A Systematic Review,"Sy-Janairo, Marianne Linley L.; Janairo, Jose Isagani B.",2024,,Journal of Gastrointestinal Cancer,included,Visão computacional/DL aplicada a endoscopia digestiva alta (contexto: dataset/benchmark).,Scopus/S2,sim
Scopus,S2,Scopus S2 — Lesões e alterações gástricas por IA,Fan2022,RETRACTED: Ultrasound Image-Guided Nerve Block Combined with General Anesthesia under an Artificial Intelligence Algorithm on Patients Undergoing Radical Gastrectomy for Gastric Cancer during and after Operation,"Fan, Wanqiu; Yang, Liuyingzi; Li, Jing; Dong, Biqian",2022,,Computational and Mathematical Methods in Medicine,included,Visão computacional/DL aplicada a endoscopia digestiva alta.,Scopus/S2,sim
Scopus,S2,Scopus S2 — Lesões e alterações gástricas por IA,Fei2024529,Noninvasive Gastric Cancer Screening Based on Urinary Volatolomics and Machine Learning; [基于机器学习的尿液挥发组学分析用于胃癌的非侵入性筛查],"Fei, Wenyan; Sha, Tao; Zhao, Yun",2024,,Chinese Journal of Gastroenterology,included,Visão computacional/DL aplicada a endoscopia digestiva alta.,Scopus/S2,sim
Scopus,S2,Scopus S2 — Lesões e alterações gástricas por IA,Yao2022,Construction and Multicenter Diagnostic Verification of Intelligent Recognition System for Endoscopic Images From Early Gastric Cancer Based on YOLO-V3 Algorithm,"Yao, Zhendong; Jin, Tao; Mao, Boneng; Lu, Bo; Zhang, Yefei; Li, Sisi; Chen, Weichang",2022,,Frontiers in Oncology,included,Visão computacional/DL aplicada a endoscopia digestiva alta.,Scopus/S2,sim
Scopus,S2,Scopus S2 — Lesões e alterações gástricas por IA,Minoda2026,Endoscopic Diagnosis of Gastric Subepithelial Lesions < 20 mm: Current Strategies and Emerging Solutions,"Minoda, Yosuke; Nagatomo, Shuzaburo; Ogino, Haruei; Fujimori, Nao; Ihara, Eikichi",2026,,Digestive Endoscopy,included,Visão computacional/DL aplicada a endoscopia digestiva alta.,Scopus/S2,sim
Scopus,S2,Scopus S2 — Lesões e alterações gástricas por IA,Goto2022321,Advancements in the Diagnosis of Gastric Subepithelial Tumors,"Goto, Osamu; Kaise, Mitsuru; Iwakiri, Katsuhiko",2022,,Gut and Liver,included,Visão computacional/DL aplicada a endoscopia digestiva alta.,Scopus/S2,sim
Scopus,S2,Scopus S2 — Lesões e alterações gástricas por IA,Tontini2021,Artificial intelligence in gastrointestinal endoscopy for inflammatory bowel disease: a systematic review and new horizons,"Tontini, Gian Eugenio; Rimondi, Alessandro; Vernero, Marta; Neumann, Helmut; Vecchi, Maurizio; Bezzio, Cristina; Cavallaro, Flaminia",2021,,Therapeutic Advances in Gastroenterology,included,Visão computacional/DL aplicada a endoscopia digestiva alta.,Scopus/S2,sim
Scopus,S2,Scopus S2 — Lesões e alterações gástricas por IA,Liu20201715,The prescreening tool for gastric cancer in China,"Liu, Kecheng; Qin, Mengbin; Huang, Jiean",2020,,Gut,included,"Título/keywords indicam DL/CV em endoscopia digestiva alta ou achado GI, mesmo sem abstract.",Scopus/S2,não
Scopus,S2,Scopus S2 — Lesões e alterações gástricas por IA,Yuan2024418,Application of MRI-based Deep Learning Models in Gastric Cancer,"Yuan, Letian",2024,,ACM International Conference Proceeding Series,included,Visão computacional/DL aplicada a endoscopia digestiva alta.,Scopus/S2,sim
Scopus,S2,Scopus S2 — Lesões e alterações gástricas por IA,Oura2022392,Development and evaluation of a double-check support system using artificial intelligence in endoscopic screening for gastric cancer,"Oura, Hirotaka; Matsumura, Tomoaki; Fujie, Mai; Ishikawa, Tsubasa; Nagashima, Ariki; Shiratori, Wataru; Tokunaga, Mamoru; Kaneko, Tatsuya; Imai, Yushi; Oike, Tsubasa; Yokoyama, Yuya; Akizue, Naoki; Ota, Yuki; Okimoto, Kenichiro; Arai, Makoto; Nakagawa, Yuki; Inada, Mari; Yamaguchi, Kazuya; Kato, Jun; Kato, Naoya",2022,,Gastric Cancer,included,Visão computacional/DL aplicada a endoscopia digestiva alta (contexto: dataset/benchmark).,Scopus/S2,sim
Scopus,S2,Scopus S2 — Lesões e alterações gástricas por IA,Liu2025,Deep learning-aided optical biopsy achieves whole-chain diagnosis of Correa cascade of gastric cancer: a prospective study,"Liu, Guanqun; Li, Guangchao; Li, Zhen; Shao, Xuejun; Ji, Rui; Ma, Tian; Zhang, Yan; Su, Jingran; Qi, Qingqing; Guo, Jing; He, Yishan; Yang, Xiaoxiao; Li, Yanqing; Zuo, Xiuli",2025,,BMC Medicine,included,Visão computacional/DL aplicada a endoscopia digestiva alta.,Scopus/S2,sim
Scopus,S2,Scopus S2 — Lesões e alterações gástricas por IA,Durak20211563,Deep neural network approaches for detecting gastric polyps in endoscopic images,"Durak, Serdar; Bayram, Bülent; Bakırman, Tolga; Erkut, Murat; Doğan, Metehan; Gürtürk, Mert; Akpınar, Burak",2021,,Medical and Biological Engineering and Computing,included,Visão computacional/DL aplicada a endoscopia digestiva alta (contexto: dataset/benchmark).,Scopus/S2; Scopus/S3,sim
Scopus,S2,Scopus S2 — Lesões e alterações gástricas por IA,Osawa2026,"Real-World Evaluation of an AI-Assisted Diagnostic Support System for Early Gastric Cancer: Diagnostic Performance, Confidence Stratification, and Determinants of False-Positive Diagnosis","Osawa, Satoshi; Yamada, Takanori; Inui, Wataru; Niwa, Tomoyuki; Takahashi, Kenichi; Egami, Takatoshi; Inagaki, Keisuke; Takebe, Tomohiro; Ito, Tatsuhiro; Takahashi, Satoru; Onoue, Shunya; Asai, Yusuke; Sugiura, Kiichi; Matsuura, Tomoharu; Ishida, Natsuki; Yamade, Mihoko; Iwaizumi, Moriya; Hamaya, Yasushi; Sugimoto, Ken",2026,,Journal of Clinical Medicine,included,Visão computacional/DL aplicada a endoscopia digestiva alta.,Scopus/S2,sim
Scopus,S2,Scopus S2 — Lesões e alterações gástricas por IA,Visaggi2021,Modern diagnosis of early esophageal cancer: From blood biomarkers to advanced endoscopy and artificial intelligence,"Visaggi, Pierfrancesco; Barberio, Brigida; Ghisa, Matteo; Ribolsi, Mentore; Savarino, Vincenzo; Fassan, Matteo; Valmasoni, Michele; Marchi, Santino; de Bortoli, Nicola; Savarino, Edoardo",2021,,Cancers,included,Visão computacional/DL aplicada a endoscopia digestiva alta.,Scopus/S2,sim
Scopus,S2,Scopus S2 — Lesões e alterações gástricas por IA,Park2021719,A prospective validation and observer performance study of a deep learning algorithm for pathologic diagnosis of gastric tumors in endoscopic biopsies,"Park, Jeonghyuk; Jang, Bo Gun; Kim, Yeong Won; Park, Hyunho; Kim, Baek-Hui; Kim, Myeung Ju; Ko, Hyungsuk; Gwak, Jae Moon; Lee, Eun Ji; Chung, Yul Ri; Kim, Kyungdoc; Myung, Jae Kyung; Park, Jeong Hwan; Choi, Dong Youl; Jung, Chang Won; Park, Bong-Hee; Jung, Kyu-Hwan; Kim, Dong-Il",2021,,Clinical Cancer Research,included,Visão computacional/DL aplicada a endoscopia digestiva alta.,Scopus/S2,sim
Scopus,S2,Scopus S2 — Lesões e alterações gástricas por IA,Li2024652,Triangular pulley traction facilitates endoscopic full-thickness resection of exogenous gastric tumor in the fornix of the stomach,"Li, Yan-Mei; Zhou, Xiang-Rong; Du, Zhi-Qiang; Wang, Wei; Liu, Wei-Hui",2024,,Revista Espanola de Enfermedades Digestivas,included,"Título/keywords indicam DL/CV em endoscopia digestiva alta ou achado GI, mesmo sem abstract.",Scopus/S2,não
Scopus,S2,Scopus S2 — Lesões e alterações gástricas por IA,Chen20251101,Enhancing radiotherapy for gastric cancer: A systematic review on the role of predictive models in clinical decision-making,"Chen, Sh.; Wei, Sh.; Wang, Y.; Chen, L.; Lin, Zhitao",2025,,International Journal of Radiation Research,included,Visão computacional/DL aplicada a endoscopia digestiva alta (contexto: dataset/benchmark).,Scopus/S2,sim
Scopus,S2,Scopus S2 — Lesões e alterações gástricas por IA,Mengjiao2023372,Application of an artificial intelligence⁃assisted endoscopic diagnosis system to the detection of focal gastric lesions (with video); [内镜人工智能诊断辅助系统对胃局灶性病变检出的应用（含视频）],"Mengjiao, Zhang; Ming, Xu; Lianlian, Wu; Junxiao, Wang; Zehua, Dong; Yijie, Zhu; Xinqi, He; Xiao, Tao; Hongliu, Du; Chenxia, Zhang; Yutong, Bai; Renduo, Shang; Hao, Li; Hao, Kuang; Shan, Hu; Honggang, Yu",2023,,Chinese Journal of Digestive Endoscopy,included,Visão computacional/DL aplicada a endoscopia digestiva alta.,Scopus/S2,sim
Scopus,S2,Scopus S2 — Lesões e alterações gástricas por IA,Ramamoorthy2024258,Early Cancer Diagnosis and Ulcer Classifications in Endoscopy Videos Using Deep Learning Approach,"Ramamoorthy, M.; Gnanajeyaraman, R.; Carmel Mary Belinda, M.J.; Manimaran, A.; Kannan, K. Nattar; Thangarasu, Gunasekar",2024,,"2024 6th IEEE Symposium on Computers and Informatics, ISCI 2024",included,Visão computacional/DL aplicada a endoscopia digestiva alta.,Scopus/S2,sim
Scopus,S2,Scopus S2 — Lesões e alterações gástricas por IA,Tokat2022395,Artificial Intelligence in Upper Gastrointestinal Endoscopy,"Tokat, Meltem; Van Tilburg, Laurelle; Koch, Arjun D.; Spaander, Manon C.W.",2022,,Digestive Diseases,included,Visão computacional/DL aplicada a endoscopia digestiva alta.,Scopus/S2,sim
Scopus,S2,Scopus S2 — Lesões e alterações gástricas por IA,Quek20231587,Comparing artificial intelligence to humans for endoscopic diagnosis of gastric neoplasia: An external validation study,"Quek, Sabrina Xin Zi; Lee, Jonathan W. J.; Feng, Zhu; Soh, Min Min; Tokano, Masayuki; Guan, Yeoh Khay; So, Jimmy B. Y.; Tada, Tomohiro; Koh, Calvin J.",2023,,Journal of Gastroenterology and Hepatology (Australia),included,Visão computacional/DL aplicada a endoscopia digestiva alta.,Scopus/S2,sim
Scopus,S2,Scopus S2 — Lesões e alterações gástricas por IA,Zhang20245,Current status of quality control in screening esophagogastroduodenoscopy and the emerging role of artificial intelligence,"Zhang, Lihui; Yao, Liwen; Lu, Zihua; Yu, Honggang",2024,,Digestive Endoscopy,included,Visão computacional/DL aplicada a endoscopia digestiva alta.,Scopus/S2,sim
Scopus,S2,Scopus S2 — Lesões e alterações gástricas por IA,Everson2019297,Artificial intelligence for the real-time classification of intrapapillary capillary loop patterns in the endoscopic diagnosis of early oesophageal squamous cell carcinoma: A proof-of-concept study,"Everson, M.; Herrera, L.C.G.P.; Li, W.; Luengo, I Muntion; Ahmad, O.; Banks, M.; Magee, C.; Alzoubaidi, D.; Hsu, H.M.; Graham, D.; Vercauteren, T.; Lovat, L.; Ourselin, S.; Kashin, S.; Wang, Hsiu-Po; Wang, Wen-Lun; Haidry, R.J.",2019,,United European Gastroenterology Journal,included,Visão computacional/DL aplicada a endoscopia digestiva alta.,Scopus/S2,sim
Scopus,S2,Scopus S2 — Lesões e alterações gástricas por IA,Li2020298,Research Progress in Application of Artificial Intelligence in Diagnosis of Upper Digestive Tract Diseases; [人工智能在上消化道疾病诊断中应用的研究进展],"Li, Yandong; Wang, Shi",2020,,Chinese Journal of Gastroenterology,included,Visão computacional/DL aplicada a endoscopia digestiva alta.,Scopus/S2,sim
Scopus,S2,Scopus S2 — Lesões e alterações gástricas por IA,Zhang2020566,Diagnosing chronic atrophic gastritis by gastroscopy using artificial intelligence,"Zhang, Yaqiong; Li, Fengxia; Yuan, Fuqiang; Zhang, Kai; Huo, Lijuan; Dong, Zichen; Lang, Yiming; Zhang, Yapeng; Wang, Meihong; Gao, Zenghui; Qin, Zhenzhen; Shen, Leixue",2020,,Digestive and Liver Disease,included,Visão computacional/DL aplicada a endoscopia digestiva alta (contexto: dataset/benchmark).,Scopus/S2,sim
Scopus,S2,Scopus S2 — Lesões e alterações gástricas por IA,Wang2022,Automatic classification of gastric lesions in gastroscopic images using a lightweight deep learning model with attention mechanism and cost-sensitive learning,"Wang, Lingxiao; Yang, Yingyun; Li, Jingyang; Tian, Wei; He, Kun; Xu, Tianming; Fang, Zhaohui; Yang, Aiming; Li, Ting",2022,,Frontiers in Physics,included,Visão computacional/DL aplicada a endoscopia digestiva alta (contexto: dataset/benchmark).,Scopus/S2,sim
Scopus,S2,Scopus S2 — Lesões e alterações gástricas por IA,He2025,A unified framework harnessing multi-scale feature ensemble and attention mechanism for gastric polyp and protrusion identification in gastroscope imaging,"He, Chunyou; Zhang, Jingda; Liang, Yunxiao; Li, Hao",2025,,Scientific Reports,included,Visão computacional/DL aplicada a endoscopia digestiva alta (contexto: dataset/benchmark).,Scopus/S2; Scopus/S3,sim
Scopus,S2,Scopus S2 — Lesões e alterações gástricas por IA,An2024173,Application value of an artificial intelligence-based diagnosis and recognition system in gastroscopy training for graduate students in gastroenterology: a preliminary study,"An, Peng; Wang, Zhongqiu",2024,,Wiener Medizinische Wochenschrift,included,Visão computacional/DL aplicada a endoscopia digestiva alta.,Scopus/S2; Scopus/S3,sim
Scopus,S2,Scopus S2 — Lesões e alterações gástricas por IA,Bravo2023,Automatic Classification of Esophagogastroduodenoscopy Sub-Anatomical Regions,"Bravo, Diego; Ruano, Josue; Jaramillo, Maria; Gallego, Daniel; Gomez, Martin; Gonzalez, Fabio A.; Romero, Eduardo",2023,,Proceedings - International Symposium on Biomedical Imaging,included,Visão computacional/DL aplicada a endoscopia digestiva alta (contexto: dataset/benchmark).,Scopus/S2,sim
Scopus,S2,Scopus S2 — Lesões e alterações gástricas por IA,Luo2025481,A deep-learning based system for diagnosing multitype gastric lesions under white-light endoscopy,"Luo, Qi; Yuan, Xianglei; Liu, Wei; Chen, Ou; Wu, Jiong; Hu, Bing",2025,,Chinese Medical Journal,included,"Título/keywords indicam DL/CV em endoscopia digestiva alta ou achado GI, mesmo sem abstract.",Scopus/S2,não
Scopus,S2,Scopus S2 — Lesões e alterações gástricas por IA,Yard_mc_2020515,Tubular gastric adenocarcinoma: Machine learning-based ct texture analysis for predicting lymphovascular and perineural invasion,"Yardımcı, Aytül Hande; Koçak, Burak; Bektaş, Ceyda Turan; Sel, İpek; Yarıkkaya, Enver; Dursun, Nevra; Bektaş, Hasan; Afşar, Çiğdem Usul; Gürsu, Rıza Umar; Kılıçkesmez, Özgür",2020,,Diagnostic and Interventional Radiology,included,Visão computacional/DL aplicada a endoscopia digestiva alta.,Scopus/S2,sim
Scopus,S2,Scopus S2 — Lesões e alterações gástricas por IA,Hiramatsu2025787,Recent advancement in endoscopic diagnosis for risk stratification of gastric cancer,"Hiramatsu, Takuma; Kakushima, Naomi; Kuribara, Hikaru; Miyata, Ryohei; Nakagawa, Hideki; Hisada, Hiroyuki; Kubota, Dai; Miura, Yuko; Mizutani, Hiroya; Ohki, Daisuke; Takeuchi, Chihiro; Yakabi, Seiichi; Tsuji, Yosuke; Yamamichi, Nobutake; Fujishiro, Mitsuhiro",2025,,Clinical Endoscopy,included,Visão computacional/DL aplicada a endoscopia digestiva alta.,Scopus/S2,sim
Scopus,S2,Scopus S2 — Lesões e alterações gástricas por IA,Wu20211735,Application of artificial intelligence technology based on convolutional neural network in early gastric cancer recognition; [基于卷积神经网络的人工智能技术在早期胃癌识别中的应用],"Wu, Hongbo; Yao, Xingyu; Zeng, Lisha; Huang, Fang; Chen, Lei",2021,,Journal of Third Military Medical University,included,Visão computacional/DL aplicada a endoscopia digestiva alta (contexto: dataset/benchmark).,Scopus/S2; Scopus/S3,sim
Scopus,S2,Scopus S2 — Lesões e alterações gástricas por IA,Xiang2023,Volatolomics analysis of exhaled breath and gastric-endoluminal gas for distinguishing early upper gastrointestinal cancer from benign,"Xiang, Chengfang; Yang, Hang; Zhao, Zhongjun; Deng, Fulong; Lv, Yantong; Yang, Yanting; Duan, Yixiang; Li, Wenwen; Hu, Bing",2023,,Journal of Breath Research,included,Visão computacional/DL aplicada a endoscopia digestiva alta.,Scopus/S2,sim
Scopus,S2,Scopus S2 — Lesões e alterações gástricas por IA,Pan2022E622,Real-time identification of gastric lesions and anatomical landmarks by artificial intelligence during magnetically controlled capsule endoscopy,"Pan, Jun; Xia, Ji; Jiang, Bin; Zhang, Hang; Zhang, Hao; Li, Zhao-Shen; Liao, Zhuan",2022,,Endoscopy,included,"Título/keywords indicam DL/CV em endoscopia digestiva alta ou achado GI, mesmo sem abstract.",Scopus/S2,não
Scopus,S2,Scopus S2 — Lesões e alterações gástricas por IA,Miura2023186,Recent Progress of Image-Enhanced Endoscopy for Upper Gastrointestinal Neoplasia and Associated Lesions,"Miura, Yoshimasa; Osawa, Hiroyuki; Sugano, Kentaro",2023,,Digestive Diseases,included,Visão computacional/DL aplicada a endoscopia digestiva alta.,Scopus/S2,sim
Scopus,S2,Scopus S2 — Lesões e alterações gástricas por IA,Sakai20184138,Automatic detection of early gastric cancer in endoscopic images using a transferring convolutional neural network,"Sakai, Y.; Takemoto, S.; Hori, K.; Nishimura, M.; Ikematsu, H.; Yano, T.; Yokota, H.",2018,,"Proceedings of the Annual International Conference of the IEEE Engineering in Medicine and Biology Society, EMBS",included,Visão computacional/DL aplicada a endoscopia digestiva alta (contexto: dataset/benchmark).,Scopus/S2,sim
Scopus,S2,Scopus S2 — Lesões e alterações gástricas por IA,Wang2024394,Development of a Routine Serological Test Index Panel for the Surveillance of Gastric Cancer Risk in a High-Risk Population,"Wang, Mengmeng; Zong, Zengyan; Wu, Shuyi; Chen, Xu; Hu, Jiaqing",2024,,Annals of Clinical and Laboratory Science,included,Visão computacional/DL aplicada a endoscopia digestiva alta (contexto: dataset/benchmark).,Scopus/S2,sim
Scopus,S2,Scopus S2 — Lesões e alterações gástricas por IA,Ling2021469,A deep learning-based system for identifying differentiation status and delineating the margins of early gastric cancer in magnifying narrow-band imaging endoscopy,"Ling, Tingsheng; Wu, Lianlian; Fu, Yiwei; Xu, Qinwei; An, Ping; Zhang, Jun; Hu, Shan; Chen, Yiyun; He, Xinqi; Wang, Jing; Chen, Xi; Zhou, Jie; Xu, Youming; Zou, Xiaoping; Yu, Honggang",2021,,Endoscopy,included,Visão computacional/DL aplicada a endoscopia digestiva alta (contexto: dataset/benchmark).,Scopus/S2,sim
Scopus,S2,Scopus S2 — Lesões e alterações gástricas por IA,Yang20243079,"Validation of a Machine Learning Algorithm, EVendo, for Predicting Esophageal Varices in Hepatocellular Carcinoma","Yang, Jamie O.; Chittajallu, Punya; Benhammou, Jihane N.; Patel, Arpan; Pisegna, Joseph R.; Tabibian, James; Dong, Tien S.",2024,,Digestive Diseases and Sciences,included,Visão computacional/DL aplicada a endoscopia digestiva alta.,Scopus/S2,sim
Scopus,S2,Scopus S2 — Lesões e alterações gástricas por IA,Kamran20251438,Consensus on Upper Gastrointestinal Endoscopy Key Performance Indicators to Reduce Post Endoscopy Upper Gastrointestinal Cancer,"Kamran, Umair; Gronlund, Toto Anne; Morris, Eva J. A.; Brookes, Matthew; Rutter, Matt; McCord, Mimi; Adderley, Nicola J.; Trudgill, Nigel",2025,,United European Gastroenterology Journal,included,Visão computacional/DL aplicada a endoscopia digestiva alta (contexto: dataset/benchmark).,Scopus/S2,sim
Scopus,S2,Scopus S2 — Lesões e alterações gástricas por IA,La_Milia2026,"Early Detection of Gastric Cancer: Linking Epidemiology, Pathophysiology, and Innovations in Digestive Endoscopy","La Milia, Marta; Capasso, Mario; Pessarelli, Tommaso; Manfredi, Guido; Amato, Arnaldo",2026,,Diseases,included,Visão computacional/DL aplicada a endoscopia digestiva alta.,Scopus/S2,sim
Scopus,S2,Scopus S2 — Lesões e alterações gástricas por IA,Wang2022,Toward Automatic Detection of Gastric Lesion for Upper Gastrointestinal Endoscopy with Neural Network,"Wang, Sai; He, Qi; Zhang, Ping; Chen, Xin; Zuo, Siyang",2022,,Journal of Medical Robotics Research,included,Visão computacional/DL aplicada a endoscopia digestiva alta (contexto: dataset/benchmark).,Scopus/S2,sim
Scopus,S2,Scopus S2 — Lesões e alterações gástricas por IA,Li2021216,Intelligent detection endoscopic assistant: An artificial intelligence-based system for monitoring blind spots during esophagogastroduodenoscopy in real-time,"Li, Yan-Dong; Zhu, Shu-Wen; Yu, Jiang-Ping; Ruan, Rong-Wei; Cui, Zhao; Li, Yi-Ting; Lv, Mei-Chao; Wang, Huo-Gen; Chen, Ming; Jin, Chao-Hui; Wang, Shi",2021,,Digestive and Liver Disease,included,Visão computacional/DL aplicada a endoscopia digestiva alta.,Scopus/S2,sim
Scopus,S2,Scopus S2 — Lesões e alterações gástricas por IA,Sheikhtaheri20192276,A Clinical Decision Support System for Predicting the Early Complications of One-Anastomosis Gastric Bypass Surgery,"Sheikhtaheri, Abbas; Orooji, Azam; Pazouki, Abdolreza; Beitollahi, Maryam",2019,,Obesity Surgery,included,Visão computacional/DL aplicada a endoscopia digestiva alta (contexto: dataset/benchmark).,Scopus/S2,sim
Scopus,S2,Scopus S2 — Lesões e alterações gástricas por IA,Pozdeev20191216,Automatic analysis of endoscopic images for polyps detection and segmentation,"Pozdeev, Alexandr A.; Obukhova, Nataliia A.; Motyko, Alexandr A.",2019,,"Proceedings of the 2019 IEEE Conference of Russian Young Researchers in Electrical and Electronic Engineering, ElConRus 2019",included,Visão computacional/DL aplicada a endoscopia digestiva alta (contexto: dataset/benchmark).,Scopus/S2,sim
Scopus,S2,Scopus S2 — Lesões e alterações gástricas por IA,Niu20205408,Artificial intelligence in gastric cancer: Application and future perspectives,"Niu, Peng-Hui; Zhao, Lu-Lu; Wu, Hong-Liang; Zhao, Dong-Bing; Chen, Ying-Tai",2020,,World Journal of Gastroenterology,included,Visão computacional/DL aplicada a endoscopia digestiva alta (contexto: dataset/benchmark).,Scopus/S2,sim
Scopus,S2,Scopus S2 — Lesões e alterações gástricas por IA,Mori2019378,Artificial intelligence and upper gastrointestinal endoscopy: Current status and future perspective,"Mori, Yuichi; Kudo, Shin-ei; Mohmed, Hussein E. N.; Misawa, Masashi; Ogata, Noriyuki; Itoh, Hayato; Oda, Masahiro; Mori, Kensaku",2019,,Digestive Endoscopy,included,Visão computacional/DL aplicada a endoscopia digestiva alta.,Scopus/S2,sim
Scopus,S2,Scopus S2 — Lesões e alterações gástricas por IA,Tao20241319,An artificial intelligence system for chronic atrophic gastritis diagnosis and risk stratification under white light endoscopy,"Tao, Xiao; Zhu, Yijie; Dong, Zehua; Huang, Li; Shang, Renduo; Du, Hongliu; Wang, Junxiao; Zeng, Xiaoquan; Wang, Wen; Wang, Jiamin; Li, Yanxia; Deng, Yunchao; Wu, Lianlian; Yu, Honggang",2024,,Digestive and Liver Disease,included,Visão computacional/DL aplicada a endoscopia digestiva alta.,Scopus/S2,sim
Scopus,S2,Scopus S2 — Lesões e alterações gástricas por IA,Dong2023,"The effectiveness of a computer-aided system in improving the detection rate of gastric neoplasm and early gastric cancer: study protocol for a multi-centre, randomized controlled trial","Dong, Zehua; Zhu, Yijie; Du, Hongliu; Wang, Junxiao; Zeng, Xiaoquan; Tao, Xiao; Yang, Ting; Wang, Jiamin; Deng, Mei; Liu, Jun; Wu, Lianlian; Yu, Honggang",2023,,Trials,included,Visão computacional/DL aplicada a endoscopia digestiva alta.,Scopus/S2,sim
Scopus,S2,Scopus S2 — Lesões e alterações gástricas por IA,Feng2024,Robustly federated learning model for identifying high-risk patients with postoperative gastric cancer recurrence,"Feng, Bao; Shi, Jiangfeng; Huang, Liebin; Yang, Zhiqi; Feng, Shi-Ting; Li, Jianpeng; Chen, Qinxian; Xue, Huimin; Chen, Xiangguang; Wan, Cuixia; Hu, Qinghui; Cui, Enming; Chen, Yehang; Long, Wansheng",2024,,Nature Communications,included,Visão computacional/DL aplicada a endoscopia digestiva alta.,Scopus/S2,sim
Scopus,S2,Scopus S2 — Lesões e alterações gástricas por IA,Liu2022,Instant diagnosis of gastroscopic biopsy via deep-learned single-shot femtosecond stimulated Raman histology,"Liu, Zhijie; Su, Wei; Ao, Jianpeng; Wang, Min; Jiang, Qiuli; He, Jie; Gao, Hua; Lei, Shu; Nie, Jinshan; Yan, Xuefeng; Guo, Xiaojing; Zhou, Pinghong; Hu, Hao; Ji, Minbiao",2022,,Nature Communications ,included,Visão computacional/DL aplicada a endoscopia digestiva alta.,Scopus/S2,sim
Scopus,S2,Scopus S2 — Lesões e alterações gástricas por IA,Zhang2021788,Diagnosis of gastric lesions through a deep convolutional neural network,"Zhang, Liming; Zhang, Yang; Wang, Li; Wang, Jiangyuan; Liu, Yulan",2021,,Digestive Endoscopy,included,Visão computacional/DL aplicada a endoscopia digestiva alta (contexto: dataset/benchmark).,Scopus/S2,sim
Scopus,S2,Scopus S2 — Lesões e alterações gástricas por IA,Turtoi2024,Artificial Intelligence for the Automatic Diagnosis of Gastritis: A Systematic Review,"Turtoi, Daria Claudia; Brata, Vlad Dumitru; Incze, Victor; Ismaiel, Abdulrahman; Dumitrascu, Dinu Iuliu; Militaru, Valentin; Munteanu, Mihai Alexandru; Botan, Alexandru; Toc, Dan Alexandru; Duse, Traian Adrian; Popa, Stefan Lucian",2024,,Journal of Clinical Medicine,included,Visão computacional/DL aplicada a endoscopia digestiva alta (contexto: dataset/benchmark).,Scopus/S2,sim
Scopus,S2,Scopus S2 — Lesões e alterações gástricas por IA,Zhou2023157,A convolutional neural network-based system for detecting early gastric cancer in white-light endoscopy,"Zhou, Bin; Rao, Xiaolong; Xing, Haoqiang; Ma, Yongchen; Wang, Feng; Rong, Long",2023,,Scandinavian Journal of Gastroenterology,included,DL/CV em endoscopia com achado do trato GI alto.,Scopus/S2,sim
Scopus,S2,Scopus S2 — Lesões e alterações gástricas por IA,Puthenpura2022,Management of nondysplastic Barrett’s esophagus: When to survey? When to ablate?,"Puthenpura, Max M.; Sanaka, Krishna O.; Qin, Yi; Thota, Prashanthi N.",2022,,Therapeutic Advances in Chronic Disease,included,Visão computacional/DL aplicada a endoscopia digestiva alta.,Scopus/S2,sim
Scopus,S2,Scopus S2 — Lesões e alterações gástricas por IA,Yang2021665,Recent advances in early esophageal cancer: diagnosis and treatment based on endoscopy,"Yang, Hang; Hu, Bing",2021,,Postgraduate Medicine,included,Visão computacional/DL aplicada a endoscopia digestiva alta.,Scopus/S2,sim
Scopus,S2,Scopus S2 — Lesões e alterações gástricas por IA,Cao2021,Gastric polyp detection in gastroscopic images using deep neural network,"Cao, Chanting; Wang, Ruilin; Yu, Yao; Zhang, Hui; Yu, Ying; Sun, Changyin",2021,,PLoS ONE,included,Visão computacional/DL aplicada a endoscopia digestiva alta (contexto: dataset/benchmark).,Scopus/S2; Scopus/S3,sim
Scopus,S2,Scopus S2 — Lesões e alterações gástricas por IA,Bachmann2025,"Cone-beam computed tomography-based online adaptive radiotherapy of esophageal cancer in the neoadjuvant setting: Dosimetric analysis, toxicity and treatment response","Bachmann, Nicolas; Ahmadsei, Maiwand; Hürlimann, Moritz; Gabrys, Hubert S.; Schmidhalter, Daniel; Bertholet, Jenny; Berger, Martin D.; Borbély, Yves; Ermiş, Ekin; Stutz, Emanuel; Shrestha, Binaya K.; Aebersold, Daniel M.; Manser, Peter; Hemmatazad, Hossein",2025,,Radiotherapy and Oncology,included,Visão computacional/DL aplicada a endoscopia digestiva alta.,Scopus/S2,sim
Scopus,S2,Scopus S2 — Lesões e alterações gástricas por IA,Zhang2025,Development and external validation of nomogram associated with gastroparesis syndrome after subtotal gastrectomy depending on random forest and traditional model: does robotic surgery have advantages?,"Zhang, Xianhu; Huang, Yong; Wang, Yulong; Jiang, Yongjun; Liu, Bin; Ren, Jun; Wang, Daorong",2025,,Journal of Robotic Surgery,included,Visão computacional/DL aplicada a endoscopia digestiva alta (contexto: dataset/benchmark).,Scopus/S2,sim
Scopus,S2,Scopus S2 — Lesões e alterações gástricas por IA,Qin2024,A reconstruction and convolution operations enabled variant vision transformer with gastroscopic images for automatic locating of polyps in Internet of Medical Things,"Qin, Zhe; Zhang, Yaqiong; Li, Jian; Li, Deming; Mo, Yanqing; Wang, Liyang; Qian, Peiyu; Feng, Li",2024,,Information Fusion,included,Visão computacional/DL aplicada a endoscopia digestiva alta (contexto: dataset/benchmark).,Scopus/S2; Scopus/S3,sim
Scopus,S2,Scopus S2 — Lesões e alterações gástricas por IA,Dilaghi2026159,Exploring the potential of artificial intelligence in assessing the risk of gastric neoplastic lesions in patients with corpus atrophic gastritis,"Dilaghi, Emanuele; Cesaroni, Edoardo; Ligato, Irene; Silvestri, Matteo; Liuzzi, Giampaolo; Annibale, Bruno; Lucidi, Stefano; Esposito, Gianluca; Sciandrone, Marco",2026,,Gastric Cancer,included,Visão computacional/DL aplicada a endoscopia digestiva alta (contexto: dataset/benchmark).,Scopus/S2,sim
Scopus,S2,Scopus S2 — Lesões e alterações gástricas por IA,Zhou2023,Classification of precancerous lesions based on fusion of multiple hierarchical features,"Zhou, Huijun; Liu, Zhenyang; Li, Ting; Chen, Yifei; Huang, Wei; Zhang, Zijian",2023,,Computer Methods and Programs in Biomedicine,included,Visão computacional/DL aplicada a endoscopia digestiva alta (contexto: dataset/benchmark).,Scopus/S2; Scopus/S3,sim
Scopus,S2,Scopus S2 — Lesões e alterações gástricas por IA,Yahagi2021478,Is artificial intelligence ready to replace expert endoscopists?,"Yahagi, Naohisa",2021,,Endoscopy,included,"Título/keywords indicam DL/CV em endoscopia digestiva alta ou achado GI, mesmo sem abstract.",Scopus/S2,não
Scopus,S2,Scopus S2 — Lesões e alterações gástricas por IA,Moctezuma-Velazquez2025,Future of Endoscopy in Surveillance of Esophageal Varices,"Moctezuma-Velazquez, Carlos; Abraldes, Juan G.",2025,,Current Gastroenterology Reports,included,Visão computacional/DL aplicada a endoscopia digestiva alta.,Scopus/S2,sim
Scopus,S2,Scopus S2 — Lesões e alterações gástricas por IA,Liu2021,Prediction of serosal invasion in gastric cancer: development and validation of multivariate models integrating preoperative clinicopathological features and radiographic findings based on late arterial phase CT images,"Liu, Song; Xu, Mengying; Qiao, Xiangmei; Ji, Changfeng; Li, Lin; Zhou, Zhengyang",2021,,BMC Cancer,included,Visão computacional/DL aplicada a endoscopia digestiva alta.,Scopus/S2,sim
Scopus,S2,Scopus S2 — Lesões e alterações gástricas por IA,Zhai2022,RETRACTED: Construction of Stomach Cancer Lesion Detection Combined with Drug Therapy Based on Artificial Intelligence,"Zhai, Shengyong; Yu, Lihong; Li, Jing",2022,,Contrast Media and Molecular Imaging,included,Visão computacional/DL aplicada a endoscopia digestiva alta (contexto: dataset/benchmark).,Scopus/S2; Scopus/S3,sim
Scopus,S2,Scopus S2 — Lesões e alterações gástricas por IA,He2024334,Artificial intelligence-assisted system for the assessment of Forrest classification of peptic ulcer bleeding: A multicenter diagnostic study,"He, Xiao-Jian; Wang, Xiao-Ling; Su, Tian-Kang; Yao, Li-Jia; Zheng, Jing; Wen, Xiao-Dong; Xu, Qin-Wei; Huang, Qian-Rong; Chen, Li-Bin; Chen, Chang-Xin; Lin, Hai-Fan; Chen, Yi-Qun; Hu, Yan-Xing; Zhang, Kai-Hua; Jiang, Chuan-Shen; Liu, Gang; Li, Da-Zhou; Li, Dong-Liang; Wen, Wang",2024,,Endoscopy,included,Visão computacional/DL aplicada a endoscopia digestiva alta (contexto: dataset/benchmark).,Scopus/S2,sim
Scopus,S2,Scopus S2 — Lesões e alterações gástricas por IA,Chang2024327,Real-World Application of Artificial Intelligence for Detecting Pathologic Gastric Atypia and Neoplastic Lesions,"Chang, Young Hoon; Shin, Cheol Min; Lee, Hae Dong; Park, Jinbae; Jeon, Jiwoon; Cho, Soo-Jeong; Kang, Seung Joo; Chung, Jae-Yong; Jun, Yu Kyung; Choi, Yonghoon; Yoon, Hyuk; Park, Young Soo; Kim, Nayoung; Lee, Dong Ho",2024,,Journal of Gastric Cancer,included,Visão computacional/DL aplicada a endoscopia digestiva alta (contexto: dataset/benchmark).,Scopus/S2,sim
Scopus,S2,Scopus S2 — Lesões e alterações gástricas por IA,Fujiyoshi2022,Endoscopic classifications of early gastric cancer: A literature review,"Fujiyoshi, Mary Raina Angeli; Inoue, Haruhiro; Fujiyoshi, Yusuke; Nishikawa, Yohei; Toshimori, Akiko; Shimamura, Yuto; Tanabe, Mayo; Ikeda, Haruo; Onimaru, Manabu",2022,,Cancers,included,Visão computacional/DL aplicada a endoscopia digestiva alta.,Scopus/S2,sim
Scopus,S2,Scopus S2 — Lesões e alterações gástricas por IA,Wu2024,"Biologically interpretable multi-task deep learning pipeline predicts molecular alterations, grade, and prognosis in glioma patients","Wu, Xuewei; Zhang, Shuaitong; Zhang, Zhenyu; He, Zicong; Xu, Zexin; Wang, Weiwei; Jin, Zhe; You, Jingjing; Guo, Yang; Zhang, Lu; Huang, Wenhui; Wang, Fei; Liu, Xianzhi; Yan, Dongming; Cheng, Jingliang; Yan, Jing; Zhang, Shuixing; Zhang, Bin",2024,,npj Precision Oncology,included,Visão computacional/DL aplicada a endoscopia digestiva alta (contexto: dataset/benchmark).,Scopus/S2,sim
Scopus,S2,Scopus S2 — Lesões e alterações gástricas por IA,Shixu2021289,Application and progress of artificial intelligence in endoscopic diagnosis of superficial esophageal cancer,"Shixu, Wang; Yan, Ke; Guiqi, Wang",2021,,Chinese Journal of Oncology,included,Visão computacional/DL aplicada a endoscopia digestiva alta.,Scopus/S2,sim
Scopus,S2,Scopus S2 — Lesões e alterações gástricas por IA,Zhu2022e00551,A Multimodal Multipath Artificial Intelligence System for Diagnosing Gastric Protruded Lesions on Endoscopy and Endoscopic Ultrasonography Images,"Zhu, Chang; Hua, Yifei; Zhang, Min; Wang, Yun; Li, Wenjie; Ding, Yanbing; She, Qiang; Zhang, Weifeng; Si, Xinmin; Kong, Zihao; Liu, Baiyun; Chen, Weidao; Wu, Jiangfen; Dang, Yini; Zhang, Guoxin",2022,,Clinical and Translational Gastroenterology,included,Visão computacional/DL aplicada a endoscopia digestiva alta.,Scopus/S2,sim
Scopus,S2,Scopus S2 — Lesões e alterações gástricas por IA,Ishioka2023483,Performance of an artificial intelligence-based diagnostic support tool for early gastric cancers: Retrospective study,"Ishioka, Mitsuaki; Osawa, Hiroyuki; Hirasawa, Toshiaki; Kawachi, Hiroshi; Nakano, Kaoru; Fukushima, Noriyoshi; Sakaguchi, Mio; Tada, Tomohiro; Kato, Yusuke; Shibata, Junichi; Ozawa, Tsuyoshi; Tajiri, Hisao; Fujisaki, Junko",2023,,Digestive Endoscopy,included,Visão computacional/DL aplicada a endoscopia digestiva alta.,Scopus/S2; Scopus/S3,sim
Scopus,S2,Scopus S2 — Lesões e alterações gástricas por IA,Maione2022,Endoscopic Diagnosis and Management of Barrett’s Esophagus with Low-Grade Dysplasia,"Maione, Francesco; Chini, Alessia; Maione, Rosa; Manigrasso, Michele; Marello, Alessandra; Cassese, Gianluca; Gennarelli, Nicola; Milone, Marco; De Palma, Giovanni Domenico",2022,,Diagnostics,included,Visão computacional/DL aplicada a endoscopia digestiva alta.,Scopus/S2,sim
Scopus,S2,Scopus S2 — Lesões e alterações gástricas por IA,Tiwari2026,Beyond Detection: AI in Gastric Endoscopy,"Tiwari, Avinash",2026,,Digestive Endoscopy,included,"Título/keywords indicam DL/CV em endoscopia digestiva alta ou achado GI, mesmo sem abstract.",Scopus/S2,não
Scopus,S2,Scopus S2 — Lesões e alterações gástricas por IA,Gao2023432,"Machine learning-based automated sponge cytology for screening of oesophageal squamous cell carcinoma and adenocarcinoma of the oesophagogastric junction: a nationwide, multicohort, prospective study","Gao, Ye; Xin, Lei; Lin, Han; Yao, Bin; Zhang, Tao; Zhou, Ai-Jun; Huang, Shu; Wang, Jian-Hua; Feng, Ya-Dong; Yao, Sheng-Hua; Guo, Yan; Dang, Tong; Meng, Xian-Mei; Yang, Zeng-Zhou; Jia, Wan-Qi; Pang, Hui-Fang; Tian, Xiao-Juan; Deng, Bin; Wang, Jun-Ping; Fan, Wen-Chuan; Wang, Jun; Shi, Li-Hong; Yang, Guan-Yu; Sun, Chang; Wang, Wei; Zang, Jun-Cai; Li, Song-Yang; Shi, Rui-Hua; Li, Zhao-Shen; Wang, Luo-Wei",2023,,The Lancet Gastroenterology and Hepatology,included,Visão computacional/DL aplicada a endoscopia digestiva alta.,Scopus/S2,sim
Scopus,S2,Scopus S2 — Lesões e alterações gástricas por IA,Meng20225483,Application of an artificial intelligence system for endoscopic diagnosis of superficial esophageal squamous cell carcinoma,"Meng, Qian-Qian; Gao, Ye; Lin, Han; Wang, Tian-Jiao; Zhang, Yan-Rong; Feng, Jian; Li, Zhao-Shen; Xin, Lei; Wang, Luo-Wei",2022,,World Journal of Gastroenterology,included,Visão computacional/DL aplicada a endoscopia digestiva alta (contexto: dataset/benchmark).,Scopus/S2,sim
Scopus,S2,Scopus S2 — Lesões e alterações gástricas por IA,Zhu2026,Influence of sex differences among endoscopists in gastric cancer and precancerous condition detection rate during EGD in the artificial intelligence era: a retrospective study,"Zhu, Yijie; Huang, Li; Gong, Dexin; Dong, Zehua; Zhang, Chenxia; Wang, Jingzhai; Tao, Xiao; Wan, Ping; Wu, Lianlian; Zhang, Yu",2026,,Surgical Endoscopy ,included,Visão computacional/DL aplicada a endoscopia digestiva alta.,Scopus/S2,sim
Scopus,S2,Scopus S2 — Lesões e alterações gástricas por IA,Sun202015812,Non-Local attention and Densely-Connected Convolutional Neural Networks for Malignancy Suspiciousness Classification of Gastric Ulcer,"Sun, Muyi; Liang, Kaiyi; Zhang, Wenbao; Chang, Qing; Zhou, Xiaoguang",2020,,IEEE Access,included,Visão computacional/DL aplicada a endoscopia digestiva alta (contexto: dataset/benchmark).,Scopus/S2,sim
Scopus,S2,Scopus S2 — Lesões e alterações gástricas por IA,Duan2025,An artificial intelligence model utilizing endoscopic ultrasonography for differentiating small and micro gastric stromal tumors from gastric leiomyomas,"Duan, Ruifeng; Duan, Liwei; Chen, Xin; Liu, Min; Song, Xiangyi; Wei, Lijuan",2025,,BMC Gastroenterology,included,Visão computacional/DL aplicada a endoscopia digestiva alta (contexto: dataset/benchmark).,Scopus/S2,sim
Scopus,S2,Scopus S2 — Lesões e alterações gástricas por IA,Zhang2023181,Effect of a deep learning–based automatic upper GI endoscopic reporting system: a randomized crossover study (with video),"Zhang, Lihui; Lu, Zihua; Yao, Liwen; Dong, Zehua; Zhou, Wei; He, Chunping; Luo, Renquan; Zhang, Mengjiao; Wang, Jing; Li, Yanxia; Deng, Yunchao; Zhang, Chenxia; Li, Xun; Shang, Renduo; Xu, Ming; Wang, Junxiao; Zhao, Yu; Wu, Lianlian; Yu, Honggang",2023,,Gastrointestinal Endoscopy,included,Visão computacional/DL aplicada a endoscopia digestiva alta (contexto: dataset/benchmark).,Scopus/S2; Scopus/S3,sim
Scopus,S2,Scopus S2 — Lesões e alterações gástricas por IA,Kim20235800,Endoscopic submucosal dissection for early gastric cancer: It is time to consider the quality of its outcomes,"Kim, Gwang Ha",2023,,World Journal of Gastroenterology,included,Visão computacional/DL aplicada a endoscopia digestiva alta.,Scopus/S2,sim
Scopus,S2,Scopus S2 — Lesões e alterações gástricas por IA,Xie2025,Application of machine learning based on habitat imaging and vision transformer to predict treatment response of locally advanced esophageal squamous cell carcinoma following neoadjuvant chemoimmunotherapy: a multi-center study,"Xie, Shu-Han; Xu, Hui; Zhang, Hai; Xu, Jin-Xin; Huang, Shi-Jie; Liu, Wen-Yi; Tang, Zi-Lu; Xu, Rong-Yu; Ke, Sun-Kui; Xie, Jin-Biao; Feng, Qing-Yi; Kang, Ming-Qiang",2025,,Frontiers in Immunology,included,Visão computacional/DL aplicada a endoscopia digestiva alta.,Scopus/S2,sim
Scopus,S2,Scopus S2 — Lesões e alterações gástricas por IA,Halimi2026,Accuracy of AI-based raman spectroscopy in the diagnosis of gastric cancer: a systematic review and meta-analysis,"Halimi, Anis; Msherghi, Ahmed; Nounou, Mohamedhen Vall; Abdulwahed, Eman; Shlibek, Hala; Ateeqa, Sara Bin; Benali, Ahmed; Khasawneh, Islam; Kouidri, Khadidja; Elhadi, Muhammed",2026,,Lasers in Medical Science,included,Visão computacional/DL aplicada a endoscopia digestiva alta.,Scopus/S2,sim
Scopus,S2,Scopus S2 — Lesões e alterações gástricas por IA,Matsubayashi20241156,Artificial intelligence for gastric cancer in endoscopy: From diagnostic reasoning to market,"Matsubayashi, Carolina Ogawa; Cheng, Shuyan; Hulchafo, Ismael; Zhang, Yifan; Tada, Tomohiro; Buxbaum, James L.; Ochiai, Kentaro",2024,,Digestive and Liver Disease,included,Visão computacional/DL aplicada a endoscopia digestiva alta.,Scopus/S2,sim
Scopus,S2,Scopus S2 — Lesões e alterações gástricas por IA,Zhang2024,A study on the improvement in the ability of endoscopists to diagnose gastric neoplasms using an artificial intelligence system,"Zhang, Bojiang; Zhang, Wei; Yao, Hongjuan; Qiao, Jinggui; Zhang, Haimiao; Song, Ying",2024,,Frontiers in Medicine,included,Visão computacional/DL aplicada a endoscopia digestiva alta.,Scopus/S2,sim
Scopus,S2,Scopus S2 — Lesões e alterações gástricas por IA,Zeng2025,Machine learning assisted radiomics in predicting postoperative occurrence of deep venous thrombosis in patients with gastric cancer,"Zeng, Yuan; Chen, Yuhao; Zhu, Dandan; Xu, Jun; Zhang, Xiangting; Ying, Huiya; Song, Xian; Zhou, Ruoru; Wang, Yixiao; Yu, Fujun",2025,,BMC Cancer,included,Visão computacional/DL aplicada a endoscopia digestiva alta.,Scopus/S2,sim
Scopus,S2,Scopus S2 — Lesões e alterações gástricas por IA,Tian2025,Investigating the relationship between tongue diagnosis features and gastric cancer: A machine learning-based prediction model,"Tian, Pengfei; Chen, Zonglin; Fang, Biaojie; Wang, Xintian; Yu, Xin; Lu, Mingdian",2025,,European Journal of Surgical Oncology,included,Visão computacional/DL aplicada a endoscopia digestiva alta (contexto: dataset/benchmark).,Scopus/S2; Scopus/S3,sim
Scopus,S2,Scopus S2 — Lesões e alterações gástricas por IA,Ishioka2019e34,Detecting gastric cancer from video images using convolutional neural networks,"Ishioka, Mitsuaki; Hirasawa, Toshiaki; Tada, Tomohiro",2019,,Digestive Endoscopy,included,"Título/keywords indicam DL/CV em endoscopia digestiva alta ou achado GI, mesmo sem abstract.",Scopus/S2,não
Scopus,S2,Scopus S2 — Lesões e alterações gástricas por IA,Jothimani2023491,Liver Cirrhosis and Portal Hypertension: How to Deal with Esophageal Varices?,"Jothimani, Dinesh; Rela, Mohamed; Kamath, Patrick S.",2023,,Medical Clinics of North America,included,"Título/keywords indicam DL/CV em endoscopia digestiva alta ou achado GI, mesmo sem abstract.",Scopus/S2,não
Scopus,S2,Scopus S2 — Lesões e alterações gástricas por IA,Chen2022,The Accuracy of Artificial Intelligence in the Endoscopic Diagnosis of Early Gastric Cancer: Pooled Analysis Study,"Chen, Pei-Chin; Lu, Yun-Ru; Kang, Yi-No; Chang, Chun-Chao",2022,,Journal of Medical Internet Research,included,Visão computacional/DL aplicada a endoscopia digestiva alta (contexto: dataset/benchmark).,Scopus/S2,sim
Scopus,S2,Scopus S2 — Lesões e alterações gástricas por IA,Ono2025352,Linked color imaging and upper gastrointestinal neoplasia,"Ono, Shoko; Inoue, Masaki; Higashino, Masayuki; Hayasaka, Shuhei; Tanaka, Shugo; Egami, Hiroki; Sakamoto, Naoya",2025,,Digestive Endoscopy,included,Visão computacional/DL aplicada a endoscopia digestiva alta.,Scopus/S2,sim
Scopus,S2,Scopus S2 — Lesões e alterações gástricas por IA,Li2023649,Assessment of Helicobacter pylori infection by deep learning based on endoscopic videos in real time,"Li, Yan-Dong; Wang, Huo-Gen; Chen, Sheng-Sen; Yu, Jiang-Ping; Ruan, Rong-Wei; Jin, Chao-Hui; Chen, Ming; Jin, Jia-Yan; Wang, Shi",2023,,Digestive and Liver Disease,included,Visão computacional/DL aplicada a endoscopia digestiva alta.,Scopus/S2,sim
Scopus,S2,Scopus S2 — Lesões e alterações gástricas por IA,Chen20249305,A Machine Learning-Driven Surface-Enhanced Raman Scattering Analysis Platform for the Label-Free Detection and Identification of Gastric Lesions,"Chen, Fengsong; Huang, Yanhua; Qian, Yayun; Zhao, Ya; Bu, Chiwen; Zhang, Dong",2024,,International Journal of Nanomedicine,included,Visão computacional/DL aplicada a endoscopia digestiva alta.,Scopus/S2,sim
Scopus,S2,Scopus S2 — Lesões e alterações gástricas por IA,Lobanovs2025,Machine learning in gastrointestinal endoscopy: challenges and opportunities,"Lobanovs, Sergejs; Aleksejeva, Jekaterina; Rūtiņa, Alise Kitija; Krustiņš, Eduards; Čižovs, Jurijs; Bļizņuks, Dmitrijs",2025,,BMJ Open Gastroenterology,included,Visão computacional/DL aplicada a endoscopia digestiva alta (contexto: dataset/benchmark).,Scopus/S2,sim
Scopus,S2,Scopus S2 — Lesões e alterações gástricas por IA,Nagao2020866,"Highly accurate artificial intelligence systems to predict the invasion depth of gastric cancer: efficacy of conventional white-light imaging, nonmagnifying narrow-band imaging, and indigo-carmine dye contrast imaging","Nagao, Sayaka; Tsuji, Yosuke; Sakaguchi, Yoshiki; Takahashi, Yu; Minatsuki, Chihiro; Niimi, Keiko; Yamashita, Hiroharu; Yamamichi, Nobutake; Seto, Yasuyuki; Tada, Tomohiro; Koike, Kazuhiko",2020,,Gastrointestinal Endoscopy,included,Visão computacional/DL aplicada a endoscopia digestiva alta (contexto: dataset/benchmark).,Scopus/S2,sim
Scopus,S2,Scopus S2 — Lesões e alterações gástricas por IA,Jankowski2020,Recent advances in understanding and preventing oesophageal cancer,"Jankowski, Janusz; Franklin, James",2020,,F1000Research,included,Visão computacional/DL aplicada a endoscopia digestiva alta.,Scopus/S2,sim
Scopus,S2,Scopus S2 — Lesões e alterações gástricas por IA,Frazzoni2022403,Endoscopists' diagnostic accuracy in detecting upper gastrointestinal neoplasia in the framework of artificial intelligence studies,"Frazzoni, Leonardo; Arribas, Julia; Antonelli, Giulio; Libanio, Diogo; Ebigbo, Alanna; Van Der Sommen, Fons; De Groof, Albert Jeroen; Fukuda, Hiromu; Ohmori, Masayasu; Ishihara, Ryu; Wu, Lianlian; Yu, Honggang; Mori, Yuichi; Repici, Alessandro; Bergman, Jacques J. G. H. M.; Sharma, Prateek; Messmann, Helmut; Hassan, Cesare; Fuccio, Lorenzo; Dinis-Ribeiro, Mário",2022,,Endoscopy,included,Visão computacional/DL aplicada a endoscopia digestiva alta (contexto: dataset/benchmark).,Scopus/S2,sim
Scopus,S2,Scopus S2 — Lesões e alterações gástricas por IA,Waddingham2024,Latest Advances in Endoscopic Detection of Oesophageal and Gastric Neoplasia,"Waddingham, William; Graham, David G.; Banks, Matthew R.",2024,,Diagnostics,included,Visão computacional/DL aplicada a endoscopia digestiva alta.,Scopus/S2,sim
Scopus,S2,Scopus S2 — Lesões e alterações gástricas por IA,Gong2022929,Automatic captioning of early gastric cancer using magnification endoscopy with narrow-band imaging,"Gong, Lixin; Wang, Min; Shu, Lei; He, Jie; Qin, Bin; Xu, Jiacheng; Su, Wei; Dong, Di; Hu, Hao; Tian, Jie; Zhou, Pinghong",2022,,Gastrointestinal Endoscopy,included,Visão computacional/DL aplicada a endoscopia digestiva alta.,Scopus/S2,sim
Scopus,S2,Scopus S2 — Lesões e alterações gástricas por IA,Arkhipova2021113,Modern possibilities and prospects of early diagnosis of stomach cancer; [СовРемеННые воЗможНоСТИ И ПеРСПекТИвы РАННей дИАГНоСТИкИ РАкА желУдкА],"Arkhipova, A.A.; Anischenko, V.V.",2021,,Acta Biomedica Scientifica,included,Visão computacional/DL aplicada a endoscopia digestiva alta.,Scopus/S2,sim
Scopus,S2,Scopus S2 — Lesões e alterações gástricas por IA,Yin20231725,Identification of gastric signet ring cell carcinoma based on endoscopic images using few-shot learning,"Yin, Minyue; Zhang, Rufa; Lin, Jiaxi; Zhu, Shiqi; Liu, Lu; Liu, Xiaolin; Lu, Jianying; Xu, Chunfang; Zhu, Jinzhou",2023,,Digestive and Liver Disease,included,Visão computacional/DL aplicada a endoscopia digestiva alta.,Scopus/S2,sim
Scopus,S2,Scopus S2 — Lesões e alterações gástricas por IA,Lan2025,A risk prediction model for gastric cancer based on endoscopic atrophy classification,"Lan, Yadi; Sun, Weijia; Zhong, Shen; Xu, Qianqian; Xue, Yining; Liu, Zhaoyu; Shi, Lei; Han, Bing; Zhai, Tianyu; Liu, Mingyue; Sun, Yujing; Xu, Hongwei",2025,,BMC Cancer,included,Visão computacional/DL aplicada a endoscopia digestiva alta.,Scopus/S2,sim
Scopus,S2,Scopus S2 — Lesões e alterações gástricas por IA,Martins2023,Endoscopic Imaging for the Diagnosis of Neoplastic and Pre-Neoplastic Conditions of the Stomach,"Martins, Bruno Costa; Moura, Renata Nobre; Kum, Angelo So Taa; Matsubayashi, Carolina Ogawa; Marques, Sergio Barbosa; Safatle-Ribeiro, Adriana Vaz",2023,,Cancers,included,Visão computacional/DL aplicada a endoscopia digestiva alta.,Scopus/S2,sim
Scopus,S2,Scopus S2 — Lesões e alterações gástricas por IA,Ma202545985,A Hybrid Attention-Based Fuzzy Pooling Network Model for Locating Polyp Positions in Gastroscopic Image in Internet of Medical Things,"Ma, Xiaoyu; Wang, Honghu; Ren, Xiaoxue; Ma, Yu",2025,,IEEE Internet of Things Journal,included,Visão computacional/DL aplicada a endoscopia digestiva alta (contexto: dataset/benchmark).,Scopus/S2; Scopus/S3,sim
Scopus,S2,Scopus S2 — Lesões e alterações gástricas por IA,Nakao2024210,Randomized controlled trial of an artificial intelligence diagnostic system for the detection of esophageal squamous cell carcinoma in clinical practice,"Nakao, Eisuke; Yoshio, Toshiyuki; Kato, Yusuke; Namikawa, Ken; Tokai, Yoshitaka; Yoshimizu, Shoichi; Horiuchi, Yusuke; Ishiyama, Akiyoshi; Hirasawa, Toshiaki; Kurihara, Nozomi; Ishizuka, Naoki; Ishihara, Ryu; Tada, Tomohiro; Fujisaki, Junko",2024,,Endoscopy,included,Visão computacional/DL aplicada a endoscopia digestiva alta.,Scopus/S2,sim
Scopus,S2,Scopus S2 — Lesões e alterações gástricas por IA,Abe20251306,A Multicenter Pivotal Study on the Artificial Intelligence System for Neoplastic Lesions Detection in Upper Gastrointestinal Endoscopy,"Abe, Seiichiro; Kitagawa, Yoshiyasu; Hatta, Waku; Maekita, Takao; Kato, Motohiko; Nagahara, Akihito; Osawa, Hiroyuki; Dohi, Osamu; Nakashima, Hirotaka; Furukawa, Kazuhiro; Oka, Shiro; Yokoyama, Tomoko; Ito, Toru; Oda, Ichiro",2025,,Digestive Endoscopy,included,Visão computacional/DL aplicada a endoscopia digestiva alta (contexto: dataset/benchmark).,Scopus/S2,sim
Scopus,S2,Scopus S2 — Lesões e alterações gástricas por IA,Lee20201033,Deep learning based gastric lesion classification system using data augmentation,"Lee, Sin-Ae; Kim, Dong-Hyun; Cho, Hyun-Chong",2020,,Transactions of the Korean Institute of Electrical Engineers,included,Visão computacional/DL aplicada a endoscopia digestiva alta.,Scopus/S2,sim
Scopus,S2,Scopus S2 — Lesões e alterações gástricas por IA,Feng20251874,A prospective and comparative study on improving the diagnostic accuracy of early gastric cancer based on deep convolutional neural network real-time diagnosis system (with video),"Feng, Jie; Zhang, Yaoping; Feng, Zhijun; Ma, Huiming; Gou, Yani; Wang, Pengfei; Feng, Yanhu; Wang, Xiang; Huang, Xiaojun",2025,,Surgical Endoscopy ,included,Visão computacional/DL aplicada a endoscopia digestiva alta (contexto: dataset/benchmark).,Scopus/S2,sim
Scopus,S2,Scopus S2 — Lesões e alterações gástricas por IA,Gao20212207,Feasibility and Accuracy of Artificial Intelligence-Assisted Sponge Cytology for Community-Based Esophageal Squamous Cell Carcinoma Screening in China,"Gao, Ye; Xin, Lei; Feng, Ya-Dong; Yao, Bin; Lin, Han; Sun, Chang; An, Wei; Li, Zhao-Shen; Shi, Rui-Hua; Wang, Luo-Wei",2021,,American Journal of Gastroenterology,included,Visão computacional/DL aplicada a endoscopia digestiva alta.,Scopus/S2,sim
Scopus,S2,Scopus S2 — Lesões e alterações gástricas por IA,Huang2023225,Application Value of Artificial Intelligence in the Identification of Gastric Cancer Polyps. A Cooperative Diagnosis Method Based on Al and Was Established,"Huang, Junjun; Saw, Shier Nee; Yang, Ruohan; Qin, Yesheng; Chen, Yanlin; Kiong, Loo Chu",2023,,"Journal of Natural Science, Biology and Medicine",included,Visão computacional/DL aplicada a endoscopia digestiva alta.,Scopus/S2,sim
Scopus,S2,Scopus S2 — Lesões e alterações gástricas por IA,Leung2021945,Editorial: machine learning models for gastric cancer risk prediction—authors' reply,"Leung, Wai K.; Lui, Thomas K. L.",2021,,Alimentary Pharmacology and Therapeutics,included,"Título/keywords indicam DL/CV em endoscopia digestiva alta ou achado GI, mesmo sem abstract.",Scopus/S2,não
Scopus,S2,Scopus S2 — Lesões e alterações gástricas por IA,Malerba2026,Artificial Intelligence Applications in Gastric Cancer Surgery: Bridging Early Diagnosis and Responsible Precision Medicine,"Malerba, Silvia; Vladimirov, Miljana; Goyal, Aman; Dulskas, Audrius; Baušys, Augustinas; Cwalinski, Tomasz; Girnyi, Sergii; Skokowski, Jaroslaw; Duka, Ruslan; Molchanov, Robert; Jovanovic, Bojan; Ciarleglio, Francesco Antonio; Brolese, Alberto; Gonfa, Kebebe Bekele; Demmo, Abdi Tesemma; Dambrauskas, Zilvinas; Pérez Bonet, Adolfo; Testini, Mario; Prete, Francesco Paolo; Calu, Valentin; Calomino, Natale; Jain, Vikas; Karamarkovic, Aleksandar; Polom, Karol; Abou-Mrad, Adel; Oviedo, Rodolfo J.; Vashist, Yogesh; Marano, Luigi",2026,,Journal of Clinical Medicine,included,Visão computacional/DL aplicada a endoscopia digestiva alta (contexto: dataset/benchmark).,Scopus/S2,sim
Scopus,S2,Scopus S2 — Lesões e alterações gástricas por IA,Horiuchi20201355,Convolutional Neural Network for Differentiating Gastric Cancer from Gastritis Using Magnified Endoscopy with Narrow Band Imaging,"Horiuchi, Yusuke; Aoyama, Kazuharu; Tokai, Yoshitaka; Hirasawa, Toshiaki; Yoshimizu, Shoichi; Ishiyama, Akiyoshi; Yoshio, Toshiyuki; Tsuchida, Tomohiro; Fujisaki, Junko; Tada, Tomohiro",2020,,Digestive Diseases and Sciences,included,Visão computacional/DL aplicada a endoscopia digestiva alta.,Scopus/S2,sim
Scopus,S2,Scopus S2 — Lesões e alterações gástricas por IA,Hon_rio-Silva2024,"Development of a novel sustainable, portable, fast, and non-invasive platform based on ATR-FTIR technology coupled with machine learning algorithms for Helicobacter pylori detection in human saliva","Honório-Silva, Ghabriel; Guevara-Vega, Marco; Silva, Nagela Bernadelli Sousa; Garcia-Júnior, Marcelo Augusto; Alves, Deborah Cristina Teixeira; Goulart, Luiz Ricardo; Martins, Mario Machado; Oliveira, André Luiz; Vitorino, Rui Miguel Pinheiro; Cunha, Thulio Marquez; Martins, Carlos Henrique Gomes; Guimarães Carneiro, Murillo; Sabino-Silva, Robinson",2024,,Talanta Open,included,Visão computacional/DL aplicada a endoscopia digestiva alta.,Scopus/S2,sim
Scopus,S2,Scopus S2 — Lesões e alterações gástricas por IA,Wang2019,A systematic evaluation and optimization of automatic detection of ulcers in wireless capsule endoscopy on a large dataset using deep convolutional neural networks,"Wang, Sen; Xing, Yuxiang; Zhang, Li; Gao, Hewei; Zhang, Hao",2019,,Physics in Medicine and Biology,included,Visão computacional/DL aplicada a endoscopia digestiva alta (contexto: dataset/benchmark).,Scopus/S2,sim
Scopus,S2,Scopus S2 — Lesões e alterações gástricas por IA,Baumer2023479,Endoscopic diagnosis and treatment of esophageal adenocarcinoma; [Endoskopische Diagnostik und Therapie von Adenokarzinomen des Ösophagus],"Baumer, Sebastian; Pech, Oliver",2023,,Onkologie,included,Visão computacional/DL aplicada a endoscopia digestiva alta.,Scopus/S2,sim
Scopus,S2,Scopus S2 — Lesões e alterações gástricas por IA,Liu201753,Hue-texture-embedded region-based model for magnifying endoscopy with narrow-band imaging image segmentation based on visual features,"Liu, Xiaoqi; Wang, Chengliang; Bai, Jianying; Liao, Guobin; Zhao, Yanjun",2017,,Computer Methods and Programs in Biomedicine,included,Visão computacional/DL aplicada a endoscopia digestiva alta.,Scopus/S2,sim
Scopus,S2,Scopus S2 — Lesões e alterações gástricas por IA,Wang2025622,A single-center self-controlled study on the impact of a computer-aided detection system on the detection rate of gastric precancerous lesions and neoplasms; [计算机辅助检测系统对胃癌前病变和瘤变检出率影响的单中心自身对照研究],"Wang, Wen; Huang, Li; Wu, Lianlian; Yu, Honggang",2025,,Chinese Journal of Digestive Endoscopy,included,Visão computacional/DL aplicada a endoscopia digestiva alta.,Scopus/S2,sim
Scopus,S2,Scopus S2 — Lesões e alterações gástricas por IA,Chen20222152,Artificial intelligence: Emerging player in the diagnosis and treatment of digestive disease,"Chen, Hai-Yang; Ge, Peng; Liu, Jia-Yue; Qu, Jia-Lin; Bao, Fang; Xu, Cai-Ming; Chen, Hai-Long; Shang, Dong; Zhang, Gui-Xin",2022,,World Journal of Gastroenterology,included,Visão computacional/DL aplicada a endoscopia digestiva alta.,Scopus/S2,sim
Scopus,S2,Scopus S2 — Lesões e alterações gástricas por IA,Norwood2022501,"Gastric Cancer: Emerging Trends in Prevention, Diagnosis, and Treatment","Norwood, Dalton A.; Montalvan, Eleazar E.; Dominguez, Ricardo L.; Morgan, Douglas R.",2022,,Gastroenterology Clinics of North America,included,"Título/keywords indicam DL/CV em endoscopia digestiva alta ou achado GI, mesmo sem abstract.",Scopus/S2,não
Scopus,S2,Scopus S2 — Lesões e alterações gástricas por IA,Pennazio2021101,Small bowel capsule endoscopy: Where do we stand after 20 years of clinical use?,"Pennazio, Marco; Rondonotti, Emanuele; Pellicano, Rinaldo; Valdivia, Pablo Cortegoso",2021,,Minerva Gastroenterology,included,Visão computacional/DL aplicada a endoscopia digestiva alta.,Scopus/S2,sim
Scopus,S2,Scopus S2 — Lesões e alterações gástricas por IA,Gon_alves2025,Early diagnosis of gastric cancer: Endoscopy and artificial intelligence,"Gonçalves, N.; Chaves, J.; Marques- Sá, I.; Dinis-Ribeiro, M.; Libânio, D.",2025,,Best Practice and Research: Clinical Gastroenterology,included,Visão computacional/DL aplicada a endoscopia digestiva alta.,Scopus/S2,sim
Scopus,S2,Scopus S2 — Lesões e alterações gástricas por IA,Ikenoyama20211105,Artificial intelligence diagnostic system predicts multiple Lugol-voiding lesions in the esophagus and patients at high risk for esophageal squamous cell carcinoma,"Ikenoyama, Yohei; Yoshio, Toshiyuki; Tokura, Junki; Naito, Sakiko; Namikawa, Ken; Tokai, Yoshitaka; Yoshimizu, Shoichi; Horiuchi, Yusuke; Ishiyama, Akiyoshi; Hirasawa, Toshiaki; Tsuchida, Tomohiro; Katayama, Naoyuki; Tada, Tomohiro; Fujisaki, Junko",2021,,Endoscopy,included,Visão computacional/DL aplicada a endoscopia digestiva alta (contexto: dataset/benchmark).,Scopus/S2,sim
Scopus,S2,Scopus S2 — Lesões e alterações gástricas por IA,Dai2025,Combining methylated RNF180 and SFRP2 plasma biomarkers for noninvasive diagnosis of gastric cancer,"Dai, Zhihao; Jiang, Jin; Chen, Qianping; Bai, Minghua; Sun, Quanquan; Feng, Yanru; Liu, Dong; Wang, Dong; Zhang, Tong; Han, Liang; Ng, Litheng; Zheng, Jun; Zou, Hao; Mao, Wei; Zhu, Ji",2025,,Translational Oncology,included,Visão computacional/DL aplicada a endoscopia digestiva alta.,Scopus/S2,sim
Scopus,S2,Scopus S2 — Lesões e alterações gástricas por IA,Fang2024343,Diagnosing and grading gastric atrophy and intestinal metaplasia using semi-supervised deep learning on pathological images: development and validation study,"Fang, Shuangshuang; Liu, Zhenyu; Qiu, Qi; Tang, Zhenchao; Yang, Yang; Kuang, Zhongsheng; Du, Xiaohua; Xiao, Shanshan; Liu, Yanyan; Luo, Yuanbin; Gu, Liping; Tian, Li; Liang, Xiaoxia; Fan, Guiling; Zhang, Yu; Zhang, Ping; Zhou, Weixun; Liu, Xiuli; Tian, Jie; Wei, Wei",2024,,Gastric Cancer,included,Visão computacional/DL aplicada a endoscopia digestiva alta.,Scopus/S2,sim
Scopus,S2,Scopus S2 — Lesões e alterações gástricas por IA,Sharma20221056,Artificial Intelligence and Deep Learning for Upper Gastrointestinal Neoplasia,"Sharma, Prateek; Hassan, Cesare",2022,,Gastroenterology,included,Visão computacional/DL aplicada a endoscopia digestiva alta.,Scopus/S2,sim
Scopus,S2,Scopus S2 — Lesões e alterações gástricas por IA,Chae202329391,Enhanced Classification of Gastric Lesions and Early Gastric Cancer Diagnosis in Gastroscopy Using Multi-Filter AutoAugment,"Chae, Jung-Woo; Cho, Hyun-Chong",2023,,IEEE Access,included,Visão computacional/DL aplicada a endoscopia digestiva alta.,Scopus/S2,sim
Scopus,S2,Scopus S2 — Lesões e alterações gástricas por IA,Renna2022,Artificial Intelligence for Upper Gastrointestinal Endoscopy: A Roadmap from Technology Development to Clinical Practice,"Renna, Francesco; Martins, Miguel; Neto, Alexandre; Cunha, António; Libânio, Diogo; Dinis-Ribeiro, Mário; Coimbra, Miguel",2022,,Diagnostics,included,Visão computacional/DL aplicada a endoscopia digestiva alta (contexto: dataset/benchmark).,Scopus/S2,sim
Scopus,S2,Scopus S2 — Lesões e alterações gástricas por IA,Ikeda20211030,Cystoscopic Imaging for Bladder Cancer Detection Based on Stepwise Organic Transfer Learning with a Pretrained Convolutional Neural Network,"Ikeda, Atsushi; Nosato, Hirokazu; Kochi, Yuta; Negoro, Hiromitsu; Kojima, Takahiro; Sakanashi, Hidenori; Murakawa, Masahiro; Nishiyama, Hiroyuki",2021,,Journal of Endourology,included,Visão computacional/DL aplicada a endoscopia digestiva alta.,Scopus/S2,sim
Scopus,S2,Scopus S2 — Lesões e alterações gástricas por IA,Bang2021,Establishing machine learning models to predict curative resection in early gastric cancer with undifferentiated histology: Development and usability study,"Bang, Chang Seok; Ahn, Ji Yong; Kim, Jie-Hyun; Kim, Young Il; Choi, Il Ju; Shin, Woon Geon",2021,,Journal of Medical Internet Research,included,Visão computacional/DL aplicada a endoscopia digestiva alta.,Scopus/S2,sim
Scopus,S2,Scopus S2 — Lesões e alterações gástricas por IA,Yang2021,Analysis of the Diagnostic Effect of EUS-RTE on Giant Cystic Tumours of the Oesophagus Based on Cluster Analysis,"Yang, Huizhen; Zhang, Zhenghang; He, Yingbi; Tian, Bin; Zhang, Xiaozhen; Hao, Yingying; Lu, Shuang; Tian, Yanhua",2021,,Journal of Healthcare Engineering,included,Visão computacional/DL aplicada a endoscopia digestiva alta (contexto: dataset/benchmark).,Scopus/S2,sim
Scopus,S2,Scopus S2 — Lesões e alterações gástricas por IA,Li2021492,Application of minimally invasive intelligent diagnosis and treatment technology in gastric cancer; [微创智能化诊断与治疗技术在胃癌中的应用],"Li, Shuchun; Zang, Lu; Zheng, Minhua",2021,,Chinese Journal of Digestive Surgery,included,Visão computacional/DL aplicada a endoscopia digestiva alta.,Scopus/S2,sim
Scopus,S2,Scopus S2 — Lesões e alterações gástricas por IA,Nagao2022,Implementation of artificial intelligence in upper gastrointestinal endoscopy,"Nagao, Sayaka; Tani, Yasuhiro; Shibata, Junichi; Tsuji, Yosuke; Tada, Tomohiro; Ishihara, Ryu; Fujishiro, Mitsuhiro",2022,,DEN Open,included,Visão computacional/DL aplicada a endoscopia digestiva alta.,Scopus/S2,sim
Scopus,S2,Scopus S2 — Lesões e alterações gástricas por IA,Soong2024,Comparing Raman Spectroscopy-Based Artificial Intelligence to High-Definition White Light Endoscopy for Endoscopic Diagnosis of Gastric Neoplasia: A Feasibility Proof-of-Concept Study,"Soong, Tse Kiat; Kim, Guo Wei; Chia, Daryl Kai Ann; So, Jimmy Bok Yan; Lee, Jonathan Wei Jie; Shabbbir, Asim; Lum, Jeffrey Huey Yew; Soon, Gwyneth Shook Ting; Ho, Khek Yu",2024,,Diagnostics,included,Visão computacional/DL aplicada a endoscopia digestiva alta.,Scopus/S2,sim
Scopus,S2,Scopus S2 — Lesões e alterações gástricas por IA,Tai2019749,Upper gastrointestinal endoscopy: can we cut the cord?,"Tai, Foong Way David; Ching, Hey-Long; Hale, Melissa F; McAlindon, Mark E",2019,,The Lancet Gastroenterology and Hepatology,included,"Título/keywords indicam DL/CV em endoscopia digestiva alta ou achado GI, mesmo sem abstract.",Scopus/S2,não
Scopus,S2,Scopus S2 — Lesões e alterações gástricas por IA,Yan2025,Nylon66-Au@Ag core-shell nanocomposites fabricated by filtration-accumulation for gastritis staging via SERS biosensing,"Yan, Zixing; Xu, Peipei; Su, Junpeng; Chen, Jingxin; Liu, Youmei; Wang, Chuyi; Lu, Yudong",2025,,Microchemical Journal,included,Visão computacional/DL aplicada a endoscopia digestiva alta.,Scopus/S2,sim
Scopus,S2,Scopus S2 — Lesões e alterações gástricas por IA,Kim2022319,Quality indicators in esophagogastroduodenoscopy,"Kim, Sang Yoon; Park, Jae Myung",2022,,Clinical Endoscopy,included,Visão computacional/DL aplicada a endoscopia digestiva alta.,Scopus/S2,sim
Scopus,S2,Scopus S2 — Lesões e alterações gástricas por IA,Zhu2023,Convolutional neural network based anatomical site identification for laryngoscopy quality control: A multicenter study,"Zhu, Ji-Qing; Wang, Mei-Ling; Li, Ying; Zhang, Wei; Li, Li-Juan; Liu, Lin; Zhang, Yan; Han, Cai-Juan; Tie, Cheng-Wei; Wang, Shi-Xu; Wang, Gui-Qi; Ni, Xiao-Guang",2023,,American Journal of Otolaryngology - Head and Neck Medicine and Surgery,included,Visão computacional/DL aplicada a endoscopia digestiva alta.,Scopus/S2,sim
Scopus,S2,Scopus S2 — Lesões e alterações gástricas por IA,Xie2023,Gastric polyp detection module based on improved attentional feature fusion,"Xie, Yun; Yu, Yao; Liao, Mingchao; Sun, Changyin",2023,,BioMedical Engineering Online,included,Visão computacional/DL aplicada a endoscopia digestiva alta (contexto: dataset/benchmark).,Scopus/S2; Scopus/S3,sim
Scopus,S2,Scopus S2 — Lesões e alterações gástricas por IA,Li20244354,Machine learning algorithms able to predict the prognosis of gastric cancer patients treated with immune checkpoint inhibitors,"Li, Hong-Wei; Zhu, Zi-Yu; Xue, Ying-Wei; Sun, Yu-Fei; Yuan, Chao-Yu; Wang, Mo-Han; Wang, Nan",2024,,World Journal of Gastroenterology,included,Visão computacional/DL aplicada a endoscopia digestiva alta (contexto: dataset/benchmark).,Scopus/S2,sim
Scopus,S2,Scopus S2 — Lesões e alterações gástricas por IA,You20261651,Artificial intelligence assistance narrows the experience gap in endoscopic reporting of gastric lesions: a prospective clinical trial,"You, Hang; Tao, Xiao; Dong, Zehua; Li, Yanxia; Huang, Li; Li, Jia; Du, Hongliu; Deng, Mei; Wu, Zhifeng; Tan, Xia; Yang, Ting; Liu, Jun; Yu, Honggang",2026,,Surgical Endoscopy ,included,Visão computacional/DL aplicada a endoscopia digestiva alta.,Scopus/S2,sim
Scopus,S2,Scopus S2 — Lesões e alterações gástricas por IA,Chen20245604,Artificial intelligence assisted recognition and diagnosis of Magnetically controlled capsule gastroscopy,"Chen, Susu; Wei, Chuyu; Li, Dongqi; Borchert, Glen M.; Yu, Zhong; Lin, Jiawen; Huang, Jingshan",2024,,"Proceedings - 2024 IEEE International Conference on Bioinformatics and Biomedicine, BIBM 2024",included,Visão computacional/DL aplicada a endoscopia digestiva alta (contexto: dataset/benchmark).,Scopus/S2,sim
Scopus,S2,Scopus S2 — Lesões e alterações gástricas por IA,Lee2023375,The Role of Artificial Intelligence in Gastric Cancer: Surgical and Therapeutic Perspectives: A Comprehensive Review,"Lee, Junho; Lee, Hanna; Chung, Jun-Won",2023,,Journal of Gastric Cancer,included,Visão computacional/DL aplicada a endoscopia digestiva alta.,Scopus/S2,sim
Scopus,S2,Scopus S2 — Lesões e alterações gástricas por IA,Agarwal20251901,Evaluation of the use of convoluted neural network for detecting early gastric cancer and predicting its invasion depth: A systematic review and meta-analysis,"Agarwal, Samagra; Rajput, Mahender Singh; Pandey, Shivam; Ramai, Daryl; Tabibian, James H; Ofosu, Andrew; Barakat, Monique T.; Girotra, Mohit; Mahapatra, Soumya Jagannath",2025,,Digestive and Liver Disease,included,Visão computacional/DL aplicada a endoscopia digestiva alta (contexto: dataset/benchmark).,Scopus/S2,sim
Scopus,S2,Scopus S2 — Lesões e alterações gástricas por IA,Zhou2024,"Efficacy of a real-time intelligent quality-control system for the detection of early upper gastrointestinal neoplasms: a multicentre, single-blinded, randomised controlled trial","Zhou, Ruchen; Liu, Jing; Zhang, Chenchen; Zhao, Yusha; Su, Jingran; Niu, Qiong; Liu, Chengxia; Guo, Zhuang; Cui, Zhenqin; Zhong, Xiaoqin; Zhao, Weidong; Li, Jing; Zhang, Xiaodong; Wang, Hongyan; Sun, Shidong; Ma, Ruiguang; Chen, Xinyu; Xu, Xinyan; Zhu, Yiqing; Li, Zhen; Zuo, Xiuli; Li, Yanqing",2024,,eClinicalMedicine,included,Visão computacional/DL aplicada a endoscopia digestiva alta.,Scopus/S2,sim
Scopus,S2,Scopus S2 — Lesões e alterações gástricas por IA,Abe2023492,"Computer-aided endoscopic diagnosis of early gastric cancer on white light endoscopy: No detection, no characterization","Abe, Seiichiro",2023,,Digestive Endoscopy,included,"Título/keywords indicam DL/CV em endoscopia digestiva alta ou achado GI, mesmo sem abstract.",Scopus/S2,não
Scopus,S2,Scopus S2 — Lesões e alterações gástricas por IA,Fratini2025,"Dredge Sediment as an Opportunity: A Comprehensive and Updated Review of Beneficial Uses in Marine, River, and Lagoon Eco-Systems","Fratini, Chiara; Anselmi, Serena; Renzi, Monia",2025,,Environments - MDPI,included,DL/CV aplicado a achados do trato GI alto — presume-se imagens endoscópicas/histopatológicas.,Scopus/S2,sim
Scopus,S2,Scopus S2 — Lesões e alterações gástricas por IA,Huang2021,Impact of Computer-Assisted System on the Learning Curve and Quality in Esophagogastroduodenoscopy: Randomized Controlled Trial,"Huang, Li; Liu, Jun; Wu, Lianlian; Xu, Ming; Yao, Liwen; Zhang, Lihui; Shang, Renduo; Zhang, Mengjiao; Xiong, Qiutang; Wang, Dawei; Dong, Zehua; Xu, Youming; Li, Jia; Zhu, Yijie; Gong, Dexin; Wu, Huiling; Yu, Honggang",2021,,Frontiers in Medicine,included,Visão computacional/DL aplicada a endoscopia digestiva alta.,Scopus/S2; Scopus/S3,sim
Scopus,S2,Scopus S2 — Lesões e alterações gástricas por IA,Chen20251185,A novel artificial intelligence-based system for quality monitoring during esophagogastroduodenoscopy: a multicenter randomized controlled study,"Chen, Shengsen; Li, Yandong; Wang, Huogen; Chen, Ming; Wang, Chun; Pan, Weilong; Ma, Ji; Ji, Tingting; Hong, Jiemin; Hu, Di; Sheng, Xiancang; Jiang, Junbing; Wang, Shi",2025,,Endoscopy,included,Visão computacional/DL aplicada a endoscopia digestiva alta.,Scopus/S2,sim
Scopus,S2,Scopus S2 — Lesões e alterações gástricas por IA,Lee2024,Validation of Artificial Intelligence Computer-Aided Detection on Gastric Neoplasm in Upper Gastrointestinal Endoscopy,"Lee, Hannah; Chung, Jun-Won; Yun, Sung-Cheol; Jung, Sung Woo; Yoon, Yeong Jun; Kim, Ji Hee; Cha, Boram; Kayasseh, Mohd Azzam; Kim, Kyoung Oh",2024,,Diagnostics,included,Visão computacional/DL aplicada a endoscopia digestiva alta (contexto: dataset/benchmark).,Scopus/S2,sim
Scopus,S2,Scopus S2 — Lesões e alterações gástricas por IA,Liu20211392,Artificial intelligence-Assisted endoscopic detection of esophageal neoplasia in early stage: The next step?,"Liu, Yong",2021,,World Journal of Gastroenterology,included,Visão computacional/DL aplicada a endoscopia digestiva alta.,Scopus/S2,sim
Scopus,S2,Scopus S2 — Lesões e alterações gástricas por IA,Li20221138,Correlation of the detection rate of upper GI cancer with artificial intelligence score: results from a multicenter trial (with video),"Li, Yan-Dong; Li, Hui-Zhang; Chen, Sheng-Sen; Jin, Chao-Hui; Chen, Ming; Cheng, Ming; Ma, Min-Jun; Zhang, Xiao-Ping; Wang, Xin; Zhou, Jian-Bo; Chen, Ming-Tong; Chen, Jiang-Ning; Yu, Shan; Wang, Tie-Jun; Fang, Wei-Ping; Cao, Xian-Wei; Yu, Xiao-Jie; Du, Ling-Bin; Wang, Shi",2022,,Gastrointestinal Endoscopy,included,Visão computacional/DL aplicada a endoscopia digestiva alta.,Scopus/S2,sim
Scopus,S2,Scopus S2 — Lesões e alterações gástricas por IA,Goenka2023128,Role of artificial intelligence–guided esophagogastroduodenoscopy in assessing the procedural completeness and quality,"Goenka, Mahesh Kumar; Afzalpurkar, Shivaraj; Jejurikar, Saurabh; Rodge, Gajanan Ashokrao; Tiwari, Awanish",2023,,Indian Journal of Gastroenterology,included,Visão computacional/DL aplicada a endoscopia digestiva alta.,Scopus/S2,sim
Scopus,S2,Scopus S2 — Lesões e alterações gástricas por IA,Liu2024,A deep learning approach for gastroscopic manifestation recognition based on Kyoto Gastritis Score,"Liu, Ao; Zhang, Xilin; Zhong, Jiaxin; Wang, Zilu; Ge, Zhenyang; Wang, Zhong; Fan, Xiaoya; Zhang, Jing",2024,,Annals of Medicine,included,Visão computacional/DL aplicada a endoscopia digestiva alta (contexto: dataset/benchmark).,Scopus/S2,sim
Scopus,S2,Scopus S2 — Lesões e alterações gástricas por IA,Gomoll_n2022389,Clinical characteristics and prognostic factors for Crohn's disease relapses using natural language processing and machine learning: a pilot study,"Gomollón, Fernando; Gisbert, Javier P.; Guerra, Iván; Plaza, Rocío; Pajares Villarroya, Ramón; Moreno Almazán, Luis; López Martín, Mª Carmen; Domínguez Antonaya, Mercedes; Vera Mendoza, María Isabel; Aparicio, Jesús; Martínez, Vicente; Tagarro, Ignacio; Fernández-Nistal, Alonso; Lumbreras, Sara; Maté, Claudia; Montoto, Carmen",2022,,European Journal of Gastroenterology and Hepatology,included,Visão computacional/DL aplicada a endoscopia digestiva alta (contexto: dataset/benchmark).,Scopus/S2,sim
Scopus,S2,Scopus S2 — Lesões e alterações gástricas por IA,Li2025,Factors influencing the incidence of early gastric cancer: a bayesian network analysis,"Li, Ruiyu; Yang, Taiming; Dong, Zi; Gao, Yin; Li, Nan; Song, Ting; Sun, Jinshu; Chen, Ying",2025,,BMC Gastroenterology,included,Visão computacional/DL aplicada a endoscopia digestiva alta.,Scopus/S2; Scopus/S3,sim
Scopus,S2,Scopus S2 — Lesões e alterações gástricas por IA,Pan2022,Metabolomics study identified bile acids as potential biomarkers for gastric cancer: A case control study,"Pan, Chen; Deng, Dawei; Wei, Tianfu; Wu, Zeming; Zhang, Biao; Yuan, Qihang; Liang, Guogang; Liu, Yanfeng; Yin, Peiyuan",2022,,Frontiers in Endocrinology,included,Visão computacional/DL aplicada a endoscopia digestiva alta.,Scopus/S2,sim
Scopus,S2,Scopus S2 — Lesões e alterações gástricas por IA,Goto2023116,Cooperation between artificial intelligence and endoscopists for diagnosing invasion depth of early gastric cancer,"Goto, Atsushi; Kubota, Naoto; Nishikawa, Jun; Ogawa, Ryo; Hamabe, Koichi; Hashimoto, Shinichi; Ogihara, Hiroyuki; Hamamoto, Yoshihiko; Yanai, Hideo; Miura, Osamu; Takami, Taro",2023,,Gastric Cancer,included,Visão computacional/DL aplicada a endoscopia digestiva alta.,Scopus/S2,sim
Scopus,S2,Scopus S2 — Lesões e alterações gástricas por IA,Inoue2020e00154,Application of Convolutional Neural Networks for Detection of Superficial Nonampullary Duodenal Epithelial Tumors in Esophagogastroduodenoscopic Images,"Inoue, Shuntaro; Shichijo, Satoki; Aoyama, Kazuharu; Kono, Mitsuhiro; Fukuda, Hiromu; Shimamoto, Yusaku; Nakagawa, Kentaro; Ohmori, Masayasu; Iwagami, Hiroyoshi; Matsuno, Kenshi; Iwatsubo, Taro; Nakahira, Hiroko; Matsuura, Noriko; Maekawa, Akira; Kanesaka, Takashi; Yamamoto, Sachiko; Takeuchi, Yoji; Higashino, Koji; Uedo, Noriya; Ishihara, Ryu; Tada, Tomohiro",2020,,Clinical and translational gastroenterology,included,Visão computacional/DL aplicada a endoscopia digestiva alta (contexto: dataset/benchmark).,Scopus/S2,sim
Scopus,S2,Scopus S2 — Lesões e alterações gástricas por IA,Zhao2024503,Linked Color Imaging with Artificial Intelligence Improves the Detection of Early Gastric Cancer,"Zhao, Youshen; Dohi, Osamu; Ishida, Tsugitaka; Yoshida, Naohisa; Ochiai, Tomoko; Mukai, Hiroki; Seya, Mayuko; Yamauchi, Katsuma; Miyazaki, Hajime; Fukui, Hayato; Yasuda, Takeshi; Iwai, Naoto; Inoue, Ken; Itoh, Yoshito; Liu, Xinkai; Zhang, Ruiyao; Zhu, Xin",2024,,Digestive Diseases,included,Visão computacional/DL aplicada a endoscopia digestiva alta.,Scopus/S2,sim
Scopus,S2,Scopus S2 — Lesões e alterações gástricas por IA,Leung2024343,Artificial intelligence-assisted assessment for Forrest classification of peptic ulcer bleeding: Hype or reality?,"Leung, Wai K.",2024,,Endoscopy,included,"Título/keywords indicam DL/CV em endoscopia digestiva alta ou achado GI, mesmo sem abstract.",Scopus/S2,não
Scopus,S2,Scopus S2 — Lesões e alterações gástricas por IA,Fedorov202518,Endoscopic Features of Eosinophilic Esophagitis: From Its Origins to Current Practice and Innovations. Literature Review and Personal Experience; [Эндоскопическая семиотика эозинофильного эзофагита: от истоков к современности. Обзор литературы и собственный опыт],"Fedorov, Evgeny D.; Kaibysheva, Valeria O.; Gorbachev, Evgeny V.; Mokritskiy, Andrey I.; Mikhaleva, Liudmila M.; Maslyonkina, Ksenia S.; Shapovalianc, Sergey G.",2025,,"Russian Journal of Gastroenterology, Hepatology, Coloproctology",included,Visão computacional/DL aplicada a endoscopia digestiva alta.,Scopus/S2,sim
Scopus,S2,Scopus S2 — Lesões e alterações gástricas por IA,Du2023,Early gastric cancer segmentation in gastroscopic images using a co-spatial attention and channel attention based triple-branch ResUnet,"Du, Wenju; Rao, Nini; Yong, Jiahao; Adjei, Prince Ebenezer; Hu, Xiaoming; Wang, Xiaotong; Gan, Tao; Zhu, Linlin; Zeng, Bing; Liu, Mengyuan; Xu, Yongxue",2023,,Computer Methods and Programs in Biomedicine,included,Visão computacional/DL aplicada a endoscopia digestiva alta (contexto: dataset/benchmark).,Scopus/S2,sim
Scopus,S2,Scopus S2 — Lesões e alterações gástricas por IA,Yanqi2020413,Precancerous Diseases Classification Based on Fusion of Shallow and Deep Features,"Yanqi, Pan; Rui, Chen; Xu, Zhang; Xinsen, Zhang; Jiquana, Liu; Weiling, Hu; Huilong, Duan; Jianmin, Si",2020,,Chinese Journal of Biomedical Engineering,included,Visão computacional/DL aplicada a endoscopia digestiva alta.,Scopus/S2; Scopus/S3,sim
Scopus,S2,Scopus S2 — Lesões e alterações gástricas por IA,Dohi2020191,Can image-enhanced endoscopy improve the diagnosis of Kyoto classification of gastritis in the clinical setting?,"Dohi, Osamu; Majima, Atsushi; Naito, Yuji; Yoshida, Takuma; Ishida, Tsugitaka; Azuma, Yuka; Kitae, Hiroaki; Matsumura, Shinya; Mizuno, Naoki; Yoshida, Naohisa; Kamada, Kazuhiro; Itoh, Yoshito",2020,,Digestive Endoscopy,included,Visão computacional/DL aplicada a endoscopia digestiva alta.,Scopus/S2,sim
Scopus,S2,Scopus S2 — Lesões e alterações gástricas por IA,Lei2025,Virtual NBI image synthesis using stable diffusion for enhanced recognition of early gastric cancer: a technical validation study,"Lei, Changda; Kan, Xiuji; Ouyang, Yifan; Mei, Yutong; Guo, Yunbo; Hong, Kaicheng; Li, Junbo; Wang, Bilin; Li, Rui",2025,,Annals of Medicine,included,Visão computacional/DL aplicada a endoscopia digestiva alta.,Scopus/S2,sim
Scopus,S2,Scopus S2 — Lesões e alterações gástricas por IA,Chen2024,Machine learning models to predict submucosal invasion in early gastric cancer based on endoscopy features and standardized color metrics,"Chen, Keyan; Wang, Ye; Lang, Yanfei; Yang, Linjian; Guo, Zhijun; Wu, Wei; Zhang, Jing; Ding, Shigang",2024,,Scientific Reports,included,Visão computacional/DL aplicada a endoscopia digestiva alta.,Scopus/S2,sim
Scopus,S2,Scopus S2 — Lesões e alterações gástricas por IA,Klang2021155,Differentiation between malignant and benign endoscopic images of gastric ulcers using deep learning,"Klang, Eyal; Barash, Yiftach; Levartovsky, Asaf; Lederer, Noam Barkin; Lahat, Adi",2021,,Clinical and Experimental Gastroenterology,included,Visão computacional/DL aplicada a endoscopia digestiva alta (contexto: dataset/benchmark).,Scopus/S2,sim
Scopus,S2,Scopus S2 — Lesões e alterações gástricas por IA,Halvorsen202381,Artificial intelligence and upper gastrointestinal endoscopy: what is the optimal study design?,"Halvorsen, Natalie; Mori, Yuichi",2023,,Minerva Surgery,included,Visão computacional/DL aplicada a endoscopia digestiva alta.,Scopus/S2,sim
Scopus,S2,Scopus S2 — Lesões e alterações gástricas por IA,Si2024,Identification of chronic non-atrophic gastritis and intestinal metaplasia stages in the Correa's cascade through machine learning analyses of SERS spectral signature of non-invasively-collected human gastric fluid samples,"Si, Yu-Ting; Xiong, Xue-Song; Wang, Jin-Ting; Yuan, Quan; Li, Yu-Ting; Tang, Jia-Wei; Li, Yong-Nian; Zhang, Xin-Yu; Li, Zheng-Kang; Lai, Jin-Xin; Umar, Zeeshan; Yang, Wei-Xuan; Li, Fen; Wang, Liang; Gu, Bing",2024,,Biosensors and Bioelectronics,included,Visão computacional/DL aplicada a endoscopia digestiva alta.,Scopus/S2,sim
Scopus,S2,Scopus S2 — Lesões e alterações gástricas por IA,Wu20251118,Clinical decision tree for optimizing endoscopic assessment of signet ring cell carcinoma in hereditary diffuse gastric cancer surveillance,"Wu, Lianlian; Honing, Judith; Wu, Anjui; Kupfer, Sonia S.; Bisseling, Tanya M.; Van Dieren, Jolanda M.; Tan, W. Keith; Lee, Colin Y. C.; Hadjinicolaou, Andreas V.; Huang, Yuan; Negro, Juan De La Revilla; Sharip, Mohmmed Tauseef; Elias, Joshua; Lim, Hui Jun; Karthik, Nandini; Markert, Greta; Prew, William; O'Donovan, Maria; Tischkowitz, Marc; Sujendran, Vijayendran; O'Neill, J. Robert; Markowetz, Florian; Fitzgerald, Rebecca C.; Di Pietro, Massimiliano",2025,,Endoscopy,included,Visão computacional/DL aplicada a endoscopia digestiva alta.,Scopus/S2,sim
Scopus,S2,Scopus S2 — Lesões e alterações gástricas por IA,Huang2025,Classification of pediatric video capsule endoscopy images for small bowel abnormalities using deep learning models,"Huang, Yi-Hsuan; Lin, Qian; Jin, Xin-Yan; Chou, Chih-Yi; Wei, Jia-Jie; Xing, Jiao; Guo, Hong-Mei; Liu, Zhi-Feng; Lu, Yan",2025,,World Journal of Gastroenterology,included,Visão computacional/DL aplicada a endoscopia digestiva alta (contexto: dataset/benchmark).,Scopus/S2,sim
Scopus,S2,Scopus S2 — Lesões e alterações gástricas por IA,Guimar_es20204,Deep-learning based detection of gastric precancerous conditions,"Guimarães, Pedro; Keller, Andreas; Fehlmann, Tobias; Lammert, Frank; Casper, Markus",2020,,Gut,included,"Título/keywords indicam DL/CV em endoscopia digestiva alta ou achado GI, mesmo sem abstract.",Scopus/S2,não
Scopus,S2,Scopus S2 — Lesões e alterações gástricas por IA,Zhang2021789,Diagnosis of routine endoscopic images of gastric lesions through a deep convolutional neural network; [深度卷积神经网络对胃病变普通内镜图像诊断的研究],"Zhang, Liming; Zhang, Yang; Wang, Li; Wang, Jiangyuan; Liu, Yulan",2021,,Chinese Journal of Digestive Endoscopy,included,Visão computacional/DL aplicada a endoscopia digestiva alta (contexto: dataset/benchmark).,Scopus/S2,sim
Scopus,S2,Scopus S2 — Lesões e alterações gástricas por IA,Abrantes2015652,Identifying technology interaction opportunities within a gastroenterology exam room,"Abrantes, Diogo; Pimentel-Nunes, Pedro; Dinis-Ribeiro, Mário; Coimbra, Miguel",2015,,Studies in Health Technology and Informatics,included,Visão computacional/DL aplicada a endoscopia digestiva alta.,Scopus/S2,sim
Scopus,S2,Scopus S2 — Lesões e alterações gástricas por IA,Niu20241565,A deep learning model based on magnifying endoscopy with narrow-band imaging to evaluate intestinal metaplasia grading and OLGIM staging: A multicenter study,"Niu, Wenlu; Liu, Leheng; Dong, Zhixia; Bu, Xiongzhu; Yao, Fanghao; Wang, Jing; Wu, Xiaowan; Chen, Congying; Mao, Tiancheng; Wu, Yulun; Yuan, Lin; Wan, Xinjian; Zhou, Hui",2024,,Digestive and Liver Disease,included,Visão computacional/DL aplicada a endoscopia digestiva alta.,Scopus/S2,sim
Scopus,S2,Scopus S2 — Lesões e alterações gástricas por IA,Zhao2022,Deep learning as a novel method for endoscopic diagnosis of chronic atrophic gastritis: a prospective nested case–control study,"Zhao, Quchuan; Jia, Qing; Chi, Tianyu",2022,,BMC Gastroenterology,included,Visão computacional/DL aplicada a endoscopia digestiva alta.,Scopus/S2,sim
Scopus,S2,Scopus S2 — Lesões e alterações gástricas por IA,Tan2025e00839,"Artificial Intelligence as a Surrogate for Inspection Time to Assess Completeness in Esophagogastroduodenoscopy: A Prospective, Randomized, Noninferiority Study","Tan, Xia; Yao, Liwen; Dong, Zehua; Li, Yanxia; Yu, Yuanjie; Gao, Xin; Zhu, Kai; Su, Wenhao; Yin, Haisen; Wang, Wen; Luo, Chaijie; Li, Jialing; You, Hang; Hu, Huiyan; Zhou, Wei; Yu, Honggang",2025,,Clinical and Translational Gastroenterology,included,Visão computacional/DL aplicada a endoscopia digestiva alta.,Scopus/S2,sim
Scopus,S2,Scopus S2 — Lesões e alterações gástricas por IA,Wolff2024,Incidence and predictors of thermal oesophageal and vagus nerve injuries in Ablation Index-guided high-power-short-duration ablation of atrial fibrillation: a prospective study,"Wolff, Charlotte; Langenhan, Katharina; Wolff, Marc; Efimova, Elena; Zachäus, Markus; Darma, Angeliki; Dinov, Borislav; Seewöster, Timm; Nedios, Sotirios; Bertagnolli, Livio; Wolff, Jan; Paetsch, Ingo; Jahnke, Cosima; Bollmann, Andreas; Hindricks, Gerhard; Bode, Kerstin; Halm, Ulrich; Arya, Arash",2024,,Europace,included,Visão computacional/DL aplicada a endoscopia digestiva alta.,Scopus/S2,sim
Scopus,S2,Scopus S2 — Lesões e alterações gástricas por IA,Xie2024878.e1,A new artificial intelligence system for both stomach and small-bowel capsule endoscopy,"Xie, Xia; Xiao, Yu-Feng; Yang, Huan; Peng, Xue; Li, Jian-Jun; Zhou, Yuan-Yuan; Fan, Chao-Qiang; Meng, Rui-Ping; Huang, Bao-Bao; Liao, Xi-Ping; Chen, Yu-Yang; Zhong, Ting-Ting; Lin, Hui; Koulaouzidis, Anastasios; Yang, Shi-Ming",2024,,Gastrointestinal Endoscopy,included,Visão computacional/DL aplicada a endoscopia digestiva alta.,Scopus/S2,sim
Scopus,S2,Scopus S2 — Lesões e alterações gástricas por IA,Ding2021143,SCNET: A Novel UGI Cancer Screening Framework Based on Semantic-Level Multimodal Data Fusion,"Ding, Shuai; Huang, Hui; Li, Zhenmin; Liu, Xiao; Yang, Shanlin",2021,,IEEE Journal of Biomedical and Health Informatics,included,Visão computacional/DL aplicada a endoscopia digestiva alta.,Scopus/S2,sim
Scopus,S2,Scopus S2 — Lesões e alterações gástricas por IA,Xie2022599,Diagnostic accuracy of convolutional neural network–based endoscopic image analysis in diagnosing gastric cancer and predicting its invasion depth: a systematic review and meta-analysis,"Xie, Fang; Zhang, Keqiang; Li, Feng; Ma, Guorong; Ni, Yuanyuan; Zhang, Wei; Wang, Junchao; Li, Yuewei",2022,,Gastrointestinal Endoscopy,included,Visão computacional/DL aplicada a endoscopia digestiva alta.,Scopus/S2,sim
Scopus,S2,Scopus S2 — Lesões e alterações gástricas por IA,Ogawa2019386,Objective Assessment of the Utility of Chromoendoscopy with a Support Vector Machine,"Ogawa, Ryo; Nishikawa, Jun; Hideura, Eizaburo; Goto, Atsushi; Koto, Yurika; Ito, Shunsuke; Unno, Madoka; Yamaoka, Yuko; Kawasato, Ryo; Hashimoto, Shinichi; Okamoto, Takeshi; Ogihara, Hiroyuki; Hamamoto, Yoshihiko; Sakaida, Isao",2019,,Journal of Gastrointestinal Cancer,included,Visão computacional/DL aplicada a endoscopia digestiva alta.,Scopus/S2,sim
Scopus,S2,Scopus S2 — Lesões e alterações gástricas por IA,Yang20211075,Real-time artificial intelligence for endoscopic diagnosis of early esophageal squamous cell cancer (with video),"Yang, Xiao-Xiao; Li, Zhen; Shao, Xue-Jun; Ji, Rui; Qu, Jun-Yan; Zheng, Meng-Qi; Sun, Yi-Ning; Zhou, Ru-Chen; You, Hang; Li, Li-Xiang; Feng, Jian; Yang, Xiao-Yun; Li, Yan-Qing; Zuo, Xiu-Li",2021,,Digestive Endoscopy,included,Visão computacional/DL aplicada a endoscopia digestiva alta.,Scopus/S2,sim
Scopus,S2,Scopus S2 — Lesões e alterações gástricas por IA,Alharami2025S1368,S6419 Gastric Schwannoma Versus Gastrointestinal Stromal Tumor: A Case Report and the Future of Artificial Intelligence in Differentiating Subepithelial Gastric Lesions,"Alharami, Mohamed; Alwan, Omar; Zahrawi, Frhaan; Khattab, Omar; Neubert, Zachary",2025,,American Journal of Gastroenterology,included,"Título/keywords indicam DL/CV em endoscopia digestiva alta ou achado GI, mesmo sem abstract.",Scopus/S2,não
Scopus,S2,Scopus S2 — Lesões e alterações gástricas por IA,Shi2019,Gastroscopic Panoramic View: Application to Automatic Polyps Detection under Gastroscopy,"Shi, Chenfei; Xue, Yan; Jiang, Chuan; Tian, Hui; Liu, Bei",2019,,Computational and Mathematical Methods in Medicine,included,Visão computacional/DL aplicada a endoscopia digestiva alta.,Scopus/S2; Scopus/S3,sim
Scopus,S2,Scopus S2 — Lesões e alterações gástricas por IA,Huang20231001,Cost‑effectiveness of early gastric cancer screening using an artificial intelligence gastroscopy‑assisted system; [人工智能胃镜检查辅助系统用于早期胃癌筛查的成本和效益分析],"Huang, Li; Wu, Lianlian; Zhu, Yijie; Yu, Honggang",2023,,Chinese Journal of Digestive Endoscopy,included,Visão computacional/DL aplicada a endoscopia digestiva alta.,Scopus/S2,sim
Scopus,S2,Scopus S2 — Lesões e alterações gástricas por IA,Alkhattabi202669,Endoscopic Screening of Barrett’s Esophagus,"Alkhattabi, Abdullah; Trindade, Arvind J.; Iyer, Prasad G.",2026,,Gastrointestinal Endoscopy Clinics of North America,included,"Título/keywords indicam DL/CV em endoscopia digestiva alta ou achado GI, mesmo sem abstract.",Scopus/S2,não
Scopus,S2,Scopus S2 — Lesões e alterações gástricas por IA,Trieu2026107,Surveillance of Barrett’s Esophagus,"Trieu, Richard; Hur, Chin; Sharma, Prateek",2026,,Gastrointestinal Endoscopy Clinics of North America,included,"Título/keywords indicam DL/CV em endoscopia digestiva alta ou achado GI, mesmo sem abstract.",Scopus/S2,não
Scopus,S2,Scopus S2 — Lesões e alterações gástricas por IA,Yuan202434,"Effect of an artificial intelligence-assisted system on endoscopic diagnosis of superficial oesophageal squamous cell carcinoma and precancerous lesions: a multicentre, tandem, double-blind, randomised controlled trial","Yuan, Xiang-Lei; Liu, Wei; Lin, Yi-Xiu; Deng, Qian-Yi; Gao, Yuan-Ping; Wan, Ling; Zhang, Bin; Zhang, Tao; Zhang, Wan-Hong; Bi, Xiao-Gang; Yang, Guo-Dong; Zhu, Bi-Hui; Zhang, Fan; Qin, Xiao-Bo; Pan, Feng; Zeng, Xian-Hui; Chaudhry, Hunza; Pang, Mao-Yin; Yang, Juliana; Zhang, Jing-Yu; Hu, Bing",2024,,The Lancet Gastroenterology and Hepatology,included,Visão computacional/DL aplicada a endoscopia digestiva alta.,Scopus/S2,sim
Scopus,S2,Scopus S2 — Lesões e alterações gástricas por IA,Wu2021700,"Effect of a deep learning-based system on the miss rate of gastric neoplasms during upper gastrointestinal endoscopy: a single-centre, tandem, randomised controlled trial","Wu, Lianlian; Shang, Renduo; Sharma, Prateek; Zhou, Wei; Liu, Jun; Yao, Liwen; Dong, Zehua; Yuan, Jingping; Zeng, Zhi; Yu, Yuanjie; He, Chunping; Xiong, Qiutang; Li, Yanxia; Deng, Yunchao; Cao, Zhuo; Huang, Chao; Zhou, Rui; Li, Hongyan; Hu, Guiying; Chen, Yiyun; Wang, Yonggui; He, Xinqi; Zhu, Yijie; Yu, Honggang",2021,,The Lancet Gastroenterology and Hepatology,included,Visão computacional/DL aplicada a endoscopia digestiva alta.,Scopus/S2; Web of Science/S2,sim
Scopus,S2,Scopus S2 — Lesões e alterações gástricas por IA,Ferrari20241,Enhancing the Quality of Upper Gastrointestinal Endoscopy: Current Indicators and Future Trends,"Ferrari, Caesar; Tadros, Micheal",2024,,Gastroenterology Insights,included,Visão computacional/DL aplicada a endoscopia digestiva alta (contexto: dataset/benchmark).,Scopus/S2,sim
Scopus,S2,Scopus S2 — Lesões e alterações gástricas por IA,Tamashiro20201057,Artificial intelligence-based detection of pharyngeal cancer using convolutional neural networks,"Tamashiro, Atsuko; Yoshio, Toshiyuki; Ishiyama, Akiyoshi; Tsuchida, Tomohiro; Hijikata, Kazunori; Yoshimizu, Shoichi; Horiuchi, Yusuke; Hirasawa, Toshiaki; Seto, Akira; Sasaki, Toru; Fujisaki, Junko; Tada, Tomohiro",2020,,Digestive Endoscopy,included,Visão computacional/DL aplicada a endoscopia digestiva alta.,Scopus/S2,sim
Scopus,S2,Scopus S2 — Lesões e alterações gástricas por IA,Arai2022864,Machine learning–based personalized prediction of gastric cancer incidence using the endoscopic and histologic findings at the initial endoscopy,"Arai, Junya; Aoki, Tomonori; Sato, Masaya; Niikura, Ryota; Suzuki, Nobumi; Ishibashi, Rei; Tsuji, Yosuke; Yamada, Atsuo; Hirata, Yoshihiro; Ushiku, Tetsuo; Hayakawa, Yoku; Fujishiro, Mitsuhiro",2022,,Gastrointestinal Endoscopy,included,Visão computacional/DL aplicada a endoscopia digestiva alta.,Scopus/S2,sim
Scopus,S2,Scopus S2 — Lesões e alterações gástricas por IA,Young20215126,Endoscopic diagnosis and treatment of gastric dysplasia and early cancer: Current evidence and what the future may hold,"Young, Edward; Philpott, Hamish; Singh, Rajvinder",2021,,World Journal of Gastroenterology,included,Visão computacional/DL aplicada a endoscopia digestiva alta.,Scopus/S2,sim
Scopus,S2,Scopus S2 — Lesões e alterações gástricas por IA,Tang2020,Development and validation of a real-time artificial intelligence-assisted system for detecting early gastric cancer: A multicentre retrospective diagnostic study,"Tang, Dehua; Wang, Lei; Ling, Tingsheng; Lv, Ying; Ni, Muhan; Zhan, Qiang; Fu, Yiwei; Zhuang, Duanming; Guo, Huimin; Dou, Xiaotan; Zhang, Wei; Xu, Guifang; Zou, Xiaoping",2020,,EBioMedicine,included,Visão computacional/DL aplicada a endoscopia digestiva alta (contexto: dataset/benchmark).,Scopus/S2,sim
Scopus,S2,Scopus S2 — Lesões e alterações gástricas por IA,Lopes2024,Improving Endoscopy Lesion Classification Using Self-Supervised Deep Learning,"Lopes, Inês; Vakalopoulou, Maria; Ferrante, Enzo; Libânio, Diogo; Dinis-Ribeiro, Mário; Coimbra, Miguel; Renna, Francesco",2024,,"Proceedings of the Annual International Conference of the IEEE Engineering in Medicine and Biology Society, EMBS",included,Visão computacional/DL aplicada a endoscopia digestiva alta (contexto: dataset/benchmark).,Scopus/S2,sim
Scopus,S2,Scopus S2 — Lesões e alterações gástricas por IA,Liu2025,Toward autonomous robotic gastroscopy with a novel interventional keypoint and polyp detection system,"Liu, Yuying; Feng, Guang; He, Qi; Chen, Xin; Li, Jinhua; Wang, Bangmao; Zuo, Siyang",2025,,Computer Methods and Programs in Biomedicine,included,Visão computacional/DL aplicada a endoscopia digestiva alta (contexto: dataset/benchmark).,Scopus/S2; Scopus/S3,sim
Scopus,S2,Scopus S2 — Lesões e alterações gástricas por IA,Wu2022269,Real-time artificial intelligence for detecting focal lesions and diagnosing neoplasms of the stomach by white-light endoscopy (with videos),"Wu, Lianlian; Xu, Ming; Jiang, Xiaoda; He, Xinqi; Zhang, Heng; Ai, Yaowei; Tong, Qiaoyun; Lv, Peihua; Lu, Bin; Guo, Mingwen; Huang, Manling; Ye, Liping; Shen, Lei; Yu, Honggang",2022,,Gastrointestinal Endoscopy,included,Visão computacional/DL aplicada a endoscopia digestiva alta.,Scopus/S2,sim
Scopus,S2,Scopus S2 — Lesões e alterações gástricas por IA,Lee20241088,An artificial intelligence system for comprehensive pathologic outcome prediction in early gastric cancer through endoscopic image analysis (with video),"Lee, Seunghan; Jeon, Jiwoon; Park, Jinbae; Chang, Young Hoon; Shin, Cheol Min; Oh, Mi Jin; Kim, Su Hyun; Kang, Seungkyung; Park, Su Hee; Kim, Sang Gyun; Lee, Hyuk-Joon; Yang, Han-Kwang; Lee, Hey Seung; Cho, Soo-Jeong",2024,,Gastric Cancer,included,Visão computacional/DL aplicada a endoscopia digestiva alta.,Scopus/S2,sim
Scopus,S2,Scopus S2 — Lesões e alterações gástricas por IA,Tian2026,Risk Allocation and Incentive Mechanisms in AI-Assisted Medical Diagnosis: A Cross-Disciplinary Analysis Based on Multi-domain Cases,"Tian, Xinyang; Wang, Ruolin; Tian, Xinyue",2026,,Human-Centric Intelligent Systems,included,Visão computacional/DL aplicada a endoscopia digestiva alta.,Scopus/S2,sim
Scopus,S2,Scopus S2 — Lesões e alterações gástricas por IA,Igarashi2020,Anatomical classification of upper gastrointestinal organs under various image capture conditions using AlexNet,"Igarashi, Shohei; Sasaki, Yoshihiro; Mikami, Tatsuya; Sakuraba, Hirotake; Fukuda, Shinsaku",2020,,Computers in Biology and Medicine,included,Visão computacional/DL aplicada a endoscopia digestiva alta (contexto: dataset/benchmark).,Scopus/S2,sim
Scopus,S2,Scopus S2 — Lesões e alterações gástricas por IA,Zhang2019483,Construction of gastroscopic image recognition model based on transfer learning and its application in gastric cancer diagnosis,"Zhang, Jing; Zhong, L.; Du, Gang; Jiang, Xiang-Wu; Tang, Shao-Hui",2019,,Academic Journal of Second Military Medical University,included,Visão computacional/DL aplicada a endoscopia digestiva alta.,Scopus/S2,sim
Scopus,S2,Scopus S2 — Lesões e alterações gástricas por IA,Yang2024,Evaluating the accuracy of a nutritional screening tool for patients with digestive system tumors: A hierarchical Bayesian latent class meta-analysis,"Yang, Menghao; Xiao, Na; Tang, Le; Zhang, Yang; Wen, Yuexiu; Yang, Xiuqin",2024,,PLoS ONE,included,Visão computacional/DL aplicada a endoscopia digestiva alta (contexto: dataset/benchmark).,Scopus/S2,sim
Scopus,S2,Scopus S2 — Lesões e alterações gástricas por IA,Matsuda20233733,Evaluation of Endoscopic Response Using Deep Neural Network in Esophageal Cancer Patients Who Received Neoadjuvant Chemotherapy,"Matsuda, Satoru; Irino, Tomoyuki; Kawakubo, Hirofumi; Takeuchi, Masashi; Nishimura, Erika; Hisaoka, Kazuhiko; Sano, Junichi; Kobayashi, Ryota; Fukuda, Kazumasa; Nakamura, Rieko; Takeuchi, Hiroya; Kitagawa, Yuko",2023,,Annals of Surgical Oncology,included,Visão computacional/DL aplicada a endoscopia digestiva alta.,Scopus/S2,sim
Scopus,S2,Scopus S2 — Lesões e alterações gástricas por IA,Wang2024e705,"Highly sensitive detection platform-based diagnosis of oesophageal squamous cell carcinoma in China: a multicentre, case–control, diagnostic study","Wang, Yu; Xing, Shan; Xu, Yi-Wei; Xu, Qing-Xia; Ji, Ming-Fang; Peng, Yu-Hui; Wu, Ya-Xian; Wu, Meng; Xue, Ning; Zhang, Biao; Xie, Shang-Hang; Zhu, Rui-Dan; Ou, Xin-Yuan; Huang, Qi; Tian, Bo-Yu; Li, Hui-Lan; Jiang, Yu; Yao, Xiao-Bin; Li, Jian-Pei; Ling, Li; Cao, Su-Mei; Zhong, Qian; Liu, Wan-Li; Zeng, Mu-Sheng",2024,,The Lancet Digital Health,included,Visão computacional/DL aplicada a endoscopia digestiva alta.,Scopus/S2,sim
Scopus,S2,Scopus S2 — Lesões e alterações gástricas por IA,Yang2022,A retrospective analysis based on multiple machine learning models to predict lymph node metastasis in early gastric cancer,"Yang, Tao; Martinez-Useros, Javier; Liu, JingWen; Alarcón, Isaias; Li, Chao; Li, WeiYao; Xiao, Yuanxun; Ji, Xiang; Zhao, YanDong; Wang, Lei; Morales-Conde, Salvador; Yang, Zuli",2022,,Frontiers in Oncology,included,Visão computacional/DL aplicada a endoscopia digestiva alta.,Scopus/S2,sim
Scopus,S2,Scopus S2 — Lesões e alterações gástricas por IA,Spaander2021943,Editorial: machine learning models for gastric cancer risk prediction,"Spaander, Manon C. W.; Kuipers, Ernst J.",2021,,Alimentary Pharmacology and Therapeutics,included,"Título/keywords indicam DL/CV em endoscopia digestiva alta ou achado GI, mesmo sem abstract.",Scopus/S2,não
Scopus,S2,Scopus S2 — Lesões e alterações gástricas por IA,Ferreira2022,Detection and Characterization of Early Gastric Cancer,"Ferreira, Carlos Noronha; Serrazina, Juliana; Marinho, Rui Tato",2022,,Frontiers in Oncology,included,Visão computacional/DL aplicada a endoscopia digestiva alta.,Scopus/S2,sim
Scopus,S2,Scopus S2 — Lesões e alterações gástricas por IA,Park20231399,A Study on Improving the Performance of Gastroscopy Image Classification CADx System with SAM Optimizer; [SAM Optimizer를 통한 위내시경 이미지 분류 CADx의 성능 향상 연구],"Park, Jae-Beom; Kim, Min-Jun; Won, Hyeong-Sik; Cho, Hyun Chin; Cho, Hyun-Chong",2023,,Transactions of the Korean Institute of Electrical Engineers,included,Visão computacional/DL aplicada a endoscopia digestiva alta (contexto: dataset/benchmark).,Scopus/S2,sim
Scopus,S2,Scopus S2 — Lesões e alterações gástricas por IA,Yan20212531,Deep learning for diagnosis of precancerous lesions in upper gastrointestinal endoscopy: A review,"Yan, Tao; Wong, Pak Kin; Qin, Ye-Ying",2021,,World Journal of Gastroenterology,included,Visão computacional/DL aplicada a endoscopia digestiva alta.,Scopus/S2,sim
Scopus,S2,Scopus S2 — Lesões e alterações gástricas por IA,Xu2025314,The value of artificial intelligence‑assisted cytology in the diagnosis of esophageal cancer and precancerous lesions; [人工智能辅助细胞学诊断食管癌及癌前病 变 的价值],"Xu, Min; Liu, Lin; Chang, Zhiheng; Tang, Bofu; Dang, Tong",2025,,Chinese Journal of Digestive Endoscopy,included,Visão computacional/DL aplicada a endoscopia digestiva alta.,Scopus/S2,sim
Scopus,S2,Scopus S2 — Lesões e alterações gástricas por IA,Ham202299361,Improvement of Gastroscopy Classification Performance Through Image Augmentation Using a Gradient-Weighted Class Activation Map,"Ham, Hyun-Sik; Lee, Han-Sung; Chae, Jung-Woo; Cho, Hyun Chin; Cho, Hyun-Chong",2022,,IEEE Access,included,Visão computacional/DL aplicada a endoscopia digestiva alta (contexto: dataset/benchmark).,Scopus/S2,sim
Scopus,S2,Scopus S2 — Lesões e alterações gástricas por IA,Gao20241293,Research progress on endoscopic image diagnosis of gastric tumors based on deep learning,"Gao, Yuan; Wei, Guohui",2024,,Sheng wu yi xue gong cheng xue za zhi = Journal of biomedical engineering = Shengwu yixue gongchengxue zazhi,included,Visão computacional/DL aplicada a endoscopia digestiva alta.,Scopus/S2,sim
Scopus,S2,Scopus S2 — Lesões e alterações gástricas por IA,Niikura2022780,Artificial intelligence versus expert endoscopists for diagnosis of gastric cancer in patients who have undergone upper gastrointestinal endoscopy,"Niikura, Ryota; Aoki, Tomonori; Shichijo, Satoki; Yamada, Atsuo; Kawahara, Takuya; Kato, Yusuke; Hirata, Yoshihiro; Hayakawa, Yoku; Suzuki, Nobumi; Ochi, Masanori; Hirasawa, Toshiaki; Tada, Tomohiro; Kawai, Takashi; Koike, Kazuhiko",2022,,Endoscopy,included,Visão computacional/DL aplicada a endoscopia digestiva alta.,Scopus/S2,sim
Scopus,S2,Scopus S2 — Lesões e alterações gástricas por IA,Zheng2022451,Malignancy Suspicious Region Guided Deep Neural Networks for Gastric Ulcer Classification,"Zheng, Xiaoyan; Zeng, Zeng; Ma, Can; Chang, Qing; Zhao, Ziyuan; Yang, Xulei",2022,,"Proceedings of the Annual International Conference of the IEEE Engineering in Medicine and Biology Society, EMBS",included,Visão computacional/DL aplicada a endoscopia digestiva alta (contexto: dataset/benchmark).,Scopus/S2,sim
Scopus,S2,Scopus S2 — Lesões e alterações gástricas por IA,Almeida20251254,Artificial intelligence for endoscopic grading of gastric intestinal metaplasia: Advancing risk stratification for gastric cancer,"Almeida, Eduarda; Martins, Miguel Lopes; Marques, David; Delas, Rose; Almeida, Tatiana; Chaves, Jéssica; Libânio, Diogo; Renna, Francesco; Coimbra, Miguel Tavares; Dinis-Ribeiro, Mário",2025,,Endoscopy,included,Visão computacional/DL aplicada a endoscopia digestiva alta (contexto: dataset/benchmark).,Scopus/S2,sim
Scopus,S2,Scopus S2 — Lesões e alterações gástricas por IA,Wang20234677,Lightweight deep learning model incorporating an attention mechanism and feature fusion for automatic classification of gastric lesions in gastroscopic images,"Wang, Lingxiao; Yang, Yingyun; Yang, Aiming; Li, Ting",2023,,Biomedical Optics Express,included,Visão computacional/DL aplicada a endoscopia digestiva alta (contexto: dataset/benchmark).,Scopus/S2,sim
Scopus,S2,Scopus S2 — Lesões e alterações gástricas por IA,Laun20251296,Validation of an Epigenetic Prognostic Assay to Accurately Risk-Stratify Patients with Barrett Esophagus,"Laun, Sarah E.; Kann, Lisa; Braun, Jerome; Gilbert, Stacey; Lunz, Daniel; Pierre, Francia; Kalra, Andrew; Ma, Ke; Tsai, Hua-Ling; Wang, Hao; Jit, Simran; Cheng, Yulan; Ahmed, Yousra; Wang, Kenneth K.; Leggett, Cadman L.; Cellini, Ashley; Ioffe, Olga B.; Zaidi, Ali H.; Omstead, Ashten N.; Jobe, Blair; Korman, Louis; Cornish, Drew; Zellenrath, Pauline; Spaander, Manon; Kuipers, Ernst; Perpetua, Lorrie; Greenwald, Bruce D.; Maddala, Tara; Meltzer, Stephen J.",2025,,American Journal of Gastroenterology,included,Visão computacional/DL aplicada a endoscopia digestiva alta.,Scopus/S2,sim
Scopus,S2,Scopus S2 — Lesões e alterações gástricas por IA,Yan2024302,A machine learning stacking model accurately estimating gastric fluid volume in patients undergoing elective sedated gastrointestinal endoscopy,"Yan, Yuqing; Jin, Yuzhan; Guo, Yaoyi; Ma, Mingtao; Feng, Yue; Zhong, Yi; Chen, Chen; Ge, Chun; Zou, Jianjun; Si, Yanna",2024,,Postgraduate Medicine,included,Visão computacional/DL aplicada a endoscopia digestiva alta.,Scopus/S2,sim
Scopus,S2,Scopus S2 — Lesões e alterações gástricas por IA,Teh2020433,Recent advances in diagnostic upper endoscopy,"Teh, Jun-Liang; Shabbir, Asim; Yuen, Soon; So, Jimmy Bok-Yan",2020,,World Journal of Gastroenterology,included,Visão computacional/DL aplicada a endoscopia digestiva alta (contexto: dataset/benchmark).,Scopus/S2,sim
Scopus,S2,Scopus S2 — Lesões e alterações gástricas por IA,Lui2024144,A novel artificial intelligence–assisted gastric dysplasia detection model to streamline its removal via endoscopic submucosal dissection,"Lui, Thomas K.L.",2024,,Gastrointestinal Endoscopy,included,"Título/keywords indicam DL/CV em endoscopia digestiva alta ou achado GI, mesmo sem abstract.",Scopus/S2,não
Scopus,S2,Scopus S2 — Lesões e alterações gástricas por IA,Xiao2022,A deep learning based framework for the classification of multi- class capsule gastroscope image in gastroenterologic diagnosis,"Xiao, Ping; Pan, Yuhang; Cai, Feiyue; Tu, Haoran; Liu, Junru; Yang, Xuemei; Liang, Huanling; Zou, Xueqing; Yang, Li; Duan, Jueni; Xv, Long; Feng, Lijuan; Liu, Zhenyu; Qian, Yun; Meng, Yu; Du, Jingfeng; Mei, Xi; Lou, Ting; Yin, Xiaoxv; Tan, Zhen",2022,,Frontiers in Physiology,included,Visão computacional/DL aplicada a endoscopia digestiva alta (contexto: dataset/benchmark).,Scopus/S2,sim
Scopus,S2,Scopus S2 — Lesões e alterações gástricas por IA,Duraipandian2012,"Real-time Raman spectroscopy for in vivo, online gastric cancer diagnosis during clinical endoscopic examination","Duraipandian, Shiyamala; Bergholt, Mads Sylvest; Zheng, Wei; Ho, Khek Yu; Teh, Ming; Yeoh, Khay Guan; So, Jimmy Bok Yan; Shabbir, Asim; Huang, Zhiwei",2012,,Journal of Biomedical Optics,included,Visão computacional/DL aplicada a endoscopia digestiva alta (contexto: dataset/benchmark).,Scopus/S2,sim
Scopus,S2,Scopus S2 — Lesões e alterações gástricas por IA,Wang2026,Development and validation of an interpretable machine learning model for non-invasive screening of precancerous gastric lesions using symptom and lifestyle data: a multicentre cohort study,"Wang, Lan; Tang, Kaiqiang; Zhang, Peng; Liu, Jiasheng; Wu, Bowen; Chen, Jun; Li, Yan; Du, Shiyu; Wang, Yan; Li, Shao",2026,,eClinicalMedicine,included,Visão computacional/DL aplicada a endoscopia digestiva alta (contexto: dataset/benchmark).,Scopus/S2,sim
Scopus,S2,Scopus S2 — Lesões e alterações gástricas por IA,Ali201839,Computer assisted gastric abnormalities detection using hybrid texture descriptors for chromoendoscopy images,"Ali, Hussam; Yasmin, Mussarat; Sharif, Muhammad; Rehmani, Mubashir Husain",2018,,Computer Methods and Programs in Biomedicine,included,Visão computacional/DL aplicada a endoscopia digestiva alta.,Scopus/S2,sim
Scopus,S2,Scopus S2 — Lesões e alterações gástricas por IA,Zhu2019806,Application of convolutional neural network in the diagnosis of the invasion depth of gastric cancer based on conventional endoscopy,"Zhu, Yan; Wang, Qiu-Cheng; Xu, Mei-Dong; Zhang, Zhen; Cheng, Jing; Zhong, Yun-Shi; Zhang, Yi-Qun; Chen, Wei-Feng; Yao, Li-Qing; Zhou, Ping-Hong; Li, Quan-Lin",2019,,Gastrointestinal Endoscopy,included,Visão computacional/DL aplicada a endoscopia digestiva alta (contexto: dataset/benchmark).,Scopus/S2,sim
Scopus,S2,Scopus S2 — Lesões e alterações gástricas por IA,Chen2024,In-depth metaproteomics analysis of tongue coating for gastric cancer: a multicenter diagnostic research study,"Chen, Jiahui; Sun, Yingying; Li, Jie; Lyu, Mengge; Yuan, Li; Sun, Jiancheng; Chen, Shangqi; Hu, Can; Wei, Qing; Xu, Zhiyuan; Guo, Tiannan; Cheng, Xiangdong",2024,,Microbiome,included,Visão computacional/DL aplicada a endoscopia digestiva alta.,Scopus/S2,sim
Scopus,S2,Scopus S2 — Lesões e alterações gástricas por IA,Takemoto2023741,Computer-aided demarcation of early gastric cancer: a pilot comparative study with endoscopists,"Takemoto, Satoko; Hori, Keisuke; Yoshimasa, Sakai; Nishimura, Masaomi; Nakajo, Keiichiro; Inaba, Atsushi; Sasabe, Maasa; Aoyama, Naoki; Watanabe, Takashi; Minakata, Nobuhisa; Ikematsu, Hiroaki; Yokota, Hideo; Yano, Tomonori",2023,,Journal of Gastroenterology,included,Visão computacional/DL aplicada a endoscopia digestiva alta (contexto: dataset/benchmark).,Scopus/S2,sim
Scopus,S2,Scopus S2 — Lesões e alterações gástricas por IA,Yoon2025594,"A Lesion-Based Attention Mechanism for Real-Time, Lightweight, and Performance-Enhanced Endoscopic Image Analysis","Yoon, Namkyung; Joo, Hyeontae; Kim, Hwangnam",2025,,"Proceedings - 2025 IEEE Annual Congress on Artificial Intelligence of Things, AIoT 2025",included,Visão computacional/DL aplicada a endoscopia digestiva alta (contexto: dataset/benchmark).,Scopus/S2,sim
Scopus,S2,Scopus S2 — Lesões e alterações gástricas por IA,Li2021,Proteomic profiling identifies signatures associated with progression of precancerous gastric lesions and risk of early gastric cancer,"Li, Xue; Zheng, Nai-Ren; Wang, Lin-Heng; Li, Zhong-Wu; Liu, Zong-Chao; Fan, Hua; Wang, Yi; Dai, Jin; Ni, Xiao-Tian; Wei, Xin; Liu, Ming-Wei; Li, Kai; Li, Zhe-Xuan; Zhou, Tong; Zhang, Yang; Zhang, Jing-Ying; Kadeerhan, Gaohaer; Huang, Sha; Wu, Wen-Hui; Liu, Wei-Dong; Wu, Xiu-Zhen; Zhang, Lan-Fu; Xu, Jian-Ming; Gerhard, Markus; You, Wei-Cheng; Pan, Kai-Feng; Li, Wen-Qing; Qin, Jun",2021,,EBioMedicine,included,Visão computacional/DL aplicada a endoscopia digestiva alta.,Scopus/S2,sim
Scopus,S2,Scopus S2 — Lesões e alterações gástricas por IA,Wang2022597,Gastric cancer diagnostic model based on convolutional neural network,"Wang, Jixian; Gui, Kun; Chen, Bingxian; Ru, Guoqing; Zhao, Di; Chen, Wanyuan; Zhang, Zhiyong",2022,,Medical Journal of Peking Union Medical College Hospital,included,Visão computacional/DL aplicada a endoscopia digestiva alta (contexto: dataset/benchmark).,Scopus/S2,sim
Scopus,S2,Scopus S2 — Lesões e alterações gástricas por IA,Parlar2025503,Future of image enhanced endoscopy of esophageal adenocarcinoma,"Parlar, Kerem; Cakir, Mert; Ozer, Ozlem; Sharma, Prateek",2025,,Clinical Endoscopy,included,DL/CV em endoscopia com achado do trato GI alto.,Scopus/S2,sim
Scopus,S2,Scopus S2 — Lesões e alterações gástricas por IA,Yu20225524,Noninvasive detection and interpretation of gastrointestinal diseases by collaborative serum metabolite and magnetically controlled capsule endoscopy,"Yu, Xiang-Tian; Chen, Ming; Guo, Jingyi; Zhang, Jing; Zeng, Tao",2022,,Computational and Structural Biotechnology Journal,included,Visão computacional/DL aplicada a endoscopia digestiva alta.,Scopus/S2,sim
Scopus,S2,Scopus S2 — Lesões e alterações gástricas por IA,Nopour2025,Development of a prediction model for peptic ulcer disease using the fusion of a feature selection strategy and ensemble algorithms,"Nopour, Raoof",2025,,BMC Gastroenterology,included,Visão computacional/DL aplicada a endoscopia digestiva alta.,Scopus/S2,sim
Scopus,S2,Scopus S2 — Lesões e alterações gástricas por IA,Berman2022,Quantification of TFF3 expression from a non-endoscopic device predicts clinically relevant Barrett's oesophagus by machine learning,"Berman, Adam G.; Tan, W. Keith; O'Donovan, Maria; Markowetz, Florian; Fitzgerald, Rebecca C.",2022,,eBioMedicine,included,Visão computacional/DL aplicada a endoscopia digestiva alta (contexto: dataset/benchmark).,Scopus/S2,sim
Scopus,S2,Scopus S2 — Lesões e alterações gástricas por IA,Wang2019128,Gastric polyps detection by improved faster r-cnn,"Wang, Ruilin; Zhang, Wei; Nie, Wenbo; Yu, Yao",2019,,ACM International Conference Proceeding Series,included,Visão computacional/DL aplicada a endoscopia digestiva alta.,Scopus/S2; Scopus/S3,sim
Scopus,S2,Scopus S2 — Lesões e alterações gástricas por IA,An202425,Machine learning identifies a 5-serum cytokine panel for the early detection of chronic atrophy gastritis patients,"An, Fangmei; Ge, Yan; Ye, Wei; Ji, Lin; Chen, Ke; Wang, Yunfei; Zhang, Xiaoxue; Dong, Shengrong; Shen, Yao; Zhao, Jiamin; Gao, Xiaojuan; Junankar, Simon; Chan, Robin Barry; Christodoulou, Dimitris; Wen, Wen; Lu, Peihua; Zhan, Qiang",2024,,Cancer Biomarkers,included,Visão computacional/DL aplicada a endoscopia digestiva alta.,Scopus/S2,sim
Scopus,S2,Scopus S2 — Lesões e alterações gástricas por IA,Sarvestani2023e288,Endoscopic surveillance in hereditary diffuse gastric cancer – Authors’ reply,"Sarvestani, A Leila; Asif, Bilal; Famiglietti, Amber L; Korman, Louis; Heller, Theo; Davis, Jeremy L",2023,,The Lancet Oncology,included,"Título/keywords indicam DL/CV em endoscopia digestiva alta ou achado GI, mesmo sem abstract.",Scopus/S2,não
Scopus,S2,Scopus S2 — Lesões e alterações gástricas por IA,Wu20211199,Evaluation of the effects of an artificial intelligence system on endoscopy quality and preliminary testing of its performance in detecting early gastric cancer: A randomized controlled trial,"Wu, Lianlian; He, Xinqi; Liu, Mei; Xie, Huaping; An, Ping; Zhang, Jun; Zhang, Heng; Ai, Yaowei; Tong, Qiaoyun; Guo, Mingwen; Huang, Manling; Ge, Cunjin; Yang, Zhi; Yuan, Jingping; Liu, Jun; Zhou, Wei; Jiang, Xiaoda; Huang, Xu; Mu, Ganggang; Wan, Xinyue; Li, Yanxia; Wang, Hongguang; Wang, Yonggui; Zhang, Hongfeng; Chen, Di; Gong, Dexin; Wang, Jing; Huang, Li; Li, Jia; Yao, Liwen; Zhu, Yijie; Yu, Honggang",2021,,Endoscopy,included,Visão computacional/DL aplicada a endoscopia digestiva alta.,Scopus/S2,sim
Scopus,S2,Scopus S2 — Lesões e alterações gástricas por IA,Shiroma2021,Ability of artificial intelligence to detect T1 esophageal squamous cell carcinoma from endoscopic videos and the effects of real-time assistance,"Shiroma, Sho; Yoshio, Toshiyuki; Kato, Yusuke; Horie, Yoshimasa; Namikawa, Ken; Tokai, Yoshitaka; Yoshimizu, Shoichi; Yoshizawa, Natsuko; Horiuchi, Yusuke; Ishiyama, Akiyoshi; Hirasawa, Toshiaki; Tsuchida, Tomohiro; Akazawa, Naoki; Akiyama, Junichi; Tada, Tomohiro; Fujisaki, Junko",2021,,Scientific Reports,included,Visão computacional/DL aplicada a endoscopia digestiva alta.,Scopus/S2,sim
Scopus,S2,Scopus S2 — Lesões e alterações gástricas por IA,Su2023313,Evaluation of deep learning methods for early gastric cancer detection using gastroscopic images,"Su, Xiufeng; Liu, Qingshan; Gao, Xiaozhong; Ma, Liyong",2023,,Technology and health care : official journal of the European Society for Engineering and Medicine,included,Visão computacional/DL aplicada a endoscopia digestiva alta.,Scopus/S2,sim
Scopus,S2,Scopus S2 — Lesões e alterações gástricas por IA,Dinis-Ribeiro2025633,How to improve the quality of upper gastrointestinal diagnostic endoscopy?,"Dinis-Ribeiro, Mário; Areia, Miguel",2025,,Clinical Endoscopy,included,Visão computacional/DL aplicada a endoscopia digestiva alta.,Scopus/S2,sim
Scopus,S2,Scopus S2 — Lesões e alterações gástricas por IA,Kusano20211208,Artificial intelligence for gastric cancer: Can we make further progress?,"Kusano, Chika",2021,,Endoscopy,included,"Título/keywords indicam DL/CV em endoscopia digestiva alta ou achado GI, mesmo sem abstract.",Scopus/S2,não
Scopus,S2,Scopus S2 — Lesões e alterações gástricas por IA,Ye20251441,Diagnostic and therapeutic strategies for advanced gastric cancer; [中晚期胃癌诊治策略],"Ye, Zaiyuan; Zhang, Xiao",2025,,Journal of Chinese Physician,included,Visão computacional/DL aplicada a endoscopia digestiva alta.,Scopus/S2,sim
Scopus,S2,Scopus S2 — Lesões e alterações gástricas por IA,An2020884,A deep learning method for delineating early gastric cancer resection margin under chromoendoscopy and white light endoscopy,"An, Ping; Yang, Dongmei; Wang, Jing; Wu, Lianlian; Zhou, Jie; Zeng, Zhi; Huang, Xu; Xiao, Yong; Hu, Shan; Chen, Yiyun; Yao, Fang; Guo, Mingwen; Wu, Qi; Yang, Yanning; Yu, Honggang",2020,,Gastric Cancer,included,Visão computacional/DL aplicada a endoscopia digestiva alta (contexto: dataset/benchmark).,Scopus/S2,sim
Scopus,S3,Scopus S3 — Pólipos gástricos em endoscopia com IA,Patra2024,Enhancing Diagnostic Precision for Early Detection of Gastric Polyps with U-Net3+ Segmentation,"Patra, Kumar Janardan; Mishra, Jibitesh; Dash, Sanjit Kumar; Jayasingh, Suvendra Kumar",2024,,"3rd Odisha International Conference on Electrical Power Engineering, Communication and Computing Technology, ODICON 2024",included,DL/CV em endoscopia com achado do trato GI alto.,Scopus/S3,sim
Scopus,S3,Scopus S3 — Pólipos gástricos em endoscopia com IA,2020,Applications of Machine Learning 2020,,2020,,Proceedings of SPIE - The International Society for Optical Engineering,included,DL/CV em endoscopia com achado do trato GI alto.,Scopus/S3,sim
Scopus,S3,Scopus S3 — Pólipos gástricos em endoscopia com IA,Laddha201955,Gastric polyp detection using deep convolutional neural network,"Laddha, Mayank; Jindal, Siddharth; Wojciechowski, Jakub",2019,,ACM International Conference Proceeding Series,included,DL/CV em endoscopia com achado do trato GI alto.,Scopus/S3,sim
Scopus,S3,Scopus S3 — Pólipos gástricos em endoscopia com IA,Yuan20229444,Artificial intelligence for diagnosing gastric lesions under white-light endoscopy,"Yuan, Xiang-Lei; Zhou, Yao; Liu, Wei; Luo, Qi; Zeng, Xian-Hui; Yi, Zhang; Hu, Bing",2022,,Surgical Endoscopy,included,DL/CV em endoscopia com achado do trato GI alto.,Scopus/S3,sim
Scopus,S3,Scopus S3 — Pólipos gástricos em endoscopia com IA,Xia2021133,Use of artificial intelligence for detection of gastric lesions by magnetically controlled capsule endoscopy,"Xia, Ji; Xia, Tian; Pan, Jun; Gao, Fei; Wang, Shuang; Qian, Yang-Yang; Wang, Heng; Zhao, Jie; Jiang, Xi; Zou, Wen-Bin; Wang, Yuan-Chen; Zhou, Wei; Li, Zhao-Shen; Liao, Zhuan",2021,,Gastrointestinal Endoscopy,included,DL/CV em endoscopia com achado do trato GI alto.,Scopus/S3,sim
Scopus,S3,Scopus S3 — Pólipos gástricos em endoscopia com IA,Zhao2018182,TriZ-a rotation-tolerant image feature and its application in endoscope-based disease diagnosis,"Zhao, Ruixue; Zhang, Ruochi; Tang, Tongyu; Feng, Xin; Li, Jialiang; Liu, Yue; Zhu, Renxiang; Wang, Guangze; Li, Kangning; Zhou, Wenyang; Yang, Yunfei; Wang, Yuzhao; Ba, Yuanjie; Zhang, Jiaojiao; Liu, Yang; Zhou, Fengfeng",2018,,Computers in Biology and Medicine,included,DL/CV em endoscopia com achado do trato GI alto.,Scopus/S3,sim
Scopus,S3,Scopus S3 — Pólipos gástricos em endoscopia com IA,Liu2021,The relationship between abnormal tongue features and non-malignant upper gastrointestinal disorders: A hospital-based cross-sectional study,"Liu, Sida; Li, Kaixuan; Wang, Zhaodongfang; Deng, Bo; Deng, Chao; Lou, Yanni; Jia, Liqun",2021,,European Journal of Integrative Medicine,included,Visão computacional/DL aplicada a endoscopia digestiva alta.,Scopus/S3,sim
Scopus,S3,Scopus S3 — Pólipos gástricos em endoscopia com IA,Kuai20263403,Endoscopic virtual ruler (EVR) based on image recognition technology: a novel tool for decision support in endoscopic treatment,"Kuai, Yaxian; Sun, Bin; Wang, Zhihong; Bai, Yuchuan; Wang, Xu; Liu, Ruixue; Mei, Xuecan; Chen, Qiannan; Zhang, Fumin; Wang, Wusi; Peng, Jie; Wu, Aijiu; Kong, Derun",2026,,Surgical Endoscopy ,included,DL/CV em endoscopia com achado do trato GI alto.,Scopus/S3,sim
Scopus,S3,Scopus S3 — Pólipos gástricos em endoscopia com IA,Klang2023,Deep Learning and Gastric Cancer: Systematic Review of AI-Assisted Endoscopy,"Klang, Eyal; Soroush, Ali; Nadkarni, Girish N.; Sharif, Kassem; Lahat, Adi",2023,,Diagnostics,included,DL/CV em endoscopia com achado do trato GI alto.,Scopus/S3,sim
Scopus,S3,Scopus S3 — Pólipos gástricos em endoscopia com IA,Chang2022994,Upper endoscopy photodocumentation quality evaluation with novel deep learning system,"Chang, Yuan-Yen; Yen, Hsu-Heng; Li, Pai-Chi; Chang, Ruey-Feng; Yang, Chia Wei; Chen, Yang-Yuan; Chang, Wen-Yen",2022,,Digestive Endoscopy,included,DL/CV em endoscopia com achado do trato GI alto.,Scopus/S3,sim
Scopus,S3,Scopus S3 — Pólipos gástricos em endoscopia com IA,Chaniago2024,Optimized SegNet for Gastric Polyp Segmentation on Colonoscopy Images,"Chaniago, Redina An Fadhila; Huang, Yo-Ping; Hu, Hsiao-Feng; Wang, Liang-Tsai",2024,,"2024 International Conference on System Science and Engineering, ICSSE 2024",included,DL/CV em endoscopia com achado do trato GI alto.,Scopus/S3,sim
Scopus,S3,Scopus S3 — Pólipos gástricos em endoscopia com IA,Zhou20225931,Enhanced segmentation of gastrointestinal polyps from capsule endoscopy images with artifacts using ensemble learning,"Zhou, Jun-Xiao; Yang, Zhan; Xi, Ding-Hao; Dai, Shou-Jun; Feng, Zhi-Qiang; Li, Jun-Yan; Xu, Wei; Wang, Hong",2022,,World Journal of Gastroenterology,included,DL/CV em endoscopia com achado do trato GI alto.,Scopus/S3,sim
Scopus,S3,Scopus S3 — Pólipos gástricos em endoscopia com IA,Yan2023,Semantic Segmentation of Gastric Polyps in Endoscopic Images Based on Convolutional Neural Networks and an Integrated Evaluation Approach,"Yan, Tao; Qin, Ye Ying; Wong, Pak Kin; Ren, Hao; Wong, Chi Hong; Yao, Liang; Hu, Ying; Chan, Cheok I; Gao, Shan; Chan, Pui Pun",2023,,Bioengineering,included,DL/CV em endoscopia com achado do trato GI alto.,Scopus/S3,sim
Scopus,S3,Scopus S3 — Pólipos gástricos em endoscopia com IA,Jiang2023,Data-driven decision-making for precision diagnosis of digestive diseases,"Jiang, Song; Wang, Ting; Zhang, Kun-He",2023,,BioMedical Engineering Online,included,Visão computacional/DL aplicada a endoscopia digestiva alta.,Scopus/S3,sim
Scopus,S3,Scopus S3 — Pólipos gástricos em endoscopia com IA,Shichi2019,Automated detection of fundic gland polyps from endoscopic images using SSD,"Shichi, Nagito; Totsuka, Arata; Hasegawa, Junichi; Shibata, Tomoyuki",2019,,Proceedings of SPIE - The International Society for Optical Engineering,included,DL/CV em endoscopia com achado do trato GI alto.,Scopus/S3,sim
Scopus,S3,Scopus S3 — Pólipos gástricos em endoscopia com IA,Clauditz2022628,Polyps of the Stomach,"Clauditz, Till; Kővári, Bence; Lauwers, Gregory Y.",2022,,"Surgical Pathology of the GI Tract, Liver, Biliary Tract and Pancreas",included,Visão computacional/DL aplicada a endoscopia digestiva alta.,Scopus/S3,sim
Scopus,S3,Scopus S3 — Pólipos gástricos em endoscopia com IA,Spadaccini2022975,Comparing the number and relevance of false activations between 2 artificial intelligence computer-aided detection systems: the NOISE study,"Spadaccini, Marco; Hassan, Cesare; Alfarone, Ludovico; Da Rio, Leonardo; Maselli, Roberta; Carrara, Silvia; Galtieri, Piera Alessia; Pellegatta, Gaia; Fugazza, Alessandro; Koleth, Glenn; Emmanuel, James; Anderloni, Andrea; Mori, Yuichi; Wallace, Michael B.; Sharma, Prateek; Repici, Alessandro",2022,,Gastrointestinal Endoscopy,included,DL/CV em endoscopia com achado do trato GI alto.,Scopus/S3,sim
Scopus,S3,Scopus S3 — Pólipos gástricos em endoscopia com IA,Murakami20211196,Challenging detection of hard-to-find gastric cancers with artificial intelligence-assisted endoscopy,"Murakami, Daisuke; Yamato, Masayuki; Amano, Yuji; Tada, Tomohiro",2021,,Gut,included,"Título/keywords indicam DL/CV em endoscopia digestiva alta ou achado GI, mesmo sem abstract.",Scopus/S3,não
Scopus,S3,Scopus S3 — Pólipos gástricos em endoscopia com IA,Oshio2020,Automated detection of fundic gland polyps and hyperplastic polyps from endoscopic images using SSD,"Oshio, Koki; Shichi, Nagito; Hasegawa, Junichi; Shibata, Tomoyuki",2020,,Proceedings of SPIE - The International Society for Optical Engineering,included,Visão computacional/DL aplicada a endoscopia digestiva alta.,Scopus/S3,sim
Scopus,S3,Scopus S3 — Pólipos gástricos em endoscopia com IA,Lee202151847,A Novel Approach for Increased Convolutional Neural Network Performance in Gastric-Cancer Classification Using Endoscopic Images,"Lee, Sin-Ae; Cho, Hyun Chin; Cho, Hyun-Chong",2021,,IEEE Access,included,DL/CV em endoscopia com achado do trato GI alto.,Scopus/S3,sim
Scopus,S3,Scopus S3 — Pólipos gástricos em endoscopia com IA,Xu20244231,A Multi-task Neural Network for Image Recognition in Magnetically Controlled Capsule Endoscopy,"Xu, Ting; Li, Yuan-Yi; Huang, Fang; Gao, Min; Cai, Can; He, Song; Wu, Zhi-Xuan",2024,,Digestive Diseases and Sciences,included,Visão computacional/DL aplicada a endoscopia digestiva alta.,Scopus/S3,sim
Scopus,S3,Scopus S3 — Pólipos gástricos em endoscopia com IA,Dong2023,Explainable artificial intelligence incorporated with domain knowledge diagnosing early gastric neoplasms under white light endoscopy,"Dong, Zehua; Wang, Junxiao; Li, Yanxia; Deng, Yunchao; Zhou, Wei; Zeng, Xiaoquan; Gong, Dexin; Liu, Jun; Pan, Jie; Shang, Renduo; Xu, Youming; Xu, Ming; Zhang, Lihui; Zhang, Mengjiao; Tao, Xiao; Zhu, Yijie; Du, Hongliu; Lu, Zihua; Yao, Liwen; Wu, Lianlian; Yu, Honggang",2023,,npj Digital Medicine,included,DL/CV em endoscopia com achado do trato GI alto.,Scopus/S3,sim
Scopus,S3,Scopus S3 — Pólipos gástricos em endoscopia com IA,Islam2021137,Classification of Gastric Precancerous Diseases using Hybrid CNN-SVM,"Islam, Jahidul; Bhuiyan, Sajjad; Hossain, Arafat; Surja, Amit Shaha; Iqbal, Md. Shahid",2021,,"3rd International Conference on Electrical and Electronic Engineering, ICEEE 2021",included,DL/CV em endoscopia com achado do trato GI alto.,Scopus/S3,sim
Scopus,S3,Scopus S3 — Pólipos gástricos em endoscopia com IA,Aseena2025,Performance Evaluation of various Image Enhancement Techniques for Gastric Polyp Detection in the Kvasir Dataset,"Aseena, A.; Paul, Shiny",2025,,"International Conference on Trends in Engineering Systems and Technologies, ICTEST 2025 - Proceedings",included,Visão computacional/DL aplicada a endoscopia digestiva alta (contexto: dataset/benchmark).,Scopus/S3,sim
Scopus,S3,Scopus S3 — Pólipos gástricos em endoscopia com IA,Xu2021254,A Gratifying Step forward for the Application of Artificial Intelligence in the Field of Endoscopy: A Narrative Review,"Xu, Yixin; Tan, Yulin; Wang, Yibo; Gao, Jie; Wu, Dapeng; Xu, Xuezhong",2021,,"Surgical Laparoscopy, Endoscopy and Percutaneous Techniques",included,DL/CV em endoscopia com achado do trato GI alto.,Scopus/S3,sim
Scopus,S3,Scopus S3 — Pólipos gástricos em endoscopia com IA,Zhdanova2020,Gastric polyps detection based on endoscopic video using modified dense micro-block difference descriptor,"Zhdanova, M.; Voronin, V.; Semenishchev, E.; Balabaeva, O.; Zelensky, A.",2020,,Proceedings of SPIE - The International Society for Optical Engineering,included,DL/CV em endoscopia com achado do trato GI alto.,Scopus/S3,sim
Scopus,S3,Scopus S3 — Pólipos gástricos em endoscopia com IA,Chen2021,Single Shot Multibox Detector Automatic Polyp Detection Network Based on Gastrointestinal Endoscopic Images,"Chen, Xiaoling; Zhang, Kuiling; Lin, Shuying; Dai, Kai Feng; Yun, Yang",2021,,Computational and Mathematical Methods in Medicine,included,DL/CV em endoscopia com achado do trato GI alto.,Scopus/S3,sim
Scopus,S3,Scopus S3 — Pólipos gástricos em endoscopia com IA,Gulati2020512,The future of endoscopy: Advances in endoscopic image innovations,"Gulati, Shraddha; Patel, Mehul; Emmanuel, Andrew; Haji, Amyn; Hayee, Bu'Hussain; Neumann, Helmut",2020,,Digestive Endoscopy,included,Visão computacional/DL aplicada a endoscopia digestiva alta.,Scopus/S3,sim
Scopus,S3,Scopus S3 — Pólipos gástricos em endoscopia com IA,Kim20192549,Gastric Lesion Classification Using Deep Learning Based on Fast and Robust Fuzzy C-Means and Simple Linear Iterative Clustering Superpixel Algorithms,"Kim, Dong-hyun; Cho, HyunChin; Cho, Hyun-chong",2019,,Journal of Electrical Engineering and Technology,included,DL/CV em endoscopia com achado do trato GI alto.,Scopus/S3,sim
Scopus,S3,Scopus S3 — Pólipos gástricos em endoscopia com IA,Thwaites2024459,Review article: Current status and future directions of ingestible electronic devices in gastroenterology,"Thwaites, Phoebe A.; Yao, Chu K.; Halmos, Emma P.; Muir, Jane G.; Burgell, Rebecca E.; Berean, Kyle J.; Kalantar-zadeh, Kourosh; Gibson, Peter R.",2024,,Alimentary Pharmacology and Therapeutics,included,DL/CV em endoscopia com achado do trato GI alto.,Scopus/S3,sim
Scopus,S3,Scopus S3 — Pólipos gástricos em endoscopia com IA,Tang2023,Transformer-based multi-task learning for classification and segmentation of gastrointestinal tract endoscopic images,"Tang, Suigu; Yu, Xiaoyuan; Cheang, Chak Fong; Liang, Yanyan; Zhao, Penghui; Yu, Hon Ho; Choi, I Cheong",2023,,Computers in Biology and Medicine,included,DL/CV em endoscopia com achado do trato GI alto.,Scopus/S3,sim
Scopus,S3,Scopus S3 — Pólipos gástricos em endoscopia com IA,Ahmed2023,Hybrid Models for Endoscopy Image Analysis for Early Detection of Gastrointestinal Diseases Based on Fused Features,"Ahmed, Ibrahim Abdulrab; Senan, Ebrahim Mohammed; Shatnawi, Hamzeh Salameh Ahmad",2023,,Diagnostics,included,DL/CV em endoscopia com achado do trato GI alto.,Scopus/S3,sim
Scopus,S3,Scopus S3 — Pólipos gástricos em endoscopia com IA,Zhang2019,Real-time gastric polyp detection using convolutional neural networks,"Zhang, Xu; Chen, Fei; Yu, Tao; An, Jiye; Huang, Zhengxing; Liu, Jiquan; Hu, Weiling; Wang, Liangjing; Duan, Huilong; Si, Jianmin",2019,,PLoS ONE,included,Visão computacional/DL aplicada a endoscopia digestiva alta.,Scopus/S3,sim
Scopus,S3,Scopus S3 — Pólipos gástricos em endoscopia com IA,Wang2023,Rethinking exemplars for continual semantic segmentation in endoscopy scenes: Entropy-based mini-batch pseudo-replay,"Wang, Guankun; Bai, Long; Wu, Yanan; Chen, Tong; Ren, Hongliang",2023,,Computers in Biology and Medicine,included,DL/CV em endoscopia com achado do trato GI alto.,Scopus/S3,sim
Scopus,S4,Scopus S4 — IA em endoscopia com dados brasileiros / latino-americanos,Braverman-Jaiven2024,Advancements in the use of AI in the diagnosis and management of inflammatory bowel disease,"Braverman-Jaiven, Dalia; Manfredi, Luigi",2024,,Frontiers in Robotics and AI,included,DL/CV em endoscopia com achado do trato GI alto.,Scopus/S4; Scopus/S5,sim
Scopus,S4,Scopus S4 — IA em endoscopia com dados brasileiros / latino-americanos,Nabilah__Izzaturrahmah2021,Implementation of Support Vector Machine on Text-based GERD Detection by using Drug Review Content,"Nabilah 'Izzaturrahmah, Asty; Nhita, Fhira; Kurniawan, Isman",2021,,"2021 International Conference Advancement in Data Science, E-Learning and Information Systems, ICADEIS 2021",included,Visão computacional/DL aplicada a endoscopia digestiva alta (contexto: dados brasileiros/latino-americanos).,Scopus/S4,sim
Scopus,S4,Scopus S4 — IA em endoscopia com dados brasileiros / latino-americanos,Pereira2026,Changing patterns in the epidemiology of acute gastrointestinal bleeding in Brazil over the last 12 years; [Alterações do perfil epidemiológico da hemorragia digestiva aguda no Brasil nos últimos 12 anos. Arq Gastroenterol],"Pereira, Gabriel Amorim Soares; FERREIRA DA SILVA, Maria Luiza Barbosa; FARIAS DA SILVA, Amanda Albuquerque; Oliveira, Fernanda Almeida da Silva de Sá; Vasconcellos, Danilo Costa Marques da Silva; Mendes, Fernanda Sales Melo; Codes, Liana; Bittencourt, Paulo Lisboa",2026,,Arquivos de Gastroenterologia,included,Visão computacional/DL aplicada a endoscopia digestiva alta (contexto: dados brasileiros/latino-americanos).,Scopus/S4,sim
Web of Science,S1,WoS S1 — Principal: IA/DL em endoscopia digestiva alta,WOS:000608344900015,"Intelligent detection endoscopic assistant: An artificial
intelligence-based system for monitoring blind spots during
esophagogastroduodenoscopy in real-time","Li, Yan-Dong; Zhu, Shu-Wen; Yu, Jiang-Ping; Ruan, Rong-Wei; Cui, Zhao; Li, Yi-Ting; Lv, Mei-Chao; Wang, Huo-Gen; Chen, Ming; Jin, Chao-Hui; Wang, Shi",2021,10.1016/j.dld.2020.11.017,DIGESTIVE AND LIVER DISEASE,included,Visão computacional/DL aplicada a endoscopia digestiva alta.,PubMed/S2; Scopus/S1; Web of Science/S1,sim
Web of Science,S1,WoS S1 — Principal: IA/DL em endoscopia digestiva alta,WOS:000380502000068,"Lesion Detection of Endoscopy Images Based on Convolutional Neural
Network Features","Zhu, Rongsheng; Zhang, Rong; Xue, Dixiu",2015,,2015 8TH INTERNATIONAL CONGRESS ON IMAGE AND SIGNAL PROCESSING (CISP),included,Visão computacional/DL aplicada a endoscopia digestiva alta.,Web of Science/S1,sim
Web of Science,S1,WoS S1 — Principal: IA/DL em endoscopia digestiva alta,WOS:000988100400001,"Assessment of Helicobacter pylori infection by deep
learning based on endoscopic videos in real time","Li, Yan-Dong; Wang, Huo-Gen; Chen, Sheng-Sen; Yu, Jiang-Ping; Ruan, Rong-Wei; Jin, Chao-Hui; Chen, Ming; Jin, Jia-Yan; Wang, Shi",2023,10.1016/j.dld.2023.02.010,DIGESTIVE AND LIVER DISEASE,included,Visão computacional/DL aplicada a endoscopia digestiva alta.,PubMed/S2; ScienceDirect/S3; ScienceDirect/S4; Scopus/S1; Web of Science/S1,sim
Web of Science,S1,WoS S1 — Principal: IA/DL em endoscopia digestiva alta,WOS:001060553100001,"Computer-Based Diagnosis of Celiac Disease by Quantitative Processing of
Duodenal Endoscopy Images","Molder, Adriana; Balaban, Daniel Vasile; Molder, Cristian-Constantin; Jinga, Mariana; Robin, Antonin",2023,10.3390/diagnostics13172780,DIAGNOSTICS,included,DL/CV em endoscopia com achado do trato GI alto.,Web of Science/S1,sim
Web of Science,S1,WoS S1 — Principal: IA/DL em endoscopia digestiva alta,WOS:000718444000001,"Artificial Intelligence in Gastric Cancer: Identifying Gastric Cancer
Using Endoscopic Images with Convolutional Neural Network","Islam, Md Mohaimenul; Poly, Tahmina Nasrin; Walther, Bruno Andreas; Lin, Ming-Chin; Li, Yu-Chuan (Jack)",2021,10.3390/cancers13215253,CANCERS,included,Visão computacional/DL aplicada a endoscopia digestiva alta (contexto: dataset/benchmark).,Web of Science/S1,sim
Web of Science,S1,WoS S1 — Principal: IA/DL em endoscopia digestiva alta,WOS:000551242400002,"Application of Convolutional Neural Networks for Detection of
Superficial Nonampullary Duodenal Epithelial Tumors in
Esophagogastroduodenoscopic Images","Inoue, Shuntaro; Shichijo, Satoki; Aoyama, Kazuharu; Kono, Mitsuhiro; Fukuda, Hiromu; Shimamoto, Yusaku; Nakagawa, Kentaro; Ohmori, Masayasu; Iwagami, Hiroyoshi; Matsuno, Kenshi; Iwatsubo, Taro; Nakahira, Hiroko; Matsuura, Noriko; Maekawa, Akira; Kanesaka, Takashi; Yamamoto, Sachiko; Takeuchi, Yoji; Higashino, Koji; Uedo, Noriya; Ishihara, Ryu; Tada, Tomohiro",2020,10.14309/ctg.0000000000000154,CLINICAL AND TRANSLATIONAL GASTROENTEROLOGY,included,Visão computacional/DL aplicada a endoscopia digestiva alta.,PubMed/S2; Scopus/S1; Web of Science/S1,sim
Web of Science,S1,WoS S1 — Principal: IA/DL em endoscopia digestiva alta,WOS:000543385900179,"Automated Detection and Segmentation of Early Gastric Cancer from
Endoscopic Images Using Mask R-CNN","Shibata, Tomoyuki; Teramoto, Atsushi; Yamada, Hyuga; Ohmiya, Naoki; Saito, Kuniaki; Fujita, Hiroshi",2020,10.3390/app10113842,APPLIED SCIENCES-BASEL,included,DL/CV em endoscopia com achado do trato GI alto.,Web of Science/S1,sim
Web of Science,S1,WoS S1 — Principal: IA/DL em endoscopia digestiva alta,WOS:000378969300020,"Identification of lesion images from gastrointestinal endoscope based on
feature extraction of combinational methods with and without learning
process","Liu, Ding-Yun; Gan, Tao; Rao, Ni-Ni; Xing, Yao-Wen; Zheng, Jie; Li, Sang; Luo, Cheng-Si; Zhou, Zhong-Jun; Wan, Yong-Li",2016,10.1016/j.media.2016.04.007,MEDICAL IMAGE ANALYSIS,included,Visão computacional/DL aplicada a endoscopia digestiva alta.,Web of Science/S1,sim
Web of Science,S1,WoS S1 — Principal: IA/DL em endoscopia digestiva alta,WOS:001416994500001,"Artificial intelligence-assisted diagnosis of early gastric cancer:
present practice and future prospects","Lei, Changda; Sun, Wenqiang; Wang, Kun; Weng, Ruixia; Kan, Xiuji; Li, Rui",2025,10.1080/07853890.2025.2461679,ANNALS OF MEDICINE,included,DL/CV em endoscopia com achado do trato GI alto.,Web of Science/S1,sim
Web of Science,S1,WoS S1 — Principal: IA/DL em endoscopia digestiva alta,WOS:000684113300001,"The role of computer-assisted systems for upper-endoscopy quality
monitoring and assessment of gastric lesions","Lazar, Daniela Cornelia; Avram, Mihaela Flavia; Faur, Alexandra Corina; Romosan, Ioan; Goldis, Adrian",2021,10.1093/gastro/goab008,GASTROENTEROLOGY REPORT,included,DL/CV em endoscopia com achado do trato GI alto.,Web of Science/S1; Web of Science/S2,sim
Web of Science,S1,WoS S1 — Principal: IA/DL em endoscopia digestiva alta,WOS:000655246000029,"Expert-level classification of gastritis by endoscopy using deep
learning: a multicenter diagnostic trial","Mu, Ganggang; Zhu, Yijie; Niu, Zhanyue; Li, Hongyan; Wu, Lianlian; Wang, Jing; Luo, Renquan; Hu, Xiao; Li, Yanxia; Zhang, Jixiang; Hu, Shan; Li, Chao; Ding, Shigang; Yu, Honggang",2021,10.1055/a-1372-2789,ENDOSCOPY INTERNATIONAL OPEN,included,DL/CV em endoscopia com achado do trato GI alto.,Web of Science/S1; Web of Science/S2,sim
Web of Science,S1,WoS S1 — Principal: IA/DL em endoscopia digestiva alta,WOS:000532771700011,"Diagnosing chronic atrophic gastritis by gastroscopy using artificial
intelligence","Zhang, Yaqiong; Li, Fengxia; Yuan, Fuqiang; Zhang, Kai; Huo, Lijuan; Dong, Zichen; Lang, Yiming; Zhang, Yapeng; Wang, Meihong; Gao, Zenghui; Qin, Zhenzhen; Shen, Leixue",2020,10.1016/j.dld.2019.12.146,DIGESTIVE AND LIVER DISEASE,included,Visão computacional/DL aplicada a endoscopia digestiva alta (contexto: dataset/benchmark).,Web of Science/S1,sim
Web of Science,S1,WoS S1 — Principal: IA/DL em endoscopia digestiva alta,WOS:000940337100001,"Subjective and objective quality assessment of gastrointestinal
endoscopy images: From manual operation to artificial intelligence","Yuan, Peng; Bai, Ruxue; Yan, Yan; Li, Shijie; Wang, Jing; Cao, Changqi; Wu, Qi",2023,10.3389/fnins.2022.1118087,FRONTIERS IN NEUROSCIENCE,included,Visão computacional/DL aplicada a endoscopia digestiva alta (contexto: dataset/benchmark).,Web of Science/S1,sim
Web of Science,S1,WoS S1 — Principal: IA/DL em endoscopia digestiva alta,WOS:001416535400002,"Evaluation of an artificial intelligence-based system for real-time
high-quality photodocumentation during esophagogastroduodenoscopy","Ahn, Byeong Yun; Lee, Junwoo; Seol, Jeonga; Kim, Ji Yoon; Chung, Hyunsoo",2025,10.1038/s41598-024-83721-9,SCIENTIFIC REPORTS,included,Visão computacional/DL aplicada a endoscopia digestiva alta (contexto: dataset/benchmark).,Springer Nature Link/S1; Springer Nature Link/S2; Web of Science/S1,sim
Web of Science,S1,WoS S1 — Principal: IA/DL em endoscopia digestiva alta,WOS:000505737400006,"Upper gastrointestinal anatomy detection with multi-task convolutional
neural networks",Zhang Xu; Yu Tao; Zheng Wenfang; Lin Ne; Huang Zhengxing; Liu Jiquan; Hu Weiling; Duan Huilong; Si Jianmin,2019,10.1049/htl.2019.0066,HEALTHCARE TECHNOLOGY LETTERS,included,Visão computacional/DL aplicada a endoscopia digestiva alta.,Web of Science/S1,sim
Web of Science,S1,WoS S1 — Principal: IA/DL em endoscopia digestiva alta,WOS:001034311800001,"Non-endoscopic Applications of Machine Learning in Gastric Cancer: A
Systematic Review","Sy-Janairo, Marianne Linley L.; Janairo, Jose Isagani B.",2024,10.1007/s12029-023-00960-1,JOURNAL OF GASTROINTESTINAL CANCER,included,Visão computacional/DL aplicada a endoscopia digestiva alta (contexto: dataset/benchmark).,Springer Nature Link/S1; Springer Nature Link/S2; Web of Science/S1,sim
Web of Science,S1,WoS S1 — Principal: IA/DL em endoscopia digestiva alta,WOS:001377321100001,"Validation of Artificial Intelligence Computer-Aided Detection on
Gastric Neoplasm in Upper Gastrointestinal Endoscopy","Lee, Hannah; Chung, Jun-Won; Yun, Sung-Cheol; Jung, Sung Woo; Yoon, Yeong Jun; Kim, Ji Hee; Cha, Boram; Kayasseh, Mohd Azzam; Kim, Kyoung Oh",2024,10.3390/diagnostics14232706,DIAGNOSTICS,included,Visão computacional/DL aplicada a endoscopia digestiva alta (contexto: dataset/benchmark).,PubMed/S3; Web of Science/S1; Web of Science/S2,sim
Web of Science,S1,WoS S1 — Principal: IA/DL em endoscopia digestiva alta,WOS:000844038300001,"A convolutional neural network-based system for detecting early gastric
cancer in white-light endoscopy","Zhou, Bin; Rao, Xiaolong; Xing, Haoqiang; Ma, Yongchen; Wang, Feng; Rong, Long",2023,10.1080/00365521.2022.2113427,SCANDINAVIAN JOURNAL OF GASTROENTEROLOGY,included,DL/CV em endoscopia com achado do trato GI alto.,Web of Science/S1,sim
Web of Science,S1,WoS S1 — Principal: IA/DL em endoscopia digestiva alta,WOS:000431955100002,"Automatic anatomical classification of esophagogastroduodenoscopy images
using deep convolutional neural networks","Takiyama, Hirotoshi; Ozawa, Tsuyoshi; Ishihara, Soichiro; Fujishiro, Mitsuhiro; Shichijo, Satoki; Nomura, Shuhei; Miura, Motoi; Tada, Tomohiro",2018,10.1038/s41598-018-25842-6,SCIENTIFIC REPORTS,included,Visão computacional/DL aplicada a endoscopia digestiva alta.,Web of Science/S1,sim
Web of Science,S1,WoS S1 — Principal: IA/DL em endoscopia digestiva alta,WOS:000847866800001,"Multi-center verification of the influence of data ratio of training
sets on test results of an Al system for detecting early gastric cancer
based on the YOLO-v4 algorithm","Jin, Tao; Jiang, Yancai; Mao, Boneng; Wang, Xing; Lu, Bo; Qian, Ji; Zhou, Hutao; Ma, Tieliang; Zhang, Yefei; Li, Sisi; Shi, Yun; Yao, Zhendong",2022,10.3389/fonc.2022.953090,FRONTIERS IN ONCOLOGY,included,Visão computacional/DL aplicada a endoscopia digestiva alta.,Web of Science/S1,sim
Web of Science,S1,WoS S1 — Principal: IA/DL em endoscopia digestiva alta,WOS:000656913900001,"Automatic classification of esophageal disease in gastroscopic images
using an efficient channel attention deep dense convolutional neural
network","Du, Wenju; Rao, Nini; Dong, Changlong; Wang, Yingchun; Hu, Dingcan; Zhu, Linlin; Zeng, Bing; Gan, Tao",2021,10.1364/BOE.420935,BIOMEDICAL OPTICS EXPRESS,included,Visão computacional/DL aplicada a endoscopia digestiva alta.,Web of Science/S1,sim
Web of Science,S1,WoS S1 — Principal: IA/DL em endoscopia digestiva alta,WOS:001255718100005,"Deep learning-based anatomical position recognition for gastroscopic
examination","Su, Xiufeng; Liu, Weiyu; Jiang, Suyi; Gao, Xiaozhong; Chu, Yanliu; Ma, Liyong",2024,10.3233/THC-248004,TECHNOLOGY AND HEALTH CARE,included,Visão computacional/DL aplicada a endoscopia digestiva alta.,Web of Science/S1,sim
Web of Science,S1,WoS S1 — Principal: IA/DL em endoscopia digestiva alta,WOS:001165295800001,"Artificial intelligence-based diagnosis of the depth of
laryngopharyngeal cancer","Yumii, Kohei; Ueda, Tsutomu; Kawahara, Daisuke; Chikuie, Nobuyuki; Taruya, Takayuki; Hamamoto, Takao; Takeno, Sachio",2024,10.1016/j.anl.2023.09.001,AURIS NASUS LARYNX,included,Visão computacional/DL aplicada a endoscopia digestiva alta.,PubMed/S2; Scopus/S1; Web of Science/S1,sim
Web of Science,S1,WoS S1 — Principal: IA/DL em endoscopia digestiva alta,WOS:001251147201220,"Supervised and semi-supervised training of deep convolutional neural
networks for gastric landmark detection","Lopes, Ines; Silva, Augusto; Coimbra, Miguel; Dinis-Ribeiro, Mario; Libanio, Diogo; Renna, Francesco",2022,10.1109/EMBC48229.2022.9870992,"2022 44TH ANNUAL INTERNATIONAL CONFERENCE OF THE IEEE ENGINEERING IN
MEDICINE & BIOLOGY SOCIETY, EMBC",included,Visão computacional/DL aplicada a endoscopia digestiva alta (contexto: dataset/benchmark).,Web of Science/S1,sim
Web of Science,S1,WoS S1 — Principal: IA/DL em endoscopia digestiva alta,WOS:000987027000001,"Endoscopic Imaging for the Diagnosis of Neoplastic and Pre-Neoplastic
Conditions of the Stomach","Martins, Bruno Costa; Moura, Renata Nobre; Kum, Angelo So Taa; Matsubayashi, Carolina Ogawa; Marques, Sergio Barbosa; Safatle-Ribeiro, Adriana Vaz",2023,10.3390/cancers15092445,CANCERS,included,Visão computacional/DL aplicada a endoscopia digestiva alta.,Web of Science/S1; Web of Science/S2,sim
Web of Science,S1,WoS S1 — Principal: IA/DL em endoscopia digestiva alta,WOS:000897677600005,"Classification of precancerous lesions based on fusion of multiple
hierarchical features","Zhou, Huijun; Liu, Zhenyang; Li, Ting; Chen, Yifei; Huang, Wei; Zhang, Zijian",2023,10.1016/j.cmpb.2022.107301,COMPUTER METHODS AND PROGRAMS IN BIOMEDICINE,included,Visão computacional/DL aplicada a endoscopia digestiva alta (contexto: dataset/benchmark).,PubMed/S3; ScienceDirect/S1; ScienceDirect/S10; ScienceDirect/S2; ScienceDirect/S6; Web of Science/S1; Web of Science/S2; Web of Science/S3,sim
Web of Science,S1,WoS S1 — Principal: IA/DL em endoscopia digestiva alta,WOS:000596399700001,"Cystoscopic Imaging for Bladder Cancer Detection Based on Stepwise
Organic Transfer Learning with a Pretrained Convolutional Neural Network","Ikeda, Atsushi; Nosato, Hirokazu; Kochi, Yuta; Negoro, Hiromitsu; Kojima, Takahiro; Sakanashi, Hidenori; Murakawa, Masahiro; Nishiyama, Hiroyuki",2021,10.1089/end.2020.0919,JOURNAL OF ENDOUROLOGY,included,Visão computacional/DL aplicada a endoscopia digestiva alta.,Web of Science/S1,sim
Web of Science,S1,WoS S1 — Principal: IA/DL em endoscopia digestiva alta,WOS:001283315700021,"5G MEC+AI Pathology ``Anti-Cancer Guardian″: Design of Intelligent
Gastric Cancer Auxiliary Diagnosis and Warning Platform for Smart
Hospital System","Sun, Xin; Shu, Xin; Hu, Juncheng; Mo, Chunbao",2024,10.1007/978-3-031-61063-9_21,"DIGITAL HUMAN MODELING AND APPLICATIONS IN HEALTH, SAFETY, ERGONOMICS
AND RISK MANAGEMENT, PT II, DHM 2024",included,Visão computacional/DL aplicada a endoscopia digestiva alta.,Web of Science/S1,sim
Web of Science,S1,WoS S1 — Principal: IA/DL em endoscopia digestiva alta,WOS:001287628800002,"Hybrid model-based early diagnosis of esophageal disorders using
convolutional neural network and refined logistic regression","Janaki, R.; Lakshmi, D.",2024,10.1186/s13640-024-00634-3,EURASIP JOURNAL ON IMAGE AND VIDEO PROCESSING,included,Visão computacional/DL aplicada a endoscopia digestiva alta.,Springer Nature Link/S1; Springer Nature Link/S2; Web of Science/S1,sim
Web of Science,S1,WoS S1 — Principal: IA/DL em endoscopia digestiva alta,WOS:000609501900019,"Automated and real-time validation of gastroesophageal varices under
esophagogastroduodenoscopy using a deep convolutional neural network: a
multicenter retrospective study (with video)","Chen, Mingkai; Wang, Jing; Xiao, Yong; Wu, Lianlian; Hu, Shan; Chen, Shi; Yi, Guodong; Hu, Wei; Xie, Xianmu; Zhu, Yijie; Chen, Yiyun; Yang, Yanning; Yu, Honggang",2021,10.1016/j.gie.2020.06.058,GASTROINTESTINAL ENDOSCOPY,included,Visão computacional/DL aplicada a endoscopia digestiva alta.,ScienceDirect/S3; ScienceDirect/S4; Web of Science/S1,sim
Web of Science,S1,WoS S1 — Principal: IA/DL em endoscopia digestiva alta,WOS:000802571700001,"Artificial Intelligence for Upper Gastrointestinal Endoscopy: A Roadmap
from Technology Development to Clinical Practice","Renna, Francesco; Martins, Miguel; Neto, Alexandre; Cunha, Antonio; Libanio, Diogo; Dinis-Ribeiro, Mario; Coimbra, Miguel",2022,10.3390/diagnostics12051278,DIAGNOSTICS,included,Visão computacional/DL aplicada a endoscopia digestiva alta (contexto: dataset/benchmark).,Web of Science/S1; Web of Science/S2,sim
Web of Science,S1,WoS S1 — Principal: IA/DL em endoscopia digestiva alta,WOS:000766306800030,"Gastric Location Classification During Esophagogastroduodenoscopy Using
Deep Neural Networks","Ding, Alexander; Li, Ying; Chen, Qilei; Cao, Yu; Liu, Benyuan; Chen, Shujiao; Liu, Xiaowei",2021,10.1109/BIBE52308.2021.9635273,"2021 IEEE 21ST INTERNATIONAL CONFERENCE ON BIOINFORMATICS AND
BIOENGINEERING (IEEE BIBE 2021)",included,Visão computacional/DL aplicada a endoscopia digestiva alta.,Web of Science/S1,sim
Web of Science,S1,WoS S1 — Principal: IA/DL em endoscopia digestiva alta,WOS:000641705100014,"SCNET: A Novel UGI Cancer Screening Framework Based on Semantic-Level
Multimodal Data Fusion","Ding, Shuai; Huang, Hui; Li, Zhenmin; Liu, Xiao; Yang, Shanlin",2021,10.1109/JBHI.2020.2983126,IEEE JOURNAL OF BIOMEDICAL AND HEALTH INFORMATICS,included,Visão computacional/DL aplicada a endoscopia digestiva alta.,Web of Science/S1,sim
Web of Science,S1,WoS S1 — Principal: IA/DL em endoscopia digestiva alta,WOS:001429180700001,"EATNet: edge-aware and transformer-based network for RGB-D salient
object detection","Liu, Xu; Liu, Chenhua; Zhou, Xianye; Fan, Guodong",2025,10.1007/s00530-025-01717-5,MULTIMEDIA SYSTEMS,included,Visão computacional/DL aplicada a endoscopia digestiva alta (contexto: dataset/benchmark).,Web of Science/S1,sim
Web of Science,S1,WoS S1 — Principal: IA/DL em endoscopia digestiva alta,WOS:001031393400016,"Image Recognition and Diagnosis System of Early Gastric Cancer Based on
Artificial Intelligence Algorithm",Huang Junjun; Jiang Yujie,2023,10.1109/ACCTCS58815.2023.00068,"2023 3RD ASIA-PACIFIC CONFERENCE ON COMMUNICATIONS TECHNOLOGY AND
COMPUTER SCIENCE, ACCTCS",included,Visão computacional/DL aplicada a endoscopia digestiva alta.,Web of Science/S1,sim
Web of Science,S1,WoS S1 — Principal: IA/DL em endoscopia digestiva alta,WOS:000803755400014,"Correlation of the detection rate of upper GI cancer with artificial
intelligence score: results from a multicenter trial (with video)","Li, Yan-Dong; Li, Hui-Zhang; Chen, Sheng-Sen; Jin, Chao-Hui; Chen, Ming; Cheng, Ming; Ma, Min -Jun; Zhang, Xiao-Ping; Wang, Xin; Zhou, Jian-Bo; Chen, Ming-Tong; Chen, Jiang-Ning; Yu, Shan; Wang, Tie -Jun; Fang, Wei-Ping; Cao, Xian-Wei; Yu, Xiao-Jie; Du, Ling-Bin; Wang, Shi",2022,10.1016/j.gie.2021.12.019,GASTROINTESTINAL ENDOSCOPY,included,Visão computacional/DL aplicada a endoscopia digestiva alta.,Web of Science/S1,sim
Web of Science,S1,WoS S1 — Principal: IA/DL em endoscopia digestiva alta,WOS:001103832000001,"Diagnostic usefulness of deep learning methods for Helicobacter
pylori infection using esophagogastroduodenoscopy images","Kang, Daesung; Lee, Kayoung; Kim, Jinseung",2023,10.1002/jgh3.12995,JGH OPEN,included,Visão computacional/DL aplicada a endoscopia digestiva alta.,Web of Science/S1,sim
Web of Science,S1,WoS S1 — Principal: IA/DL em endoscopia digestiva alta,WOS:000874656300001,"Noninvasive detection and interpretation of gastrointestinal diseases by
collaborative serum metabolite and magnetically controlled capsule
endoscopy","Yu, Xiang-Tian; Chen, Ming; Guo, Jingyi; Zhang, Jing; Zeng, Tao",2022,10.1016/j.csbj.2022.10.001,COMPUTATIONAL AND STRUCTURAL BIOTECHNOLOGY JOURNAL,included,Visão computacional/DL aplicada a endoscopia digestiva alta.,PubMed/S3; ScienceDirect/S5; Web of Science/S1; Web of Science/S2,sim
Web of Science,S1,WoS S1 — Principal: IA/DL em endoscopia digestiva alta,WOS:000879909900001,"Automatic classification of gastric lesions in gastroscopic images using
a lightweight deep learning model with attention mechanism and
cost-sensitive learning","Wang, Lingxiao; Yang, Yingyun; Li, Jingyang; Tian, Wei; He, Kun; Xu, Tianming; Fang, Zhaohui; Yang, Aiming; Li, Ting",2022,10.3389/fphy.2022.1033422,FRONTIERS IN PHYSICS,included,Visão computacional/DL aplicada a endoscopia digestiva alta (contexto: dataset/benchmark).,Web of Science/S1; Web of Science/S2,sim
Web of Science,S1,WoS S1 — Principal: IA/DL em endoscopia digestiva alta,WOS:000541142600013,"Depth Information-Based Automatic Annotation of Early Esophageal Cancers
in Gastroscopic Images Using Deep Learning Techniques","Liu, Dingyun; Jiang, Hongxiu; Rao, Nini; Du, Wenju; Luo, Chengsi; Li, Zhengwen; Zhu, Linlin; Gan, Tao",2020,10.1109/ACCESS.2020.2996631,IEEE ACCESS,included,Visão computacional/DL aplicada a endoscopia digestiva alta.,Web of Science/S1,sim
Web of Science,S1,WoS S1 — Principal: IA/DL em endoscopia digestiva alta,WOS:000772416200001,"Deep learning model can improve the diagnosis rate of endoscopic chronic
atrophic gastritis: a prospective cohort study","Zhao, Quchuan; Chi, Tianyu",2022,10.1186/s12876-022-02212-1,BMC GASTROENTEROLOGY,included,Visão computacional/DL aplicada a endoscopia digestiva alta.,Web of Science/S1,sim
Web of Science,S1,WoS S1 — Principal: IA/DL em endoscopia digestiva alta,WOS:001325852500006,"Chicken swarm algorithm with deep convolutional neural network based
tongue image analysis for gastric cancer classification","Tiwari, Ajay; Katiyar, Alok",2024,10.3233/IDT-240138,INTELLIGENT DECISION TECHNOLOGIES-NETHERLANDS,included,Visão computacional/DL aplicada a endoscopia digestiva alta (contexto: dataset/benchmark).,Web of Science/S1,sim
Web of Science,S1,WoS S1 — Principal: IA/DL em endoscopia digestiva alta,WOS:000675439400012,"Standalone performance of artificial intelligence for upper GI
neoplasia: a meta-analysis","Arribas, Julia; Antonelli, Giulio; Frazzoni, Leonardo; Fuccio, Lorenzo; Ebigbo, Alanna; van der Sommen, Fons; Ghatwary, Noha; Palm, Christoph; Coimbra, Miguel; Renna, Francesco; Bergman, J. J. G. H. M.; Sharma, Prateek; Messmann, Helmut; Hassan, Cesare; Dinis-Ribeiro, Mario J.",2021,10.1136/gutjnl-2020-321922,GUT,included,DL/CV aplicado a achados do trato GI alto — presume-se imagens endoscópicas/histopatológicas.,Web of Science/S1; Web of Science/S2,sim
Web of Science,S1,WoS S1 — Principal: IA/DL em endoscopia digestiva alta,WOS:001200951600001,"Development of an Artificial Intelligence Diagnostic System Using Linked
Color Imaging for Barrett's Esophagus","Takeda, Tsutomu; Asaoka, Daisuke; Ueyama, Hiroya; Abe, Daiki; Suzuki, Maiko; Inami, Yoshihiro; Uemura, Yasuko; Yamamoto, Momoko; Iwano, Tomoyo; Uchida, Ryota; Utsunomiya, Hisanori; Oki, Shotaro; Suzuki, Nobuyuki; Ikeda, Atsushi; Akazawa, Yoichi; Matsumoto, Kohei; Ueda, Kumiko; Hojo, Mariko; Nojiri, Shuko; Tada, Tomohiro; Nagahara, Akihito",2024,10.3390/jcm13071990,JOURNAL OF CLINICAL MEDICINE,included,Visão computacional/DL aplicada a endoscopia digestiva alta.,Web of Science/S1; Web of Science/S2,sim
Web of Science,S1,WoS S1 — Principal: IA/DL em endoscopia digestiva alta,WOS:001079799500001,"A reconstruction and convolution operations enabled variant vision
transformer with gastroscopic images for automatic locating of polyps in
Internet of Medical Things","Qin, Zhe; Zhang, Yaqiong; Li, Jian; Li, Deming; Mo, Yanqing; Wang, Liyang; Qian, Peiyu; Feng, Li",2024,10.1016/j.inffus.2023.102007,INFORMATION FUSION,included,Visão computacional/DL aplicada a endoscopia digestiva alta (contexto: dataset/benchmark).,Web of Science/S1; Web of Science/S2; Web of Science/S3,sim
Web of Science,S1,WoS S1 — Principal: IA/DL em endoscopia digestiva alta,WOS:001106636700001,"Lightweight deep learning model incorporating an attention mechanism and
feature fusion for automatic classification of gastric lesions in
gastroscopic images","Wang, Lingxiao; Yang, Yingyun; Yang, Aiming; Li, Ting",2023,10.1364/BOE.487456,BIOMEDICAL OPTICS EXPRESS,included,Visão computacional/DL aplicada a endoscopia digestiva alta (contexto: dataset/benchmark).,PubMed/S3; Web of Science/S1; Web of Science/S2,sim
Web of Science,S1,WoS S1 — Principal: IA/DL em endoscopia digestiva alta,WOS:000503234500010,"Randomised controlled trial of WISENSE, a real-time quality improving
system for monitoring blind spots during esophagogastroduodenoscopy","Wu, Lianlian; Zhang, Jun; Zhou, Wei; An, Ping; Shen, Lei; Liu, Jun; Jiang, Xiaoda; Huang, Xu; Mu, Ganggang; Wan, Xinyue; Lv, Xiaoguang; Gao, Juan; Cui, Ning; Hu, Shan; Chen, Yiyun; Hu, Xiao; Li, Jiangjie; Chen, Di; Gong, Dexin; He, Xinqi; Ding, Qianshan; Zhu, Xiaoyun; Li, Suqin; Wei, Xiao; Li, Xia; Wang, Xuemei; Zhou, Jie; Zhang, Mengjiao; Yu, Hong Gang",2019,10.1136/gutjnl-2018-317366,GUT,included,Visão computacional/DL aplicada a endoscopia digestiva alta.,Web of Science/S1,sim
Web of Science,S1,WoS S1 — Principal: IA/DL em endoscopia digestiva alta,WOS:001451150800003,"Constructing an artificial intelligence-assisted system for the
assessment of gastroesophageal valve function based on the hill
classification (with video)","Chen, Jian; Wang, Ganhong; Xia, Kaijian; Wang, Zhenni; Liu, Luojie; Xu, Xiaodan",2025,10.1186/s12911-025-02973-1,BMC MEDICAL INFORMATICS AND DECISION MAKING,included,Visão computacional/DL aplicada a endoscopia digestiva alta (contexto: dataset/benchmark).,Web of Science/S1,sim
Web of Science,S1,WoS S1 — Principal: IA/DL em endoscopia digestiva alta,WOS:000878175800008,"Application of an artificial intelligence system for endoscopic
diagnosis of superficial esophageal squamous cell carcinoma","Meng, Qian-Qian; Gao, Ye; Lin, Han; Wang, Tian-Jiao; Zhang, Yan-Rong; Feng, Jian; Li, Zhao-Shen; Xin, Lei; Wang, Luo-Wei",2022,10.3748/wjg.v28.i37.5483,WORLD JOURNAL OF GASTROENTEROLOGY,included,Visão computacional/DL aplicada a endoscopia digestiva alta (contexto: dataset/benchmark).,Web of Science/S1,sim
Web of Science,S1,WoS S1 — Principal: IA/DL em endoscopia digestiva alta,WOS:000808111200003,"Development and validation of a feature extraction- based logical
anthropomorphic diagnostic system for early gastric cancer: A
case-control study","Li, Jia; Zhu, Yijie; Dong, Zehua; He, Xinqi; Xu, Ming; Liu, Jun; Zhang, Mengjiao; Tao, Xiao; Du, Hongliu; Chen, Di; Huang, Li; Shang, Renduo; Zhang, Lihui; Luo, Renquan; Zhou, Wei; Deng, Yunchao; Huang, Xu; Li, Yanxia; Chen, Boru; Gong, Rongrong; Zhang, Chenxia; Li, Xun; Wu, Lianlian; Yu, Honggang",2022,10.1016/j.eclinm.2022.101366,ECLINICALMEDICINE,included,DL/CV em endoscopia com achado do trato GI alto.,Web of Science/S1,sim
Web of Science,S1,WoS S1 — Principal: IA/DL em endoscopia digestiva alta,WOS:001593978500001,"Real-Time Prediction of Helicobacter pylori Infection Using a Deep
Learning Model During Esophagogastroduodenoscopy: A Prospective
Multicenter Study","Li, Yan-Dong; Wang, Huo-Gen; Yan, Xue-Hui; Lv, Xiao-Jin; Zhu, Shu-Wen; Li, Yue-Wen; Yu, Jiang-Ping; Zhao, Yuan-Han; Wang, Shi",2025,10.1111/hel.70078,HELICOBACTER,included,Visão computacional/DL aplicada a endoscopia digestiva alta.,Web of Science/S1,sim
Web of Science,S1,WoS S1 — Principal: IA/DL em endoscopia digestiva alta,WOS:000313219600001,Analysis of Endoscopy Video Using Machine Learning Techniques,"Saraf, Santosh S.; Udupi, G. R.; Hajare, Santosh D.",2012,10.1166/jmihi.2012.1070,JOURNAL OF MEDICAL IMAGING AND HEALTH INFORMATICS,included,DL/CV em endoscopia com achado do trato GI alto.,Web of Science/S1,sim
Web of Science,S1,WoS S1 — Principal: IA/DL em endoscopia digestiva alta,WOS:000574357800004,"Accuracy of artificial intelligence-assisted detection of upper GI
lesions: a systematic review and meta-analysis","Lui, Thomas K. L.; Tsui, Vivien W. M.; Leung, Wai K.",2020,10.1016/j.gie.2020.06.034,GASTROINTESTINAL ENDOSCOPY,included,DL/CV em endoscopia com achado do trato GI alto.,Web of Science/S1; Web of Science/S2,sim
Web of Science,S1,WoS S1 — Principal: IA/DL em endoscopia digestiva alta,WOS:001638881700001,Beyond Detection: AI in Gastric Endoscopy,"Tiwari, Avinash",2025,10.1111/den.70074,DIGESTIVE ENDOSCOPY,included,[manual_v1] Editorial 'Beyond Detection: AI in Gastric Endoscopy' (Digestive Endoscopy 2025) — perspectiva recente sobre IA em endoscopia gástrica; útil para introdução/discussão mesmo sem abstract.,Web of Science/S1,não
Web of Science,S1,WoS S1 — Principal: IA/DL em endoscopia digestiva alta,WOS:001199428900001,"Advanced diagnostic endoscopy in the upper gastrointestinal tract:
Review of the Japan Gastroenterological Endoscopic Society core sessions","Ueyama, Hiroya; Hirasawa, Toshiaki; Yano, Tomonori; Doyama, Hisashi; Isomoto, Hajime; Yagi, Kazuyoshi; Kawai, Takashi; Yao, Kenshi",2024,10.1002/deo2.359,DEN OPEN,included,Visão computacional/DL aplicada a endoscopia digestiva alta.,Web of Science/S1; Web of Science/S2,sim
Web of Science,S1,WoS S1 — Principal: IA/DL em endoscopia digestiva alta,WOS:000305454600045,"Semantic and Topological Classification of Images in Magnetically Guided
Capsule Endoscopy","Mewes, P. W.; Rennert, P.; Juloski, A. Lj.; Lalande, A.; Angelopoulou, E.; Kuth, R.; Hornegger, J.",2012,10.1117/12.912280,MEDICAL IMAGING 2012: COMPUTER-AIDED DIAGNOSIS,included,Visão computacional/DL aplicada a endoscopia digestiva alta.,Web of Science/S1,sim
Web of Science,S1,WoS S1 — Principal: IA/DL em endoscopia digestiva alta,WOS:001612137800001,"Deep learning for gastric location classification: An analysis of
location boundaries and improvements through attention and contrastive
learning","Zhang, Chenxi; Ding, Alexander; Fu, Zhehong; Ni, Jing; Chen, Qilei; Xiong, Zinan; Liu, Benyuan; Cao, Yu; Chen, Shuijiao; Liu, Xiaowei",2023,10.1016/j.smhl.2023.100394,SMART HEALTH,included,Visão computacional/DL aplicada a endoscopia digestiva alta (contexto: dataset/benchmark).,Web of Science/S1,sim
Web of Science,S1,WoS S1 — Principal: IA/DL em endoscopia digestiva alta,WOS:001585785400007,"Deep-Learning-Based Early Stage Gastric Cancer Detection in
Narrow-Band-Imaging Gastroscopy Images Using Pyramid Spatial Pooling
U-Net","Huang, Cian-Ting; Lee, Tsung-Chun; Kanesaka, Takashi; Uedo, Noria; Wang, Hsiu-Po; Chang, Hsuan-Ting",2026,10.1007/978-981-96-6291-3_7,"UBI-MEDIA COMPUTING, PERVASIVE SYSTEMS, ALGORITHMS AND NETWORKS,
UBI-MEDIA 2025, I-SPAN 2025, PT II",included,Visão computacional/DL aplicada a endoscopia digestiva alta (contexto: dataset/benchmark).,Web of Science/S1,sim
Web of Science,S1,WoS S1 — Principal: IA/DL em endoscopia digestiva alta,WOS:001071319200001,MRI-Based Deep Learning Method for Classification of IDH Mutation Status,"Yogananda, Chandan Ganesh Bangalore; Wagner, Benjamin C.; Truong, Nghi C. D.; Holcomb, James M.; Reddy, Divya D.; Saadat, Niloufar; Hatanpaa, Kimmo J.; Patel, Toral R.; Fei, Baowei; Lee, Matthew D.; Jain, Rajan; Bruce, Richard J.; Pinho, Marco C.; Madhuranthakam, Ananth J.; Maldjian, Joseph A.",2023,10.3390/bioengineering10091045,BIOENGINEERING-BASEL,included,Visão computacional/DL aplicada a endoscopia digestiva alta (contexto: dataset/benchmark).,Web of Science/S1,sim
Web of Science,S1,WoS S1 — Principal: IA/DL em endoscopia digestiva alta,WOS:000347747000024,Deep sparse feature selection for computer aided endoscopy diagnosis,"Cong, Yang; Wang, Shuai; Liu, Ji; Cao, Jun; Yang, Yunsheng; Luo, Jiebo",2015,10.1016/j.patcog.2014.09.010,PATTERN RECOGNITION,included,Visão computacional/DL aplicada a endoscopia digestiva alta (contexto: dataset/benchmark).,Web of Science/S1,sim
Web of Science,S1,WoS S1 — Principal: IA/DL em endoscopia digestiva alta,WOS:000836995600044,"Artificial intelligence versus expert endoscopists for diagnosis of
gastric cancer in patients who have undergone upper gastrointestinal
endoscopy","Niikura, Ryota; Aoki, Tomonori; Shichijo, Satoki; Yamada, Atsuo; Kawahara, Takuya; Kato, Yusuke; Hirata, Yoshihiro; Hayakawa, Yoku; Suzuki, Nobumi; Ochi, Masanori; Hirasawa, Toshiaki; Tada, Tomohiro; Kawai, Takashi; Koike, Kazuhiko",2022,10.1055/a-1660-6500,ENDOSCOPY,included,Visão computacional/DL aplicada a endoscopia digestiva alta.,Web of Science/S1,sim
Web of Science,S1,WoS S1 — Principal: IA/DL em endoscopia digestiva alta,WOS:000970766500001,"Endoscopic diagnosis and treatment in gastric cancer: Current evidence
and new perspectives","Vincze, Aron",2023,10.3389/fsurg.2023.1122454,FRONTIERS IN SURGERY,included,Visão computacional/DL aplicada a endoscopia digestiva alta.,Web of Science/S1,sim
Web of Science,S1,WoS S1 — Principal: IA/DL em endoscopia digestiva alta,WOS:000519961200011,"Computer Aided Annotation of Early Esophageal Cancer in Gastroscopic
Images based on Deeplabv3+Network","Liu, Ding Yun; Jiang, Hong Xiu; Rao, Ni Ni; Luo, Cheng Si; Du, Wen Ju; Li, Zheng Wen; Gan, Tao",2019,10.1145/3354031.3354046,"PROCEEDINGS OF 2019 4TH INTERNATIONAL CONFERENCE ON BIOMEDICAL SIGNAL
AND IMAGE PROCESSING (ICBIP 2019)",included,Visão computacional/DL aplicada a endoscopia digestiva alta.,Web of Science/S1,sim
Web of Science,S1,WoS S1 — Principal: IA/DL em endoscopia digestiva alta,WOS:000780549400001,"Real-Time Multi-Label Upper Gastrointestinal Anatomy Recognition from
Gastroscope Videos","Yu, Tao; Hu, Huiyi; Zhang, Xinsen; Lei, Honglin; Liu, Jiquan; Hu, Weiling; Duan, Huilong; Si, Jianmin",2022,10.3390/app12073306,APPLIED SCIENCES-BASEL,included,Visão computacional/DL aplicada a endoscopia digestiva alta (contexto: dataset/benchmark).,Web of Science/S1,sim
Web of Science,S1,WoS S1 — Principal: IA/DL em endoscopia digestiva alta,WOS:001405656600002,"Deep learning model targeting cancer surrounding tissues for accurate
cancer diagnosis based on histopathological images","Li, Lanlan; Geng, Yi; Chen, Tao; Lin, Kaixin; Xie, Chengjie; Qi, Jing; Wei, Hongan; Wang, Jianping; Wang, Dabiao; Yuan, Ze; Wan, Zixiao; Li, Tuoyang; Luo, Yanxin; Niu, Decao; Li, Juan; Yu, Huichuan",2025,10.1186/s12967-024-06017-6,JOURNAL OF TRANSLATIONAL MEDICINE,included,DL/CV aplicado a achados do trato GI alto — presume-se imagens endoscópicas/histopatológicas.,Web of Science/S1,sim
Web of Science,S1,WoS S1 — Principal: IA/DL em endoscopia digestiva alta,WOS:000707971200001,"Development and evaluation of a double-check support system using
artificial intelligence in endoscopic screening for gastric cancer","Oura, Hirotaka; Matsumura, Tomoaki; Fujie, Mai; Ishikawa, Tsubasa; Nagashima, Ariki; Shiratori, Wataru; Tokunaga, Mamoru; Kaneko, Tatsuya; Imai, Yushi; Oike, Tsubasa; Yokoyama, Yuya; Akizue, Naoki; Ota, Yuki; Okimoto, Kenichiro; Arai, Makoto; Nakagawa, Yuki; Inada, Mari; Yamaguchi, Kazuya; Kato, Jun; Kato, Naoya",2022,10.1007/s10120-021-01256-8,GASTRIC CANCER,included,Visão computacional/DL aplicada a endoscopia digestiva alta (contexto: dataset/benchmark).,Springer Nature Link/S2; Web of Science/S1,sim
Web of Science,S1,WoS S1 — Principal: IA/DL em endoscopia digestiva alta,WOS:000784108700124,"Narrow-Band Imaging for the Computer-Assisted Diagnosis in Patients with
Barrett's Esophagus","Kage, Andreas; Raithel, Martin; Zopf, Steffen; Wittenberg, Thomas; Munzenmayer, Christian",2009,10.1117/12.812257,MEDICAL IMAGING 2009: COMPUTER-AIDED DIAGNOSIS,included,DL/CV aplicado a achados do trato GI alto — presume-se imagens endoscópicas/histopatológicas.,Web of Science/S1,sim
Web of Science,S1,WoS S1 — Principal: IA/DL em endoscopia digestiva alta,WOS:000371977803040,COMPUTER AIDED ENDOSCOPE DIAGNOSIS VIA WEAKLY LABELED DATA MINING,"Wang, Shuai; Gong, Yang; Fan, Huijie; Yang, Yunsheng; Tang, Yandong; Zhao, Huaici",2015,,2015 IEEE INTERNATIONAL CONFERENCE ON IMAGE PROCESSING (ICIP),included,Visão computacional/DL aplicada a endoscopia digestiva alta (contexto: dataset/benchmark).,Web of Science/S1,sim
Web of Science,S1,WoS S1 — Principal: IA/DL em endoscopia digestiva alta,WOS:001351257000001,"Deep Learning Models for Anatomical Location Classification in
Esophagogastroduodenoscopy Images and Videos: A Quantitative Evaluation
with Clinical Data","Kang, Seong Min; Lee, Gi Pyo; Kim, Young Jae; Kim, Kyoung Oh; Kim, Kwang Gi",2024,10.3390/diagnostics14212360,DIAGNOSTICS,included,Visão computacional/DL aplicada a endoscopia digestiva alta (contexto: dataset/benchmark).,Web of Science/S1,sim
Web of Science,S1,WoS S1 — Principal: IA/DL em endoscopia digestiva alta,WOS:000732258000001,"Leveraging Multimodal Semantic Fusion for Gastric Cancer Screening via
Hierarchical Attention Mechanism","Ding, Shuai; Hu, Shikang; Li, Xiaojian; Zhang, Youtao; Wu, Desheng Dash",2022,10.1109/TSMC.2021.3096974,IEEE TRANSACTIONS ON SYSTEMS MAN CYBERNETICS-SYSTEMS,included,Visão computacional/DL aplicada a endoscopia digestiva alta (contexto: dataset/benchmark).,Web of Science/S1,sim
Web of Science,S1,WoS S1 — Principal: IA/DL em endoscopia digestiva alta,WOS:000829945600001,"Deep learning as a novel method for endoscopic diagnosis of chronic
atrophic gastritis: a prospective nested case-control study","Zhao, Quchuan; Jia, Qing; Chi, Tianyu",2022,10.1186/s12876-022-02427-2,BMC GASTROENTEROLOGY,included,Visão computacional/DL aplicada a endoscopia digestiva alta.,Web of Science/S1,sim
Web of Science,S1,WoS S1 — Principal: IA/DL em endoscopia digestiva alta,WOS:000318899300158,A Computer-Aided Lesion Diagnose Method Based on Gastroscopeimage,Pan Liang; Yang Cong; Mo Guan,2012,,"PROCEEDING OF THE IEEE INTERNATIONAL CONFERENCE ON INFORMATION AND
AUTOMATION",included,Visão computacional/DL aplicada a endoscopia digestiva alta (contexto: dataset/benchmark).,Web of Science/S1,sim
Web of Science,S1,WoS S1 — Principal: IA/DL em endoscopia digestiva alta,WOS:000829724300005,"Artificial intelligence for diagnosing gastric lesions under white-light
endoscopy","Yuan, Xiang-Lei; Zhou, Yao; Liu, Wei; Luo, Qi; Zeng, Xian-Hui; Yi, Zhang; Hu, Bing",2022,10.1007/s00464-022-09420-6,SURGICAL ENDOSCOPY AND OTHER INTERVENTIONAL TECHNIQUES,included,DL/CV em endoscopia com achado do trato GI alto.,Web of Science/S1; Web of Science/S2,sim
Web of Science,S1,WoS S1 — Principal: IA/DL em endoscopia digestiva alta,WOS:000577665700001,"Diagnostic accuracy of a novel third generation esophageal capsule as a
non-invasive detection method for Barrett's esophagus: A pilot study","Duvvuri, Abhiram; Desai, Madhav; Vennelaganti, Sreekar; Higbee, April; Gorrepati, Venkat Subhash; Dasari, Chandra; Chandrasekar, Viveksandeep Thoguluva; Vennalaganti, Prashanth; Kohli, Divyanshoo; Sathyamurthy, Anjana; Rai, Tarun; Sharma, Prateek",2021,10.1111/jgh.15283,JOURNAL OF GASTROENTEROLOGY AND HEPATOLOGY,included,Visão computacional/DL aplicada a endoscopia digestiva alta.,Web of Science/S1,sim
Web of Science,S1,WoS S1 — Principal: IA/DL em endoscopia digestiva alta,WOS:001578594600001,"Constructing and validating vision transformer-based assisted detection
models for atrophic gastritis: A retrospective study","Chen, Hu; Liu, Shiyu; Miao, Yanzi; Yang, Xin; Li, Tao; Wu, Chuannan; Li, Zhentao; Guo, Yahui; Yu, Sijin; Chen, Guangxia",2025,10.1177/00368504251381972,SCIENCE PROGRESS,included,Visão computacional/DL aplicada a endoscopia digestiva alta (contexto: dataset/benchmark).,Web of Science/S1,sim
Web of Science,S1,WoS S1 — Principal: IA/DL em endoscopia digestiva alta,WOS:000915498100001,An automatic gastric polyp detection technique using deep learning,"Mushtaq, Dania; Madni, Tahir Mustafa; Janjua, Uzair Iqbal; Anwar, Fozia; Kakakhail, Ahmad",2023,10.1002/ima.22850,INTERNATIONAL JOURNAL OF IMAGING SYSTEMS AND TECHNOLOGY,included,Visão computacional/DL aplicada a endoscopia digestiva alta.,Web of Science/S1; Web of Science/S2; Web of Science/S3,sim
Web of Science,S1,WoS S1 — Principal: IA/DL em endoscopia digestiva alta,WOS:000397260205148,Specular Reflection Detection on Gastroscopic Images,"Yao, Rui; Wu, Yilun; Yang, Wei; Lin, Xiaolin; Chen, Shidan; Zhang, Su",2010,,"2010 4TH INTERNATIONAL CONFERENCE ON BIOINFORMATICS AND BIOMEDICAL
ENGINEERING (ICBBE 2010)",included,[manual_v1] Detecção de reflexos especulares em imagens gastroscópicas — trata diretamente de artefato de imagem (reflexo) em gastroscopia; relevante para a trilha de artefatos do projeto.,Web of Science/S1,sim
Web of Science,S1,WoS S1 — Principal: IA/DL em endoscopia digestiva alta,WOS:001277927300001,"Real-time gastric intestinal metaplasia segmentation using a deep neural
network designed for multiple imaging modes on high-resolution images","Pornvoraphat, Passin; Tiankanon, Kasenee; Pittayanon, Rapat; Nupairoj, Natawut; Vateekul, Peerapon; Rerknimitr, Rungsun",2024,10.1016/j.knosys.2024.112213,KNOWLEDGE-BASED SYSTEMS,included,Visão computacional/DL aplicada a endoscopia digestiva alta (contexto: dataset/benchmark).,Web of Science/S1,sim
Web of Science,S1,WoS S1 — Principal: IA/DL em endoscopia digestiva alta,WOS:000380399500455,Automatic Gastroscopy Video Quality Assessment,"Wang, Shuai; Tian, Dongying; Cong, Yang; Yang, Yunsheng; Tang, Yandong; Zhao, Huaici",2014,,"2014 IEEE INTERNATIONAL CONFERENCE ON ROBOTICS AND BIOMIMETICS
IEEE-ROBIO 2014",included,Visão computacional/DL aplicada a endoscopia digestiva alta (contexto: dataset/benchmark).,Web of Science/S1,sim
Web of Science,S1,WoS S1 — Principal: IA/DL em endoscopia digestiva alta,WOS:001357972100001,"Randomized controlled trial of an artificial intelligence diagnostic
system for the detection of esophageal squamous cell carcinoma in
clinical practice","Nakao, Eisuke; Yoshio, Toshiyuki; Kato, Yusuke; Namikawa, Ken; Tokai, Yoshitaka; Yoshimizu, Shoichi; Horiuchi, Yusuke; Ishiyama, Akiyoshi; Hirasawa, Toshiaki; Kurihara, Nozomi; Ishizuka, Naoki; Ishihara, Ryu; Tada, Tomohiro; Fujisaki, Junko",2025,10.1055/a-2421-3194,ENDOSCOPY,included,Visão computacional/DL aplicada a endoscopia digestiva alta.,Web of Science/S1; Web of Science/S2,sim
Web of Science,S1,WoS S1 — Principal: IA/DL em endoscopia digestiva alta,WOS:001096555600001,"U-Net deep learning model for endoscopic diagnosis of chronic atrophic
gastritis and operative link for gastritis assessment staging: a
prospective nested case-control study","Zhao, Quchuan; Jia, Qing; Chi, Tianyu",2023,10.1177/17562848231208669,THERAPEUTIC ADVANCES IN GASTROENTEROLOGY,included,Visão computacional/DL aplicada a endoscopia digestiva alta (contexto: dataset/benchmark).,Web of Science/S1,sim
Web of Science,S1,WoS S1 — Principal: IA/DL em endoscopia digestiva alta,WOS:001367817100001,"Linked Color Imaging with Artificial Intelligence Improves the Detection
of Early Gastric Cancer","Zhao, Youshen; Dohi, Osamu; Ishida, Tsugitaka; Yoshida, Naohisa; Ochiai, Tomoko; Mukai, Hiroki; Seya, Mayuko; Yamauchi, Katsuma; Miyazaki, Hajime; Fukui, Hayato; Yasuda, Takeshi; Iwai, Naoto; Inoue, Ken; Itoh, Yoshito; Liu, Xinkai; Zhang, Ruiyao; Zhu, Xin",2024,10.1159/000540728,DIGESTIVE DISEASES,included,Visão computacional/DL aplicada a endoscopia digestiva alta.,Web of Science/S1,sim
Web of Science,S1,WoS S1 — Principal: IA/DL em endoscopia digestiva alta,WOS:000889214300001,"Reduced detection rate of artificial intelligence in images obtained
from untrained endoscope models and improvement using domain adaptation
algorithm","Park, Junseok; Hwang, Youngbae; Kim, Hyun Gun; Lee, Joon Seong; Kim, Jin-Oh; Lee, Tae Hee; Jeon, Seong Ran; Hong, Su Jin; Ko, Bong Min; Kim, Seokmin",2022,10.3389/fmed.2022.1036974,FRONTIERS IN MEDICINE,included,Visão computacional/DL aplicada a endoscopia digestiva alta (contexto: dataset/benchmark).,Web of Science/S1,sim
Web of Science,S1,WoS S1 — Principal: IA/DL em endoscopia digestiva alta,WOS:000371368900001,"Scalable gastroscopic video summarization via similarle-inhibition
dictionary selection","Wang, Shuai; Cong, Yang; Cao, Jun; Yang, Yunsheng; Tang, Yandong; Zhao, Huaici; Yu, Haibin",2016,10.1016/j.artmed.2015.08.006,ARTIFICIAL INTELLIGENCE IN MEDICINE,included,Visão computacional/DL aplicada a endoscopia digestiva alta (contexto: dataset/benchmark).,ScienceDirect/S6; Web of Science/S1,sim
Web of Science,S1,WoS S1 — Principal: IA/DL em endoscopia digestiva alta,WOS:001305705103160,"AUTOMATED DETECTION AND SEGMENTATION OF GLIOBLASTOMA IN MRI USING
MULTI-LEVEL DIFFUSION TRANSFORMER U-NET","Masood, Anum; Naseem, Usman; Rashid, Junaid; Razzak, Imran",2024,10.1109/ISBI56570.2024.10635860,"IEEE INTERNATIONAL SYMPOSIUM ON BIOMEDICAL IMAGING, ISBI 2024",included,Visão computacional/DL aplicada a endoscopia digestiva alta (contexto: dataset/benchmark).,IEEE/S1; Web of Science/S1,sim
Web of Science,S1,WoS S1 — Principal: IA/DL em endoscopia digestiva alta,WOS:000932834400002,Endoscopic diagnosis and treatment of esophageal adenocarcinoma,"Baumer, Sebastian; Pech, Oliver",2023,10.1007/s00761-023-01311-2,ONKOLOGIE,included,Visão computacional/DL aplicada a endoscopia digestiva alta.,Springer Nature Link/S2; Web of Science/S1; Web of Science/S2,sim
Web of Science,S1,WoS S1 — Principal: IA/DL em endoscopia digestiva alta,WOS:000503827500030,"Smart electronic gastroscope system using a cloud-edge collaborative
framework","Ding, Shuai; Li, Ling; Li, Zhenmin; Wang, Hao; Zhang, Yanchun",2019,10.1016/j.future.2019.04.031,FUTURE GENERATION COMPUTER SYSTEMS-THE INTERNATIONAL JOURNAL OF ESCIENCE,included,Visão computacional/DL aplicada a endoscopia digestiva alta.,ScienceDirect/S1; ScienceDirect/S2; ScienceDirect/S5; ScienceDirect/S6; Web of Science/S1,sim
Web of Science,S1,WoS S1 — Principal: IA/DL em endoscopia digestiva alta,WOS:001191747400001,"Color-Transfer-Enhanced Data Construction and Validation for Deep
Learning-Based Upper Gastrointestinal Landmark Classification in
Wireless Capsule Endoscopy","Kim, Hyeon-Seo; Cho, Byungwoo; Park, Jong-Oh; Kang, Byungjeon",2024,10.3390/diagnostics14060591,DIAGNOSTICS,included,Visão computacional/DL aplicada a endoscopia digestiva alta (contexto: dataset/benchmark).,Web of Science/S1,sim
Web of Science,S1,WoS S1 — Principal: IA/DL em endoscopia digestiva alta,WOS:001205796000030,"Early gastric cancer detection and lesion segmentation based on deep
learning and gastroscopic images (vol 14, 7847, 2024)","Zhang, Kezhi; Wang, Haibao; Cheng, Yaru; Liu, Hongyan; Gong, Qi; Zeng, Qian; Zhang, Tao; Wei, Guoqiang; Wei, Zhi; Chen, Dong",2024,10.1038/s41598-024-59794-x,SCIENTIFIC REPORTS,included,"Título/keywords indicam DL/CV em endoscopia digestiva alta ou achado GI, mesmo sem abstract.",Web of Science/S1,não
Web of Science,S1,WoS S1 — Principal: IA/DL em endoscopia digestiva alta,WOS:000825090700025,"Instant diagnosis of gastroscopic biopsy via deep-learned single-shot
femtosecond stimulated Raman histology","Liu, Zhijie; Su, Wei; Ao, Jianpeng; Wang, Min; Jiang, Qiuli; He, Jie; Gao, Hua; Lei, Shu; Nie, Jinshan; Yan, Xuefeng; Guo, Xiaojing; Zhou, Pinghong; Hu, Hao; Ji, Minbiao",2022,10.1038/s41467-022-31339-8,NATURE COMMUNICATIONS,included,Visão computacional/DL aplicada a endoscopia digestiva alta.,Springer Nature Link/S2; Web of Science/S1,sim
Web of Science,S1,WoS S1 — Principal: IA/DL em endoscopia digestiva alta,WOS:000793403500001,"Deep Learning-Based Ultrasound Combined with Gastroscope for the
Diagnosis and Nursing of Upper Gastrointestinal Submucous Lesions","Xia, Lima; Sun, Suhua; Dai, Weijie",2022,10.1155/2022/1607099,COMPUTATIONAL AND MATHEMATICAL METHODS IN MEDICINE,included,Visão computacional/DL aplicada a endoscopia digestiva alta.,Web of Science/S1,sim
Web of Science,S1,WoS S1 — Principal: IA/DL em endoscopia digestiva alta,WOS:001428743400001,"WtNGAN: Unpaired image translation from white light images to
narrow-band images","Lin, Qinghua; Li, Zuoyong; Zeng, Kun; Wen, Jie; Jiang, Yuting; Chen, Jian",2025,10.1016/j.patcog.2025.111431,PATTERN RECOGNITION,included,Visão computacional/DL aplicada a endoscopia digestiva alta (contexto: dataset/benchmark).,ScienceDirect/S6; ScienceDirect/S8; Web of Science/S1; Web of Science/S6,sim
Web of Science,S1,WoS S1 — Principal: IA/DL em endoscopia digestiva alta,WOS:000942112600001,"Development of a Low-Cost Gastroscope Prototype (GP) for Potential
Cost-Effective Gastric Cancer Screening in Prevalent Regions","Xu, James; Benson, Mark E.; Granlund, Liam M.; Gehrke, Seth; Stanfield, Dylan; Weiss, Jennifer; Pfau, Patrick; Soni, Anurag; Cox, Ben L.; Petry, George; Swader, Robert A.; Reichelderfer, Mark; Li, Zhanhai; Atrukstang, Tenzin; Banik, Nyah; Eliceiri, Kevin W.; Gopal, Deepak V.",2023,10.1055/s-0043-1762574,JOURNAL OF DIGESTIVE ENDOSCOPY,included,Visão computacional/DL aplicada a endoscopia digestiva alta.,Web of Science/S1,sim
Web of Science,S1,WoS S1 — Principal: IA/DL em endoscopia digestiva alta,WOS:000963444900001,"Early gastric cancer segmentation in gastroscopic images using a
co-spatial attention and channel attention based triple-branch ResUnet","Du, Wenju; Rao, Nini; Yong, Jiahao; Adjei, Prince Ebenezer; Hu, Xiaoming; Wang, Xiaotong; Gan, Tao; Zhu, Linlin; Zeng, Bing; Liu, Mengyuan; Xu, Yongxue",2023,10.1016/j.cmpb.2023.107397,COMPUTER METHODS AND PROGRAMS IN BIOMEDICINE,included,Visão computacional/DL aplicada a endoscopia digestiva alta (contexto: dataset/benchmark).,Web of Science/S1,sim
Web of Science,S2,WoS S2 — Lesões e alterações gástricas por IA,WOS:000710818600001,Application of Artificial Intelligence in Early Gastric Cancer Diagnosis,"Xiao, Zili; Ji, Danian; Li, Feng; Li, Zhengliang; Bao, Zhijun",2022,10.1159/000519601,DIGESTION,included,DL/CV em endoscopia com achado do trato GI alto.,Web of Science/S2,sim
Web of Science,S2,WoS S2 — Lesões e alterações gástricas por IA,WOS:000474632100004,Overview of Deep Learning in Gastrointestinal Endoscopy,"Min, Jun Ki; Kwak, Min Seob; Cha, Jae Myung",2019,10.5009/gnl18384,GUT AND LIVER,included,Visão computacional/DL aplicada a endoscopia digestiva alta.,Web of Science/S2,sim
Web of Science,S2,WoS S2 — Lesões e alterações gástricas por IA,WOS:000609618500004,Application of Artificial Intelligence in Gastrointestinal Endoscopy,"Wu, Jia; Chen, Jiamin; Cai, Jianting",2021,10.1097/MCG.0000000000001423,JOURNAL OF CLINICAL GASTROENTEROLOGY,included,Visão computacional/DL aplicada a endoscopia digestiva alta.,Web of Science/S2,sim
Web of Science,S2,WoS S2 — Lesões e alterações gástricas por IA,WOS:000659145500007,"Deep learning for diagnosis of precancerous lesions in upper
gastrointestinal endoscopy: A review","Yan, Tao; Wong, Pak Kin; Qin, Ye-Ying",2021,10.3748/wjg.v27.i20.2531,WORLD JOURNAL OF GASTROENTEROLOGY,included,Visão computacional/DL aplicada a endoscopia digestiva alta.,Web of Science/S2,sim
Web of Science,S2,WoS S2 — Lesões e alterações gástricas por IA,WOS:000545843300001,Utilizing artificial intelligence in endoscopy: a clinician's guide,"Namikawa, Ken; Hirasawa, Toshiaki; Yoshio, Toshiyuki; Fujisaki, Junko; Ozawa, Tsuyoshi; Ishihara, Soichiro; Aoki, Tomonori; Yamada, Atsuo; Koike, Kazuhiko; Suzuki, Hideo; Tada, Tomohiro",2020,10.1080/17474124.2020.1779058,EXPERT REVIEW OF GASTROENTEROLOGY & HEPATOLOGY,included,DL/CV em endoscopia com achado do trato GI alto.,Web of Science/S2,sim
Web of Science,S2,WoS S2 — Lesões e alterações gástricas por IA,WOS:000663993400002,Artificial Intelligence in Endoscopy,"Okagawa, Yutaka; Abe, Seiichiro; Yamada, Masayoshi; Oda, Ichiro; Saito, Yutaka",2022,10.1007/s10620-021-07086-z,DIGESTIVE DISEASES AND SCIENCES,included,Visão computacional/DL aplicada a endoscopia digestiva alta.,Web of Science/S2,sim
Web of Science,S2,WoS S2 — Lesões e alterações gástricas por IA,WOS:000840326600016,"Artificial Intelligence and Deep Learning for Upper Gastrointestinal
Neoplasia","Sharmat, Prateek; Hassan, Cesare",2022,10.1053/j.gastro.2021.11.040,GASTROENTEROLOGY,included,Visão computacional/DL aplicada a endoscopia digestiva alta.,PubMed/S3; ScienceDirect/S3; ScienceDirect/S4; Web of Science/S2,sim
Web of Science,S2,WoS S2 — Lesões e alterações gástricas por IA,WOS:000607688400004,"Artificial intelligence in upper GI endoscopy - current status,
challenges and future promise","Yu, Honggang; Singh, Rajvinder; Shin, Seon Ho; Ho, Khek Yu",2021,10.1111/jgh.15354,JOURNAL OF GASTROENTEROLOGY AND HEPATOLOGY,included,Visão computacional/DL aplicada a endoscopia digestiva alta (contexto: dataset/benchmark).,Web of Science/S2,sim
Web of Science,S2,WoS S2 — Lesões e alterações gástricas por IA,WOS:001164970000001,"The Importance of Artificial Intelligence in Upper Gastrointestinal
Endoscopy","Popovic, Dusan; Glisic, Tijana; Milosavljevic, Tomica; Panic, Natasa; Marjanovic-Haljilji, Marija; Mijac, Dragana; Lalosevic, Milica Stojkovic; Nestorov, Jelena; Dragasevic, Sanja; Savic, Predrag; Filipovic, Branka",2023,10.3390/diagnostics13182862,DIAGNOSTICS,included,Visão computacional/DL aplicada a endoscopia digestiva alta.,Web of Science/S2,sim
Web of Science,S2,WoS S2 — Lesões e alterações gástricas por IA,WOS:000664928200005,"Early gastric cancer and Artificial Intelligence: Is it time for
population screening?","Anta, Julia Arribas; Dinis-Ribeiro, Mario",2021,10.1016/j.bpg.2020.101710,BEST PRACTICE & RESEARCH CLINICAL GASTROENTEROLOGY,included,DL/CV em endoscopia com achado do trato GI alto.,ScienceDirect/S10; Web of Science/S2,sim
Web of Science,S2,WoS S2 — Lesões e alterações gástricas por IA,WOS:000900610800001,"Current Status of Artificial Intelligence-Based Computer-Assisted
Diagnosis Systems for Gastric Cancer in Endoscopy","Ochiai, Kentaro; Ozawa, Tsuyoshi; Shibata, Junichi; Ishihara, Soichiro; Tada, Tomohiro",2022,10.3390/diagnostics12123153,DIAGNOSTICS,included,Visão computacional/DL aplicada a endoscopia digestiva alta.,Web of Science/S2,sim
Web of Science,S2,WoS S2 — Lesões e alterações gástricas por IA,WOS:000664928200009,Striving for quality improvement: can artificial intelligence help?,"Sinonquel, P.; Bisschops, R.",2021,10.1016/j.bpg.2020.101722,BEST PRACTICE & RESEARCH CLINICAL GASTROENTEROLOGY,included,Visão computacional/DL aplicada a endoscopia digestiva alta.,PubMed/S3; Web of Science/S2,sim
Web of Science,S2,WoS S2 — Lesões e alterações gástricas por IA,WOS:001723893200001,"Artificial Intelligence in Gastrointestinal Endoscopy: Current Advances,
Clinical Integration, and Future Directions: A Narrative Review","Yagnik, Vipul D.; Choudhary, Prema Ram; Garg, Pankaj",2026,10.2147/CEG.S573930,CLINICAL AND EXPERIMENTAL GASTROENTEROLOGY,included,Visão computacional/DL aplicada a endoscopia digestiva alta (contexto: dataset/benchmark).,Scopus (VLM/FMs)/S3; Web of Science/S2,sim
Web of Science,S2,WoS S2 — Lesões e alterações gástricas por IA,WOS:001038022801599,"CLINICAL EVALUATION OF AN ARTIFICIAL INTELLIGENCE SYSTEM FOR UPPER
GASTROINTESTINAL ENDOSCOPY ON DETECTING AND DIAGNOSING GASTRIC LESIONS
PATHOLOGICALLY PRE-DIAGNOSED WITH ATYPIA AND GASTRIC DYSPLASIA: A PILOT
STUDY","Chang, Young Hoon; Shin, Cheol Min; Lee, Hae Dong; Park, Jin Bae; Jeon, Jiwoon; Kang, Soonwhan; Jo, Seyeong; Cho, Soo-Jeong; Kang, Seung Joo; Jun, Yu Kyung; Choi, Yonghoon; Yoon, Hyuk; Park, Young Soo; Lee, Dong Ho; Kim, Nayoung",2023,,GASTROINTESTINAL ENDOSCOPY,included,"Título/keywords indicam DL/CV em endoscopia digestiva alta ou achado GI, mesmo sem abstract.",Web of Science/S2,não
Web of Science,S2,WoS S2 — Lesões e alterações gástricas por IA,WOS:000495492603153,"Preliminary results to evaluate the capacity of artificial intelligence
application in diagnosis of gastric lesions on upper gastrointestinal
endoscopy in Vietnam",Hang Dao; Binh Nguyen; Dung Nguyen; Hai Vu; Hai Vu; Long Dao,2019,,JOURNAL OF GASTROENTEROLOGY AND HEPATOLOGY,included,"Título/keywords indicam DL/CV em endoscopia digestiva alta ou achado GI, mesmo sem abstract.",Web of Science/S2,não
Web of Science,S2,WoS S2 — Lesões e alterações gástricas por IA,WOS:001450689900001,"Management of epithelial precancerous conditions and early neoplasia of
the stomach (MAPS III): European Society of Gastrointestinal Endoscopy
(ESGE), European Helicobacter and Microbiota Study Group (EHMSG) and
European Society of Pathology (ESP) Guideline update 2025","Dinis-Ribeiro, Mario; Libanio, Diogo; Uchima, Hugo; Spaander, Manon C. W.; Bornschein, Jan; Matysiak-Budnik, Tamara; Tziatzios, Georgios; Santos-Antunes, Joao; Areia, Miguel; Chapelle, Nicolas; Esposito, Gianluca; Fernandez-Esparrach, Gloria; Kunovsky, Lumir; Garrido, Monica; Tacheci, Ilja; Link, Alexander; Marcos, Pedro; Marcos-Pinto, Ricardo; Moreira, Leticia; Pereira, Ana Carina; Pimentel-Nunes, Pedro; Romanczyk, Marcin; Fontes, Filipa; Hassan, Cesare; Bisschops, Raf; Feakins, Roger; Schulz, Christian; Triantafyllou, Konstantinos; Carneiro, Fatima; Kuipers, Ernst J.",2025,10.1055/a-2529-5025,ENDOSCOPY,included,[manual_v1] MAPS III guideline (ESGE/EHMSG/ESP 2025) sobre condições precancerosas gástricas — referência clínica de primeira linha para definição de achados e classes.,Web of Science/S2,sim
Web of Science,S2,WoS S2 — Lesões e alterações gástricas por IA,WOS:001131250100001,"Landscape of Innovative Methods for Early Diagnosis of Gastric Cancer: A
Systematic Review","Oraseanu, Alexandra; Brisc, Mihaela Cristina; Maghiar, Octavian Adrian; Popa, Horia; Brisc, Ciprian Mihai; Solea, Sabina Florina; Maghiar, Teodor Andrei; Brisc, Ciprian",2023,10.3390/diagnostics13243608,DIAGNOSTICS,included,DL/CV em endoscopia com achado do trato GI alto.,Web of Science/S2,sim
Web of Science,S2,WoS S2 — Lesões e alterações gástricas por IA,WOS:001752219400001,"Impact of real-time artificial intelligence integration on detection of
gastric lesions: an exploratory single-center before-and-after study
using low-definition routine endoscopy","Lee, Hwijun; Bang, Huynh Cong; Cho, Seokho; Ha, Jungmin; Khiem, Tran Thien; Tung, Le Viet; Phuc, La Vinh; Si, Duong Trong; Du, Tran The; Vo, Diem Thi-Ngoc; Trung, Vo Nguyen",2026,10.5946/ce.2025.272,CLINICAL ENDOSCOPY,included,Visão computacional/DL aplicada a endoscopia digestiva alta.,PubMed/S3; Web of Science/S2,sim
Web of Science,S2,WoS S2 — Lesões e alterações gástricas por IA,WOS:001739452300001,"Real-World Evaluation of an AI-Assisted Diagnostic Support System for
Early Gastric Cancer: Diagnostic Performance, Confidence Stratification,
and Determinants of False-Positive Diagnosis","Osawa, Satoshi; Yamada, Takanori; Inui, Wataru; Niwa, Tomoyuki; Takahashi, Kenichi; Egami, Takatoshi; Inagaki, Keisuke; Takebe, Tomohiro; Ito, Tatsuhiro; Takahashi, Satoru; Onoue, Shunya; Asai, Yusuke; Sugiura, Kiichi; Matsuura, Tomoharu; Ishida, Natsuki; Yamade, Mihoko; Iwaizumi, Moriya; Hamaya, Yasushi; Sugimoto, Ken",2026,10.3390/jcm15072609,JOURNAL OF CLINICAL MEDICINE,included,DL/CV em endoscopia com achado do trato GI alto.,PubMed/S3; Web of Science/S2,sim
Web of Science,S2,WoS S2 — Lesões e alterações gástricas por IA,WOS:000700042900001,Artificial Intelligence in Upper Gastrointestinal Endoscopy,"Tokat, Meltem; van Tilburg, Laurelle; Koch, Arjun D.; Spaander, Manon C. W.",2022,10.1159/000518232,DIGESTIVE DISEASES,included,Visão computacional/DL aplicada a endoscopia digestiva alta.,Web of Science/S2,sim
Web of Science,S2,WoS S2 — Lesões e alterações gástricas por IA,WOS:000799996600001,Quality indicators in esophagogastroduodenoscopy,"Kim, Sang Yoon; Park, Jae Myung",2022,10.5946/ce.2022.094,CLINICAL ENDOSCOPY,included,"[manual_v1] Indicadores de qualidade em EGD (Clinical Endoscopy 2022) — referência direta para qualidade de imagem / protocolo de screening, relevante para a trilha de qualidade.",Web of Science/S2,sim
Web of Science,S2,WoS S2 — Lesões e alterações gástricas por IA,WOS:001191366100001,"Enhancing the Quality of Upper Gastrointestinal Endoscopy: Current
Indicators and Future Trends","Ferrari, Caesar; Tadros, Micheal",2024,10.3390/gastroent15010001,GASTROENTEROLOGY INSIGHTS,included,Visão computacional/DL aplicada a endoscopia digestiva alta.,Web of Science/S2,sim
Web of Science,S2,WoS S2 — Lesões e alterações gástricas por IA,WOS:000921096700001,"Role of artificial intelligence in diagnosing Barrett's esophagusrelated
neoplasia","Meinikheim, Michael; Messmann, Helmut; Ebigbo, Alanna",2023,10.5946/ce.2022.247,CLINICAL ENDOSCOPY,included,DL/CV em endoscopia com achado do trato GI alto.,Web of Science/S2,sim
Web of Science,S2,WoS S2 — Lesões e alterações gástricas por IA,WOS:000978421600010,"Artificial intelligence and upper gastrointestinal endoscopy: what is
the optimal study design?","Halvorsen, Natalie; Mori, Yuichi",2023,10.23736/S2724-5691.22.09810-0,MINERVA SURGERY,included,Visão computacional/DL aplicada a endoscopia digestiva alta.,PubMed/S3; Web of Science/S2,sim
Web of Science,S2,WoS S2 — Lesões e alterações gástricas por IA,WOS:000586370900004,"Role of artificial intelligence in the diagnosis of oesophageal
neoplasia: 2020 an endoscopic odyssey","Hussein, Mohamed; Puyal, Juana Gonzalez-Bueno; Mountney, Peter; Lovat, Laurence B.; Haidry, Rehan",2020,10.3748/wjg.v26.i38.5784,WORLD JOURNAL OF GASTROENTEROLOGY,included,DL/CV em endoscopia com achado do trato GI alto.,Web of Science/S2,sim
Web of Science,S2,WoS S2 — Lesões e alterações gástricas por IA,WOS:001532524200011,"Quality assessment in endoscopy ``artificial intelligence in
endoscopy″","Mori, Yuchi; Misawa, Masashi",2025,10.1016/j.bpg.2025.102006,BEST PRACTICE & RESEARCH CLINICAL GASTROENTEROLOGY,included,Visão computacional/DL aplicada a endoscopia digestiva alta.,Web of Science/S2,sim
Web of Science,S2,WoS S2 — Lesões e alterações gástricas por IA,WOS:000474302600008,"Artificial intelligence and upper gastrointestinal endoscopy: Current
status and future perspective","Mori, Yuichi; Kudo, Shin-ei; Mohmed, Hussein E. N.; Misawa, Masashi; Ogata, Noriyuki; Itoh, Hayato; Oda, Masahiro; Mori, Kensaku",2019,10.1111/den.13317,DIGESTIVE ENDOSCOPY,included,Visão computacional/DL aplicada a endoscopia digestiva alta.,Web of Science/S2,sim
Web of Science,S2,WoS S2 — Lesões e alterações gástricas por IA,WOS:001513796500001,"Artificial Intelligence as a Surrogate for Inspection Time to Assess
Completeness in Esophagogastroduodenoscopy: A Prospective, Randomized,
Noninferiority Study","Tan, Xia; Yao, Liwen; Dong, Zehua; Li, Yanxia; Yu, Yuanjie; Gao, Xin; Zhu, Kai; Su, Wenhao; Yin, Haisen; Wang, Wen; Luo, Chaijie; Li, Jialing; You, Hang; Hu, Huiyan; Zhou, Wei; Yu, Honggang",2025,10.14309/ctg.0000000000000839,CLINICAL AND TRANSLATIONAL GASTROENTEROLOGY,included,Visão computacional/DL aplicada a endoscopia digestiva alta.,Web of Science/S2,sim
Web of Science,S2,WoS S2 — Lesões e alterações gástricas por IA,WOS:001724057500001,"A real-time artificial intelligence-integrated system (DrAid™ Endo)
feasibility in identifying anatomical landmarks and detecting upper
gastrointestinal tract lesions: a randomized controlled trial","Dao, Hang Viet; Nguyen, Hoang Ngoc; Duong, Giap Quy; Tran, Duc Anh; Nguyen, Hoang Viet; Dao, Kien Trung; Tran, Minh Ngoc; Nguyen, Binh Phuc; Nguyen, Tung Thanh; Lam, Hoa Ngoc; Nguyen, Trang Thi Huyen; Hoang, Long Bao; Truong, Steven Quoc Hung; Dao, Long Van",2026,10.21037/jmai-2025-206,JOURNAL OF MEDICAL ARTIFICIAL INTELLIGENCE,included,Visão computacional/DL aplicada a endoscopia digestiva alta.,Web of Science/S2,sim
Web of Science,S2,WoS S2 — Lesões e alterações gástricas por IA,WOS:000678567500005,Updates in artificial intelligence in gastroenterology endoscopy in 2020,"Moore, Matthew; Sharma, Prateek",2021,10.1097/MOG.0000000000000774,CURRENT OPINION IN GASTROENTEROLOGY,included,Visão computacional/DL aplicada a endoscopia digestiva alta (contexto: dataset/benchmark).,Web of Science/S2,sim
Web of Science,S2,WoS S2 — Lesões e alterações gástricas por IA,WOS:000870823300001,"Expected value of artificial intelligence in gastrointestinal endoscopy:
European Society of Gastrointestinal Endoscopy (ESGE) Position Statement","Messmann, Helmut; Bisschops, Raf; Antonelli, Giulio; Libanio, Diogo; Sinonquel, Pieter; Abdelrahim, Mohamed; Ahmad, Omer F.; Areia, Miguel; Bergman, Jacques J. G. H. M.; Bhandari, Pradeep; Boskoski, Ivo; Dekker, Evelien; Domagk, Dirk; Ebigbo, Alanna; Eelbode, Tom; Eliakim, Rami; Haefner, Michael; Haidry, Rehan J.; Jover, Rodrigo; Kaminski, Michal F.; Kuvaev, Roman; Mori, Yuichi; Palazzo, Maxime; Repici, Alessandro; Rondonotti, Emanuele; Rutter, Matthew D.; Saito, Yutaka; Sharma, Prateek; Spada, Cristiano; Spadaccini, Marco; Veitch, Andrew; Gralnek, Ian M.; Hassan, Cesare; Dinis-Ribeiro, Mario",2022,10.1055/a-1950-5694,ENDOSCOPY,included,Visão computacional/DL aplicada a endoscopia digestiva alta.,Web of Science/S2,sim
Web of Science,S2,WoS S2 — Lesões e alterações gástricas por IA,WOS:001382200800001,"Application of artificial intelligence in gastrointestinal endoscopy in
Vietnam: a narrative review","Dao, Hang Viet; Nguyen, Binh Phuc; Nguyen, Tung Thanh; Lam, Hoa Ngoc; Nguyen, Trang Thi Huyen; Dang, Thao Thi; Hoang, Long Bao; Le, Hung Quang; Dao, Long Van",2024,10.1177/26317745241306562,THERAPEUTIC ADVANCES IN GASTROINTESTINAL ENDOSCOPY,included,Visão computacional/DL aplicada a endoscopia digestiva alta.,Web of Science/S2,sim
Web of Science,S2,WoS S2 — Lesões e alterações gástricas por IA,WOS:001750486000001,"Early Detection of Gastric Cancer: Linking Epidemiology,
Pathophysiology, and Innovations in Digestive Endoscopy","La Milia, Marta; Capasso, Mario; Pessarelli, Tommaso; Manfredi, Guido; Amato, Arnaldo",2026,10.3390/diseases14040148,DISEASES,included,Visão computacional/DL aplicada a endoscopia digestiva alta.,PubMed/S3; Web of Science/S2,sim
Web of Science,S2,WoS S2 — Lesões e alterações gástricas por IA,WOS:001519369100001,"Artificial Intelligence in Gastrointestinal Endoscopy: The Japan
Gastroenterological Endoscopy Society Position Statements","Mori, Yuichi; Ishihara, Ryu; Ogata, Haruhiko; Kutsumi, Hiromu; Saito, Yutaka; Sumiyama, Kazuki; Sekiguchi, Masau; Tajiri, Hisao; Fujishiro, Mitsuhiro; Matsuda, Koji; Yano, Tomonori; Aoki, Rika; Ishiyama, Misaki; Imagawa, Atsushi; Omae, Masami; Oda, Yasushi; Kato, Motohiko; Sakamoto, Taku; Sasabe, Maasa; Shiotani, Akiko; Suzuki, Shiho; Tamai, Naoto; Hikichi, Takuto; Hirasawa, Toshiaki; Makiguchi, Mai; Misawa, Masashi; Yabuuchi, Yohei; Yamaguchi, Daisuke; Yamada, Masayoshi; Igarashi, Yoshinori; Tanaka, Shinji",2025,10.1111/den.15075,DIGESTIVE ENDOSCOPY,included,[manual_v1] Position statements da JGES sobre IA em endoscopia gastrointestinal (2025) — referência consensual sobre IA em GI; útil para introdução e discussão ética/metodológica.,Web of Science/S2,sim
Web of Science,S2,WoS S2 — Lesões e alterações gástricas por IA,WOS:001375281200005,"MSNet: a novel network with comprehensive multi-scale feature
integration for gastric cancer and colon polyp segmentation","He, Dongzhi; Li, Chenxi; Ma, Zeyuan; Li, Yunqi",2024,10.1007/s11760-024-03594-3,SIGNAL IMAGE AND VIDEO PROCESSING,included,Visão computacional/DL aplicada a endoscopia digestiva alta (contexto: dataset/benchmark).,Web of Science/S2; Web of Science/S6,sim
Web of Science,S2,WoS S2 — Lesões e alterações gástricas por IA,WOS:001374616100001,"Development of a novel sustainable, portable, fast, and non-invasive
platform based on ATR-FTIR technology coupled with machine learning
algorithms for Helicobacter pylori detection in human
saliva","Honorio-Silva, Ghabriel; Guevara-Vega, Marco; Silva, Nagela Bernadelli Sousa; Garcia-Junior, Marcelo Augusto; Alves, Deborah Cristina Teixeira; Goulart, Luiz Ricardo; Martins, Mario Machado; Oliveira, Andre Luiz; Vitorino, Rui Miguel Pinheiro; Cunha, Thulio Marquez; Martins, Carlos Henrique Gomes; Carneiro, Murillo Guimaraes; Sabino-Silva, Robinson",2024,10.1016/j.talo.2024.100383,TALANTA OPEN,included,Visão computacional/DL aplicada a endoscopia digestiva alta.,Web of Science/S2,sim
Web of Science,S2,WoS S2 — Lesões e alterações gástricas por IA,WOS:001116144600010,"Review on Wireless Capsule Endoscopy System Issues, Challenges, and
Technologies","Farej, Ziyad k.; Sheet, Amer Farhan; Sheet, Noora Mazin",2023,10.15199/48.2023.12.24,PRZEGLAD ELEKTROTECHNICZNY,included,Visão computacional/DL aplicada a endoscopia digestiva alta.,Web of Science/S2,sim
Web of Science,S2,WoS S2 — Lesões e alterações gástricas por IA,WOS:000716417200001,Artificial Intelligence in Endoscopy,"Hann, Alexander; Meining, Alexander",2021,10.1159/000519407,VISCERAL MEDICINE,included,Visão computacional/DL aplicada a endoscopia digestiva alta.,Web of Science/S2,sim
Web of Science,S2,WoS S2 — Lesões e alterações gástricas por IA,WOS:000995369100001,"Machine learning-based automated sponge cytology for screening of
oesophageal squamous cell carcinoma and adenocarcinoma of the
oesophagogastric junction: a nationwide, multicohort, prospective study","Gao, Ye; Xin, Lei; Lin, Han; Yao, Bin; Zhang, Tao; Zhou, Ai -Jun; Huang, Shu; Wang, Jian-Hua; Feng, Ya-Dong; Yao, Sheng-Hua; Guo, Yan; Dang, Tong; Meng, Xian-Mei; Yang, Zeng-Zhou; Jia, Wan-Qi; Pang, Hui -Fang; Tian, Xiao-Juan; Deng, Bin; Wang, Jun -Ping; Fan, Wen-Chuan; Wang, Jun; Shi, Li -Hong; Yang, Guan-Yu; Sun, Chang; Wang, Wei; Zang, Jun-Cai; Li, Song -Yang; Shi, Rui-Hua; Li, Zhao-Shen; Wang, Luo-Wei",2023,10.1016/S2468-1253(23)00004-3,LANCET GASTROENTEROLOGY & HEPATOLOGY,included,Visão computacional/DL aplicada a endoscopia digestiva alta.,PubMed/S3; Web of Science/S2,sim
Web of Science,S2,WoS S2 — Lesões e alterações gástricas por IA,WOS:001645439400001,"Artificial intelligence in gastrointestinal endoscopy: current evidence
and future directions","Jamil, Mehwish; Li, Qian",2025,10.1177/26317745251398945,THERAPEUTIC ADVANCES IN GASTROINTESTINAL ENDOSCOPY,included,Visão computacional/DL aplicada a endoscopia digestiva alta (contexto: dataset/benchmark).,Web of Science/S2,sim
Web of Science,S2,WoS S2 — Lesões e alterações gástricas por IA,WOS:001344855400001,"Gastric neoplasm detection of computer-aided detection-assisted
esophagogastroduodenoscopy changes with implement scenarios: a
real-world study","Huang, Li; Xu, Ming; Li, Yanxia; Dong, Zehua; Lin, Jiejun; Wang, Wen; Wu, Lianlian; Yu, Honggang",2024,10.1111/jgh.16784,JOURNAL OF GASTROENTEROLOGY AND HEPATOLOGY,included,Visão computacional/DL aplicada a endoscopia digestiva alta.,Web of Science/S2,sim
Web of Science,S2,WoS S2 — Lesões e alterações gástricas por IA,WOS:001515321200001,"Dredge Sediment as an Opportunity: A Comprehensive and Updated Review of
Beneficial Uses in Marine, River, and Lagoon Eco-Systems","Fratini, Chiara; Anselmi, Serena; Renzi, Monia",2025,10.3390/environments12060200,ENVIRONMENTS,included,DL/CV aplicado a achados do trato GI alto — presume-se imagens endoscópicas/histopatológicas.,Web of Science/S2,sim
Web of Science,S2,WoS S2 — Lesões e alterações gástricas por IA,WOS:001553235000001,"Toward autonomous robotic gastroscopy with a novel interventional
keypoint and polyp detection system","Liu, Yuying; Feng, Guang; He, Qi; Chen, Xin; Li, Jinhua; Wang, Bangmao; Zuo, Siyang",2025,10.1016/j.cmpb.2025.109013,COMPUTER METHODS AND PROGRAMS IN BIOMEDICINE,included,Visão computacional/DL aplicada a endoscopia digestiva alta (contexto: dataset/benchmark).,Web of Science/S2; Web of Science/S6,sim
Web of Science,S2,WoS S2 — Lesões e alterações gástricas por IA,WOS:001461214900042,"Effectiveness of an intelligent endoscopic assistant device for
detecting gastric neoplasms and its application conditions: a
multi-center, randomized, controlled trial","Dong, Zehua; Wu, Lianlian; Du, Hongliu; Tao, Xiao; Wang, Junxiao; Zeng, Xiaoquan; Zhu, Yijie; Tan, Shuzhe; Wang, Jiamin; Deng, Mei; Yang, Ting; Yu, Lilei; Yu, Honggang",2025,10.1016/j.lanwpc.2024.101308,LANCET REGIONAL HEALTH-WESTERN PACIFIC,included,[manual_v1] Ensaio randomizado multicêntrico de dispositivo endoscópico inteligente para detecção de neoplasia gástrica (Lancet Regional Health 2025) — referência de topo para validação clínica de IA; incluir mesmo sem abstract.,Web of Science/S2,não
Web of Science,S2,WoS S2 — Lesões e alterações gástricas por IA,WOS:001090344900001,"The adoption of artificial intelligence assisted endoscopy in the Middle
East: challenges and future potential","El-Sayed, Ahmed; Salman, Sara; Alrubaiy, Laith",2023,10.21037/tgh-23-37,TRANSLATIONAL GASTROENTEROLOGY AND HEPATOLOGY,included,Visão computacional/DL aplicada a endoscopia digestiva alta.,Web of Science/S2,sim
Web of Science,S2,WoS S2 — Lesões e alterações gástricas por IA,WOS:000584058700001,Capsule endoscopy - Recent developments and future directions,"Chetcuti Zammit, Stefania; Sidhu, Reena",2021,10.1080/17474124.2021.1840351,EXPERT REVIEW OF GASTROENTEROLOGY & HEPATOLOGY,included,Visão computacional/DL aplicada a endoscopia digestiva alta.,Web of Science/S2,sim
Web of Science,S2,WoS S2 — Lesões e alterações gástricas por IA,WOS:000772185000081,"Weakly supervised end-to-end artificial intelligence in gastrointestinal
endoscopy","Buendgens, Lukas; Cifci, Didem; Laleh, Narmin Ghaffari; van Treeck, Marko; Koenen, Maria T.; Zimmermann, Henning W.; Herbold, Till; Lux, Thomas Joachim; Hann, Alexander; Trautwein, Christian; Kather, Jakob Nikolas",2022,10.1038/s41598-022-08773-1,SCIENTIFIC REPORTS,included,Visão computacional/DL aplicada a endoscopia digestiva alta (contexto: dataset/benchmark).,Web of Science/S2,sim
Web of Science,S2,WoS S2 — Lesões e alterações gástricas por IA,WOS:001645872100001,Risks and benefits of artificial intelligence in luminal endoscopy,"Hann, Alexander; Vasapolli, Riccardo",2026,10.1007/s00108-025-02045-6,INNERE MEDIZIN,included,Visão computacional/DL aplicada a endoscopia digestiva alta.,Web of Science/S2,sim
Web of Science,S2,WoS S2 — Lesões e alterações gástricas por IA,WOS:000830983200014,"Quantification of TFF3 expression from a non-endoscopic device predicts
clinically relevant Barrett's oesophagus by machine learning","Berman, Adam G.; Tan, W. Keith; O'Donovan, Maria; Markowetz, Florian; Fitzgerald, Rebecca C.",2022,10.1016/j.ebiom.2022.104160,EBIOMEDICINE,included,Visão computacional/DL aplicada a endoscopia digestiva alta (contexto: dataset/benchmark).,Web of Science/S2,sim
Web of Science,S2,WoS S2 — Lesões e alterações gástricas por IA,WOS:001369957500001,"Elucidating epigenetic landscape of gastric premalignant lesions through
genome-wide mapping of 5-hydroxymethylcytosines: A 12-year median
follow-up study","Luo, Zhongguang; Li, Wenshuai; Zheng, Wanwei; Shi, Yixiang; Ye, Maolin; Guo, Xiangyu; Fu, Kaiyi; Yan, Changsheng; Wang, Bowen; Lv, Bin; Mo, Shaocong; Zhang, Hongyang; Zhang, Jun; He, Chuan; Luo, Feifei; Zhang, Wei; Liu, Jie",2024,10.1002/ctm2.70114,CLINICAL AND TRANSLATIONAL MEDICINE,included,Visão computacional/DL aplicada a endoscopia digestiva alta.,Web of Science/S2,sim
Web of Science,S2,WoS S2 — Lesões e alterações gástricas por IA,WOS:001003985900002,"Paediatric gastrointestinal endoscopy in the Asian-Pacific region:
Recent advances in diagnostic and therapeutic techniques","Huang, James Guoxian; Tanpowpong, Pornthep",2023,10.3748/wjg.v29.i18.2717,WORLD JOURNAL OF GASTROENTEROLOGY,included,DL/CV em endoscopia com achado do trato GI alto.,Web of Science/S2,sim
Web of Science,S2,WoS S2 — Lesões e alterações gástricas por IA,WOS:001534581800003,"Pathologic complete response after neoadjuvant therapy for resectable
esophageal squamous cell carcinoma: Endoscopic characteristics and
implications","Yuan, Peng; Liu, Zongchao; Dai, Liang; Yan, Yan; Wu, Yaya; Chen, Keneng; Li, Wenqing; Wu, Qi",2025,10.1055/a-2625-5884,ENDOSCOPY INTERNATIONAL OPEN,included,DL/CV em endoscopia com achado do trato GI alto.,Web of Science/S2,sim
Web of Science,S3,WoS S3 — Pólipos gástricos em endoscopia com IA,WOS:000464743900095,"Automated detection of fundic gland polyps from endoscopic images using
SSD","Shichi, Nagito; Totsuka, Arata; Hasegawa, Junichi; Shibata, Tomoyuki",2019,10.1117/12.2521431,INTERNATIONAL WORKSHOP ON ADVANCED IMAGE TECHNOLOGY (IWAIT) 2019,included,DL/CV em endoscopia com achado do trato GI alto.,Web of Science/S3,sim
Web of Science,S3,WoS S3 — Pólipos gástricos em endoscopia com IA,WOS:001037959800001,"Semantic Segmentation of Gastric Polyps in Endoscopic Images Based on
Convolutional Neural Networks and an Integrated Evaluation Approach","Yan, Tao; Qin, Ye Ying; Wong, Pak Kin; Ren, Hao; Wong, Chi Hong; Yao, Liang; Hu, Ying; Chan, I, Cheok; Gao, Shan; Chan, Pui Pun",2023,10.3390/bioengineering10070806,BIOENGINEERING-BASEL,included,DL/CV em endoscopia com achado do trato GI alto.,Web of Science/S3,sim
Web of Science,S3,WoS S3 — Pólipos gástricos em endoscopia com IA,WOS:000589899800025,"Automated detection of fundic gland polyps and hyperplastic polyps from
endoscopic images using SSD","Oshio, Koki; Shichi, Nagito; Hasegawa, Junichi; Shibata, Tomoyuki",2020,10.1117/12.2566318,INTERNATIONAL WORKSHOP ON ADVANCED IMAGING TECHNOLOGY (IWAIT) 2020,included,Visão computacional/DL aplicada a endoscopia digestiva alta.,Web of Science/S3,sim
Web of Science,S3,WoS S3 — Pólipos gástricos em endoscopia com IA,WOS:000589895400008,"Gastric Polyps Detection Based on Endoscopic Video Using Modified Dense
Micro-Block Difference Descriptor","Zhdanova, M.; Voronin, V.; Semenishchev, E.; Balabaeva, O.; Zelensky, A.",2020,10.1117/12.2571398,APPLICATIONS OF MACHINE LEARNING 2020,included,DL/CV em endoscopia com achado do trato GI alto.,Web of Science/S3,sim
Web of Science,S3,WoS S3 — Pólipos gástricos em endoscopia com IA,WOS:000502151600032,"Gastric Lesion Classification Using Deep Learning Based on Fast and
Robust Fuzzy C-Means and Simple Linear Iterative Clustering Superpixel
Algorithms","Kim, Dong-hyun; Cho, HyunChin; Cho, Hyun-chong",2019,10.1007/s42835-019-00259-x,JOURNAL OF ELECTRICAL ENGINEERING & TECHNOLOGY,included,DL/CV em endoscopia com achado do trato GI alto.,Springer Nature Link/S2; Web of Science/S3,sim
Web of Science,S4,WoS S4 — IA em endoscopia com dados brasileiros / latino-americanos,WOS:001347693200001,"Advancements in the use of AI in the diagnosis and management of
inflammatory bowel disease","Braverman-Jaiven, Dalia; Manfredi, Luigi",2024,10.3389/frobt.2024.1453194,FRONTIERS IN ROBOTICS AND AI,included,DL/CV em endoscopia com achado do trato GI alto.,Web of Science/S4; Web of Science/S5,sim
Web of Science,S6,WoS S6 — Datasets de endoscopia gástrica (qualquer origem),WOS:000477744000044,Partially Annotated Gastric Pathological Image Classification,"Cui, Yanping; Wang, Zhangcheng; Yu, Guanzhen; Tian, Xinmei",2018,10.1007/978-3-030-00767-6_44,"ADVANCES IN MULTIMEDIA INFORMATION PROCESSING - PCM 2018, PT II",included,DL/CV aplicado a achados do trato GI alto — presume-se imagens endoscópicas/histopatológicas.,Web of Science/S6,sim
Web of Science,S6,WoS S6 — Datasets de endoscopia gástrica (qualquer origem),WOS:000940433000001,"Neural Network-Enabled Identification of Weak Inspiratory Efforts during
Pressure Support Ventilation Using Ventilator Waveforms","Soundoulounaki, Stella; Sylligardos, Emmanouil; Akoumianaki, Evangelia; Sigalas, Markos; Kondili, Eumorfia; Georgopoulos, Dimitrios; Trahanias, Panos; Vaporidi, Katerina",2023,10.3390/jpm13020347,JOURNAL OF PERSONALIZED MEDICINE,included,DL/CV aplicado a achados do trato GI alto — presume-se imagens endoscópicas/histopatológicas.,Web of Science/S6,sim
Web of Science,S6,WoS S6 — Datasets de endoscopia gástrica (qualquer origem),WOS:001127303100001,"A robust model training strategy using hard negative mining in a weakly
labeled dataset for lymphatic invasion in gastric cancer","Lee, Jonghyun; Ahn, Sangjeong; Kim, Hyun-Soo; An, Jungsuk; Sim, Jongmin",2024,10.1002/cjp2.355,JOURNAL OF PATHOLOGY CLINICAL RESEARCH,included,DL/CV aplicado a achados do trato GI alto — presume-se imagens endoscópicas/histopatológicas.,Web of Science/S6,sim
Web of Science,S6,WoS S6 — Datasets de endoscopia gástrica (qualquer origem),WOS:000659487101031,"Detection of Early Gastric Cancer Based on Single Shot Detector with
Feature Enhancement","Pan, Ongsheng; Zhang, Rong; Wang, Yalei; Feng, Hui",2020,10.1109/BIBM49941.2020.9313339,2020 IEEE INTERNATIONAL CONFERENCE ON BIOINFORMATICS AND BIOMEDICINE,included,"[manual_v1] Detecção de câncer gástrico precoce com SSD + feature enhancement (2020) — trabalho de detecção em endoscopia digestiva alta, relevante para benchmark.",Web of Science/S6,sim
Web of Science,S6,WoS S6 — Datasets de endoscopia gástrica (qualquer origem),WOS:000467060400031,Weakly Supervised Biomedical Image Segmentation by Reiterative Learning,"Liang, Qiaokang; Nan, Yang; Coppola, Gianmarc; Zou, Kunglin; Sun, Wei; Zhang, Dan; Wang, Yaonan; Yu, Guanzhen",2019,10.1109/JBHI.2018.2850040,IEEE JOURNAL OF BIOMEDICAL AND HEALTH INFORMATICS,included,DL/CV aplicado a achados do trato GI alto — presume-se imagens endoscópicas/histopatológicas.,Web of Science/S6,sim
Web of Science,S6,WoS S6 — Datasets de endoscopia gástrica (qualquer origem),WOS:001544077700002,"Towards gastric cancer pathological segmentation: A large-scale
whole-slide images dataset and dual-stream mask guided attention U-net","Zhang, Qinghua; Xiong, Jiani; Wang, Yangqiang; Luo, Tian-jian; Gao, Wei; Lin, Yucai",2026,10.1016/j.bspc.2025.108398,BIOMEDICAL SIGNAL PROCESSING AND CONTROL,included,DL/CV aplicado a achados do trato GI alto — presume-se imagens endoscópicas/histopatológicas.,Web of Science/S6,sim
Web of Science,S6,WoS S6 — Datasets de endoscopia gástrica (qualquer origem),WOS:000548735200048,"Leveraging Other Datasets for Medical Imaging Classification: Evaluation
of Transfer, Multi-task and Semi-supervised Learning","Shang, Hong Y. Y.; Sun, Zhongqian; Yang, Wei; Fu, Xinghui; Zheng, Han; Chang, Jia; Huang, Junzhou",2019,10.1007/978-3-030-32254-0_48,"MEDICAL IMAGE COMPUTING AND COMPUTER ASSISTED INTERVENTION - MICCAI
2019, PT V",included,DL/CV em endoscopia com achado do trato GI alto.,Web of Science/S6,sim
Web of Science,S6,WoS S6 — Datasets de endoscopia gástrica (qualquer origem),WOS:001442180300004,"A comprehensive dataset of magnetic resonance enterography images with
intestinal segment annotations","Zhong, Zhangnan; Huang, Li; Feng, Shi-Ting; Lin, Haiwei; Wang, Xinyue; Lu, Baolan; Cao, Kangyang; Li, Xuehua; Huang, Bingsheng",2025,10.1038/s41597-025-04760-z,SCIENTIFIC DATA,included,DL/CV aplicado a achados do trato GI alto — presume-se imagens endoscópicas/histopatológicas.,Web of Science/S6,sim
Web of Science,S6,WoS S6 — Datasets de endoscopia gástrica (qualquer origem),WOS:001502493100021,"TransMatch: Employing Bridging Strategy to Overcome Large Deformation
for Feature Matching in Gastroscopy Scenario","Zhu, Guosong; Qin, Zhen; Yu, Linfang; Ding, Yi; Qin, Zhiguang",2025,10.1109/TMI.2025.3541433,IEEE TRANSACTIONS ON MEDICAL IMAGING,included,Visão computacional/DL aplicada a endoscopia digestiva alta (contexto: dataset/benchmark).,Web of Science/S6,sim
PubMed,S2,PubMed S2 — DL/CNN específico em endoscopia alta,pmid_36754065,Deep learning-based clinical decision support system for gastric neoplasms in real-time endoscopy: development and validation study,"Gong EJ, Bang CS, Lee JJ, Baik GH, Lim H, Jeong JH, Choi SW, Cho J, Kim DY, Lee KB, Shin SI, Sigmund D, Moon BI, Park SC, Lee SH, Bang KB, Son DS.",2023,10.1055/a-2031-0691,Endoscopy,included,DL/CV em endoscopia com achado do trato GI alto.,PubMed/S2; PubMed/S3,sim
PubMed,S2,PubMed S2 — DL/CNN específico em endoscopia alta,pmid_38000874,A deep learning system for detection of early Barrett's neoplasia: a model development and validation study,"Fockens KN, Jong MR, Jukema JB, Boers TGW, Kusters CHJ, van der Putten JA, Pouw RE, Duits LC, Montazeri NSM, van Munster SN, Weusten BLAM, Alvarez Herrero L, Houben MHMG, Nagengast WB, Westerhof J, Alkhalaf A, Mallant-Hent RC, Scholten P, Ragunath K, Seewald S, Elbe P, Baldaque-Silva F, Barret M, Ortiz Fernández-Sordo J, Villarejo GM, Pech O, Beyna T, van der Sommen F, de With PH, de Groof AJ, Bergman JJ; Barrett's Oesophagus Imaging for Artificial Intelligence (BONS-AI) consortium.",2023,10.1016/S2589-7500(23)00199-1,Lancet Digit Health,included,DL/CV em endoscopia com achado do trato GI alto.,PubMed/S2; PubMed/S3,sim
PubMed,S2,PubMed S2 — DL/CNN específico em endoscopia alta,pmid_40020636,A multimodal deep learning model for detecting endoscopic images of near-infrared fluorescence capsules,"Wang J, Zhou C, Wang W, Zhang H, Zhang A, Cui D.",2025,10.1016/j.bios.2025.117251,Biosens Bioelectron,included,DL/CV em endoscopia com achado do trato GI alto.,PubMed/S2; PubMed/S3,sim
PubMed,S2,PubMed S2 — DL/CNN específico em endoscopia alta,pmid_37818651,Deep learning to predict esophageal variceal bleeding based on endoscopic images,"Hong Y, Yu Q, Mo F, Yin M, Xu C, Zhu S, Lin J, Xu G, Gao J, Liu L, Wang Y.",2023,10.1177/03000605231200371,J Int Med Res,included,DL/CV em endoscopia com achado do trato GI alto.,PubMed/S2,sim
PubMed,S2,PubMed S2 — DL/CNN específico em endoscopia alta,pmid_39464781,Review of Deep Learning Performance in Wireless Capsule Endoscopy Images for GI Disease Classification,"Habe TT, Haataja K, Toivanen P.",2024,10.12688/f1000research.145950.2,F1000Res,included,"Endoscopia com contribuição metodológica relevante (multilabel, desbalanceamento, explicabilidade ou artefatos).",PubMed/S2,sim
PubMed,S2,PubMed S2 — DL/CNN específico em endoscopia alta,pmid_37673575,Self-supervised out-of-distribution detection in wireless capsule endoscopy images,"Quindós A, Laiz P, Vitrià J, Seguí S.",2023,10.1016/j.artmed.2023.102606,Artif Intell Med,included,"Sinais ambíguos no abstract, mas recuperado por string forte (Pub-Med/S2) com filtro endoscopia alta + IA — confiável.",PubMed/S2,sim
PubMed,S2,PubMed S2 — DL/CNN específico em endoscopia alta,pmid_33493998,Deep transfer learning approaches for bleeding detection in endoscopy images,"Caroppo A, Leone A, Siciliano P.",2021,10.1016/j.compmedimag.2020.101852,Comput Med Imaging Graph,included,"Sinais ambíguos no abstract, mas recuperado por string forte (Pub-Med/S2) com filtro endoscopia alta + IA — confiável.",PubMed/S2,sim
PubMed,S2,PubMed S2 — DL/CNN específico em endoscopia alta,pmid_30719560,Spotting malignancies from gastric endoscopic images using deep learning,"Lee JH, Kim YJ, Kim YW, Park S, Choi YI, Kim YJ, Park DK, Kim KG, Chung JW.",2019,10.1007/s00464-019-06677-2,Surg Endosc,included,Visão computacional/DL aplicada a endoscopia digestiva alta (contexto: dataset/benchmark).,PubMed/S2; PubMed/S3; Springer Nature Link/S1; Springer Nature Link/S2,sim
PubMed,S2,PubMed S2 — DL/CNN específico em endoscopia alta,pmid_36907035,Transformer-based multi-task learning for classification and segmentation of gastrointestinal tract endoscopic images,"Tang S, Yu X, Cheang CF, Liang Y, Zhao P, Yu HH, Choi IC.",2023,10.1016/j.compbiomed.2023.106723,Comput Biol Med,included,DL/CV em endoscopia com achado do trato GI alto.,PubMed/S2; ScienceDirect/S1; ScienceDirect/S2,sim
PubMed,S2,PubMed S2 — DL/CNN específico em endoscopia alta,pmid_30596566,Reliable Label-Efficient Learning for Biomedical Image Recognition,"Gu Y, Shen M, Yang J, Yang GZ.",2019,10.1109/TBME.2018.2889915,IEEE Trans Biomed Eng,included,DL/CV em endoscopia com achado do trato GI alto.,PubMed/S2,sim
PubMed,S2,PubMed S2 — DL/CNN específico em endoscopia alta,pmid_33132647,Artificial intelligence technique in detection of early esophageal cancer,"Huang LM, Yang WJ, Huang ZY, Tang CW, Li J.",2020,10.3748/wjg.v26.i39.5959,World J Gastroenterol,included,DL/CV em endoscopia com achado do trato GI alto.,PubMed/S2; PubMed/S3,sim
PubMed,S2,PubMed S2 — DL/CNN específico em endoscopia alta,pmid_37066932,Evaluation of deep learning methods for early gastric cancer detection using gastroscopic images,"Su X, Liu Q, Gao X, Ma L.",2023,10.3233/THC-236027,Technol Health Care,included,Visão computacional/DL aplicada a endoscopia digestiva alta.,PubMed/S2; Scopus/S1; Web of Science/S1,sim
PubMed,S2,PubMed S2 — DL/CNN específico em endoscopia alta,pmid_38574544,Robustness evaluation of deep neural networks for endoscopic image analysis: Insights and strategies,"Jaspers TJM, Boers TGW, Kusters CHJ, Jong MR, Jukema JB, de Groof AJ, Bergman JJ, de With PHN, van der Sommen F.",2024,10.1016/j.media.2024.103157,Med Image Anal,included,"Sinais ambíguos no abstract, mas recuperado por string forte (Pub-Med/S2) com filtro endoscopia alta + IA — confiável.",PubMed/S2; ScienceDirect/S8,sim
PubMed,S2,PubMed S2 — DL/CNN específico em endoscopia alta,pmid_35177717,Artificial intelligence enabled automated diagnosis and grading of ulcerative colitis endoscopy images,"Sutton RT, Zai Ane OR, Goebel R, Baumgart DC.",2022,10.1038/s41598-022-06726-2,Sci Rep,included,DL/CV em endoscopia com achado do trato GI alto.,PubMed/S2,sim
PubMed,S2,PubMed S2 — DL/CNN específico em endoscopia alta,pmid_28160514,Deep learning for polyp recognition in wireless capsule endoscopy images,"Yuan Y, Meng MQ.",2017,10.1002/mp.12147,Med Phys,included,"Sinais ambíguos no abstract, mas recuperado por string forte (Pub-Med/S2) com filtro endoscopia alta + IA — confiável.",PubMed/S2,sim
PubMed,S2,PubMed S2 — DL/CNN específico em endoscopia alta,pmid_38457410,A Deep Learning Application of Capsule Endoscopic Gastric Structure Recognition Based on a Transformer Model,"Li Q, Xie W, Wang Y, Qin K, Huang M, Liu T, Chen Z, Chen L, Teng L, Fang Y, Ye L, Chen Z, Zhang J, Li A, Yang W, Liu S.",2024,10.1097/MCG.0000000000001972,J Clin Gastroenterol,included,DL/CV em endoscopia com achado do trato GI alto.,PubMed/S2; PubMed/S3,sim
PubMed,S2,PubMed S2 — DL/CNN específico em endoscopia alta,pmid_34598534,Multiple abnormality classification in wireless capsule endoscopy images based on EfficientNet using attention mechanism,"Guo X, Zhang L, Hao Y, Zhang L, Liu Z, Liu J.",2021,10.1063/5.0054161,Rev Sci Instrum,included,"Sinais ambíguos no abstract, mas recuperado por string forte (Pub-Med/S2) com filtro endoscopia alta + IA — confiável.",PubMed/S2,sim
PubMed,S2,PubMed S2 — DL/CNN específico em endoscopia alta,pmid_33130417,WCE polyp detection with triplet based embeddings,"Laiz P, Vitrià J, Wenzek H, Malagelada C, Azpiroz F, Seguí S.",2020,10.1016/j.compmedimag.2020.101794,Comput Med Imaging Graph,included,DL/CV em endoscopia com achado do trato GI alto.,PubMed/S2,sim
PubMed,S2,PubMed S2 — DL/CNN específico em endoscopia alta,pmid_29470172,Hookworm Detection in Wireless Capsule Endoscopy Images With Deep Learning,"He JY, Wu X, Jiang YG, Peng Q, Jain R.",2018,10.1109/TIP.2018.2801119,IEEE Trans Image Process,included,"Sinais ambíguos no abstract, mas recuperado por string forte (Pub-Med/S2) com filtro endoscopia alta + IA — confiável.",PubMed/S2,sim
PubMed,S2,PubMed S2 — DL/CNN específico em endoscopia alta,pmid_39483096,GastroFuse-Net: an ensemble deep learning framework designed for gastrointestinal abnormality detection in endoscopic images,"Aggarwal S, Gupta I, Kumar A, Kautish S, Almazyad AS, Mohamed AW, Werner F, Shokouhifar M.",2024,10.3934/mbe.2024300,Math Biosci Eng,included,DL/CV em endoscopia com achado do trato GI alto.,PubMed/S2,sim
PubMed,S2,PubMed S2 — DL/CNN específico em endoscopia alta,pmid_38400815,Computer-aided diagnosis in real-time endoscopy for all stages of gastric carcinogenesis: Development and validation study,"Gong EJ, Bang CS, Lee JJ.",2024,10.1002/ueg2.12551,United European Gastroenterol J,included,DL/CV em endoscopia com achado do trato GI alto.,PubMed/S2; PubMed/S3; Web of Science/S1; Web of Science/S2,sim
PubMed,S2,PubMed S2 — DL/CNN específico em endoscopia alta,pmid_39691834,Artificial Intelligence-Based Classification of Anatomical Sites in Esophagogastroduodenoscopy Images,"Yuan P, Ma ZH, Yan Y, Li SJ, Wang J, Wu Q.",2024,10.2147/IJGM.S481127,Int J Gen Med,included,Visão computacional/DL aplicada a endoscopia digestiva alta.,PubMed/S2; Web of Science/S1,sim
PubMed,S2,PubMed S2 — DL/CNN específico em endoscopia alta,pmid_34455302,A deep CNN model for anomaly detection and localization in wireless capsule endoscopy images,"Jain S, Seal A, Ojha A, Yazidi A, Bures J, Tacheci I, Krejcar O.",2021,10.1016/j.compbiomed.2021.104789,Comput Biol Med,included,DL/CV em endoscopia com achado do trato GI alto.,PubMed/S2,sim
PubMed,S2,PubMed S2 — DL/CNN específico em endoscopia alta,pmid_34545292,Gastrointestinal Tract Disease Classification from Wireless Endoscopy Images Using Pretrained Deep Learning Model,"Yogapriya J, Chandran V, Sumithra MG, Anitha P, Jenopaul P, Suresh Gnana Dhas C.",2021,10.1155/2021/5940433,Comput Math Methods Med,included,DL/CV em endoscopia com achado do trato GI alto.,PubMed/S2,sim
PubMed,S2,PubMed S2 — DL/CNN específico em endoscopia alta,pmid_37949083,Using deep learning to assess the function of gastroesophageal flap valve according to the Hill classification system,"Ge Z, Fang Y, Chang J, Yu Z, Qiao Y, Zhang J, Yang X, Duan Z.",2023,10.1080/07853890.2023.2279239,Ann Med,included,DL/CV em endoscopia com achado do trato GI alto.,PubMed/S2; PubMed/S5,sim
PubMed,S2,PubMed S2 — DL/CNN específico em endoscopia alta,pmid_36244302,Deep convolutional neural networks with ensemble learning and transfer learning for automated detection of gastrointestinal diseases,"Su Q, Wang F, Chen D, Chen G, Li C, Wei L.",2022,10.1016/j.compbiomed.2022.106054,Comput Biol Med,included,DL/CV em endoscopia com achado do trato GI alto.,PubMed/S2,sim
PubMed,S2,PubMed S2 — DL/CNN específico em endoscopia alta,pmid_36405108,Enhanced segmentation of gastrointestinal polyps from capsule endoscopy images with artifacts using ensemble learning,"Zhou JX, Yang Z, Xi DH, Dai SJ, Feng ZQ, Li JY, Xu W, Wang H.",2022,10.3748/wjg.v28.i41.5931,World J Gastroenterol,included,DL/CV em endoscopia com achado do trato GI alto.,PubMed/S2,sim
PubMed,S2,PubMed S2 — DL/CNN específico em endoscopia alta,pmid_35038118,Automated detection of ulcers and erosions in capsule endoscopy images using a convolutional neural network,"Afonso J, Saraiva MM, Ferreira JPS, Cardoso H, Ribeiro T, Andrade P, Parente M, Jorge RN, Macedo G.",2022,10.1007/s11517-021-02486-9,Med Biol Eng Comput,included,DL/CV em endoscopia com achado do trato GI alto.,PubMed/S2; PubMed/S3,sim
PubMed,S2,PubMed S2 — DL/CNN específico em endoscopia alta,pmid_38065509,Deep learning-based lesion detection and severity grading of small-bowel Crohn's disease ulcers on double-balloon endoscopy images,"Xie W, Hu J, Liang P, Mei Q, Wang A, Liu Q, Liu X, Wu J, Yang X, Zhu N, Bai B, Mei Y, Liang Z, Han W, Cheng M.",2024,10.1016/j.gie.2023.11.059,Gastrointest Endosc,included,DL/CV em endoscopia com achado do trato GI alto.,PubMed/S2; PubMed/S3,sim
PubMed,S2,PubMed S2 — DL/CNN específico em endoscopia alta,pmid_29399610,Deep learning analyzes Helicobacter pylori infection by upper gastrointestinal endoscopy images,"Itoh T, Kawahira H, Nakashima H, Yata N.",2018,10.1055/s-0043-120830,Endosc Int Open,included,Visão computacional/DL aplicada a endoscopia digestiva alta.,PubMed/S2; Web of Science/S1,sim
PubMed,S2,PubMed S2 — DL/CNN específico em endoscopia alta,pmid_30871162,Application of Convolutional Neural Networks for Automated Ulcer Detection in Wireless Capsule Endoscopy Images,"Alaskar H, Hussain A, Al-Aseem N, Liatsis P, Al-Jumeily D.",2019,10.3390/s19061265,Sensors (Basel),included,DL/CV em endoscopia com achado do trato GI alto.,PubMed/S2; PubMed/S3,sim
PubMed,S2,PubMed S2 — DL/CNN específico em endoscopia alta,pmid_35718070,Identification of upper GI diseases during screening gastroscopy using a deep convolutional neural network algorithm,"Yang H, Wu Y, Yang B, Wu M, Zhou J, Liu Q, Lin Y, Li S, Li X, Zhang J, Wang R, Xie Q, Li J, Luo Y, Tu M, Wang X, Lan H, Bai X, Wu H, Zeng F, Zhao H, Yi Z, Zeng F.",2022,10.1016/j.gie.2022.06.011,Gastrointest Endosc,included,Visão computacional/DL aplicada a endoscopia digestiva alta (contexto: dataset/benchmark).,PubMed/S2; ScienceDirect/S1; ScienceDirect/S2; ScienceDirect/S3; ScienceDirect/S4; Scopus/S1; Web of Science/S1,sim
PubMed,S2,PubMed S2 — DL/CNN específico em endoscopia alta,pmid_34777559,Single Shot Multibox Detector Automatic Polyp Detection Network Based on Gastrointestinal Endoscopic Images,"Chen X, Zhang K, Lin S, Dai KF, Yun Y.",2021,10.1155/2021/2144472,Comput Math Methods Med,included,DL/CV em endoscopia com achado do trato GI alto.,PubMed/S2,sim
PubMed,S2,PubMed S2 — DL/CNN específico em endoscopia alta,pmid_31786452,Celiac disease diagnosis from videocapsule endoscopy images with residual learning and deep feature extraction,"Wang X, Qian H, Ciaccio EJ, Lewis SK, Bhagat G, Green PH, Xu S, Huang L, Gao R, Liu Y.",2020,10.1016/j.cmpb.2019.105236,Comput Methods Programs Biomed,included,DL/CV em endoscopia com achado do trato GI alto.,PubMed/S2; ScienceDirect/S3; ScienceDirect/S4,sim
PubMed,S2,PubMed S2 — DL/CNN específico em endoscopia alta,pmid_37837264,Vocal cord leukoplakia classification using deep learning models in white light and narrow band imaging endoscopy images,"You Z, Han B, Shi Z, Zhao M, Du S, Yan J, Liu H, Hei X, Ren X, Yan Y.",2023,10.1002/hed.27543,Head Neck,included,"Sinais ambíguos no abstract, mas recuperado por string forte (Pub-Med/S2) com filtro endoscopia alta + IA — confiável.",PubMed/S2,sim
PubMed,S2,PubMed S2 — DL/CNN específico em endoscopia alta,pmid_37543555,Endoscopic Evaluation of Pathological Complete Response Using Deep Neural Network in Esophageal Cancer Patients Who Received Neoadjuvant Chemotherapy-Multicenter Retrospective Study from Four Japanese Esophageal Centers,"Matsuda S, Irino T, Okamura A, Mayanagi S, Booka E, Takeuchi M, Kawakubo H, Takeuchi H, Watanabe M, Kitagawa Y.",2023,10.1245/s10434-023-13862-0,Ann Surg Oncol,included,DL/CV em endoscopia com achado do trato GI alto.,PubMed/S2; Springer Nature Link/S1,sim
PubMed,S2,PubMed S2 — DL/CNN específico em endoscopia alta,pmid_41336747,On the impact of input resolution on CNN-based gastrointestinal endoscopic image classification(),"Lopes I, Almeida E, Libanio D, Dinis-Ribeiro M, Coimbra M, Renna F.",2025,10.1109/EMBC58623.2025.11254367,Annu Int Conf IEEE Eng Med Biol Soc,included,DL/CV em endoscopia com achado do trato GI alto.,PubMed/S2,sim
PubMed,S2,PubMed S2 — DL/CNN específico em endoscopia alta,pmid_41380180,Interpretable deep learning for enhanced multi-class classification of gastrointestinal endoscopic images,"Kamble A, Parashar K, Ronnie E, Bandodkar V, Dharmadhikary S, Anand V, Kumar Sanki P, Wu MX, Jana B.",2026,10.1088/2057-1976/ae2b72,Biomed Phys Eng Express,included,DL/CV em endoscopia com achado do trato GI alto.,PubMed/S2,sim
PubMed,S2,PubMed S2 — DL/CNN específico em endoscopia alta,pmid_30033931,Computer-aided detection of small intestinal ulcer and erosion in wireless capsule endoscopy images,"Fan S, Xu L, Fan Y, Wei K, Li L.",2018,10.1088/1361-6560/aad51c,Phys Med Biol,included,DL/CV em endoscopia com achado do trato GI alto.,PubMed/S2; PubMed/S3,sim
PubMed,S2,PubMed S2 — DL/CNN específico em endoscopia alta,pmid_28268409,A deep convolutional neural network for bleeding detection in Wireless Capsule Endoscopy images,"Xiao Jia, Meng MQ.",2016,10.1109/EMBC.2016.7590783,Annu Int Conf IEEE Eng Med Biol Soc,included,DL/CV em endoscopia com achado do trato GI alto.,PubMed/S2,sim
PubMed,S2,PubMed S2 — DL/CNN específico em endoscopia alta,pmid_40411689,Deep ensemble framework with Bayesian optimization for multi-lesion recognition in capsule endoscopy images,"Guo X, Pang L, Chen P, Jiang Q, Zhong Y.",2025,10.1007/s11517-025-03380-4,Med Biol Eng Comput,included,DL/CV em endoscopia com achado do trato GI alto.,PubMed/S2; PubMed/S3,sim
PubMed,S2,PubMed S2 — DL/CNN específico em endoscopia alta,pmid_33216853,Automated Detection of Crohn's Disease Intestinal Strictures on Capsule Endoscopy Images Using Deep Neural Networks,"Klang E, Grinman A, Soffer S, Margalit Yehuda R, Barzilay O, Amitai MM, Konen E, Ben-Horin S, Eliakim R, Barash Y, Kopylov U.",2021,10.1093/ecco-jcc/jjaa234,J Crohns Colitis,included,DL/CV em endoscopia com achado do trato GI alto.,PubMed/S2; PubMed/S3,sim
PubMed,S2,PubMed S2 — DL/CNN específico em endoscopia alta,pmid_39753827,Combining the Variational and Deep Learning Techniques for Classification of Video Capsule Endoscopic Images,"Singh B, Kumar P, Jain SK.",2025,10.1007/s10278-024-01352-y,J Imaging Inform Med,included,DL/CV em endoscopia com achado do trato GI alto.,PubMed/S2,sim
PubMed,S2,PubMed S2 — DL/CNN específico em endoscopia alta,pmid_37902818,Clinical Decision Support System for All Stages of Gastric Carcinogenesis in Real-Time Endoscopy: Model Establishment and Validation Study,"Gong EJ, Bang CS, Lee JJ, Jeong HM, Baik GH, Jeong JH, Dick S, Lee GH.",2023,10.2196/50448,J Med Internet Res,included,DL/CV em endoscopia com achado do trato GI alto.,PubMed/S2; PubMed/S3,sim
PubMed,S2,PubMed S2 — DL/CNN específico em endoscopia alta,pmid_32721487,High pooled performance of convolutional neural networks in computer-aided diagnosis of GI ulcers and/or hemorrhage on wireless capsule endoscopy images: a systematic review and meta-analysis,"Mohan BP, Khan SR, Kassab LL, Ponnada S, Chandan S, Ali T, Dulai PS, Adler DG, Kochhar GS.",2021,10.1016/j.gie.2020.07.038,Gastrointest Endosc,included,DL/CV em endoscopia com achado do trato GI alto.,PubMed/S2; PubMed/S3,sim
PubMed,S2,PubMed S2 — DL/CNN específico em endoscopia alta,pmid_36641124,Development and validation of a convolutional neural network model for diagnosing Helicobacter pylori infections with endoscopic images: a multicenter study,"Seo JY, Hong H, Ryu WS, Kim D, Chun J, Kwak MS.",2023,10.1016/j.gie.2023.01.007,Gastrointest Endosc,included,DL/CV em endoscopia com achado do trato GI alto.,PubMed/S2; ScienceDirect/S3; ScienceDirect/S4,sim
PubMed,S2,PubMed S2 — DL/CNN específico em endoscopia alta,pmid_29060286,Exploring transfer learning for gastrointestinal bleeding detection on small-size imbalanced endoscopy images,"Xiuli Li, Hao Zhang, Xiaolu Zhang, Hao Liu, Guotong Xie.",2017,10.1109/EMBC.2017.8037242,Annu Int Conf IEEE Eng Med Biol Soc,included,DL/CV em endoscopia com achado do trato GI alto.,PubMed/S2,sim
PubMed,S2,PubMed S2 — DL/CNN específico em endoscopia alta,pmid_38184117,"Efficacy of artificial intelligence in reducing miss rates of GI adenomas, polyps, and sessile serrated lesions: a meta-analysis of randomized controlled trials","Jin XF, Ma HY, Shi JW, Cai JT.",2024,10.1016/j.gie.2024.01.004,Gastrointest Endosc,included,DL/CV em endoscopia com achado do trato GI alto.,PubMed/S2; PubMed/S3,sim
PubMed,S2,PubMed S2 — DL/CNN específico em endoscopia alta,pmid_41315149,SIG-CFFNet: Structural Information-Guided Cascaded Feature Fusion Network for Gastrointestinal Anatomy Classification,"Tan X, Gong X, Fan L, Luo T.",2026,10.1007/s10439-025-03920-x,Ann Biomed Eng,included,DL/CV em endoscopia com achado do trato GI alto.,PubMed/S2,sim
PubMed,S2,PubMed S2 — DL/CNN específico em endoscopia alta,pmid_31392767,Artificial intelligence using a convolutional neural network for automatic detection of small-bowel angioectasia in capsule endoscopy images,"Tsuboi A, Oka S, Aoyama K, Saito H, Aoki T, Yamada A, Matsuda T, Fujishiro M, Ishihara S, Nakahori M, Koike K, Tanaka S, Tada T.",2020,10.1111/den.13507,Dig Endosc,included,DL/CV em endoscopia com achado do trato GI alto.,PubMed/S2,sim
PubMed,S2,PubMed S2 — DL/CNN específico em endoscopia alta,pmid_29060567,Gastrointestinal bleeding detection in wireless capsule endoscopy images using handcrafted and CNN features,"Xiao Jia, Meng MQ.",2017,10.1109/EMBC.2017.8037526,Annu Int Conf IEEE Eng Med Biol Soc,included,DL/CV em endoscopia com achado do trato GI alto.,PubMed/S2,sim
PubMed,S2,PubMed S2 — DL/CNN específico em endoscopia alta,pmid_31758717,Automatic detection of blood content in capsule endoscopy images based on a deep convolutional neural network,"Aoki T, Yamada A, Kato Y, Saito H, Tsuboi A, Nakada A, Niikura R, Fujishiro M, Oka S, Ishihara S, Matsuda T, Nakahori M, Tanaka S, Koike K, Tada T.",2020,10.1111/jgh.14941,J Gastroenterol Hepatol,included,DL/CV em endoscopia com achado do trato GI alto.,PubMed/S2,sim
PubMed,S2,PubMed S2 — DL/CNN específico em endoscopia alta,pmid_37696180,Rethinking exemplars for continual semantic segmentation in endoscopy scenes: Entropy-based mini-batch pseudo-replay,"Wang G, Bai L, Wu Y, Chen T, Ren H.",2023,10.1016/j.compbiomed.2023.107412,Comput Biol Med,included,"Sinais ambíguos no abstract, mas recuperado por string forte (Pub-Med/S2) com filtro endoscopia alta + IA — confiável.",PubMed/S2,sim
PubMed,S2,PubMed S2 — DL/CNN específico em endoscopia alta,pmid_41289131,A Dual-Generalization Low-Light Enhancement Framework for Capsule Endoscopy Image Restoration and Segmentation,"Wang S, Liu J, Zhu R, Huang C, Jing M, Fan Y.",2026,10.1109/TMI.2025.3636480,IEEE Trans Med Imaging,included,DL/CV em endoscopia com achado do trato GI alto.,PubMed/S2,sim
PubMed,S2,PubMed S2 — DL/CNN específico em endoscopia alta,pmid_32504696,A computer-assisted algorithm for narrow-band imaging-based tissue characterization in Barrett's esophagus,"Struyvenberg MR, de Groof AJ, van der Putten J, van der Sommen F, Baldaque-Silva F, Omae M, Pouw R, Bisschops R, Vieth M, Schoon EJ, Curvers WL, de With PH, Bergman JJ.",2021,10.1016/j.gie.2020.05.050,Gastrointest Endosc,included,DL/CV em endoscopia com achado do trato GI alto.,PubMed/S2; PubMed/S3,sim
PubMed,S2,PubMed S2 — DL/CNN específico em endoscopia alta,pmid_31759929,Deep-Learning System Detects Neoplasia in Patients With Barrett's Esophagus With Higher Accuracy Than Endoscopists in a Multistep Training and Validation Study With Benchmarking,"de Groof AJ, Struyvenberg MR, van der Putten J, van der Sommen F, Fockens KN, Curvers WL, Zinger S, Pouw RE, Coron E, Baldaque-Silva F, Pech O, Weusten B, Meining A, Neuhaus H, Bisschops R, Dent J, Schoon EJ, de With PH, Bergman JJ.",2020,10.1053/j.gastro.2019.11.030,Gastroenterology,included,DL/CV em endoscopia com achado do trato GI alto.,PubMed/S2; PubMed/S3,sim
PubMed,S2,PubMed S2 — DL/CNN específico em endoscopia alta,pmid_40890219,Gastrointestinal tract disease classification from wireless capsule endoscopy images based on deep learning information fusion and Newton Raphson controlled marine predator algorithm,"Rubab S, Jamshed M, Khan MA, Almujally NA, Damaševičius R, Hussain A, Han N, Nam Y.",2025,10.1038/s41598-025-17204-w,Sci Rep,included,DL/CV em endoscopia com achado do trato GI alto.,PubMed/S2,sim
PubMed,S2,PubMed S2 — DL/CNN específico em endoscopia alta,pmid_41560382,Endoscopic Diagnosis of Eosinophilic Esophagitis Using a Multi-Task U-Net: A Pilot Study,"Kim GH, Park J, Park S, Hwang J, Lim J, Park K, Ji S, Park K, Seo JY, Noh JH, Ahn JY, Byeon JS, Kim DH, Kim N.",2026,10.3349/ymj.2024.0404,Yonsei Med J,included,DL/CV em endoscopia com achado do trato GI alto.,PubMed/S2,sim
PubMed,S2,PubMed S2 — DL/CNN específico em endoscopia alta,pmid_30670179,Automatic detection of erosions and ulcerations in wireless capsule endoscopy images based on a deep convolutional neural network,"Aoki T, Yamada A, Aoyama K, Saito H, Tsuboi A, Nakada A, Niikura R, Fujishiro M, Oka S, Ishihara S, Matsuda T, Tanaka S, Koike K, Tada T.",2019,10.1016/j.gie.2018.10.027,Gastrointest Endosc,included,DL/CV em endoscopia com achado do trato GI alto.,PubMed/S2; PubMed/S3,sim
PubMed,S2,PubMed S2 — DL/CNN específico em endoscopia alta,pmid_31077698,Classification for invasion depth of esophageal squamous cell carcinoma using a deep neural network compared with experienced endoscopists,"Nakagawa K, Ishihara R, Aoyama K, Ohmori M, Nakahira H, Matsuura N, Shichijo S, Nishida T, Yamada T, Yamaguchi S, Ogiyama H, Egawa S, Kishida O, Tada T.",2019,10.1016/j.gie.2019.04.245,Gastrointest Endosc,included,DL/CV em endoscopia com achado do trato GI alto.,PubMed/S2,sim
PubMed,S2,PubMed S2 — DL/CNN específico em endoscopia alta,pmid_32084410,Automatic detection and classification of protruding lesions in wireless capsule endoscopy images based on a deep convolutional neural network,"Saito H, Aoki T, Aoyama K, Kato Y, Tsuboi A, Yamada A, Fujishiro M, Oka S, Ishihara S, Matsuda T, Nakahori M, Tanaka S, Koike K, Tada T.",2020,10.1016/j.gie.2020.01.054,Gastrointest Endosc,included,"Sinais ambíguos no abstract, mas recuperado por string forte (Pub-Med/S2) com filtro endoscopia alta + IA — confiável.",PubMed/S2,sim
PubMed,S2,PubMed S2 — DL/CNN específico em endoscopia alta,pmid_32778959,Real-time assessment of video images for esophageal squamous cell carcinoma invasion depth using artificial intelligence,"Shimamoto Y, Ishihara R, Kato Y, Shoji A, Inoue T, Matsueda K, Miyake M, Waki K, Kono M, Fukuda H, Matsuura N, Nagaike K, Aoi K, Yamamoto K, Inoue T, Nakahara M, Nishihara A, Tada T.",2020,10.1007/s00535-020-01716-5,J Gastroenterol,included,DL/CV em endoscopia com achado do trato GI alto.,PubMed/S2,sim
PubMed,S2,PubMed S2 — DL/CNN específico em endoscopia alta,pmid_33242010,Automated Diagnosis of Various Gastrointestinal Lesions Using a Deep Learning-Based Classification and Retrieval Framework With a Large Endoscopic Database: Model Development and Validation,"Owais M, Arsalan M, Mahmood T, Kang JK, Park KR.",2020,10.2196/18563,J Med Internet Res,included,DL/CV em endoscopia com achado do trato GI alto.,PubMed/S2,sim
PubMed,S2,PubMed S2 — DL/CNN específico em endoscopia alta,pmid_40165262,A novel network-level fused deep learning architecture with shallow neural network classifier for gastrointestinal cancer classification from wireless capsule endoscopy images,"Khan MA, Shafiq U, Hamza A, Mirza AM, Baili J, AlHammadi DA, Cho HC, Chang B.",2025,10.1186/s12911-025-02966-0,BMC Med Inform Decis Mak,included,DL/CV em endoscopia com achado do trato GI alto.,PubMed/S2,sim
PubMed,S2,PubMed S2 — DL/CNN específico em endoscopia alta,pmid_32557474,Automatic detection of different types of small-bowel lesions on capsule endoscopy images using a newly developed deep convolutional neural network,"Otani K, Nakada A, Kurose Y, Niikura R, Yamada A, Aoki T, Nakanishi H, Doyama H, Hasatani K, Sumiyoshi T, Kitsuregawa M, Harada T, Koike K.",2020,10.1055/a-1167-8157,Endoscopy,included,DL/CV em endoscopia com achado do trato GI alto.,PubMed/S2; PubMed/S3,sim
PubMed,S2,PubMed S2 — DL/CNN específico em endoscopia alta,pmid_41620373,Selection of the best artificial intelligence techniques for analysis of gastrointestinal endoscopic images,"You G, Yang Y, Shen Y.",2026,10.1016/j.ajg.2025.09.021,Arab J Gastroenterol,included,DL/CV em endoscopia com achado do trato GI alto.,PubMed/S2; ScienceDirect/S1; ScienceDirect/S2; ScienceDirect/S5; ScienceDirect/S8,sim
PubMed,S2,PubMed S2 — DL/CNN específico em endoscopia alta,pmid_31926965,Deep learning algorithm detection of Barrett's neoplasia with high accuracy during live endoscopic procedures: a pilot study (with video),"de Groof AJ, Struyvenberg MR, Fockens KN, van der Putten J, van der Sommen F, Boers TG, Zinger S, Bisschops R, de With PH, Pouw RE, Curvers WL, Schoon EJ, Bergman JJGHM.",2020,10.1016/j.gie.2019.12.048,Gastrointest Endosc,included,DL/CV em endoscopia com achado do trato GI alto.,PubMed/S2; PubMed/S3,sim
PubMed,S2,PubMed S2 — DL/CNN específico em endoscopia alta,pmid_29935613,Deep learning-based endoscopic image recognition for detection of early gastric cancer: a Chinese perspective,"Wang Z, Meng Q, Wang S, Li Z, Bai Y, Wang D.",2018,10.1016/j.gie.2018.01.029,Gastrointest Endosc,included,"Título/keywords indicam DL/CV em endoscopia digestiva alta ou achado GI, mesmo sem abstract.",PubMed/S2; ScienceDirect/S1; ScienceDirect/S2; Scopus/S1,não
PubMed,S2,PubMed S2 — DL/CNN específico em endoscopia alta,pmid_39943388,Localization of Capsule Endoscope in Alimentary Tract by Computer-Aided Analysis of Endoscopic Images,"Zhang R, Peng B, Liu Y, Liu X, Huang J, Suzuki K, Nakajima Y, Nemoto D, Togashi K, Zhu X.",2025,10.3390/s25030746,Sensors (Basel),included,DL/CV em endoscopia com achado do trato GI alto.,PubMed/S2,sim
PubMed,S2,PubMed S2 — DL/CNN específico em endoscopia alta,pmid_33197942,Endoscopic prediction of submucosal invasion in Barrett's cancer with the use of artificial intelligence: a pilot study,"Ebigbo A, Mendel R, Rückert T, Schuster L, Probst A, Manzeneder J, Prinz F, Mende M, Steinbrück I, Faiss S, Rauber D, de Souza LA Jr, Papa JP, Deprez PH, Oyama T, Takahashi A, Seewald S, Sharma P, Byrne MF, Palm C, Messmann H.",2021,10.1055/a-1311-8570,Endoscopy,included,DL/CV em endoscopia com achado do trato GI alto.,PubMed/S2,sim
PubMed,S2,PubMed S2 — DL/CNN específico em endoscopia alta,pmid_33119718,Artificial intelligence that determines the clinical significance of capsule endoscopy images can increase the efficiency of reading,"Park J, Hwang Y, Nam JH, Oh DJ, Kim KB, Song HJ, Kim SH, Kang SH, Jung MK, Jeong Lim Y.",2020,10.1371/journal.pone.0241474,PLoS One,included,"Sinais ambíguos no abstract, mas recuperado por string forte (Pub-Med/S2) com filtro endoscopia alta + IA — confiável.",PubMed/S2,sim
PubMed,S3,"PubMed S3 — Lesões, anormalidades e pólipos gástricos",pmid_39718517,AGA Clinical Practice Update on Screening and Surveillance in Individuals at Increased Risk for Gastric Cancer in the United States: Expert Review,"Shah SC, Wang AY, Wallace MB, Hwang JH.",2025,10.1053/j.gastro.2024.11.001,Gastroenterology,included,DL/CV em endoscopia com achado do trato GI alto.,PubMed/S3,sim
PubMed,S3,"PubMed S3 — Lesões, anormalidades e pólipos gástricos",pmid_34297944,"Effect of a deep learning-based system on the miss rate of gastric neoplasms during upper gastrointestinal endoscopy: a single-centre, tandem, randomised controlled trial","Wu L, Shang R, Sharma P, Zhou W, Liu J, Yao L, Dong Z, Yuan J, Zeng Z, Yu Y, He C, Xiong Q, Li Y, Deng Y, Cao Z, Huang C, Zhou R, Li H, Hu G, Chen Y, Wang Y, He X, Zhu Y, Yu H.",2021,10.1016/S2468-1253(21)00216-8,Lancet Gastroenterol Hepatol,included,Visão computacional/DL aplicada a endoscopia digestiva alta.,PubMed/S3,sim
PubMed,S3,"PubMed S3 — Lesões, anormalidades e pólipos gástricos",pmid_38851456,A new artificial intelligence system for both stomach and small-bowel capsule endoscopy,"Xie X, Xiao YF, Yang H, Peng X, Li JJ, Zhou YY, Fan CQ, Meng RP, Huang BB, Liao XP, Chen YY, Zhong TT, Lin H, Koulaouzidis A, Yang SM.",2024,10.1016/j.gie.2024.06.004,Gastrointest Endosc,included,Visão computacional/DL aplicada a endoscopia digestiva alta.,PubMed/S3; ScienceDirect/S5,sim
PubMed,S3,"PubMed S3 — Lesões, anormalidades e pólipos gástricos",pmid_41116852,Upper gastrointestinal endoscopy: evolving classification tools,"Rezaeinasab R, Askari M, Khorasani S, Mohammadi M, Sadrazar A, Rajabnia M.",2025,10.22037/ghfbb.v18i3.3166,Gastroenterol Hepatol Bed Bench,included,Visão computacional/DL aplicada a endoscopia digestiva alta.,PubMed/S3,sim
PubMed,S3,"PubMed S3 — Lesões, anormalidades e pólipos gástricos",pmid_33057945,Artificial Intelligence and Its Role in Identifying Esophageal Neoplasia,"Syed T, Doshi A, Guleria S, Syed S, Shah T.",2020,10.1007/s10620-020-06643-2,Dig Dis Sci,included,DL/CV em endoscopia com achado do trato GI alto.,PubMed/S3,sim
PubMed,S3,"PubMed S3 — Lesões, anormalidades e pólipos gástricos",pmid_32063692,Recent advances in diagnostic upper endoscopy,"Teh JL, Shabbir A, Yuen S, So JB.",2020,10.3748/wjg.v26.i4.433,World J Gastroenterol,included,Visão computacional/DL aplicada a endoscopia digestiva alta (contexto: dataset/benchmark).,PubMed/S3; Web of Science/S1; Web of Science/S2,sim
PubMed,S3,"PubMed S3 — Lesões, anormalidades e pólipos gástricos",pmid_35873509,Implementation of artificial intelligence in upper gastrointestinal endoscopy,"Nagao S, Tani Y, Shibata J, Tsuji Y, Tada T, Ishihara R, Fujishiro M.",2022,10.1002/deo2.72,DEN Open,included,Visão computacional/DL aplicada a endoscopia digestiva alta.,PubMed/S3; Web of Science/S1; Web of Science/S2,sim
PubMed,S3,"PubMed S3 — Lesões, anormalidades e pólipos gástricos",pmid_40451638,Early diagnosis of gastric cancer: Endoscopy and artificial intelligence,"Gonçalves N, Chaves J, Marques-Sá I, Dinis-Ribeiro M, Libânio D.",2025,10.1016/j.bpg.2025.101979,Best Pract Res Clin Gastroenterol,included,Visão computacional/DL aplicada a endoscopia digestiva alta.,PubMed/S3; ScienceDirect/S1; ScienceDirect/S2; ScienceDirect/S3; ScienceDirect/S4; ScienceDirect/S5; Web of Science/S2,sim
PubMed,S3,"PubMed S3 — Lesões, anormalidades e pólipos gástricos",pmid_40248066,Artificial intelligence-aided optical biopsy improves the diagnosis of esophageal squamous neoplasm,"Ma T, Liu GQ, Guo J, Ji R, Shao XJ, Li YQ, Li Z, Zuo XL.",2025,10.3748/wjg.v31.i13.104370,World J Gastroenterol,included,Visão computacional/DL aplicada a endoscopia digestiva alta.,PubMed/S3,sim
PubMed,S3,"PubMed S3 — Lesões, anormalidades e pólipos gástricos",pmid_39582388,Linked color imaging and upper gastrointestinal neoplasia,"Ono S, Inoue M, Higashino M, Hayasaka S, Tanaka S, Egami H, Sakamoto N.",2025,10.1111/den.14957,Dig Endosc,included,Visão computacional/DL aplicada a endoscopia digestiva alta.,PubMed/S3; Web of Science/S1; Web of Science/S2,sim
PubMed,S3,"PubMed S3 — Lesões, anormalidades e pólipos gástricos",pmid_29335825,Application of artificial intelligence using a convolutional neural network for detecting gastric cancer in endoscopic images,"Hirasawa T, Aoyama K, Tanimoto T, Ishihara S, Shichijo S, Ozawa T, Ohnishi T, Fujishiro M, Matsuo K, Fujisaki J, Tada T.",2018,10.1007/s10120-018-0793-2,Gastric Cancer,included,Visão computacional/DL aplicada a endoscopia digestiva alta.,PubMed/S3; Web of Science/S1; Web of Science/S2,sim
PubMed,S3,"PubMed S3 — Lesões, anormalidades e pólipos gástricos",pmid_40741104,Deep learning-based localization and lesion detection in capsule endoscopy for patients with suspected small-bowel bleeding,"Kwon YS, Park TY, Kim SE, Park Y, Lee JG, Lee SP, Kim KO, Jang HJ, Yang YJ, Cho BJ.",2025,10.3748/wjg.v31.i27.106819,World J Gastroenterol,included,DL/CV em endoscopia com achado do trato GI alto.,PubMed/S3,sim
PubMed,S3,"PubMed S3 — Lesões, anormalidades e pólipos gástricos",pmid_38522882,Curative criteria for endoscopic treatment of gastric cancer,"Cunha Neves JA, Delgado-Guillena PG, Queirós P, Libânio D, Rodríguez de Santiago E.",2024,10.1016/j.bpg.2024.101884,Best Pract Res Clin Gastroenterol,included,DL/CV em endoscopia com achado do trato GI alto.,PubMed/S3; ScienceDirect/S2; Web of Science/S1; Web of Science/S2,sim
PubMed,S3,"PubMed S3 — Lesões, anormalidades e pólipos gástricos",pmid_38071181,Advancement of artificial intelligence systems for surveillance endoscopy of Barrett's esophagus,"Jong MR, de Groof AJ.",2024,10.1016/j.dld.2023.11.038,Dig Liver Dis,included,DL/CV em endoscopia com achado do trato GI alto.,PubMed/S3,sim
PubMed,S3,"PubMed S3 — Lesões, anormalidades e pólipos gástricos",pmid_32334015,Deep learning for wireless capsule endoscopy: a systematic review and meta-analysis,"Soffer S, Klang E, Shimon O, Nachmias N, Eliakim R, Ben-Horin S, Kopylov U, Barash Y.",2020,10.1016/j.gie.2020.04.039,Gastrointest Endosc,included,DL/CV em endoscopia com achado do trato GI alto.,PubMed/S3,sim
PubMed,S3,"PubMed S3 — Lesões, anormalidades e pólipos gástricos",pmid_35354219,Artificial intelligence-assisted staging in Barrett's carcinoma,"Knabe M, Welsch L, Blasberg T, Müller E, Heilani M, Bergen C, Herrmann E, May A.",2022,10.1055/a-1811-9407,Endoscopy,included,DL/CV em endoscopia com achado do trato GI alto.,PubMed/S3,sim
PubMed,S3,"PubMed S3 — Lesões, anormalidades e pólipos gástricos",pmid_34172256,Small Bowel Capsule Endoscopy and artificial intelligence: First or second reader?,"Piccirelli S, Milluzzo SM, Bizzotto A, Cesaro P, Pecere S, Spada C.",2021,10.1016/j.bpg.2021.101742,Best Pract Res Clin Gastroenterol,included,DL/CV em endoscopia com achado do trato GI alto.,PubMed/S3,sim
PubMed,S3,"PubMed S3 — Lesões, anormalidades e pólipos gástricos",pmid_40735878,Magnetically guided gastric capsule endoscopy: a review and new developments,Rey JF.,2025,10.5946/ce.2025.062,Clin Endosc,included,Visão computacional/DL aplicada a endoscopia digestiva alta.,PubMed/S3; Web of Science/S1; Web of Science/S2,sim
PubMed,S3,"PubMed S3 — Lesões, anormalidades e pólipos gástricos",pmid_32915503,Advances in optical gastrointestinal endoscopy: a technical review,"Tang Y, Anandasabapathy S, Richards-Kortum R.",2021,10.1002/1878-0261.12792,Mol Oncol,included,DL/CV em endoscopia com achado do trato GI alto.,PubMed/S3,sim
PubMed,S3,"PubMed S3 — Lesões, anormalidades e pólipos gástricos",pmid_35431503,Advanced imaging and artificial intelligence for Barrett's esophagus: What we should and soon will do,"Spadaccini M, Vespa E, Chandrasekar VT, Desai M, Patel HK, Maselli R, Fugazza A, Carrara S, Anderloni A, Franchellucci G, De Marco A, Hassan C, Bhandari P, Sharma P, Repici A.",2022,10.3748/wjg.v28.i11.1113,World J Gastroenterol,included,DL/CV em endoscopia com achado do trato GI alto.,PubMed/S3,sim
PubMed,S3,"PubMed S3 — Lesões, anormalidades e pólipos gástricos",pmid_33909671,Gastric polyp detection in gastroscopic images using deep neural network,"Cao C, Wang R, Yu Y, Zhang H, Yu Y, Sun C.",2021,10.1371/journal.pone.0250632,PLoS One,included,Visão computacional/DL aplicada a endoscopia digestiva alta (contexto: dataset/benchmark).,PubMed/S3; Web of Science/S2; Web of Science/S3,sim
PubMed,S3,"PubMed S3 — Lesões, anormalidades e pólipos gástricos",pmid_34426876,Convolution neural network for the diagnosis of wireless capsule endoscopy: a systematic review and meta-analysis,"Qin K, Li J, Fang Y, Xu Y, Wu J, Zhang H, Li H, Liu S, Li Q.",2022,10.1007/s00464-021-08689-3,Surg Endosc,included,DL/CV em endoscopia com achado do trato GI alto.,PubMed/S3,sim
PubMed,S3,"PubMed S3 — Lesões, anormalidades e pólipos gástricos",pmid_41029674,Deep learning-aided optical biopsy achieves whole-chain diagnosis of Correa cascade of gastric cancer: a prospective study,"Liu G, Li G, Li Z, Shao X, Ji R, Ma T, Zhang Y, Su J, Qi Q, Guo J, He Y, Yang X, Li Y, Zuo X.",2025,10.1186/s12916-025-04310-9,BMC Med,included,Visão computacional/DL aplicada a endoscopia digestiva alta.,PubMed/S3; Web of Science/S1; Web of Science/S2,sim
PubMed,S3,"PubMed S3 — Lesões, anormalidades e pólipos gástricos",pmid_37952532,Recent Progress of Image-Enhanced Endoscopy for Upper Gastrointestinal Neoplasia and Associated Lesions,"Miura Y, Osawa H, Sugano K.",2024,10.1159/000535055,Dig Dis,included,Visão computacional/DL aplicada a endoscopia digestiva alta.,PubMed/S3,sim
PubMed,S3,"PubMed S3 — Lesões, anormalidades e pólipos gástricos",pmid_36676796,Deep-Learning and Device-Assisted Enteroscopy: Automatic Panendoscopic Detection of Ulcers and Erosions,"Martins M, Mascarenhas M, Afonso J, Ribeiro T, Cardoso P, Mendes F, Cardoso H, Andrade P, Ferreira J, Macedo G.",2023,10.3390/medicina59010172,Medicina (Kaunas),included,DL/CV em endoscopia com achado do trato GI alto.,PubMed/S3,sim
PubMed,S3,"PubMed S3 — Lesões, anormalidades e pólipos gástricos",pmid_38587768,Cascade-EC Network: Recognition of Gastrointestinal Multiple Lesions Based on EfficientNet and CA_stm_Retinanet,"Guo X, Xu L, Li S, Xu M, Chu Y, Jiang Q.",2024,10.1007/s10278-024-01096-9,J Imaging Inform Med,included,DL/CV em endoscopia com achado do trato GI alto.,PubMed/S3,sim
PubMed,S3,"PubMed S3 — Lesões, anormalidades e pólipos gástricos",pmid_39200959,Artificial Intelligence for the Automatic Diagnosis of Gastritis: A Systematic Review,"Turtoi DC, Brata VD, Incze V, Ismaiel A, Dumitrascu DI, Militaru V, Munteanu MA, Botan A, Toc DA, Duse TA, Popa SL.",2024,10.3390/jcm13164818,J Clin Med,included,Visão computacional/DL aplicada a endoscopia digestiva alta.,PubMed/S3; Web of Science/S1; Web of Science/S2,sim
PubMed,S3,"PubMed S3 — Lesões, anormalidades e pólipos gástricos",pmid_35081639,Real-time identification of gastric lesions and anatomical landmarks by artificial intelligence during magnetically controlled capsule endoscopy,"Pan J, Xia J, Jiang B, Zhang H, Zhang H, Li ZS, Liao Z.",2022,10.1055/a-1724-6958,Endoscopy,included,"Título/keywords indicam DL/CV em endoscopia digestiva alta ou achado GI, mesmo sem abstract.",PubMed/S3,não
PubMed,S3,"PubMed S3 — Lesões, anormalidades e pólipos gástricos",pmid_33213802,Advanced Imaging and Sampling in Barrett's Esophagus: Artificial Intelligence to the Rescue?,"Struyvenberg MR, de Groof AJ, Bergman JJ, van der Sommen F, de With PHN, Konda VJA, Curvers WL.",2021,10.1016/j.giec.2020.08.006,Gastrointest Endosc Clin N Am,included,DL/CV em endoscopia com achado do trato GI alto.,PubMed/S3,sim
PubMed,S3,"PubMed S3 — Lesões, anormalidades e pólipos gástricos",pmid_30908513,Real-time gastric polyp detection using convolutional neural networks,"Zhang X, Chen F, Yu T, An J, Huang Z, Liu J, Hu W, Wang L, Duan H, Si J.",2019,10.1371/journal.pone.0214133,PLoS One,included,Visão computacional/DL aplicada a endoscopia digestiva alta.,PubMed/S3; Web of Science/S2; Web of Science/S3,sim
PubMed,S3,"PubMed S3 — Lesões, anormalidades e pólipos gástricos",pmid_39407081,A Multi-task Neural Network for Image Recognition in Magnetically Controlled Capsule Endoscopy,"Xu T, Li YY, Huang F, Gao M, Cai C, He S, Wu ZX.",2024,10.1007/s10620-024-08681-6,Dig Dis Sci,included,Visão computacional/DL aplicada a endoscopia digestiva alta.,PubMed/S3; Web of Science/S2,sim
PubMed,S3,"PubMed S3 — Lesões, anormalidades e pólipos gástricos",pmid_40451648,Novel devices and biomarkers in screening for esophageal squamous cell cancer,"Januszewicz W, Nowicki-Osuch K.",2025,10.1016/j.bpg.2025.102005,Best Pract Res Clin Gastroenterol,included,DL/CV em endoscopia com achado do trato GI alto.,PubMed/S3,sim
PubMed,S3,"PubMed S3 — Lesões, anormalidades e pólipos gástricos",pmid_40605587,An Interpretable Artificial Intelligence System for Crohn's Disease Ulcer Identification and Grading on Double-Balloon Enteroscopy Images,"Liu Q, Xie W, Wang A, Han W, Zhu Y, Hu J, Liang P, Wu J, Liu X, Yang X, Zhang B, Zhu N, Bai B, Mei Y, Liang Z, Cheng M, Mei Q.",2025,10.1002/ueg2.70068,United European Gastroenterol J,included,DL/CV em endoscopia com achado do trato GI alto.,PubMed/S3,sim
PubMed,S3,"PubMed S3 — Lesões, anormalidades e pólipos gástricos",pmid_41801173,"Effect of a Computer-Aided Device for Detecting Gastric Neoplasms: A Multicenter, Randomized Controlled Trial","Dong Z, Wu L, Du H, Tao X, Wang J, Zeng X, Zhu Y, Tan S, Wang J, Deng M, Yang T, Chen C, Wen L, Li Y, Jiang C, Tang C, Wang Y, Zhao Z, Wang Q, Yu H, Chen C, Ai Y, Pan J, Chen F, Guo Q, Mao X, Li J, Pang H, Hao J, Jiao Y, Wang Q, Zhang H, Ye S, Dang T, Yu L, Hu S, Zhou W, Deng Y, Li Y, Chen B, Xiao B, Liu J, Qin J, Zhang T, Bu T, Shi J, Wang Y, Zhang H, Lin J, Jin L, Yu J, Tang B, Tan X, Yu L, Yu H.",2026,10.1053/j.gastro.2025.12.020,Gastroenterology,included,Visão computacional/DL aplicada a endoscopia digestiva alta.,PubMed/S3,sim
PubMed,S3,"PubMed S3 — Lesões, anormalidades e pólipos gástricos",pmid_41235291,"Artificial Intelligence in Upper Gastrointestinal Endoscopy: Current Evidence, Practice, and Future Directions","Alemam A, Tamanna R, Ali M, Ibraheem N, Swealem A.",2025,10.7759/cureus.96657,Cureus,included,Visão computacional/DL aplicada a endoscopia digestiva alta (contexto: dataset/benchmark).,PubMed/S3,sim
PubMed,S3,"PubMed S3 — Lesões, anormalidades e pólipos gástricos",pmid_40451637,The role of artificial intelligence in Barrett's esophagus: Current status and future challenges,"van Eijck van Heslinga RAH, Bergman JJGHM, de Groof AJ.",2025,10.1016/j.bpg.2025.101977,Best Pract Res Clin Gastroenterol,included,DL/CV em endoscopia com achado do trato GI alto.,PubMed/S3,sim
PubMed,S3,"PubMed S3 — Lesões, anormalidades e pólipos gástricos",pmid_33911463,Artificial intelligence-assisted endoscopic detection of esophageal neoplasia in early stage: The next step?,Liu Y.,2021,10.3748/wjg.v27.i14.1392,World J Gastroenterol,included,Visão computacional/DL aplicada a endoscopia digestiva alta.,PubMed/S3; Web of Science/S1; Web of Science/S2,sim
PubMed,S3,"PubMed S3 — Lesões, anormalidades e pólipos gástricos",pmid_37404050,Deep Learning and Minimally Invasive Endoscopy: Automatic Classification of Pleomorphic Gastric Lesions in Capsule Endoscopy,"Mascarenhas M, Mendes F, Ribeiro T, Afonso J, Cardoso P, Martins M, Cardoso H, Andrade P, Ferreira J, Mascarenhas Saraiva M, Macedo G.",2023,10.14309/ctg.0000000000000609,Clin Transl Gastroenterol,included,Visão computacional/DL aplicada a endoscopia digestiva alta.,PubMed/S3,sim
PubMed,S3,"PubMed S3 — Lesões, anormalidades e pólipos gástricos",pmid_37612137,Deep learning in negative small-bowel capsule endoscopy improves small-bowel lesion detection and diagnostic yield,"Choi KS, Park D, Kim JS, Cheung DY, Lee BI, Cho YS, Kim JI, Lee S, Lee HH.",2024,10.1111/den.14670,Dig Endosc,included,DL/CV em endoscopia com achado do trato GI alto.,PubMed/S3,sim
PubMed,S3,"PubMed S3 — Lesões, anormalidades e pólipos gástricos",pmid_37495849,Diagnostic accuracy of artificial intelligence-aided capsule endoscopy (TOP100) in overt small bowel bleeding,"Giordano A, Escapa M, Urpí-Ferreruela M, Casanova G, Fernández-Esparrach G, Ginès À, Llach J, González-Suárez B.",2023,10.1007/s00464-023-10273-w,Surg Endosc,included,DL/CV em endoscopia com achado do trato GI alto.,PubMed/S3,sim
PubMed,S3,"PubMed S3 — Lesões, anormalidades e pólipos gástricos",pmid_39031411,Gastrointestinal tract disease detection via deep learning based structural and statistical features optimized hexa-classification model,"K P AG, D RR, N MS, P LB.",2024,10.3233/THC-240603,Technol Health Care,included,DL/CV em endoscopia com achado do trato GI alto.,PubMed/S3,sim
PubMed,S3,"PubMed S3 — Lesões, anormalidades e pólipos gástricos",pmid_36715841,Role of artificial intelligence-guided esophagogastroduodenoscopy in assessing the procedural completeness and quality,"Goenka MK, Afzalpurkar S, Jejurikar S, Rodge GA, Tiwari A.",2023,10.1007/s12664-022-01294-9,Indian J Gastroenterol,included,Visão computacional/DL aplicada a endoscopia digestiva alta.,PubMed/S3; Web of Science/S1; Web of Science/S2,sim
PubMed,S3,"PubMed S3 — Lesões, anormalidades e pólipos gástricos",pmid_36945355,Comparative study of convolutional neural network architectures for gastrointestinal lesions classification,"Cuevas-Rodriguez EO, Galvan-Tejada CE, Maeda-Gutiérrez V, Moreno-Chávez G, Galván-Tejada JI, Gamboa-Rosales H, Luna-García H, Moreno-Baez A, Celaya-Padilla JM.",2023,10.7717/peerj.14806,PeerJ,included,DL/CV em endoscopia com achado do trato GI alto.,PubMed/S3,sim
PubMed,S3,"PubMed S3 — Lesões, anormalidades e pólipos gástricos",pmid_36520317,A deep-learning based system using multi-modal data for diagnosing gastric neoplasms in real-time (with video),"Du H, Dong Z, Wu L, Li Y, Liu J, Luo C, Zeng X, Deng Y, Cheng D, Diao W, Zhu Y, Tao X, Wang J, Zhang C, Yu H.",2023,10.1007/s10120-022-01358-x,Gastric Cancer,included,DL/CV em endoscopia com achado do trato GI alto.,PubMed/S3,sim
PubMed,S3,"PubMed S3 — Lesões, anormalidades e pólipos gástricos",pmid_36746210,"Surveillance in Barrett's Esophagus: Challenges, Progress, and Possibilities","Iyer PG, Chak A.",2023,10.1053/j.gastro.2023.01.031,Gastroenterology,included,DL/CV em endoscopia com achado do trato GI alto.,PubMed/S3; ScienceDirect/S3; ScienceDirect/S4,sim
PubMed,S3,"PubMed S3 — Lesões, anormalidades e pólipos gástricos",pmid_38960891,Real-World Application of Artificial Intelligence for Detecting Pathologic Gastric Atypia and Neoplastic Lesions,"Chang YH, Shin CM, Lee HD, Park J, Jeon J, Cho SJ, Kang SJ, Chung JY, Jun YK, Choi Y, Yoon H, Park YS, Kim N, Lee DH.",2024,10.5230/jgc.2024.24.e28,J Gastric Cancer,included,Visão computacional/DL aplicada a endoscopia digestiva alta (contexto: dataset/benchmark).,PubMed/S3; Web of Science/S1; Web of Science/S2,sim
PubMed,S3,"PubMed S3 — Lesões, anormalidades e pólipos gástricos",pmid_40739145,A fully annotated pathology slide dataset for early gastric cancer and precancerous lesions,"Wang C, Ge J, Niu Y, Ding C, Fan Y, Chang H, Yang Z, Ran C, Teng X, Wang X, Wu L, Gao Z, Li C.",2025,10.1038/s41597-025-05679-1,Sci Data,included,DL/CV em endoscopia com achado do trato GI alto.,PubMed/S3,sim
PubMed,S3,"PubMed S3 — Lesões, anormalidades e pólipos gástricos",pmid_38940891,GLGFormer: Global Local Guidance Network for Mucosal Lesion Segmentation in Gastrointestinal Endoscopy Images,"Xu Z, Miao Y, Chen G, Liu S, Chen H.",2024,10.1007/s10278-024-01162-2,J Imaging Inform Med,included,DL/CV em endoscopia com achado do trato GI alto.,PubMed/S3,sim
PubMed,S3,"PubMed S3 — Lesões, anormalidades e pólipos gástricos",pmid_40633804,Recent advancement in endoscopic diagnosis for risk stratification of gastric cancer,"Hiramatsu T, Kakushima N, Kuribara H, Miyata R, Nakagawa H, Hisada H, Kubota D, Miura Y, Mizutani H, Ohki D, Takeuchi C, Yakabi S, Tsuji Y, Yamamichi N, Fujishiro M.",2025,10.5946/ce.2024.355,Clin Endosc,included,Visão computacional/DL aplicada a endoscopia digestiva alta.,PubMed/S3; Web of Science/S2,sim
PubMed,S3,"PubMed S3 — Lesões, anormalidades e pólipos gástricos",pmid_37408330,Comparing artificial intelligence to humans for endoscopic diagnosis of gastric neoplasia: An external validation study,"Quek SXZ, Lee JWJ, Feng Z, Soh MM, Tokano M, Guan YK, So JBY, Tada T, Koh CJ.",2023,10.1111/jgh.16274,J Gastroenterol Hepatol,included,Visão computacional/DL aplicada a endoscopia digestiva alta.,PubMed/S3; Web of Science/S2,sim
PubMed,S3,"PubMed S3 — Lesões, anormalidades e pólipos gástricos",pmid_40493453,A review of techniques of third space endoscopy for gastrointestinal tumors,"Nabi Z, Reddy DN.",2025,10.1097/MOG.0000000000001113,Curr Opin Gastroenterol,included,DL/CV em endoscopia com achado do trato GI alto.,PubMed/S3,sim
PubMed,S3,"PubMed S3 — Lesões, anormalidades e pólipos gástricos",pmid_40936407,A Multicenter Pivotal Study on the Artificial Intelligence System for Neoplastic Lesions Detection in Upper Gastrointestinal Endoscopy,"Abe S, Kitagawa Y, Hatta W, Maekita T, Kato M, Nagahara A, Osawa H, Dohi O, Nakashima H, Furukawa K, Oka S, Yokoyama T, Ito T, Oda I.",2025,10.1111/den.70015,Dig Endosc,included,Visão computacional/DL aplicada a endoscopia digestiva alta (contexto: dataset/benchmark).,PubMed/S3; Web of Science/S1; Web of Science/S2,sim
PubMed,S3,"PubMed S3 — Lesões, anormalidades e pólipos gástricos",pmid_34497440,Endoscopic diagnosis and treatment of gastric dysplasia and early cancer: Current evidence and what the future may hold,"Young E, Philpott H, Singh R.",2021,10.3748/wjg.v27.i31.5126,World J Gastroenterol,included,Visão computacional/DL aplicada a endoscopia digestiva alta.,PubMed/S3; Web of Science/S2,sim
PubMed,S3,"PubMed S3 — Lesões, anormalidades e pólipos gástricos",pmid_40592476,A novel artificial intelligence-based system for quality monitoring during esophagogastroduodenoscopy: a multicenter randomized controlled study,"Chen S, Li Y, Wang H, Chen M, Wang C, Pan W, Ma J, Ji T, Hong J, Hu D, Sheng X, Jiang J, Wang S.",2025,10.1055/a-2626-0069,Endoscopy,included,Visão computacional/DL aplicada a endoscopia digestiva alta.,PubMed/S3; Web of Science/S2,sim
PubMed,S3,"PubMed S3 — Lesões, anormalidades e pólipos gástricos",pmid_37573562,Role of ultra-high definition endoscopy (endomicroscopy and endocytoscopy) and real-time histologic examination in inflammatory bowel disease: Scoping review,"Pal P, Ramchandani M, Patel R, Banerjee R, Kanaganti S, Gupta R, Tandan M, Reddy DN.",2024,10.1111/den.14659,Dig Endosc,included,DL/CV em endoscopia com achado do trato GI alto.,PubMed/S3,sim
PubMed,S3,"PubMed S3 — Lesões, anormalidades e pólipos gástricos",pmid_32966967,"A survey on contemporary computer-aided tumor, polyp, and ulcer detection methods in wireless capsule endoscopy imaging","Rahim T, Usman MA, Shin SY.",2020,10.1016/j.compmedimag.2020.101767,Comput Med Imaging Graph,included,DL/CV em endoscopia com achado do trato GI alto.,PubMed/S3,sim
PubMed,S3,"PubMed S3 — Lesões, anormalidades e pólipos gástricos",pmid_31743689,Deep learning algorithms for automated detection of Crohn's disease ulcers by video capsule endoscopy,"Klang E, Barash Y, Margalit RY, Soffer S, Shimon O, Albshesh A, Ben-Horin S, Amitai MM, Eliakim R, Kopylov U.",2020,10.1016/j.gie.2019.11.012,Gastrointest Endosc,included,DL/CV em endoscopia com achado do trato GI alto.,PubMed/S3,sim
PubMed,S3,"PubMed S3 — Lesões, anormalidades e pólipos gástricos",pmid_34904949,Computer-Aided Diagnosis of Gastrointestinal Ulcer and Hemorrhage Using Wireless Capsule Endoscopy: Systematic Review and Diagnostic Test Accuracy Meta-analysis,"Bang CS, Lee JJ, Baik GH.",2021,10.2196/33267,J Med Internet Res,included,DL/CV em endoscopia com achado do trato GI alto.,PubMed/S3,sim
PubMed,S3,"PubMed S3 — Lesões, anormalidades e pólipos gástricos",pmid_36304779,Construction of Stomach Cancer Lesion Detection Combined with Drug Therapy Based on Artificial Intelligence,"Zhai S, Yu L, Li J.",2022,10.1155/2022/1905437,Contrast Media Mol Imaging,included,Visão computacional/DL aplicada a endoscopia digestiva alta.,PubMed/S3; Web of Science/S1; Web of Science/S2; Web of Science/S3,sim
PubMed,S3,"PubMed S3 — Lesões, anormalidades e pólipos gástricos",pmid_40716435,Future Perspective of Artificial Intelligence Diagnostics for Early Barrett's Neoplasia,"Roser DA, Ebigbo A.",2026,10.1159/000547635,Digestion,included,DL/CV em endoscopia com achado do trato GI alto.,PubMed/S3,sim
PubMed,S3,"PubMed S3 — Lesões, anormalidades e pólipos gástricos",pmid_32470426,Use of artificial intelligence for detection of gastric lesions by magnetically controlled capsule endoscopy,"Xia J, Xia T, Pan J, Gao F, Wang S, Qian YY, Wang H, Zhao J, Jiang X, Zou WB, Wang YC, Zhou W, Li ZS, Liao Z.",2021,10.1016/j.gie.2020.05.027,Gastrointest Endosc,included,DL/CV em endoscopia com achado do trato GI alto.,PubMed/S3; Web of Science/S1; Web of Science/S2,sim
PubMed,S3,"PubMed S3 — Lesões, anormalidades e pólipos gástricos",pmid_33277663,Endoscopic Eradication Therapy for Barrett's Neoplasia: Where Do We Stand a Decade Later?,"Jones B, Wani S.",2020,10.1007/s11894-020-00799-7,Curr Gastroenterol Rep,included,DL/CV em endoscopia com achado do trato GI alto.,PubMed/S3,sim
PubMed,S3,"PubMed S3 — Lesões, anormalidades e pólipos gástricos",pmid_31641370,Deep Convolutional Neural Network for Ulcer Recognition in Wireless Capsule Endoscopy: Experimental Feasibility and Optimization,"Wang S, Xing Y, Zhang L, Gao H, Zhang H.",2019,10.1155/2019/7546215,Comput Math Methods Med,included,DL/CV em endoscopia com achado do trato GI alto.,PubMed/S3,sim
PubMed,S3,"PubMed S3 — Lesões, anormalidades e pólipos gástricos",pmid_36849056,Effect of a deep learning-based automatic upper GI endoscopic reporting system: a randomized crossover study (with video),"Zhang L, Lu Z, Yao L, Dong Z, Zhou W, He C, Luo R, Zhang M, Wang J, Li Y, Deng Y, Zhang C, Li X, Shang R, Xu M, Wang J, Zhao Y, Wu L, Yu H.",2023,10.1016/j.gie.2023.02.025,Gastrointest Endosc,included,Visão computacional/DL aplicada a endoscopia digestiva alta (contexto: dataset/benchmark).,PubMed/S3; ScienceDirect/S5; ScienceDirect/S6; Web of Science/S1; Web of Science/S2,sim
PubMed,S3,"PubMed S3 — Lesões, anormalidades e pólipos gástricos",pmid_40394929,Future of image enhanced endoscopy of esophageal adenocarcinoma,"Parlar K, Cakir M, Ozer O, Sharma P.",2025,10.5946/ce.2024.324,Clin Endosc,included,Visão computacional/DL aplicada a endoscopia digestiva alta.,PubMed/S3; Web of Science/S1; Web of Science/S2,sim
PubMed,S3,"PubMed S3 — Lesões, anormalidades e pólipos gástricos",pmid_40594126,A ubiquitous and interoperable deep learning model for automatic detection of pleomorphic gastroesophageal lesions,"Martins M, Mascarenhas MJ, Almeida MJ, Afonso J, Ribeiro T, Cardoso P, Mendes F, Mota J, Andrade P, Cardoso H, Mascarenhas-Saraiva M, Ferreira J, Macedo G.",2025,10.1038/s41598-025-03397-7,Sci Rep,included,DL/CV em endoscopia com achado do trato GI alto.,PubMed/S3,sim
PubMed,S3,"PubMed S3 — Lesões, anormalidades e pólipos gástricos",pmid_39774596,Use of Artificial Intelligence in Lower Gastrointestinal and Small Bowel Disorders: An Update Beyond Polyp Detection,"Parikh M, Tejaswi S, Girotra T, Chopra S, Ramai D, Tabibian JH, Jagannath S, Ofosu A, Barakat MT, Mishra R, Girotra M.",2025,10.1097/MCG.0000000000002115,J Clin Gastroenterol,included,DL/CV em endoscopia com achado do trato GI alto.,PubMed/S3,sim
PubMed,S3,"PubMed S3 — Lesões, anormalidades e pólipos gástricos",pmid_33951743,Endoscopists' diagnostic accuracy in detecting upper gastrointestinal neoplasia in the framework of artificial intelligence studies,"Frazzoni L, Arribas J, Antonelli G, Libanio D, Ebigbo A, van der Sommen F, de Groof AJ, Fukuda H, Ohmori M, Ishihara R, Wu L, Yu H, Mori Y, Repici A, Bergman JJGHM, Sharma P, Messmann H, Hassan C, Fuccio L, Dinis-Ribeiro M.",2022,10.1055/a-1500-3730,Endoscopy,included,Visão computacional/DL aplicada a endoscopia digestiva alta (contexto: dataset/benchmark).,PubMed/S3; Web of Science/S2,sim
PubMed,S3,"PubMed S3 — Lesões, anormalidades e pólipos gástricos",pmid_31584138,Convolutional Neural Network for Differentiating Gastric Cancer from Gastritis Using Magnified Endoscopy with Narrow Band Imaging,"Horiuchi Y, Aoyama K, Tokai Y, Hirasawa T, Yoshimizu S, Ishiyama A, Yoshio T, Tsuchida T, Fujisaki J, Tada T.",2020,10.1007/s10620-019-05862-6,Dig Dis Sci,included,DL/CV em endoscopia com achado do trato GI alto.,PubMed/S3; Springer Nature Link/S2,sim
PubMed,S3,"PubMed S3 — Lesões, anormalidades e pólipos gástricos",pmid_41032470,Endoscopic Evaluation of the Gastroesophageal Junction and Diagnosis of Barrett's Esophagus,Kusano C.,2026,10.1159/000548648,Digestion,included,DL/CV em endoscopia com achado do trato GI alto.,PubMed/S3,sim
PubMed,S3,"PubMed S3 — Lesões, anormalidades e pólipos gástricos",pmid_36707419,Robot-assisted TAMIS: a systematic review of feasibility and outcomes,"Jakobsen PCH, Krarup PM, Jensen KK, Nordholm-Carstensen A.",2023,10.1007/s00464-022-09853-z,Surg Endosc,included,"Sinais ambíguos no abstract, mas recuperado por string forte (Pub-Med/S3) com filtro endoscopia alta + IA — confiável.",PubMed/S3,sim
PubMed,S3,"PubMed S3 — Lesões, anormalidades e pólipos gástricos",pmid_37900007,A systematic review on diagnosis and treatment of gastrointestinal diseases by magnetically controlled capsule endoscopy and artificial intelligence,"Wang X, Hu X, Xu Y, Yong J, Li X, Zhang K, Gan T, Yang J, Rao N.",2023,10.1177/17562848231206991,Ther Adv Gastroenterol,included,Visão computacional/DL aplicada a endoscopia digestiva alta.,PubMed/S3; Web of Science/S1; Web of Science/S2,sim
PubMed,S3,"PubMed S3 — Lesões, anormalidades e pólipos gástricos",pmid_36434804,A Multimodal Multipath Artificial Intelligence System for Diagnosing Gastric Protruded Lesions on Endoscopy and Endoscopic Ultrasonography Images,"Zhu C, Hua Y, Zhang M, Wang Y, Li W, Ding Y, She Q, Zhang W, Si X, Kong Z, Liu B, Chen W, Wu J, Dang Y, Zhang G.",2023,10.14309/ctg.0000000000000551,Clin Transl Gastroenterol,included,Visão computacional/DL aplicada a endoscopia digestiva alta.,PubMed/S3; Web of Science/S1; Web of Science/S2,sim
PubMed,S3,"PubMed S3 — Lesões, anormalidades e pólipos gástricos",pmid_29477434,Computer assisted gastric abnormalities detection using hybrid texture descriptors for chromoendoscopy images,"Ali H, Yasmin M, Sharif M, Rehmani MH.",2018,10.1016/j.cmpb.2018.01.013,Comput Methods Programs Biomed,included,DL/CV em endoscopia com achado do trato GI alto.,PubMed/S3,sim
PubMed,S3,"PubMed S3 — Lesões, anormalidades e pólipos gástricos",pmid_32640059,Improved classification and localization approach to small bowel capsule endoscopy using convolutional neural network,"Hwang Y, Lee HH, Park C, Tama BA, Kim JS, Cheung DY, Chung WC, Cho YS, Lee KM, Choi MG, Lee S, Lee BI.",2021,10.1111/den.13787,Dig Endosc,included,DL/CV em endoscopia com achado do trato GI alto.,PubMed/S3,sim
PubMed,S3,"PubMed S3 — Lesões, anormalidades e pólipos gástricos",pmid_38166722,A newly developed deep learning-based system for automatic detection and classification of small bowel lesions during double-balloon enteroscopy examination,"Zhu Y, Lyu X, Tao X, Wu L, Yin A, Liao F, Hu S, Wang Y, Zhang M, Huang L, Wang J, Zhang C, Gong D, Jiang X, Zhao L, Yu H.",2024,10.1186/s12876-023-03067-w,BMC Gastroenterol,included,DL/CV em endoscopia com achado do trato GI alto.,PubMed/S3,sim
PubMed,S3,"PubMed S3 — Lesões, anormalidades e pólipos gástricos",pmid_41468904,Development and validation of a multimodal deep learning model for early esophageal squamous neoplasia detection and invasion depth prediction,"Yu CT, Wang TL, Gao Y, Wu ZH, Chen YZ, Shi L, Liu B, Zhang H, Xu HW, Chen WG, Gao SG, Yang JL, Wang LW, Lin H.",2026,10.1055/a-2780-0974,Endoscopy,included,DL/CV em endoscopia com achado do trato GI alto.,PubMed/S3,sim
PubMed,S3,"PubMed S3 — Lesões, anormalidades e pólipos gástricos",pmid_36283443,Development and validation of artificial neural networks model for detection of Barrett's neoplasia: a multicenter pragmatic nonrandomized trial (with video),"Abdelrahim M, Saiko M, Maeda N, Hossain E, Alkandari A, Subramaniam S, Parra-Blanco A, Sanchez-Yague A, Coron E, Repici A, Bhandari P.",2023,10.1016/j.gie.2022.10.031,Gastrointest Endosc,included,DL/CV em endoscopia com achado do trato GI alto.,PubMed/S3; ScienceDirect/S1; ScienceDirect/S2,sim
PubMed,S3,"PubMed S3 — Lesões, anormalidades e pólipos gástricos",pmid_33981151,Differentiation Between Malignant and Benign Endoscopic Images of Gastric Ulcers Using Deep Learning,"Klang E, Barash Y, Levartovsky A, Barkin Lederer N, Lahat A.",2021,10.2147/CEG.S292857,Clin Exp Gastroenterol,included,Visão computacional/DL aplicada a endoscopia digestiva alta (contexto: dataset/benchmark).,PubMed/S3; Web of Science/S2,sim
PubMed,S3,"PubMed S3 — Lesões, anormalidades e pólipos gástricos",pmid_37095718,Towards a robust and compact deep learning system for primary detection of early Barrett's neoplasia: Initial image-based results of training on a multi-center retrospectively collected data set,"Fockens KN, Jukema JB, Boers T, Jong MR, van der Putten JA, Pouw RE, Weusten BLAM, Alvarez Herrero L, Houben MHMG, Nagengast WB, Westerhof J, Alkhalaf A, Mallant R, Ragunath K, Seewald S, Elbe P, Barret M, Ortiz Fernández-Sordo J, Pech O, Beyna T, van der Sommen F, de With PH, de Groof AJ, Bergman JJ.",2023,10.1002/ueg2.12363,United European Gastroenterol J,included,DL/CV em endoscopia com achado do trato GI alto.,PubMed/S3,sim
PubMed,S3,"PubMed S3 — Lesões, anormalidades e pólipos gástricos",pmid_40110550,Small intestinal bleeding prediction by spectral reconstruction through band selection,"Kuo HY, Karmakar R, Mukundan A, Chou CK, Chen TH, Huang CW, Yang KY, Wang HC.",2025,10.1117/1.JBO.30.3.036004,J Biomed Opt,included,DL/CV em endoscopia com achado do trato GI alto.,PubMed/S3,sim
PubMed,S3,"PubMed S3 — Lesões, anormalidades e pólipos gástricos",pmid_35132523,Lesion Segmentation in Gastroscopic Images Using Generative Adversarial Networks,"Sun Y, Li Y, Wang P, He D, Wang Z.",2022,10.1007/s10278-022-00591-1,J Digit Imaging,included,Visão computacional/DL aplicada a endoscopia digestiva alta.,PubMed/S3; Web of Science/S1; Web of Science/S2,sim
PubMed,S3,"PubMed S3 — Lesões, anormalidades e pólipos gástricos",pmid_33185766,Detection of multiple lesions of gastrointestinal tract for endoscopy using artificial intelligence model: a pilot study,"Guo L, Gong H, Wang Q, Zhang Q, Tong H, Li J, Lei X, Xiao X, Li C, Jiang J, Hu B, Song J, Tang C, Huang Z.",2021,10.1007/s00464-020-08150-x,Surg Endosc,included,DL/CV em endoscopia com achado do trato GI alto.,PubMed/S3,sim
PubMed,S3,"PubMed S3 — Lesões, anormalidades e pólipos gástricos",pmid_31930967,Artificial intelligence using convolutional neural networks for real-time detection of early esophageal neoplasia in Barrett's esophagus (with video),"Hashimoto R, Requa J, Dao T, Ninh A, Tran E, Mai D, Lugo M, El-Hage Chehade N, Chang KJ, Karnes WE, Samarasena JB.",2020,10.1016/j.gie.2019.12.049,Gastrointest Endosc,included,DL/CV em endoscopia com achado do trato GI alto.,PubMed/S3,sim
PubMed,S3,"PubMed S3 — Lesões, anormalidades e pólipos gástricos",pmid_34546186,Feasibility and Accuracy of Artificial Intelligence-Assisted Sponge Cytology for Community-Based Esophageal Squamous Cell Carcinoma Screening in China,"Gao Y, Xin L, Feng YD, Yao B, Lin H, Sun C, An W, Li ZS, Shi RH, Wang LW.",2021,10.14309/ajg.0000000000001499,Am J Gastroenterol,included,Visão computacional/DL aplicada a endoscopia digestiva alta.,PubMed/S3; Web of Science/S2,sim
PubMed,S3,"PubMed S3 — Lesões, anormalidades e pólipos gástricos",pmid_38348337,A study on the improvement in the ability of endoscopists to diagnose gastric neoplasms using an artificial intelligence system,"Zhang B, Zhang W, Yao H, Qiao J, Zhang H, Song Y.",2024,10.3389/fmed.2024.1323516,Front Med (Lausanne),included,Visão computacional/DL aplicada a endoscopia digestiva alta.,PubMed/S3; Web of Science/S2,sim
PubMed,S3,"PubMed S3 — Lesões, anormalidades e pólipos gástricos",pmid_38201385,Gastro-BaseNet: A Specialized Pre-Trained Model for Enhanced Gastroscopic Data Classification and Diagnosis of Gastric Cancer and Ulcer,"Lee GP, Kim YJ, Park DK, Kim YJ, Han SK, Kim KG.",2023,10.3390/diagnostics14010075,Diagnostics (Basel),included,Visão computacional/DL aplicada a endoscopia digestiva alta.,PubMed/S3; Web of Science/S1; Web of Science/S2,sim
PubMed,S3,"PubMed S3 — Lesões, anormalidades e pólipos gástricos",pmid_36307758,Study protocol for artificial intelligence-assisted sponge cytology as pre-endoscopy screening for early esophegeal squmaous epithelial lesions in China,"Feng Y, Wang B, Pan L, Yao B, Deng B, Liang Y, Sun Y, Zang J, Xu X, Song J, Li M, Xu G, Zhao K, Cheng CE, Shi R.",2022,10.1186/s12885-022-10220-3,BMC Cancer,included,DL/CV em endoscopia com achado do trato GI alto.,PubMed/S3,sim
PubMed,S3,"PubMed S3 — Lesões, anormalidades e pólipos gástricos",pmid_32356118,A deep learning method for delineating early gastric cancer resection margin under chromoendoscopy and white light endoscopy,"An P, Yang D, Wang J, Wu L, Zhou J, Zeng Z, Huang X, Xiao Y, Hu S, Chen Y, Yao F, Guo M, Wu Q, Yang Y, Yu H.",2020,10.1007/s10120-020-01071-7,Gastric Cancer,included,DL/CV em endoscopia com achado do trato GI alto.,PubMed/S3,sim
PubMed,S3,"PubMed S3 — Lesões, anormalidades e pólipos gástricos",pmid_34245752,Deep learning system compared with expert endoscopists in predicting early gastric cancer and its invasion depth and differentiation status (with videos),"Wu L, Wang J, He X, Zhu Y, Jiang X, Chen Y, Wang Y, Huang L, Shang R, Dong Z, Chen B, Tao X, Wu Q, Yu H.",2022,10.1016/j.gie.2021.06.033,Gastrointest Endosc,included,DL/CV em endoscopia com achado do trato GI alto.,PubMed/S3; ScienceDirect/S1; ScienceDirect/S2; Web of Science/S1; Web of Science/S2,sim
PubMed,S3,"PubMed S3 — Lesões, anormalidades e pólipos gástricos",pmid_40116287,Challenges in Implementing Endoscopic Artificial Intelligence: The Impact of Real-World Imaging Conditions on Barrett's Neoplasia Detection,"Jong MR, Jaspers TJM, Kusters CHJ, Jukema JB, van Eijck van Heslinga RAH, Fockens KN, Boers TGW, Visser LS, van der Putten JA, van der Sommen F, de With PH, de Groof AJ, Bergman JJ; BONS‐AI consortium.",2025,10.1002/ueg2.12760,United European Gastroenterol J,included,DL/CV em endoscopia com achado do trato GI alto.,PubMed/S3,sim
PubMed,S3,"PubMed S3 — Lesões, anormalidades e pólipos gástricos",pmid_41948841,World Endoscopy Organization Position Statements for Artificial Intelligence in Endoscopic Diagnosis of Gastric Epithelial Neoplasia,"Fujishiro M, Kakushima N, Abe S, Yip HC, Liu X, Kim GH, Pioche M, Cortas GA, Sumiyama K, Arantes VN, Emura F, Dinis-Ribeiro M.",2026,10.1111/den.70144,Dig Endosc,included,Visão computacional/DL aplicada a endoscopia digestiva alta.,PubMed/S3; Web of Science/S2,sim
PubMed,S3,"PubMed S3 — Lesões, anormalidades e pólipos gástricos",pmid_35325289,A novel flexible auxiliary single-arm transluminal endoscopic robot facilitates endoscopic submucosal dissection of gastric lesions (with video),"Yang XX, Fu SC, Ji R, Li LX, Li YQ, Zuo XL.",2022,10.1007/s00464-022-09194-x,Surg Endosc,included,"Sinais ambíguos no abstract, mas recuperado por string forte (Pub-Med/S3) com filtro endoscopia alta + IA — confiável.",PubMed/S3,sim
PubMed,S3,"PubMed S3 — Lesões, anormalidades e pólipos gástricos",pmid_35065045,Simplified robot-assisted endoscopic submucosal dissection for esophageal and gastric lesions: a randomized controlled porcine study (with videos),"Ji R, Yang JL, Yang XX, Fu SC, Li LX, Li YQ, Zuo XL.",2022,10.1016/j.gie.2022.01.004,Gastrointest Endosc,included,"Sinais ambíguos no abstract, mas recuperado por string forte (Pub-Med/S3) com filtro endoscopia alta + IA — confiável.",PubMed/S3,sim
PubMed,S3,"PubMed S3 — Lesões, anormalidades e pólipos gástricos",pmid_38943854,Identification of chronic non-atrophic gastritis and intestinal metaplasia stages in the Correa's cascade through machine learning analyses of SERS spectral signature of non-invasively-collected human gastric fluid samples,"Si YT, Xiong XS, Wang JT, Yuan Q, Li YT, Tang JW, Li YN, Zhang XY, Li ZK, Lai JX, Umar Z, Yang WX, Li F, Wang L, Gu B.",2024,10.1016/j.bios.2024.116530,Biosens Bioelectron,included,Visão computacional/DL aplicada a endoscopia digestiva alta.,PubMed/S3; ScienceDirect/S5; Web of Science/S2,sim
PubMed,S3,"PubMed S3 — Lesões, anormalidades e pólipos gástricos",pmid_31822823,Deep-learning AI for neoplasia detection in Barrett oesophagus,Dickson I.,2020,10.1038/s41575-019-0252-5,Nat Rev Gastroenterol Hepatol,included,Sem abstract; recuperado por string forte (Pub-Med/S3) que já restringe a endoscopia alta + IA/DL e exclui colorretal — confiável.,PubMed/S3,não
PubMed,S3,"PubMed S3 — Lesões, anormalidades e pólipos gástricos",pmid_41572653,[Clinical Implementation of Artificial Intelligence in Endoscopy: A Human-Artificial Intelligence Interaction Perspective],"Gong EJ, Bang CS.",2026,10.4166/kjg.2025.151,Korean J Gastroenterol,included,DL/CV em endoscopia com achado do trato GI alto.,PubMed/S3,sim
PubMed,S3,"PubMed S3 — Lesões, anormalidades e pólipos gástricos",pmid_28322771,Computer-aided detection of early Barrett's neoplasia using volumetric laser endomicroscopy,"Swager AF, van der Sommen F, Klomp SR, Zinger S, Meijer SL, Schoon EJ, Bergman JJGHM, de With PH, Curvers WL.",2017,10.1016/j.gie.2017.03.011,Gastrointest Endosc,included,DL/CV em endoscopia com achado do trato GI alto.,PubMed/S3,sim
PubMed,S3,"PubMed S3 — Lesões, anormalidades e pólipos gástricos",pmid_33856358,Establishing Machine Learning Models to Predict Curative Resection in Early Gastric Cancer with Undifferentiated Histology: Development and Usability Study,"Bang CS, Ahn JY, Kim JH, Kim YI, Choi IJ, Shin WG.",2021,10.2196/25053,J Med Internet Res,included,DL/CV em endoscopia com achado do trato GI alto.,PubMed/S3,sim
PubMed,S3,"PubMed S3 — Lesões, anormalidades e pólipos gástricos",pmid_31080614,Artificial intelligence for the real-time classification of intrapapillary capillary loop patterns in the endoscopic diagnosis of early oesophageal squamous cell carcinoma: A proof-of-concept study,"Everson M, Herrera L, Li W, Luengo IM, Ahmad O, Banks M, Magee C, Alzoubaidi D, Hsu HM, Graham D, Vercauteren T, Lovat L, Ourselin S, Kashin S, Wang HP, Wang WL, Haidry RJ.",2019,10.1177/2050640618821800,United European Gastroenterol J,included,DL/CV em endoscopia com achado do trato GI alto.,PubMed/S3,sim
PubMed,S3,"PubMed S3 — Lesões, anormalidades e pólipos gástricos",pmid_31251929,Gastroenterologist-Level Identification of Small-Bowel Diseases and Normal Variants by Capsule Endoscopy Using a Deep-Learning Model,"Ding Z, Shi H, Zhang H, Meng L, Fan M, Han C, Zhang K, Ming F, Xie X, Liu H, Liu J, Lin R, Hou X.",2019,10.1053/j.gastro.2019.06.025,Gastroenterology,included,DL/CV em endoscopia com achado do trato GI alto.,PubMed/S3,sim
PubMed,S3,"PubMed S3 — Lesões, anormalidades e pólipos gástricos",pmid_38547927,Influence of artificial intelligence on the diagnostic performance of endoscopists in the assessment of Barrett's esophagus: a tandem randomized and video trial,"Meinikheim M, Mendel R, Palm C, Probst A, Muzalyova A, Scheppach MW, Nagl S, Schnoy E, Römmele C, Schulz DAH, Schlottmann J, Prinz F, Rauber D, Rückert T, Matsumura T, Fernández-Esparrach G, Parsa N, Byrne MF, Messmann H, Ebigbo A.",2024,10.1055/a-2296-5696,Endoscopy,included,DL/CV em endoscopia com achado do trato GI alto.,PubMed/S3,sim
PubMed,S3,"PubMed S3 — Lesões, anormalidades e pólipos gástricos",pmid_36467700,A deep learning based framework for the classification of multi- class capsule gastroscope image in gastroenterologic diagnosis,"Xiao P, Pan Y, Cai F, Tu H, Liu J, Yang X, Liang H, Zou X, Yang L, Duan J, Xv L, Feng L, Liu Z, Qian Y, Meng Y, Du J, Mei X, Lou T, Yin X, Tan Z.",2022,10.3389/fphys.2022.1060591,Front Physiol,included,Visão computacional/DL aplicada a endoscopia digestiva alta (contexto: dataset/benchmark).,PubMed/S3; Web of Science/S1; Web of Science/S2,sim
PubMed,S3,"PubMed S3 — Lesões, anormalidades e pólipos gástricos",pmid_28412572,Quantitative analysis of patients with celiac disease by video capsule endoscopy: A deep learning method,"Zhou T, Han G, Li BN, Lin Z, Ciaccio EJ, Green PH, Qin J.",2017,10.1016/j.compbiomed.2017.03.031,Comput Biol Med,included,DL/CV em endoscopia com achado do trato GI alto.,PubMed/S3,sim
PubMed,S3,"PubMed S3 — Lesões, anormalidades e pólipos gástricos",pmid_31984630,Classification of stomach infections: A paradigm of convolutional neural network along with classical features fusion and selection,"Majid A, Khan MA, Yasmin M, Rehman A, Yousafzai A, Tariq U.",2020,10.1002/jemt.23447,Microsc Res Tech,included,DL/CV em endoscopia com achado do trato GI alto.,PubMed/S3,sim
PubMed,S3,"PubMed S3 — Lesões, anormalidades e pólipos gástricos",pmid_40309064,Artificial intelligence-assisted esophagogastroduodenoscopy improves procedure quality for endoscopists in early stages of training,"Chan SM, Chan D, Yip HC, Scheppach MW, Lam R, Ng SK, Ng EKW, Chiu PW.",2025,10.1055/a-2547-6645,Endosc Int Open,included,Visão computacional/DL aplicada a endoscopia digestiva alta.,PubMed/S3; Web of Science/S1; Web of Science/S2,sim
PubMed,S3,"PubMed S3 — Lesões, anormalidades e pólipos gástricos",pmid_34580155,Deep learning and capsule endoscopy: automatic identification and differentiation of small bowel lesions with distinct haemorrhagic potential using a convolutional neural network,"Mascarenhas Saraiva MJ, Afonso J, Ribeiro T, Ferreira J, Cardoso H, Andrade AP, Parente M, Natal R, Mascarenhas Saraiva M, Macedo G.",2021,10.1136/bmjgast-2021-000753,BMJ Open Gastroenterol,included,DL/CV em endoscopia com achado do trato GI alto.,PubMed/S3,sim
PubMed,S3,"PubMed S3 — Lesões, anormalidades e pólipos gástricos",pmid_32535191,Ulcer severity grading in video capsule images of patients with Crohn's disease: an ordinal neural network solution,"Barash Y, Azaria L, Soffer S, Margalit Yehuda R, Shlomi O, Ben-Horin S, Eliakim R, Klang E, Kopylov U.",2021,10.1016/j.gie.2020.05.066,Gastrointest Endosc,included,DL/CV em endoscopia com achado do trato GI alto.,PubMed/S3,sim
PubMed,S3,"PubMed S3 — Lesões, anormalidades e pólipos gástricos",pmid_31441972,Clinical usefulness of a deep learning-based system as the first screening on small-bowel capsule endoscopy reading,"Aoki T, Yamada A, Aoyama K, Saito H, Fujisawa G, Odawara N, Kondo R, Tsuboi A, Ishibashi R, Nakada A, Niikura R, Fujishiro M, Oka S, Ishihara S, Matsuda T, Nakahori M, Tanaka S, Koike K, Tada T.",2020,10.1111/den.13517,Dig Endosc,included,DL/CV em endoscopia com achado do trato GI alto.,PubMed/S3,sim
PubMed,S3,"PubMed S3 — Lesões, anormalidades e pólipos gástricos",pmid_32816967,Challenging detection of hard-to-find gastric cancers with artificial intelligence-assisted endoscopy,"Murakami D, Yamato M, Amano Y, Tada T.",2021,10.1136/gutjnl-2020-322453,Gut,included,"Título/keywords indicam DL/CV em endoscopia digestiva alta ou achado GI, mesmo sem abstract.",PubMed/S3,não
PubMed,S3,"PubMed S3 — Lesões, anormalidades e pólipos gástricos",pmid_41672109,Efficacy of artificial intelligence-assisted upper gastrointestinal endoscopy for neoplasm detection: a systematic review and meta-analysis of randomized controlled trials,"Al Hayek M, Barberio B, Al Hayek O, Rugge M, Di Pietro M, Nounou MV, Elhadi M, Savarino EV.",2026,10.1016/j.gie.2026.02.005,Gastrointest Endosc,included,Visão computacional/DL aplicada a endoscopia digestiva alta (contexto: dataset/benchmark).,PubMed/S3,sim
PubMed,S3,"PubMed S3 — Lesões, anormalidades e pólipos gástricos",pmid_34992675,Dictionary Learning-Based Ultrasound Image Combined with Gastroscope for Diagnosis of Helicobacter pylori-Caused Gastrointestinal Bleeding,"Diao Y, Zhang Z.",2021,10.1155/2021/6598631,Comput Math Methods Med,included,"Sinais ambíguos no abstract, mas recuperado por string forte (Pub-Med/S3) com filtro endoscopia alta + IA — confiável.",PubMed/S3,sim
PubMed,S3,"PubMed S3 — Lesões, anormalidades e pólipos gástricos",pmid_39962226,A unified framework harnessing multi-scale feature ensemble and attention mechanism for gastric polyp and protrusion identification in gastroscope imaging,"He C, Zhang J, Liang Y, Li H.",2025,10.1038/s41598-025-90034-y,Sci Rep,included,Visão computacional/DL aplicada a endoscopia digestiva alta (contexto: dataset/benchmark).,PubMed/S3; Web of Science/S1; Web of Science/S2; Web of Science/S3,sim
PubMed,S3,"PubMed S3 — Lesões, anormalidades e pólipos gástricos",pmid_31885680,Gastroscopic Panoramic View: Application to Automatic Polyps Detection under Gastroscopy,"Shi C, Xue Y, Jiang C, Tian H, Liu B.",2019,10.1155/2019/4393124,Comput Math Methods Med,included,Visão computacional/DL aplicada a endoscopia digestiva alta.,PubMed/S3; Web of Science/S1; Web of Science/S2; Web of Science/S3,sim
PubMed,S3,"PubMed S3 — Lesões, anormalidades e pólipos gástricos",pmid_41345528,Artificial intelligence assistance narrows the experience gap in endoscopic reporting of gastric lesions: a prospective clinical trial,"You H, Tao X, Dong Z, Li Y, Huang L, Li J, Du H, Deng M, Wu Z, Tan X, Yang T, Liu J, Yu H.",2026,10.1007/s00464-025-12410-z,Surg Endosc,included,Visão computacional/DL aplicada a endoscopia digestiva alta.,PubMed/S3; Springer Nature Link/S2,sim
PubMed,S3,"PubMed S3 — Lesões, anormalidades e pólipos gástricos",pmid_23401224,Robotic-assisted enucleation of a large lower esophageal leiomyoma and review of literature,"Khalaileh A, Savetsky I, Adileh M, Elazary R, Abu-Gazala M, Abu Gazala S, Schlager A, Rivkind A, Mintz Y.",2013,10.1002/rcs.1484,Int J Med Robot,included,"Sinais ambíguos no abstract, mas recuperado por string forte (Pub-Med/S3) com filtro endoscopia alta + IA — confiável.",PubMed/S3,sim
PubMed,S3,"PubMed S3 — Lesões, anormalidades e pólipos gástricos",pmid_33429441,Evaluation of the effects of an artificial intelligence system on endoscopy quality and preliminary testing of its performance in detecting early gastric cancer: a randomized controlled trial,"Wu L, He X, Liu M, Xie H, An P, Zhang J, Zhang H, Ai Y, Tong Q, Guo M, Huang M, Ge C, Yang Z, Yuan J, Liu J, Zhou W, Jiang X, Huang X, Mu G, Wan X, Li Y, Wang H, Wang Y, Zhang H, Chen D, Gong D, Wang J, Huang L, Li J, Yao L, Zhu Y, Yu H.",2021,10.1055/a-1350-5583,Endoscopy,included,Visão computacional/DL aplicada a endoscopia digestiva alta.,PubMed/S3; Web of Science/S2,sim
PubMed,S3,"PubMed S3 — Lesões, anormalidades e pólipos gástricos",pmid_34530755,Prediction of serosal invasion in gastric cancer: development and validation of multivariate models integrating preoperative clinicopathological features and radiographic findings based on late arterial phase CT images,"Liu S, Xu M, Qiao X, Ji C, Li L, Zhou Z.",2021,10.1186/s12885-021-08672-0,BMC Cancer,included,DL/CV em endoscopia com achado do trato GI alto.,PubMed/S3,sim
PubMed,S3,"PubMed S3 — Lesões, anormalidades e pólipos gástricos",pmid_37792985,Evidence review for diagnostic accuracy of endoscopic surveillance techniques: Barrett’s oesophagus and stage 1 oesophageal adenocarcinoma: Evidence review D,,2023,,Evidence review for diagnostic accuracy of endoscopic surveillance techniques: Barrett’s oesophagus and stage 1 oesophageal adenocarcinoma: Evidence review D,included,Título/keywords indicam endoscopia + achado GI alto; presume-se CAD/análise de imagem.,PubMed/S3,não
PubMed,S3,"PubMed S3 — Lesões, anormalidades e pólipos gástricos",pmid_39843600,A prospective and comparative study on improving the diagnostic accuracy of early gastric cancer based on deep convolutional neural network real-time diagnosis system (with video),"Feng J, Zhang Y, Feng Z, Ma H, Gou Y, Wang P, Feng Y, Wang X, Huang X.",2025,10.1007/s00464-025-11527-5,Surg Endosc,included,DL/CV em endoscopia com achado do trato GI alto.,PubMed/S3; Springer Nature Link/S1; Springer Nature Link/S2; Web of Science/S1; Web of Science/S2,sim
PubMed,S3,"PubMed S3 — Lesões, anormalidades e pólipos gástricos",pmid_38525848,An artificial intelligence-based diagnostic imaging system with virtual enteroscopy and virtual unfolded views to evaluate small bowel lesions in Crohn's disease,"Furukawa K, Oda M, Watanabe O, Nakamura M, Yamamura T, Maeda K, Mori K, Kawashima H.",2025,10.17235/reed.2024.10405/2024,Rev Esp Enferm Dig,included,DL/CV em endoscopia com achado do trato GI alto.,PubMed/S3,sim
PubMed,S3,"PubMed S3 — Lesões, anormalidades e pólipos gástricos",pmid_31645019,A systematic evaluation and optimization of automatic detection of ulcers in wireless capsule endoscopy on a large dataset using deep convolutional neural networks,"Wang S, Xing Y, Zhang L, Gao H, Zhang H.",2019,10.1088/1361-6560/ab5086,Phys Med Biol,included,Visão computacional/DL aplicada a endoscopia digestiva alta (contexto: dataset/benchmark).,PubMed/S3; Web of Science/S1; Web of Science/S2,sim
PubMed,S3,"PubMed S3 — Lesões, anormalidades e pólipos gástricos",pmid_34933360,Multimodal imaging for detection and segmentation of Barrett's esophagus-related neoplasia using artificial intelligence,"Ebigbo A, Mendel R, Probst A, Meinikheim M, Byrne MF, Messmann H, Palm C.",2022,10.1055/a-1704-7885,Endoscopy,included,"Título/keywords indicam DL/CV em endoscopia digestiva alta ou achado GI, mesmo sem abstract.",PubMed/S3,não
PubMed,S3,"PubMed S3 — Lesões, anormalidades e pólipos gástricos",pmid_39477026,A High-Resolution Microendoscope Improves Esophageal Cancer Screening and Surveillance: Implications for Underserved Global Settings Based on an International Randomized Controlled Trial,"Tan MC, Li Z, Patel KK, Zhang F, Yu X, Wang X, Rosen DG, Dawsey SM, Xue L, Hur C, Schwarz RA, Vohra I, Tang Y, Wu M, Wang T, Carns J, Xu H, Richards-Kortum RR, Wang G, Anandasabapathy S.",2025,10.1053/j.gastro.2024.10.025,Gastroenterology,included,DL/CV em endoscopia com achado do trato GI alto.,PubMed/S3,sim
PubMed,S3,"PubMed S3 — Lesões, anormalidades e pólipos gástricos",pmid_22723184,Endoscopic submucosal dissection of gastric lesions by using a master and slave transluminal endoscopic robot: an animal survival study,"Wang Z, Phee SJ, Lomanto D, Goel R, Rebala P, Sun ZL, Trasti S, Reddy N, Wong JY, Ho KY.",2012,10.1055/s-0032-1309404,Endoscopy,included,Visão computacional/DL aplicada a endoscopia digestiva alta.,PubMed/S3,sim
PubMed,S3,"PubMed S3 — Lesões, anormalidades e pólipos gástricos",pmid_24848524,A systematic review of transanal minimally invasive surgery (TAMIS) from 2010 to 2013,"Martin-Perez B, Andrade-Ribeiro GD, Hunter L, Atallah S.",2014,10.1007/s10151-014-1148-6,Tech Coloproctol,included,DL/CV em endoscopia com achado do trato GI alto.,PubMed/S3,sim
PubMed,S3,"PubMed S3 — Lesões, anormalidades e pólipos gástricos",pmid_34143290,Endoscopic submucosal dissection using a detachable assistant robot: a comparative in vivo feasibility study (with video),"Kim SH, Kim BG, Choi HS, Hong D, Jang SH, Hong K, Choi JW, Kim SH, Lee JM, Kim ES, Keum B, Jeen YT, Lee HS, Chun HJ.",2021,10.1007/s00464-021-08510-1,Surg Endosc,included,"Sinais ambíguos no abstract, mas recuperado por string forte (Pub-Med/S3) com filtro endoscopia alta + IA — confiável.",PubMed/S3,sim
PubMed,S3,"PubMed S3 — Lesões, anormalidades e pólipos gástricos",pmid_32735947,Prospective development and validation of a volumetric laser endomicroscopy computer algorithm for detection of Barrett's neoplasia,"Struyvenberg MR, de Groof AJ, Fonollà R, van der Sommen F, de With PHN, Schoon EJ, Weusten BLAM, Leggett CL, Kahn A, Trindade AJ, Ganguly EK, Konda VJA, Lightdale CJ, Pleskow DK, Sethi A, Smith MS, Wallace MB, Wolfsen HC, Tearney GJ, Meijer SL, Vieth M, Pouw RE, Curvers WL, Bergman JJ.",2021,10.1016/j.gie.2020.07.052,Gastrointest Endosc,included,DL/CV aplicado a achados do trato GI alto — presume-se imagens endoscópicas/histopatológicas.,PubMed/S3,sim
PubMed,S3,"PubMed S3 — Lesões, anormalidades e pólipos gástricos",pmid_41731139,Influence of sex differences among endoscopists in gastric cancer and precancerous condition detection rate during EGD in the artificial intelligence era: a retrospective study,"Zhu Y, Huang L, Gong D, Dong Z, Zhang C, Wang J, Tao X, Wan P, Wu L, Zhang Y.",2026,10.1007/s00464-026-12660-5,Surg Endosc,included,Visão computacional/DL aplicada a endoscopia digestiva alta.,PubMed/S3; Springer Nature Link/S2; Web of Science/S2,sim
PubMed,S3,"PubMed S3 — Lesões, anormalidades e pólipos gástricos",pmid_41944487,"Magnetically controlled capsule endoscopy: Innovations, standardized practice, and emerging clinical roles","Jiang X, He C, Qiu X, Chen Y, Zhou W, Li Z, Liao Z.",2026,10.14309/ctg.0000000000001034,Clin Transl Gastroenterol,included,Visão computacional/DL aplicada a endoscopia digestiva alta.,PubMed/S3,sim
PubMed,S3,"PubMed S3 — Lesões, anormalidades e pólipos gástricos",pmid_31065371,The Argos project: The development of a computer-aided detection system to improve detection of Barrett's neoplasia on white light endoscopy,"de Groof J, van der Sommen F, van der Putten J, Struyvenberg MR, Zinger S, Curvers WL, Pech O, Meining A, Neuhaus H, Bisschops R, Schoon EJ, de With PH, Bergman JJ.",2019,10.1177/2050640619837443,United European Gastroenterol J,included,DL/CV em endoscopia com achado do trato GI alto.,PubMed/S3,sim
PubMed,S3,"PubMed S3 — Lesões, anormalidades e pólipos gástricos",pmid_31309632,Validity of endoscopic features for the diagnosis of Helicobacter pylori infection status based on the Kyoto classification of gastritis,"Yoshii S, Mabe K, Watano K, Ohno M, Matsumoto M, Ono S, Kudo T, Nojima M, Kato M, Sakamoto N.",2020,10.1111/den.13486,Dig Endosc,included,DL/CV em endoscopia com achado do trato GI alto.,PubMed/S3; Web of Science/S3,sim
PubMed,S3,"PubMed S3 — Lesões, anormalidades e pólipos gástricos",pmid_25226971,A non-invasive navigation system for retargeting gastroscopic lesions,"Liu J, Wang B, Hu W, Zong Y, Si J, Duan H.",2014,10.3233/BME-141084,Biomed Mater Eng,included,"Sinais ambíguos no abstract, mas recuperado por string forte (Pub-Med/S3) com filtro endoscopia alta + IA — confiável.",PubMed/S3,sim
PubMed,S3,"PubMed S3 — Lesões, anormalidades e pólipos gástricos",pmid_34673667,A Simple Risk Scoring System for Predicting the Occurrence of Aspiration Pneumonia After Gastric Endoscopic Submucosal Dissection,"Park K, Kim NY, Kim KJ, Oh C, Chae D, Kim SY.",2022,10.1213/ANE.0000000000005779,Anesth Analg,included,Visão computacional/DL aplicada a endoscopia digestiva alta (contexto: dataset/benchmark).,PubMed/S3,sim
PubMed,S3,"PubMed S3 — Lesões, anormalidades e pólipos gástricos",pmid_21592915,Detection of small bowel polyps and ulcers in wireless capsule endoscopy videos,"Karargyris A, Bourbakis N.",2011,10.1109/TBME.2011.2155064,IEEE Trans Biomed Eng,included,"Sinais ambíguos no abstract, mas recuperado por string forte (Pub-Med/S3) com filtro endoscopia alta + IA — confiável.",PubMed/S3,sim
PubMed,S3,"PubMed S3 — Lesões, anormalidades e pólipos gástricos",pmid_24633833,Robotic transanal minimally invasive surgery for local excision of rectal neoplasms,"Hompes R, Rauh SM, Ris F, Tuynman JB, Mortensen NJ.",2014,10.1002/bjs.9454,Br J Surg,included,"Endoscopia sem CV explícito no abstract, mas recuperado por string forte (Pub-Med/S3) que filtra IA/DL — confiável.",PubMed/S3,sim
PubMed,S3,"PubMed S3 — Lesões, anormalidades e pólipos gástricos",pmid_38443502,Da Vinci robot-assisted endoscopic full-thickness gastric resection with regional lymph node dissection using a 3D near-infrared video system: a single-center 5-year clinical outcome,"Lee AY, Kim MC, Cho S, Yoo IK, Kim YM, Lee TH, Seo JY, Kim SH, Cho JY.",2024,10.1007/s00464-024-10722-0,Surg Endosc,included,"Sinais ambíguos no abstract, mas recuperado por string forte (Pub-Med/S3) com filtro endoscopia alta + IA — confiável.",PubMed/S3,sim
PubMed,S3,"PubMed S3 — Lesões, anormalidades e pólipos gástricos",pmid_10691274,Development of a speech-based dialogue system for report dictation and machine control in the endoscopic laboratory,"Molnar B, Gergely J, Toth G, Pronai L, Zagoni T, Papik K, Tulassay Z.",2000,10.1055/s-2000-136,Endoscopy,included,"Sinais ambíguos no abstract, mas recuperado por string forte (Pub-Med/S3) com filtro endoscopia alta + IA — confiável.",PubMed/S3,sim
PubMed,S3,"PubMed S3 — Lesões, anormalidades e pólipos gástricos",pmid_28552126,Hue-texture-embedded region-based model for magnifying endoscopy with narrow-band imaging image segmentation based on visual features,"Liu X, Wang C, Bai J, Liao G, Zhao Y.",2017,10.1016/j.cmpb.2017.04.010,Comput Methods Programs Biomed,included,DL/CV em endoscopia com achado do trato GI alto.,PubMed/S3,sim
PubMed,S3,"PubMed S3 — Lesões, anormalidades e pólipos gástricos",pmid_38086415,Endoscopic submucosal dissection for a small high grade intraepithelial neoplasia in the hypopharynx detected incidentally by artificial intelligence,"Liu R, Yuan X, Liu S, Hu B.",2023,10.1055/a-2208-3412,Endoscopy,included,"Título/keywords indicam DL/CV em endoscopia digestiva alta ou achado GI, mesmo sem abstract.",PubMed/S3,não
PubMed,S3,"PubMed S3 — Lesões, anormalidades e pólipos gástricos",pmid_41692642,Deep learning for histopathological diagnosis of esophageal squamous cell carcinoma in biopsies: A multicenter analysis,"Xu G, Zhao J, Zhang H, Li M, Wang K, Zhang Y, Zhao L, Sun S, Liu C, Zhao J, Zhang W, Zhang X, Wang S, Yang L, Cui X, Zhong D, Li F.",2026,10.1016/j.dld.2026.01.230,Dig Liver Dis,included,DL/CV em endoscopia com achado do trato GI alto.,PubMed/S3,sim
PubMed,S3,"PubMed S3 — Lesões, anormalidades e pólipos gástricos",pmid_39850915,Multimodal artificial intelligence system for detecting a small esophageal high-grade squamous intraepithelial neoplasia: A case report,"Zhou Y, Liu RD, Gong H, Yuan XL, Hu B, Huang ZY.",2025,10.4253/wjge.v17.i1.101233,World J Gastrointest Endosc,included,Visão computacional/DL aplicada a endoscopia digestiva alta.,PubMed/S3; Web of Science/S2,sim
PubMed,S3,"PubMed S3 — Lesões, anormalidades e pólipos gástricos",pmid_27818583,Potential of hybrid adaptive filtering in inflammatory lesion detection from capsule endoscopy images,"Charisis VS, Hadjileontiadis LJ.",2016,10.3748/wjg.v22.i39.8641,World J Gastroenterol,included,DL/CV em endoscopia com achado do trato GI alto.,PubMed/S3,sim
PubMed,S3,"PubMed S3 — Lesões, anormalidades e pólipos gástricos",pmid_28757316,"Increased detection of Barrett's esophagus-associated neoplasia using wide-area trans-epithelial sampling: a multicenter, prospective, randomized trial","Vennalaganti PR, Kaul V, Wang KK, Falk GW, Shaheen NJ, Infantolino A, Johnson DA, Eisen G, Gerson LB, Smith MS, Iyer PG, Lightdale CJ, Schnoll-Sussman F, Gupta N, Gross SA, Abrams J, Haber GB, Chuttani R, Pleskow DK, Kothari S, Goldblum JR, Zhang Y, Sharma P.",2018,10.1016/j.gie.2017.07.039,Gastrointest Endosc,included,DL/CV aplicado a achados do trato GI alto — presume-se imagens endoscópicas/histopatológicas.,PubMed/S3,sim
PubMed,S3,"PubMed S3 — Lesões, anormalidades e pólipos gástricos",pmid_41456927,Artificial Intelligence for the Detection of Neoplastic Lesions During Upper Gastrointestinal Endoscopy: Diagnostic Performance and Future Directions,Kanesaka T.,2026,10.1111/den.70090,Dig Endosc,included,"Título/keywords indicam DL/CV em endoscopia digestiva alta ou achado GI, mesmo sem abstract.",PubMed/S3; Web of Science/S2,não
PubMed,S3,"PubMed S3 — Lesões, anormalidades e pólipos gástricos",pmid_32828453,Multi-stage domain-specific pretraining for improved detection and localization of Barrett's neoplasia: A comprehensive clinically validated study,"van der Putten J, de Groof J, Struyvenberg M, Boers T, Fockens K, Curvers W, Schoon E, Bergman J, van der Sommen F, de With PHN.",2020,10.1016/j.artmed.2020.101914,Artif Intell Med,included,DL/CV em endoscopia com achado do trato GI alto.,PubMed/S3,sim
PubMed,S3,"PubMed S3 — Lesões, anormalidades e pólipos gástricos",pmid_21097046,Abnormal pattern detection in Wireless Capsule Endoscopy images using nonlinear analysis in RGB color space,"Charisis V, Hadjileontiadis LJ, Liatsos CN, Mavrogiannis CC, Sergiadis GD.",2010,10.1109/IEMBS.2010.5627648,Annu Int Conf IEEE Eng Med Biol Soc,included,"Sinais ambíguos no abstract, mas recuperado por string forte (Pub-Med/S3) com filtro endoscopia alta + IA — confiável.",PubMed/S3,sim
PubMed,S3,"PubMed S3 — Lesões, anormalidades e pólipos gástricos",pmid_33068190,First clinical experience with single-port robotic transanal minimally invasive surgery (SP rTAMIS) for benign rectal neoplasms,"Marks JH, Kunkel E, Salem JF, Martin C, Anderson B, Agarwal S.",2021,10.1007/s10151-020-02358-8,Tech Coloproctol,included,"Endoscopia sem CV explícito no abstract, mas recuperado por string forte (Pub-Med/S3) que filtra IA/DL — confiável.",PubMed/S3,sim
PubMed,S3,"PubMed S3 — Lesões, anormalidades e pólipos gástricos",pmid_9577738,A comparative study of three variations of the learning vector quantizer in the discrimination of benign from malignant gastric cells,"Karakitsos P, Ioakim-Liossi A, Pouliakis A, Botsoli-Stergiou EM, Tzivras M, Archimandritis A, Kyrkou K.",1998,,Cytopathology,included,DL/CV aplicado a achados do trato GI alto — presume-se imagens endoscópicas/histopatológicas.,PubMed/S3,sim
PubMed,S3,"PubMed S3 — Lesões, anormalidades e pólipos gástricos",pmid_24633834,Robotic transanal minimally invasive surgery for local excision of rectal neoplasms (Br J Surg 2014; 101: 578-581),Atallah S.,2014,10.1002/bjs.9467,Br J Surg,included,Sem abstract; recuperado por string forte (Pub-Med/S3) que já restringe a endoscopia alta + IA/DL e exclui colorretal — confiável.,PubMed/S3,não
PubMed,S5,PubMed S5 — Datasets de endoscopia gástrica,pmid_35428854,Deep learning model for tongue cancer diagnosis using endoscopic images,"Heo J, Lim JH, Lee HR, Jang JY, Shin YS, Kim D, Lim JY, Park YM, Koh YW, Ahn SH, Chung EJ, Lee DY, Seok J, Kim CH.",2022,10.1038/s41598-022-10287-9,Sci Rep,included,"Sinais ambíguos no abstract, mas recuperado por string forte (Pub-Med/S5) com filtro endoscopia alta + IA — confiável.",PubMed/S5,sim
PubMed,S5,PubMed S5 — Datasets de endoscopia gástrica,pmid_35891145,EIEN: Endoscopic Image Enhancement Network Based on Retinex Theory,"An Z, Xu C, Qian K, Han J, Tan W, Wang D, Fang Q.",2022,10.3390/s22145464,Sensors (Basel),included,"Sinais ambíguos no abstract, mas recuperado por string forte (Pub-Med/S5) com filtro endoscopia alta + IA — confiável.",PubMed/S5,sim
PubMed,S5,PubMed S5 — Datasets de endoscopia gástrica,pmid_39255375,Dual-stage semantic segmentation of endoscopic surgical instruments,"Chen W, Wang K, Song X, Xie D, Li X, Islam M, Li C, Duan X.",2024,10.1002/mp.17397,Med Phys,included,"Sinais ambíguos no abstract, mas recuperado por string forte (Pub-Med/S5) com filtro endoscopia alta + IA — confiável.",PubMed/S5,sim
PubMed,S5,PubMed S5 — Datasets de endoscopia gástrica,pmid_38663349,A Swin transformer encoder-based StyleGAN for unbalanced endoscopic image enhancement,"Deng B, Zheng X, Chen X, Zhang M.",2024,10.1016/j.compbiomed.2024.108472,Comput Biol Med,included,DL/CV em endoscopia com achado do trato GI alto.,PubMed/S5; ScienceDirect/S8,sim
PubMed,S5,PubMed S5 — Datasets de endoscopia gástrica,pmid_38986351,Deep Bayesian active learning-to-rank with relative annotation for estimation of ulcerative colitis severity,"Kadota T, Hayashi H, Bise R, Tanaka K, Uchida S.",2024,10.1016/j.media.2024.103262,Med Image Anal,included,DL/CV em endoscopia com achado do trato GI alto.,PubMed/S5; ScienceDirect/S8,sim
PubMed,S5,PubMed S5 — Datasets de endoscopia gástrica,pmid_41932923,A High-Quality Endoscopic Image Dataset with Annotated Recurrent Laryngeal Nerve for AI-Assisted Thyroid Surgery,"Zheng H, Cui R, Gao J, Yan Q, Yang S, Liao Q, Hua S.",2026,10.1038/s41597-026-06961-6,Sci Data,included,"Sinais ambíguos no abstract, mas recuperado por string forte (Pub-Med/S5) com filtro endoscopia alta + IA — confiável.",PubMed/S5,sim
PubMed,S5,PubMed S5 — Datasets de endoscopia gástrica,pmid_40691412,Enhanced gastrointestinal disease classification using a convvit hybrid model on endoscopic images,Utku A.,2025,10.1007/s13246-025-01600-7,Phys Eng Sci Med,included,DL/CV em endoscopia com achado do trato GI alto.,PubMed/S5; Web of Science/S6,sim
PubMed,S5,PubMed S5 — Datasets de endoscopia gástrica,pmid_26890528,Computer-Aided Endoscopic Diagnosis Without Human-Specific Labeling,"Wang S, Cong Y, Fan H, Liu L, Li X, Yang Y, Tang Y, Zhao H, Yu H.",2016,10.1109/TBME.2016.2530141,IEEE Trans Biomed Eng,included,"Sinais ambíguos no abstract, mas recuperado por string forte (Pub-Med/S5) com filtro endoscopia alta + IA — confiável.",PubMed/S5,sim
ScienceDirect,S1,SD1 — gastroscopia + imagem/vídeo + DL/CNN,GUO2023105340,Closed-loop robust control of robotic flexible endoscopy with neural network-based lumen segmentation,Yuxin Guo; Xiaoxiao Wei; Zhen Deng; Xiaochun Zheng; Bingwei He; Jianwei Zhang,2023,https://doi.org/10.1016/j.bspc.2023.105340,Biomedical Signal Processing and Control,included,"Sinais ambíguos no abstract, mas recuperado por string forte (ScienceDirect/S1) com filtro endoscopia alta + IA — confiável.",ScienceDirect/S1,sim
ScienceDirect,S1,SD1 — gastroscopia + imagem/vídeo + DL/CNN,YAN2020104026,Intelligent diagnosis of gastric intestinal metaplasia based on convolutional neural network and limited number of endoscopic images,Tao Yan; Pak Kin Wong; I. Cheong Choi; Chi Man Vong; Hon Ho Yu,2020,https://doi.org/10.1016/j.compbiomed.2020.104026,Computers in Biology and Medicine,included,DL/CV em endoscopia com achado do trato GI alto.,ScienceDirect/S1; ScienceDirect/S2; ScienceDirect/S5,sim
ScienceDirect,S1,SD1 — gastroscopia + imagem/vídeo + DL/CNN,DESOUZA2018203,A survey on Barrett's esophagus analysis using machine learning,Luis A. de Souza; Christoph Palm; Robert Mendel; Christian Hook; Alanna Ebigbo; Andreas Probst; Helmut Messmann; Silke Weber; João P. Papa,2018,https://doi.org/10.1016/j.compbiomed.2018.03.014,Computers in Biology and Medicine,included,DL/CV em endoscopia com achado do trato GI alto.,ScienceDirect/S1; ScienceDirect/S2; ScienceDirect/S9,sim
ScienceDirect,S1,SD1 — gastroscopia + imagem/vídeo + DL/CNN,TRINH20191,On illumination-invariant variational optical flow for weakly textured scenes,Dinh-Hoan Trinh; Christian Daul,2019,https://doi.org/10.1016/j.cviu.2018.11.004,Computer Vision and Image Understanding,included,"Endoscopia sem CV explícito no abstract, mas recuperado por string forte (ScienceDirect/S1) que filtra IA/DL — confiável.",ScienceDirect/S1,sim
ScienceDirect,S1,SD1 — gastroscopia + imagem/vídeo + DL/CNN,GHOLAMI2021102782,Increasing the accuracy in the diagnosis of stomach cancer based on color and lint features of tongue,Elham Gholami; Seyed Reza Kamel Tabbakh; Maryam kheirabadi,2021,https://doi.org/10.1016/j.bspc.2021.102782,Biomedical Signal Processing and Control,included,DL/CV aplicado a achados do trato GI alto — presume-se imagens endoscópicas/histopatológicas.,ScienceDirect/S1; ScienceDirect/S2; ScienceDirect/S5,sim
ScienceDirect,S1,SD1 — gastroscopia + imagem/vídeo + DL/CNN,GOVINDHARAJ2026109646,Efficient gastric tumor detection from endoscopic images using trans-mapped learning models,I. Govindharaj; Gnanajeyaraman Rajaram; S. Ravichandran; J. Viswanath; R. Elankavi; J. Raja,2026,https://doi.org/10.1016/j.bspc.2026.109646,Biomedical Signal Processing and Control,included,"Sinais ambíguos no abstract, mas recuperado por string forte (ScienceDirect/S1) com filtro endoscopia alta + IA — confiável.",ScienceDirect/S1; ScienceDirect/S2; ScienceDirect/S5; ScienceDirect/S8,sim
ScienceDirect,S1,SD1 — gastroscopia + imagem/vídeo + DL/CNN,LI2024106454,The intelligent gastrointestinal metaplasia assessment based on deformable transformer with token merging,Zheng Li; Xiangwei Zheng; Yijun Mu; Mingzhe Zhang; Guanqun Liu,2024,https://doi.org/10.1016/j.bspc.2024.106454,Biomedical Signal Processing and Control,included,DL/CV em endoscopia com achado do trato GI alto.,ScienceDirect/S1,sim
ScienceDirect,S1,SD1 — gastroscopia + imagem/vídeo + DL/CNN,CANAKIS2021543,Endoscopic Advances for Gastric Neoplasia Detection,Andrew Canakis; Raymond Kim,2021,https://doi.org/10.1016/j.giec.2021.03.007,Gastrointestinal Endoscopy Clinics of North America,included,Título/keywords indicam endoscopia + achado GI alto; presume-se CAD/análise de imagem.,ScienceDirect/S1; ScienceDirect/S2; ScienceDirect/S5,não
ScienceDirect,S1,SD1 — gastroscopia + imagem/vídeo + DL/CNN,MA2023104200,Deep learning for classification and localization of early gastric cancer in endoscopic images,Lingyu Ma; Xiufeng Su; Liyong Ma; Xiaozhong Gao; Mingjian Sun,2023,https://doi.org/10.1016/j.bspc.2022.104200,Biomedical Signal Processing and Control,included,DL/CV em endoscopia com achado do trato GI alto.,ScienceDirect/S1; ScienceDirect/S2; ScienceDirect/S5; ScienceDirect/S8; Web of Science/S6,sim
ScienceDirect,S1,SD1 — gastroscopia + imagem/vídeo + DL/CNN,HUANG2025113,The application of artificial intelligence in upper gastrointestinal cancers,Xiaoying Huang; Minghao Qin; Mengjie Fang; Zipei Wang; Chaoen Hu; Tongyu Zhao; Zhuyuan Qin; Haishan Zhu; Ling Wu; Guowei Yu; Francesco De Cobelli; Xuebin Xie; Diego Palumbo; Jie Tian; Di Dong,2025,https://doi.org/10.1016/j.jncc.2024.12.006,Journal of the National Cancer Center,included,Visão computacional/DL aplicada a endoscopia digestiva alta.,ScienceDirect/S1; ScienceDirect/S10; ScienceDirect/S2; ScienceDirect/S3; ScienceDirect/S4; ScienceDirect/S5,sim
ScienceDirect,S1,SD1 — gastroscopia + imagem/vídeo + DL/CNN,2024367,Index,,2024,https://doi.org/10.1016/B978-0-323-95223-1.00035-7,Transpathology,included,Sem abstract; recuperado por string forte (ScienceDirect/S1) que já restringe a endoscopia alta + IA/DL e exclui colorretal — confiável.,ScienceDirect/S1; ScienceDirect/S2,não
ScienceDirect,S1,SD1 — gastroscopia + imagem/vídeo + DL/CNN,YUAN2023101834,Development of a tongue image-based machine learning tool for the diagnosis of gastric cancer: a prospective multicentre clinical cohort study,Li Yuan; Lin Yang; Shichuan Zhang; Zhiyuan Xu; Jiangjiang Qin; Yunfu Shi; Pengcheng Yu; Yi Wang; Zhehan Bao; Yuhang Xia; Jiancheng Sun; Weiyang He; Tianhui Chen; Xiaolei Chen; Can Hu; Yunlong Zhang; Changwu Dong; Ping Zhao; Yanan Wang; Nan Jiang; Bin Lv; Yingwei Xue; Baoping Jiao; Hongyu Gao; Kequn Chai; Jun Li; Hao Wang; Xibo Wang; Xiaoqing Guan; Xu Liu; Gang Zhao; Zhichao Zheng; Jie Yan; Haiyue Yu; Luchuan Chen; Zaisheng Ye; Huaqiang You; Yu Bao; Xi Cheng; Peizheng Zhao; Liang Wang; Wenting Zeng; Yanfei Tian; Ming Chen; You You; Guihong Yuan; Hua Ruan; Xiaole Gao; Jingli Xu; Handong Xu; Lingbin Du; Shengjie Zhang; Huanying Fu; Xiangdong Cheng,2023,https://doi.org/10.1016/j.eclinm.2023.101834,eClinicalMedicine,included,Visão computacional/DL aplicada a endoscopia digestiva alta.,ScienceDirect/S1; ScienceDirect/S2; ScienceDirect/S3; ScienceDirect/S4,sim
ScienceDirect,S1,SD1 — gastroscopia + imagem/vídeo + DL/CNN,MARY2023,Multi-class Classification of Gastrointestinal Diseases using Deep Learning Techniques,X. Anitha Mary; A. Peniel Winifred Raj; C. Suganthi Evangeline; T. Mary Neebha; Vinoth Babu Kumaravelu; P. Manimegalai,2023,https://doi.org/10.2174/18741207-v17-e230215-2022-HT27-3589-11,The Open Biomedical Engineering Journal,included,DL/CV em endoscopia com achado do trato GI alto.,ScienceDirect/S1; ScienceDirect/S2,sim
ScienceDirect,S1,SD1 — gastroscopia + imagem/vídeo + DL/CNN,SINNARASAN202641,Chapter 3 - Rise of machine learning applications in diagnosis and prognosis of gastric cancer: Imaging and omics data,Vigneshwar Suriya Prakash Sinnarasan; Dahrii Paul; Rajesh Das; Mujibur Rahman Sheikh; Amouda Vekatesan,2026,https://doi.org/10.1016/B978-0-443-44121-9.00008-1,Artificial Intelligence in Gastrointestinal Cancers,included,DL/CV aplicado a achados do trato GI alto — presume-se imagens endoscópicas/histopatológicas.,ScienceDirect/S1; ScienceDirect/S2; ScienceDirect/S3; ScienceDirect/S4; ScienceDirect/S5,sim
ScienceDirect,S1,SD1 — gastroscopia + imagem/vídeo + DL/CNN,WU2024538,Application of the convolution neural network in determining the depth of invasion of gastrointestinal cancer: a systematic review and meta-analysis,Ruo Wu; Kaiwen Qin; Yuxin Fang; Yuyuan Xu; Haonan Zhang; Wenhua Li; Xiaobei Luo; Zelong Han; Side Liu; Qingyuan Li,2024,https://doi.org/10.1016/j.gassur.2023.12.029,Journal of Gastrointestinal Surgery,included,DL/CV em endoscopia com achado do trato GI alto.,PubMed/S2; PubMed/S3; ScienceDirect/S1; ScienceDirect/S2,sim
ScienceDirect,S1,SD1 — gastroscopia + imagem/vídeo + DL/CNN,DILAGHI20221630,Systematic review and meta-analysis: Artificial intelligence for the diagnosis of gastric precancerous lesions and Helicobacter pylori infection,E. Dilaghi; E. Lahner; B. Annibale; G. Esposito,2022,https://doi.org/10.1016/j.dld.2022.03.007,Digestive and Liver Disease,included,DL/CV em endoscopia com achado do trato GI alto.,ScienceDirect/S1; ScienceDirect/S2,sim
ScienceDirect,S1,SD1 — gastroscopia + imagem/vídeo + DL/CNN,LI2024107751,Uncertainty-aware network for fine-grained and imbalanced reflux esophagitis grading,Xingcun Li; Qinghua Wu; Mi Wang; Kun Wu,2024,https://doi.org/10.1016/j.compbiomed.2023.107751,Computers in Biology and Medicine,included,DL/CV em endoscopia com achado do trato GI alto.,ScienceDirect/S1; ScienceDirect/S2; ScienceDirect/S3; ScienceDirect/S4; ScienceDirect/S8,sim
ScienceDirect,S1,SD1 — gastroscopia + imagem/vídeo + DL/CNN,CONTIBELLOCCHI2024S117,BOC.03.6: EUS-GUIDED GASTROENTEROSTOMY VERSUS ENTERAL STENTING FOR MALIGNANT GASTRIC OUTLET OBSTRUCTION: A PROPENSITY SCORE-MATCHED STUDY,M.C. Conti Bellocchi; E. Gasparini; S. Stigliano; L. Bernardoni; A. Gabbrielli; F.M. Di Matteo; S.F. Crinò,2024,https://doi.org/10.1016/S1590-8658(24)00385-2,Digestive and Liver Disease,included,Sem abstract; recuperado por string forte (ScienceDirect/S1) que já restringe a endoscopia alta + IA/DL e exclui colorretal — confiável.,ScienceDirect/S1; ScienceDirect/S2,não
ScienceDirect,S1,SD1 — gastroscopia + imagem/vídeo + DL/CNN,HUANG2025118041,Advances in Helicobacter pylori detection technology: From pathology-based to multi-omic based methods,Huishu Huang; Ying Li; Yuwei Wu; Xinyu Zhao; He Gao; Xinqiang Xie; Lei Wu; Hui Zhao; Longyan Li; Jumei Zhang; Moutong Chen; Qingping Wu,2025,https://doi.org/10.1016/j.trac.2024.118041,TrAC Trends in Analytical Chemistry,included,DL/CV aplicado a achados do trato GI alto — presume-se imagens endoscópicas/histopatológicas.,ScienceDirect/S1; ScienceDirect/S2; ScienceDirect/S5,sim
ScienceDirect,S1,SD1 — gastroscopia + imagem/vídeo + DL/CNN,TIANKANON2022AB228,CONVOLUTIONAL NEURAL NETWORK BASED ARTIFICAL INTELLIGENT TO PERFORM REAL-TIME SEMATIC SEGMENTATION ON GASTRIC INTESTINAL METAPLASIA,Kasenee Tiankanon; Rapat Pittayanon; Vitchaya Siripoppohn; Natee Faknak; Anapat Sanpavat; Nareumon Wisedopas; Peerapon Vateekul; Rungsun Rerknimitr,2022,https://doi.org/10.1016/j.gie.2022.04.582,Gastrointestinal Endoscopy,included,"Título/keywords indicam DL/CV em endoscopia digestiva alta ou achado GI, mesmo sem abstract.",ScienceDirect/S1; ScienceDirect/S2; ScienceDirect/S3; ScienceDirect/S4,não
ScienceDirect,S1,SD1 — gastroscopia + imagem/vídeo + DL/CNN,ZHU2024e35586,Data-driven rapid detection of Helicobacter pylori infection through machine learning with limited laboratory parameters in Chinese primary clinics,Shiben Zhu; Xinyi Tan; He Huang; Yi Zhou; Yang Liu,2024,https://doi.org/10.1016/j.heliyon.2024.e35586,Heliyon,included,DL/CV aplicado a achados do trato GI alto — presume-se imagens endoscópicas/histopatológicas.,ScienceDirect/S1; ScienceDirect/S2,sim
ScienceDirect,S1,SD1 — gastroscopia + imagem/vídeo + DL/CNN,DIAMANTIS2019192,Look-behind fully convolutional neural network for computer-aided endoscopy,Dimitrios E. Diamantis; Dimitris K. Iakovidis; Anastasios Koulaouzidis,2019,https://doi.org/10.1016/j.bspc.2018.12.005,Biomedical Signal Processing and Control,included,DL/CV em endoscopia com achado do trato GI alto.,ScienceDirect/S1,sim
ScienceDirect,S1,SD1 — gastroscopia + imagem/vídeo + DL/CNN,XIAO2020S-556,Su1247 FXR AGONIST TROPIFEXOR AMELIORATES CHOLESTATIC LIVER INJURY IN A NEONATAL PIGLET MODEL OF BILE DUCT LIGATION,YONGTAO XIAO; YANG LIU; XINBEI TIAN; WEI CAI,2020,https://doi.org/10.1016/S0016-5085(20)32095-3,Gastroenterology,included,Sem abstract; recuperado por string forte (ScienceDirect/S1) que já restringe a endoscopia alta + IA/DL e exclui colorretal — confiável.,ScienceDirect/S1,não
ScienceDirect,S1,SD1 — gastroscopia + imagem/vídeo + DL/CNN,HUANG2023106961,Deep polyp image enhancement using region of interest with paired supervision,Dongjin Huang; Jinhua Liu; Yongsheng Shi; Canlin Li; Wen Tang,2023,https://doi.org/10.1016/j.compbiomed.2023.106961,Computers in Biology and Medicine,included,"Sinais ambíguos no abstract, mas recuperado por string forte (ScienceDirect/S1) com filtro endoscopia alta + IA — confiável.",ScienceDirect/S1,sim
ScienceDirect,S1,SD1 — gastroscopia + imagem/vídeo + DL/CNN,HU20211333,Identifying early gastric cancer under magnifying narrow-band images with deep learning: a multicenter study,Hao Hu; Lixin Gong; Di Dong; Liang Zhu; Min Wang; Jie He; Lei Shu; Yiling Cai; Shilun Cai; Wei Su; Yunshi Zhong; Cong Li; Yongbei Zhu; Mengjie Fang; Lianzhen Zhong; Xin Yang; Pinghong Zhou; Jie Tian,2021,https://doi.org/10.1016/j.gie.2020.11.014,Gastrointestinal Endoscopy,included,DL/CV em endoscopia com achado do trato GI alto.,ScienceDirect/S1; ScienceDirect/S2; ScienceDirect/S5; Web of Science/S1,sim
ScienceDirect,S1,SD1 — gastroscopia + imagem/vídeo + DL/CNN,WAHEED2025107567,An ensemble approach of deep CNN models with Beta normalization aggregation for gastrointestinal disease detection,Zafran Waheed; Jinsong Gui; Kamran Amjad; Ikram Waheed; Sohaib Asif,2025,https://doi.org/10.1016/j.bspc.2025.107567,Biomedical Signal Processing and Control,included,DL/CV em endoscopia com achado do trato GI alto.,ScienceDirect/S1; ScienceDirect/S2; ScienceDirect/S8,sim
ScienceDirect,S1,SD1 — gastroscopia + imagem/vídeo + DL/CNN,JEONG2025110689,A lightweight YOLOv8-based model for gastric cancer detection,Seung-Won Jeong; Shabir Ahmad; Jae-Seoung Kim; Taegkeun Whangbo,2025,https://doi.org/10.1016/j.compbiomed.2025.110689,Computers in Biology and Medicine,included,DL/CV aplicado a achados do trato GI alto — presume-se imagens endoscópicas/histopatológicas.,ScienceDirect/S1; ScienceDirect/S2; ScienceDirect/S5; ScienceDirect/S6,sim
ScienceDirect,S1,SD1 — gastroscopia + imagem/vídeo + DL/CNN,XIA2025101286,GastritisMIL: An interpretable deep learning model for the comprehensive histological assessment of chronic gastritis,Kun Xia; Yihuang Hu; Shuntian Cai; Mengjie Lin; Mingzhi Lu; Huadong Lu; Yuhan Ye; Fenglian Lin; Liang Gao; Qingan Xia; Ruihua Tian; Weiping Lin; Lei Xie; Decheng Tan; Yapi Lu; Xunting Lin; Xiaoning Yang; Lingfeng Zhong; Lei Xu; Zhixin Zhang; Liansheng Wang; Jianlin Ren; Hongzhi Xu,2025,https://doi.org/10.1016/j.patter.2025.101286,Patterns,included,DL/CV em endoscopia com achado do trato GI alto.,ScienceDirect/S1; ScienceDirect/S2,sim
ScienceDirect,S1,SD1 — gastroscopia + imagem/vídeo + DL/CNN,ZHAO2024,Advanced Detection of Chronic Atrophic Gastritis Using High-Resolution Endoscopy and Semantic Web,Junyi Zhao; Yaxin Gao; Jinbao Li,2024,https://doi.org/10.4018/IJSWIS.352853,International Journal on Semantic Web and Information Systems,included,DL/CV em endoscopia com achado do trato GI alto.,ScienceDirect/S1; ScienceDirect/S2,sim
ScienceDirect,S1,SD1 — gastroscopia + imagem/vídeo + DL/CNN,TAI2019749,Upper gastrointestinal endoscopy: can we cut the cord?,Foong Way David Tai; Hey-Long Ching; Melissa F Hale; Mark E McAlindon,2019,https://doi.org/10.1016/S2468-1253(19)30262-6,The Lancet Gastroenterology & Hepatology,included,Título/keywords indicam endoscopia + achado GI alto; presume-se CAD/análise de imagem.,ScienceDirect/S1; ScienceDirect/S2; ScienceDirect/S3; ScienceDirect/S4,não
ScienceDirect,S1,SD1 — gastroscopia + imagem/vídeo + DL/CNN,ZHANG2025107891,An endoscopic images and diagnostic records based multimodal method for severity grading of gastric cancer,Xingyu Zhang; Xiangwei Zheng; Minghan Dong; Mingzhe Zhang,2025,https://doi.org/10.1016/j.bspc.2025.107891,Biomedical Signal Processing and Control,included,DL/CV em endoscopia com achado do trato GI alto.,ScienceDirect/S1; ScienceDirect/S2; ScienceDirect/S5,sim
ScienceDirect,S1,SD1 — gastroscopia + imagem/vídeo + DL/CNN,MARYA2024,GastroNet: A Custom Deep Learning Approach for Classification of Anomalies in Gastrointestinal Endoscopy Images,Anitha Mary. A.; Peniel Winifred Raj A.; C. Karthik; Aldrin Karunaharan,2024,https://doi.org/10.2174/1573405620666230906092310,Current Medical Imaging,included,DL/CV em endoscopia com achado do trato GI alto.,ScienceDirect/S1; ScienceDirect/S2; ScienceDirect/S8,sim
ScienceDirect,S1,SD1 — gastroscopia + imagem/vídeo + DL/CNN,LIGATO2024S118,BOC.03.7: A PRE-TRAINING MODEL FOR INTESTINAL METAPLASIA RECOGNITION IN THE GASTRIC CORPUS: PRELIMINARY DATA ANALYSIS,I. Ligato; G. De Magistris; E. Dilaghi; G. Cozza; A. Ciardiello; C. Voena; S. Giagu; B. Annibale; C. Napoli; G. Esposito,2024,https://doi.org/10.1016/S1590-8658(24)00386-4,Digestive and Liver Disease,included,Sem abstract; recuperado por string forte (ScienceDirect/S1) que já restringe a endoscopia alta + IA/DL e exclui colorretal — confiável.,ScienceDirect/S1; ScienceDirect/S2,não
ScienceDirect,S1,SD1 — gastroscopia + imagem/vídeo + DL/CNN,IKEHARA2019440,Analysis of factors related to poor outcome after e-learning training in endoscopic diagnosis of early gastric cancer using magnifying narrow-band imaging,Hisatomo Ikehara; Hisashi Doyama; Hiroyoshi Nakanishi; Waku Hatta; Takuji Gotoda; Hideki Ishikawa; Kenshi Yao,2019,https://doi.org/10.1016/j.gie.2019.04.230,Gastrointestinal Endoscopy,included,"Sinais ambíguos no abstract, mas recuperado por string forte (ScienceDirect/S1) com filtro endoscopia alta + IA — confiável.",ScienceDirect/S1; ScienceDirect/S2; ScienceDirect/S5,sim
ScienceDirect,S1,SD1 — gastroscopia + imagem/vídeo + DL/CNN,BALAN2026108766,DPC-Net: Dense Pyramid CAViaR Network for gastric cancer detection with lymph node segmentation using histopathological image,Santhosh Kumar Balan; Martin Margala; Prasun Chakrabarti; Mohammed Ali Hussain,2026,https://doi.org/10.1016/j.bspc.2025.108766,Biomedical Signal Processing and Control,included,DL/CV aplicado a achados do trato GI alto — presume-se imagens endoscópicas/histopatológicas.,ScienceDirect/S1; ScienceDirect/S2; ScienceDirect/S5,sim
ScienceDirect,S1,SD1 — gastroscopia + imagem/vídeo + DL/CNN,WU2020S-557,Su1341 A PROSPECTIVE RANDOMIZED TANDEM GASTROSCOPY STUDY OF LINKED COLOR IMAGING VS WHITE LIGHT IMAGING FOR DETECTION OF UPPER GASTROINTESTINAL LESIONS,Clement Wu; Namasivayam Vikneswaran; Christopher J. Khor; Kwong Ming Fock; Ngai Moh Law; James Weiquan Li; Lai Mun Wang; Tiing Leong Ang,2020,https://doi.org/10.1016/S0016-5085(20)32096-5,Gastroenterology,included,Título/keywords indicam endoscopia + achado GI alto; presume-se CAD/análise de imagem.,ScienceDirect/S1,não
ScienceDirect,S1,SD1 — gastroscopia + imagem/vídeo + DL/CNN,DENG2022e12431,Artificial intelligence applications in pathological diagnosis of gastric cancer,Yang Deng; Hang-Yu Qin; Yan-Yan Zhou; Hong-Hong Liu; Yong Jiang; Jian-Ping Liu; Ji Bao,2022,https://doi.org/10.1016/j.heliyon.2022.e12431,Heliyon,included,DL/CV em endoscopia com achado do trato GI alto.,ScienceDirect/S1; ScienceDirect/S2; ScienceDirect/S3; ScienceDirect/S4; ScienceDirect/S5,sim
ScienceDirect,S1,SD1 — gastroscopia + imagem/vídeo + DL/CNN,XU2021540,"Artificial intelligence in the diagnosis of gastric precancerous conditions by image-enhanced endoscopy: a multicenter, diagnostic study (with video)",Ming Xu; Wei Zhou; Lianlian Wu; Jun Zhang; Jing Wang; Ganggang Mu; Xu Huang; Yanxia Li; Jingping Yuan; Zhi Zeng; Yonggui Wang; Li Huang; Jun Liu; Honggang Yu,2021,https://doi.org/10.1016/j.gie.2021.03.013,Gastrointestinal Endoscopy,included,DL/CV em endoscopia com achado do trato GI alto.,ScienceDirect/S1; ScienceDirect/S2,sim
ScienceDirect,S1,SD1 — gastroscopia + imagem/vídeo + DL/CNN,EVERSON2021273,A clinically interpretable convolutional neural network for the real-time prediction of early squamous cell cancer of the esophagus: comparing diagnostic performance with a panel of expert European and Asian endoscopists,Martin A. Everson; Luis Garcia-Peraza-Herrera; Hsiu-Po Wang; Ching-Tai Lee; Chen-Shuan Chung; Ping-Hsin Hsieh; Chien-Chuan Chen; Cheng-Hao Tseng; Ming-Hung Hsu; Tom Vercauteren; Sebastien Ourselin; Sergey Kashin; Raf Bisschops; Oliver Pech; Laurence Lovat; Wen-Lun Wang; Rehan J. Haidry,2021,https://doi.org/10.1016/j.gie.2021.01.043,Gastrointestinal Endoscopy,included,DL/CV em endoscopia com achado do trato GI alto.,ScienceDirect/S1; ScienceDirect/S2,sim
ScienceDirect,S1,SD1 — gastroscopia + imagem/vídeo + DL/CNN,GUPTA2026163,"Chapter 9 - The role of artificial intelligence in gastric cancer diagnosis, prognosis, surgery and drug discovery",Manoj Kumar Gupta; G.L.N. Prasad; Ramakrishna Vadde,2026,https://doi.org/10.1016/B978-0-443-44121-9.00005-6,Artificial Intelligence in Gastrointestinal Cancers,included,DL/CV em endoscopia com achado do trato GI alto.,ScienceDirect/S1; ScienceDirect/S2; ScienceDirect/S5,sim
ScienceDirect,S1,SD1 — gastroscopia + imagem/vídeo + DL/CNN,LI2023102709,Robust endoscopic image mosaicking via fusion of multimodal estimation,Liang Li; Evangelos Mazomenos; James H. Chandler; Keith L. Obstein; Pietro Valdastri; Danail Stoyanov; Francisco Vasconcelos,2023,https://doi.org/10.1016/j.media.2022.102709,Medical Image Analysis,included,"Sinais ambíguos no abstract, mas recuperado por string forte (ScienceDirect/S1) com filtro endoscopia alta + IA — confiável.",ScienceDirect/S1,sim
ScienceDirect,S1,SD1 — gastroscopia + imagem/vídeo + DL/CNN,HE2026109620,Uncertain area correction and multi-scale consistency learning for semi-supervised endoscopic image segmentation,Dongzhi He; Jiaping Chen; Rui Zhang; Yu Liang; Yunqi Li,2026,https://doi.org/10.1016/j.bspc.2026.109620,Biomedical Signal Processing and Control,included,DL/CV em endoscopia com achado do trato GI alto.,ScienceDirect/S1; ScienceDirect/S8,sim
ScienceDirect,S1,SD1 — gastroscopia + imagem/vídeo + DL/CNN,LAMBIASE2024S118,BOC.03.8: TWO PUSHES MAY BE ENOUGH TO DIAGNOSE DEFECATION DISORDERS: A MODIFIED LONDON PROTOCOL TO PERFORM HIGH-DEFINITION ANORECTAL MANOMETRY,C. Lambiase; A. Grosso; R. Tedeschi; L. Cancelli; F. Rettura; A. Gargani; C. Comparato; J. Pugliese; N. De Bortoli; M. Bellini,2024,https://doi.org/10.1016/S1590-8658(24)00387-6,Digestive and Liver Disease,included,Sem abstract; recuperado por string forte (ScienceDirect/S1) que já restringe a endoscopia alta + IA/DL e exclui colorretal — confiável.,ScienceDirect/S1; ScienceDirect/S2,não
ScienceDirect,S2,SD2 — gastroscopia + imagem/vídeo + IA/ML,DIB2025100176,Eosinophilic esophagitis masquerading as steakhouse syndrome: A case report,Emanuel-Youssef Dib; Jessy Fadel; Karam Karam; Sarah Saleh; Houssein Chebbo; Elias Fiani,2025,https://doi.org/10.1016/j.hmedic.2025.100176,Medical Reports,included,"Sinais ambíguos no abstract, mas recuperado por string forte (ScienceDirect/S2) com filtro endoscopia alta + IA — confiável.",ScienceDirect/S2; ScienceDirect/S4,sim
ScienceDirect,S2,SD2 — gastroscopia + imagem/vídeo + IA/ML,GARCESDURAN2023483,Endoscopic diagnosis of H. pylori infection,Rodrigo Garcés-Durán; Joan Llach; Angella Da Fierno; Henry Córdova; Gloria Fernández-Esparrach,2023,https://doi.org/10.1016/j.gastre.2022.09.006,Gastroenterología y Hepatología (English Edition),included,"Sinais ambíguos no abstract, mas recuperado por string forte (ScienceDirect/S2) com filtro endoscopia alta + IA — confiável.",ScienceDirect/S2; ScienceDirect/S6; ScienceDirect/S9,sim
ScienceDirect,S2,SD2 — gastroscopia + imagem/vídeo + IA/ML,PHAN2020107391,Optical flow-based structure-from-motion for the reconstruction of epithelial surfaces,Tan-Binh Phan; Dinh-Hoan Trinh; Didier Wolf; Christian Daul,2020,https://doi.org/10.1016/j.patcog.2020.107391,Pattern Recognition,included,"Endoscopia sem CV explícito no abstract, mas recuperado por string forte (ScienceDirect/S2) que filtra IA/DL — confiável.",ScienceDirect/S2,sim
ScienceDirect,S2,SD2 — gastroscopia + imagem/vídeo + IA/ML,ZHENG2022110393,Contrast-enhanced CT based radiomics in the preoperative prediction of perineural invasion for patients with gastric cancer,Haoze Zheng; Qiao Zheng; Mengmeng Jiang; Ce Han; Jinling Yi; Yao Ai; Congying Xie; Xiance Jin,2022,https://doi.org/10.1016/j.ejrad.2022.110393,European Journal of Radiology,included,DL/CV aplicado a achados do trato GI alto — presume-se imagens endoscópicas/histopatológicas.,ScienceDirect/S2,sim
ScienceDirect,S2,SD2 — gastroscopia + imagem/vídeo + IA/ML,TIAN2025804,"Prospective, multicenter, self-controlled clinical trial on the effectiveness and safety of a cable-transmission magnetically controlled capsule endoscopy system for the examination of upper GI diseases (with video)",Yuan Tian; Shiyu Du; Hong Liu; Hang Yu; Ruxue Bai; Hui Su; Xinyue Guo; Yan He; Zhenmei Song; Yanming Chen; Qian Li; Jing Wang; Wenming Huang; Long Rong,2025,https://doi.org/10.1016/j.gie.2024.07.028,Gastrointestinal Endoscopy,included,Visão computacional/DL aplicada a endoscopia digestiva alta.,ScienceDirect/S2; ScienceDirect/S4; ScienceDirect/S6,sim
ScienceDirect,S2,SD2 — gastroscopia + imagem/vídeo + IA/ML,FUJITA2024533,From obscurity to prominence in the scope world,Taisuke Fujita; Linda S. Lee,2024,https://doi.org/10.1016/j.igie.2024.10.006,iGIE,included,Sem abstract; recuperado por string forte (ScienceDirect/S2) que já restringe a endoscopia alta + IA/DL e exclui colorretal — confiável.,ScienceDirect/S2,não
ScienceDirect,S2,SD2 — gastroscopia + imagem/vídeo + IA/ML,HTET2023AB771,IMPORTANCE OF HUMAN-MACHINE INTERACTION IN DETECTION OF BARRETT’S NEOPLASIA USING A NOVEL DEEP NEURAL NETWORK IN THE EVOLVING ERA OF ARTIFICIAL INTELLIGENCE,Hein Htet; Katie Siggens; Masahiro Saiko; Naoto Maeda; Gaius Longcroft-Wheaton; Sharmila Subramaniam; Asma Alkandari; Pete Basford; Fergus Chedgy; Kesavan Kandiah; Mohamed Abdelrahim; Pradeep Bhandari,2023,https://doi.org/10.1016/j.gie.2023.04.1262,Gastrointestinal Endoscopy,included,"Título/keywords indicam DL/CV em endoscopia digestiva alta ou achado GI, mesmo sem abstract.",ScienceDirect/S2,não
ScienceDirect,S2,SD2 — gastroscopia + imagem/vídeo + IA/ML,DIEHL2025345,Use of image-enhanced endoscopy to detect gastric premalignant lesions and early gastric cancer: time to leverage artificial intelligence to accomplish this task,David L. Diehl,2025,https://doi.org/10.1016/j.gie.2025.03.635,Gastrointestinal Endoscopy,included,"Título/keywords indicam DL/CV em endoscopia digestiva alta ou achado GI, mesmo sem abstract.",ScienceDirect/S2; ScienceDirect/S4,não
ScienceDirect,S2,SD2 — gastroscopia + imagem/vídeo + IA/ML,YUAN2023664,Artificial intelligence for detecting and delineating the extent of superficial esophageal squamous cell carcinoma and precancerous lesions under narrow-band imaging (with video),Xiang-Lei Yuan; Xian-Hui Zeng; Wei Liu; Yi Mou; Wan-Hong Zhang; Zheng-Duan Zhou; Xin Chen; Yan-Xing Hu; Bing Hu,2023,https://doi.org/10.1016/j.gie.2022.12.003,Gastrointestinal Endoscopy,included,DL/CV em endoscopia com achado do trato GI alto.,ScienceDirect/S2,sim
ScienceDirect,S3,SD3 — upper GI endoscopy + DL/CNN,ZHOU2024e35854,RETRACTED: Optimizing MobileNetV2 for improved accuracy in early gastric cancer detection based on dynamic pelican optimizer,Guoping Zhou; Qiyu He; Xiaoli Liu; Xinghua Kai; Weikang Cao; Junning Ding; Bufeng Zhuang; Shuhua Xu; Myo Thwin,2024,https://doi.org/10.1016/j.heliyon.2024.e35854,Heliyon,included,DL/CV aplicado a achados do trato GI alto — presume-se imagens endoscópicas/histopatológicas.,ScienceDirect/S3; ScienceDirect/S4,sim
ScienceDirect,S3,SD3 — upper GI endoscopy + DL/CNN,CHANDEL2026S-434,869 CONVENTIONAL VERSUS. ROBOTIC ENDOSCOPIC SLEEVE GASTROPLASTY,Vishal Chandel; Pichamol Jirapinyo; Christopher C. Thompson,2026,https://doi.org/10.1016/S0016-5085(26)01349-1,Gastroenterology,included,Sem abstract; recuperado por string forte (ScienceDirect/S3) que já restringe a endoscopia alta + IA/DL e exclui colorretal — confiável.,ScienceDirect/S3,não
ScienceDirect,S3,SD3 — upper GI endoscopy + DL/CNN,HU2025S35,ARTIFICIAL INTELLIGENCE-ASSISTED ENDOSCOPY SYSTEM FOR DIAGNOSING HELICOBACTER PYLORI INFECTION ON MUTLTI-INSTANCE LEARNING MODEL: A MULTICENTER STUDY,Yue Hu; Jianwei Xu; Liang Huang; Bin Lv,2025,https://doi.org/10.1016/j.gie.2025.03.064,Gastrointestinal Endoscopy,included,"Título/keywords indicam DL/CV em endoscopia digestiva alta ou achado GI, mesmo sem abstract.",ScienceDirect/S3; ScienceDirect/S4,não
ScienceDirect,S3,SD3 — upper GI endoscopy + DL/CNN,ZHANG2023199,A real-time interpretable artificial intelligence model for the cholangioscopic diagnosis of malignant biliary stricture (with videos),Xiang Zhang; Dehua Tang; Jin-Dong Zhou; Muhan Ni; Peng Yan; Zhenyu Zhang; Tao Yu; Qiang Zhan; Yonghua Shen; Lin Zhou; Ruhua Zheng; Xiaoping Zou; Bin Zhang; Wu-Jun Li; Lei Wang,2023,https://doi.org/10.1016/j.gie.2023.02.026,Gastrointestinal Endoscopy,included,"Sinais ambíguos no abstract, mas recuperado por string forte (ScienceDirect/S3) com filtro endoscopia alta + IA — confiável.",ScienceDirect/S3; ScienceDirect/S4,sim
ScienceDirect,S3,SD3 — upper GI endoscopy + DL/CNN,YI2023182,The application of machine learning and deep learning radiomics in the treatment of esophageal cancer,Jinling Yi; Yibo Wu; Boda Ning; Ji Zhang; Maksim Pleshkov; Ivan Tolmachev; Xiance Jin,2023,https://doi.org/10.1016/j.radmp.2023.10.009,Radiation Medicine and Protection,included,DL/CV aplicado a achados do trato GI alto — presume-se imagens endoscópicas/histopatológicas.,ScienceDirect/S3; ScienceDirect/S4,sim
ScienceDirect,S3,SD3 — upper GI endoscopy + DL/CNN,OHMORI2020301,Endoscopic detection and differentiation of esophageal lesions using a deep neural network,Masayasu Ohmori; Ryu Ishihara; Kazuharu Aoyama; Kentaro Nakagawa; Hiroyoshi Iwagami; Noriko Matsuura; Satoki Shichijo; Katsumi Yamamoto; Koji Nagaike; Masanori Nakahara; Takuya Inoue; Kenji Aoi; Hiroyuki Okada; Tomohiro Tada,2020,https://doi.org/10.1016/j.gie.2019.09.034,Gastrointestinal Endoscopy,included,DL/CV em endoscopia com achado do trato GI alto.,ScienceDirect/S3; ScienceDirect/S4,sim
ScienceDirect,S3,SD3 — upper GI endoscopy + DL/CNN,ZAMMIT20231455,Quantification of Celiac Disease Severity Using Video Capsule Endoscopy: A Comparison of Human Experts and Machine Learning Algorithms,Stefania Chetcuti Zammit; Mark E. McAlindon; Elliot Greenblatt; Michael Maker; Jenifer Siegelman; Daniel A. Leffler; Ozlem Yardibi; David Raunig; Terry Brown; Reena Sidhu,2023,https://doi.org/10.2174/1573405619666230123110957,Current Medical Imaging,included,DL/CV em endoscopia com achado do trato GI alto.,ScienceDirect/S3; ScienceDirect/S4,sim
ScienceDirect,S3,SD3 — upper GI endoscopy + DL/CNN,NAM2022258,"Deep learning model for diagnosing gastric mucosal lesions using endoscopic images: development, validation, and method comparison",Joon Yeul Nam; Hyung Jin Chung; Kyu Sung Choi; Hyuk Lee; Tae Jun Kim; Hosim Soh; Eun Ae Kang; Soo-Jeong Cho; Jong Chul Ye; Jong Pil Im; Sang Gyun Kim; Joo Sung Kim; Hyunsoo Chung; Jeong-Hoon Lee,2022,https://doi.org/10.1016/j.gie.2021.08.022,Gastrointestinal Endoscopy,included,DL/CV em endoscopia com achado do trato GI alto.,ScienceDirect/S3; ScienceDirect/S4,sim
ScienceDirect,S3,SD3 — upper GI endoscopy + DL/CNN,ZHENG2024102208,Endoscopic video aided identification method for gastric area,Xiangwei Zheng; Dejian Su; Xuanchi Chen; Mingzhe Zhang,2024,https://doi.org/10.1016/j.jksuci.2024.102208,Journal of King Saud University - Computer and Information Sciences,included,DL/CV em endoscopia com achado do trato GI alto.,ScienceDirect/S3; ScienceDirect/S4,sim
ScienceDirect,S3,SD3 — upper GI endoscopy + DL/CNN,TARAR2023S-717,Su1951 COVID-19 INFECTION RESULTED IN DELAYS FOR ENDOSCOPIC EVALUATION FOR NON-VARICEAL UPPER GASTROINTESTINAL BLEEDING,Zahid Ijaz Tarar; Umer Farooq; Hamza Ertugrul; Saad Saleem; Harleen Chela; Ebubekir Daglilar,2023,https://doi.org/10.1016/S0016-5085(23)02665-3,Gastroenterology,included,Título/keywords indicam endoscopia + achado GI alto; presume-se CAD/análise de imagem.,ScienceDirect/S3; ScienceDirect/S4,não
ScienceDirect,S3,SD3 — upper GI endoscopy + DL/CNN,QUON2026S-2575,Su1215 PREDICTING PROGRESSION OF GASTRIC PRECANCER WITH ARTIFICIAL INTELLIGENCE: A MACHINE LEARNING MODEL FOR RISK STRATIFICATION AND SURVEILLANCE TIMING,Cameron M. Quon; Susie Lee; Kristen Pang; Sean Lee; Nathan Kim; Grace Im; Jennifer Koh; Nara Lee; Gino In; Albert Han; Sang Hoon Ahn; Eunjung Lee; Stella Yoo; Andrew H. Kim; James L. Buxbaum,2026,https://doi.org/10.1016/S0016-5107(26)06034-7,Gastrointestinal Endoscopy,included,"Título/keywords indicam DL/CV em endoscopia digestiva alta ou achado GI, mesmo sem abstract.",ScienceDirect/S3; ScienceDirect/S4,não
ScienceDirect,S3,SD3 — upper GI endoscopy + DL/CNN,RAU2026S-434,868 YOUR MISSION: SAFE APPOSITION. DEVELOPMENT AND DEPLOYMENT OF AN EUS-GUIDED DRAINAGE COPILOT AI,Prashanth Rau; Matthew Marcello; Patrick D. Powers; Alessandro Colletta; Neil Patel; Subin Chirayath; Sarah Hyder; Jaroslav Zivny; Savant Mehta; Neil B. Marya,2026,https://doi.org/10.1016/S0016-5085(26)01348-X,Gastroenterology,included,Sem abstract; recuperado por string forte (ScienceDirect/S3) que já restringe a endoscopia alta + IA/DL e exclui colorretal — confiável.,ScienceDirect/S3,não
ScienceDirect,S3,SD3 — upper GI endoscopy + DL/CNN,OURA2020AB582,Tu1481 DEVELOPMENT AND EVALUATION OF DOUBLE CHECK SUPPORT SYSTEM USING ARTIFICIAL INTELLIGENCE IN ENDOSCOPIC SCREENING FOR GASTRIC CANCER,Hirotaka Oura; Tomoaki Matsumura; Tatsuya Kaneko; Mamoru Tokunaga; Yushi Imai; Tsubasa Oike; Yuya Yokoyama; Naoki Akizue; Yuki Ohta; Kenichiro Okimoto; Daisuke Maruoka; Makoto Arai; Mai Fujie; Kazuya Yamaguchi; Jun Kato; Naoya Kato,2020,https://doi.org/10.1016/j.gie.2020.03.3653,Gastrointestinal Endoscopy,included,"Título/keywords indicam DL/CV em endoscopia digestiva alta ou achado GI, mesmo sem abstract.",ScienceDirect/S3; ScienceDirect/S4,não
ScienceDirect,S3,SD3 — upper GI endoscopy + DL/CNN,BAPAYE2026S-434,683 ENDOSCOPIC FULL THICKNESS RESECTION FOR DUODENAL SUBEPITHELIAL LESIONS: STRETCHING THE LIMITS,Amol Bapaye; Amogh Chandrashekhar; Sanjana Bhagwat; Pawan Khatri; Yash Kanani,2026,https://doi.org/10.1016/S0016-5085(26)01345-4,Gastroenterology,included,Título/keywords indicam endoscopia + achado GI alto; presume-se CAD/análise de imagem.,ScienceDirect/S3,não
ScienceDirect,S3,SD3 — upper GI endoscopy + DL/CNN,TONOZUKA20221147,Artificial intelligence for routine esophagogastroduodenoscopy quality monitoring: Is the future right before our eyes?,Ryosuke Tonozuka; Ryota Niikura; Takao Itoi,2022,https://doi.org/10.1016/j.gie.2022.02.030,Gastrointestinal Endoscopy,included,"Título/keywords indicam DL/CV em endoscopia digestiva alta ou achado GI, mesmo sem abstract.",ScienceDirect/S3; ScienceDirect/S4,não
ScienceDirect,S3,SD3 — upper GI endoscopy + DL/CNN,KHAN2024106396,Multi-module attention-guided deep learning framework for precise gastrointestinal disease identification in endoscopic imagery,Sultan Daud Khan; Saleh Basalamah; Ahmed Lbath,2024,https://doi.org/10.1016/j.bspc.2024.106396,Biomedical Signal Processing and Control,included,DL/CV em endoscopia com achado do trato GI alto.,ScienceDirect/S3; ScienceDirect/S4,sim
ScienceDirect,S3,SD3 — upper GI endoscopy + DL/CNN,NAMIKAWA2019AB74,343 CAN ARTIFICIAL INTELLIGENCE-BASED DIAGNOSTIC SYSTEM PERFORM DIFFERENTIAL DIAGNOSIS OF GASTRIC CANCER AND GASTRIC ULCER?,Ken Namikawa; Toshiaki Hirasawa; Yohei Ikenoyama; Mitsuaki Ishioka; Atsuko Tamashiro; Sho Shiroma; Kaoru Nakano; Yoshitaka Tokai; Naoki Akazawa; Toshiyuki Yoshio; Tomohiro Tada; Junko Fujisaki,2019,https://doi.org/10.1016/j.gie.2019.04.047,Gastrointestinal Endoscopy,included,"Título/keywords indicam DL/CV em endoscopia digestiva alta ou achado GI, mesmo sem abstract.",ScienceDirect/S3; ScienceDirect/S4,não
ScienceDirect,S3,SD3 — upper GI endoscopy + DL/CNN,JAHMUNAH202382,"Endoscopy, video capsule endoscopy, and biopsy for automated celiac disease detection: A review",V. Jahmunah; Joel En Wei Koh; Vidya K. Sudarshan; U. Raghavendra; Anjan Gudigar; Shu Lih Oh; Hui Wen Loh; Oliver Faust; Prabal Datta Barua; Edward J. Ciaccio; U. Rajendra Acharya,2023,https://doi.org/10.1016/j.bbe.2022.12.002,Biocybernetics and Biomedical Engineering,included,DL/CV em endoscopia com achado do trato GI alto.,ScienceDirect/S3; ScienceDirect/S4,sim
ScienceDirect,S3,SD3 — upper GI endoscopy + DL/CNN,YE2025100264,Advanced NLP-driven predictive modeling for tailored treatment strategies in gastrointestinal cancer,Zhaojun Ye; Haibin Ban; Cuihua Li; Sufang Chen,2025,https://doi.org/10.1016/j.slast.2025.100264,SLAS Technology,included,DL/CV aplicado a achados do trato GI alto — presume-se imagens endoscópicas/histopatológicas.,ScienceDirect/S3; ScienceDirect/S4,sim
ScienceDirect,S3,SD3 — upper GI endoscopy + DL/CNN,HUANG2023107280,Class-Specific Distribution Alignment for semi-supervised medical image classification,Zhongzheng Huang; Jiawei Wu; Tao Wang; Zuoyong Li; Anastasia Ioannou,2023,https://doi.org/10.1016/j.compbiomed.2023.107280,Computers in Biology and Medicine,included,"Endoscopia com contribuição metodológica relevante (multilabel, desbalanceamento, explicabilidade ou artefatos).",ScienceDirect/S3; ScienceDirect/S4; ScienceDirect/S8,sim
ScienceDirect,S3,SD3 — upper GI endoscopy + DL/CNN,LEE2023S-718,Su1954 EVALUATION OF THE GASTRIC CANCER RISK WITH UPPER ENDOSCOPIC IMAGES: A CLOUD-COMPUTING TELEMEDICINE SERVICE BASED ON ARTIFICIAL INTELLIGENCE,Yi-Chia Lee; Tsung-Hsien Chiang; Yen-Ning Hsu; Min-Han Chen; Yi-Ru Chen; Jyh-Ming Liou; Han-Mo Chiu; Ming-Shiang Wu; Chu-Song Chen,2023,https://doi.org/10.1016/S0016-5085(23)02668-9,Gastroenterology,included,"Título/keywords indicam DL/CV em endoscopia digestiva alta ou achado GI, mesmo sem abstract.",ScienceDirect/S3; ScienceDirect/S4,não
ScienceDirect,S3,SD3 — upper GI endoscopy + DL/CNN,2023A12,Focus On...,,2023,https://doi.org/10.1016/S0016-5107(23)00335-8,Gastrointestinal Endoscopy,included,Sem abstract; recuperado por string forte (ScienceDirect/S3) que já restringe a endoscopia alta + IA/DL e exclui colorretal — confiável.,ScienceDirect/S3,não
ScienceDirect,S3,SD3 — upper GI endoscopy + DL/CNN,KADKHODAYAN2026S-434,685 PERMENANT GASTRO-GASTRIC ANASTAMOSIS IN ROUX-EN-Y GASTRIC BYPASS USING PARALLEL LUMEN APPOSING METAL STENTS AND SEPTOTOMY. A MULTICENTER CASE SERIES.,Kambiz S. Kadkhodayan; Muhammad K. Hasan; Zubair Khan; Carlos Bertran-Rodriguez; Abdul S. Mohammed; Mustafa A. Arain; Deepanshu Jain; Natalie D. Cosgrove; Maham Hayat; Dennis Yang; Shayan S. Irani,2026,https://doi.org/10.1016/S0016-5107(26)01278-2,Gastrointestinal Endoscopy,included,Sem abstract; recuperado por string forte (ScienceDirect/S3) que já restringe a endoscopia alta + IA/DL e exclui colorretal — confiável.,ScienceDirect/S3,não
ScienceDirect,S3,SD3 — upper GI endoscopy + DL/CNN,LUO20191645,"Real-time artificial intelligence for detection of upper gastrointestinal cancer by endoscopy: a multicentre, case-control, diagnostic study",Huiyan Luo; Guoliang Xu; Chaofeng Li; Longjun He; Linna Luo; Zixian Wang; Bingzhong Jing; Yishu Deng; Ying Jin; Yin Li; Bin Li; Wencheng Tan; Caisheng He; Sharvesh Raj Seeruttun; Qiubao Wu; Jun Huang; De-wang Huang; Bin Chen; Shao-bin Lin; Qin-ming Chen; Chu-ming Yuan; Hai-xin Chen; Heng-ying Pu; Feng Zhou; Yun He; Rui-hua Xu,2019,https://doi.org/10.1016/S1470-2045(19)30637-0,The Lancet Oncology,included,Visão computacional/DL aplicada a endoscopia digestiva alta (contexto: dataset/benchmark).,ScienceDirect/S3; ScienceDirect/S4,sim
ScienceDirect,S3,SD3 — upper GI endoscopy + DL/CNN,LI2026S-434,684 SUBMUCOSAL TUNNELED PIECEMEAL RESECTION OF A MASSIVE GASTROESOPHAGEAL JUNCTION LEIOMYOMA,David Li; Kaleb Bogale; Nabil Naureddin; David L. Carr-Locke; Mark Hanscom; Reem Sharaiha; Kartik Sampath; SriHari Mahadev,2026,https://doi.org/10.1016/S0016-5085(26)01346-6,Gastroenterology,included,Sem abstract; recuperado por string forte (ScienceDirect/S3) que já restringe a endoscopia alta + IA/DL e exclui colorretal — confiável.,ScienceDirect/S3,não
ScienceDirect,S3,SD3 — upper GI endoscopy + DL/CNN,TAMASHIRO2019AB654,Tu2006 EFFICACY OF ARTIFICIAL INTELLIGENCE USING CONVOLUTIONAL NEURAL NETWORKS IN THE DETECTION OF PHARYNGEAL CANCER,Atsuko Tamashiro; Toshiyuki Yoshio; Kazuharu Aoyama; Akiyoshi Ishiyama; Tomohiro Tsuchida; Junko Fujisaki; Tomohiro Tada,2019,https://doi.org/10.1016/j.gie.2019.03.1150,Gastrointestinal Endoscopy,included,Sem abstract; recuperado por string forte (ScienceDirect/S3) que já restringe a endoscopia alta + IA/DL e exclui colorretal — confiável.,ScienceDirect/S3; ScienceDirect/S4,não
ScienceDirect,S3,SD3 — upper GI endoscopy + DL/CNN,SHICHIJO2018AB271,Sa1970 APPLICATION OF CONVOLUTIONAL NEURAL NETWORKS IN THE DIAGNOSIS OF HELICOBACTER PYLORI INFECTION BASED ON ENDOSCOPIC IMAGES,Satoki Shichijo; Kazuharu Aoyama; Hirotoshi Takiyama; Takahide Shinagawa; Soichiro Ishihara; Keigo Matsuo; Tomohiro Tada,2018,https://doi.org/10.1016/j.gie.2018.04.1584,Gastrointestinal Endoscopy,included,"Título/keywords indicam DL/CV em endoscopia digestiva alta ou achado GI, mesmo sem abstract.",ScienceDirect/S3; ScienceDirect/S4,não
ScienceDirect,S3,SD3 — upper GI endoscopy + DL/CNN,TURAN20181861,Deep EndoVO: A recurrent convolutional neural network (RCNN) based visual odometry approach for endoscopic capsule robots,Mehmet Turan; Yasin Almalioglu; Helder Araujo; Ender Konukoglu; Metin Sitti,2018,https://doi.org/10.1016/j.neucom.2017.10.014,Neurocomputing,included,DL/CV em endoscopia com achado do trato GI alto.,ScienceDirect/S3; ScienceDirect/S4,sim
ScienceDirect,S3,SD3 — upper GI endoscopy + DL/CNN,FETZER2023S-1167,Tu1973 DIGITAL ENDOSCOPY PLATFORM WITH FULLY AUTOMATED ENDOSCOPIC VIDEO ACQUISTION,Jeffrey Fetzer; Nayantara Coelho-Prabhu; John League; Shivaram Poigai Arunachalam; Cadman L. Leggett,2023,https://doi.org/10.1016/S0016-5085(23)03691-0,Gastroenterology,included,Sem abstract; recuperado por string forte (ScienceDirect/S3) que já restringe a endoscopia alta + IA/DL e exclui colorretal — confiável.,ScienceDirect/S3,não
ScienceDirect,S3,SD3 — upper GI endoscopy + DL/CNN,BAPAYE2026S-434,683 ENDOSCOPIC FULL THICKNESS RESECTION FOR DUODENAL SUBEPITHELIAL LESIONS: STRETCHING THE LIMITS,Amol Bapaye; Amogh Chandrashekhar; Sanjana Bhagwat; Pawan Khatri; Yash Kanani,2026,https://doi.org/10.1016/S0016-5107(26)01276-9,Gastrointestinal Endoscopy,included,Título/keywords indicam endoscopia + achado GI alto; presume-se CAD/análise de imagem.,ScienceDirect/S3,não
ScienceDirect,S3,SD3 — upper GI endoscopy + DL/CNN,HOLZWANGER2023157,Improving Dysplasia Detection in Barrett's Esophagus,Erik A. Holzwanger; Alex Y. Liu; Prasad G. Iyer,2023,https://doi.org/10.1016/j.tige.2023.01.002,Techniques and Innovations in Gastrointestinal Endoscopy,included,"Sinais ambíguos no abstract, mas recuperado por string forte (ScienceDirect/S3) com filtro endoscopia alta + IA — confiável.",ScienceDirect/S3; ScienceDirect/S4,sim
ScienceDirect,S3,SD3 — upper GI endoscopy + DL/CNN,SANA2020103996,Artificial intelligence in celiac disease,Muhammad Khawar Sana; Zeshan M. Hussain; Pir Ahmad Shah; Muhammad Haisum Maqsood,2020,https://doi.org/10.1016/j.compbiomed.2020.103996,Computers in Biology and Medicine,included,DL/CV aplicado a achados do trato GI alto — presume-se imagens endoscópicas/histopatológicas.,ScienceDirect/S3; ScienceDirect/S4,sim
ScienceDirect,S3,SD3 — upper GI endoscopy + DL/CNN,GADERMAYR2018221,Automated classification of celiac disease during upper endoscopy: Status quo and quo vadis,M. Gadermayr; G. Wimmer; H. Kogler; A. Vécsei; D. Merhof; A. Uhl,2018,https://doi.org/10.1016/j.compbiomed.2018.04.020,Computers in Biology and Medicine,included,Visão computacional/DL aplicada a endoscopia digestiva alta.,ScienceDirect/S3; ScienceDirect/S4; Web of Science/S1,sim
ScienceDirect,S3,SD3 — upper GI endoscopy + DL/CNN,CHANDEL2026S-434,869 CONVENTIONAL VERSUS. ROBOTIC ENDOSCOPIC SLEEVE GASTROPLASTY,Vishal Chandel; Pichamol Jirapinyo; Christopher C. Thompson,2026,https://doi.org/10.1016/S0016-5107(26)01280-0,Gastrointestinal Endoscopy,included,Sem abstract; recuperado por string forte (ScienceDirect/S3) que já restringe a endoscopia alta + IA/DL e exclui colorretal — confiável.,ScienceDirect/S3,não
ScienceDirect,S3,SD3 — upper GI endoscopy + DL/CNN,OURA2021AB343,ID: 3526843 COMPUTER-AIDED DOUBLE-CHECKING SUPPORT SYSTEM FOR GASTRIC CANCER SCREENING,Hirotaka Oura; Tomoaki Matsumura; Mamoru Tokunaga; Tatsuya Kaneko; Naoki Akizue; Yuki Ohta; Kenichiro Okimoto; Makoto Arai; Jun Kato; Naoya Kato,2021,https://doi.org/10.1016/j.gie.2021.03.854,Gastrointestinal Endoscopy,included,Sem abstract; recuperado por string forte (ScienceDirect/S3) que já restringe a endoscopia alta + IA/DL e exclui colorretal — confiável.,ScienceDirect/S3; ScienceDirect/S4,não
ScienceDirect,S3,SD3 — upper GI endoscopy + DL/CNN,NATHANI2025319,Role of Artificial Intelligence in the Detection and Management of Premalignant and Malignant Lesions of the Esophagus and Stomach,Piyush Nathani; Prateek Sharma,2025,https://doi.org/10.1016/j.giec.2024.10.003,Gastrointestinal Endoscopy Clinics of North America,included,"Título/keywords indicam DL/CV em endoscopia digestiva alta ou achado GI, mesmo sem abstract.",ScienceDirect/S3; ScienceDirect/S4,não
ScienceDirect,S3,SD3 — upper GI endoscopy + DL/CNN,OURA2020AB49,501 DEVELOPMENT AND EVALUATION OF DOUBLE CHECK SUPPORT SYSTEM USING ARTIFICIAL INTELLIGENCE IN ENDOSCOPIC SCREENING FOR GASTRIC CANCER,Hirotaka Oura; Tomoaki Matsumura; Tatsuya Kaneko; Mamoru Tokunaga; Yushi Imai; Tsubasa Oike; Yuya Yokoyama; Naoki Akizue; Yuki Ohta; Kenichiro Okimoto; Daisuke Maruoka; Makoto Arai; Mai Fujie; Kazuya Yamaguchi; Jun Kato; Naoya Kato,2020,https://doi.org/10.1016/j.gie.2020.03.302,Gastrointestinal Endoscopy,included,"Título/keywords indicam DL/CV em endoscopia digestiva alta ou achado GI, mesmo sem abstract.",ScienceDirect/S3; ScienceDirect/S4,não
ScienceDirect,S3,SD3 — upper GI endoscopy + DL/CNN,SRINIVAS2020AB264,Sa2061 DEVELOPMENT OF AN ARTIFICIAL NETWORK TO IDENTIFY STANDARD ENDOSCOPIC LANDMARKS ON ESOPHAGOGASTRODUODENOSCOPIES PERFORMED IN ROUTINE CLINICAL PRACTICE,Shreyas Srinivas; Vahid Asadpour; Bechien U. Wu; Christine Yu; Sharon Koh; Elizabeth Dong; Karl Kwok,2020,https://doi.org/10.1016/j.gie.2020.03.1857,Gastrointestinal Endoscopy,included,Título/keywords indicam endoscopia + achado GI alto; presume-se CAD/análise de imagem.,ScienceDirect/S3; ScienceDirect/S4,não
ScienceDirect,S3,SD3 — upper GI endoscopy + DL/CNN,DUNSTERVILLE2023S-718,Su1953 SUPER-RESOLUTION ULTRASOUND IMAGING APPROACHES FOR THE STUDY OF INFLAMMATORY BOWEL DISEASE,Cecilia Dunsterville; Clotilde Vie; Jacob J. Broughton-Venner; Jipeng Yan; Alastair J. Brown; Meng-Xing Tang; Kevin G. Murphy,2023,https://doi.org/10.1016/S0016-5085(23)02667-7,Gastroenterology,included,Sem abstract; recuperado por string forte (ScienceDirect/S3) que já restringe a endoscopia alta + IA/DL e exclui colorretal — confiável.,ScienceDirect/S3; ScienceDirect/S4,não
ScienceDirect,S3,SD3 — upper GI endoscopy + DL/CNN,PHILLIPS2023S-1167,Tu1972 THE APPLICATION OF GENERATED ADVERSARIAL NETWORKS IN GASTROINTESTINAL ENDOSCOPY,Hannah Phillips; Jeffrey Fetzer; Nayantara Coelho-Prabhu; Kornpong Vantanasiri; Khushboo Gala; Raseen Tariq; Shivaram Poigai Arunachalam; Cadman L. Leggett,2023,https://doi.org/10.1016/S0016-5085(23)03690-9,Gastroenterology,included,Título/keywords indicam endoscopia + achado GI alto; presume-se CAD/análise de imagem.,ScienceDirect/S3,não
ScienceDirect,S3,SD3 — upper GI endoscopy + DL/CNN,LI2026S-434,684 SUBMUCOSAL TUNNELED PIECEMEAL RESECTION OF A MASSIVE GASTROESOPHAGEAL JUNCTION LEIOMYOMA,David Li; Kaleb Bogale; Nabil Naureddin; David L. Carr-Locke; Mark Hanscom; Reem Sharaiha; Kartik Sampath; SriHari Mahadev,2026,https://doi.org/10.1016/S0016-5107(26)01277-0,Gastrointestinal Endoscopy,included,Sem abstract; recuperado por string forte (ScienceDirect/S3) que já restringe a endoscopia alta + IA/DL e exclui colorretal — confiável.,ScienceDirect/S3,não
ScienceDirect,S3,SD3 — upper GI endoscopy + DL/CNN,QUON2026S-2575,Su1215 PREDICTING PROGRESSION OF GASTRIC PRECANCER WITH ARTIFICIAL INTELLIGENCE: A MACHINE LEARNING MODEL FOR RISK STRATIFICATION AND SURVEILLANCE TIMING,Cameron M. Quon; Susie Lee; Kristen Pang; Sean Lee; Nathan Kim; Grace Im; Jennifer Koh; Nara Lee; Gino In; Albert Han; Sang Hoon Ahn; Eunjung Lee; Stella Yoo; Andrew H. Kim; James L. Buxbaum,2026,https://doi.org/10.1016/S0016-5085(26)06103-2,Gastroenterology,included,"Título/keywords indicam DL/CV em endoscopia digestiva alta ou achado GI, mesmo sem abstract.",ScienceDirect/S3; ScienceDirect/S4,não
ScienceDirect,S3,SD3 — upper GI endoscopy + DL/CNN,MAGALHAES20251092,Using generative adversarial networks for endoscopic image augmentation of stomach precancerous lesions,Bruno Magalhães; Alexandre Neto; Eduarda Almeida; Diogo Libânio; Jéssica Chaves; Mário Dinis-Ribeiro; Miguel Coimbra; António Cunha,2025,https://doi.org/10.1016/j.procs.2025.02.216,Procedia Computer Science,included,DL/CV em endoscopia com achado do trato GI alto.,ScienceDirect/S3; ScienceDirect/S4,sim
ScienceDirect,S3,SD3 — upper GI endoscopy + DL/CNN,KADKHODAYAN2026S-434,685 PERMENANT GASTRO-GASTRIC ANASTAMOSIS IN ROUX-EN-Y GASTRIC BYPASS USING PARALLEL LUMEN APPOSING METAL STENTS AND SEPTOTOMY. A MULTICENTER CASE SERIES.,Kambiz S. Kadkhodayan; Muhammad K. Hasan; Zubair Khan; Carlos Bertran-Rodriguez; Abdul S. Mohammed; Mustafa A. Arain; Deepanshu Jain; Natalie D. Cosgrove; Maham Hayat; Dennis Yang; Shayan S. Irani,2026,https://doi.org/10.1016/S0016-5085(26)01347-8,Gastroenterology,included,Sem abstract; recuperado por string forte (ScienceDirect/S3) que já restringe a endoscopia alta + IA/DL e exclui colorretal — confiável.,ScienceDirect/S3,não
ScienceDirect,S3,SD3 — upper GI endoscopy + DL/CNN,XU2020AB623,Tu1568 PROSPECTIVE SURVEY COMPARISON OF ENDOSCOPIC IMAGE QUALITY BETWEEN HD-WHITE LIGHT ENDOSCOPY (HD-WLE) VS. GASTROSCOPE PROTOTYPE (GP): IMPLICATIONS FOR COST-EFFECTIVE GASTRIC CANCER SCREENING IN PREVALENT REGIONS,James C. Xu; Mark Benson; Tenzin Atruktsang; Zhanhai Li; Nyah Banik; Patrick Pfau; Anurag Soni; Mark Reichelderfer; Deepak V. Gopal,2020,https://doi.org/10.1016/j.gie.2020.03.3740,Gastrointestinal Endoscopy,included,Título/keywords indicam endoscopia + achado GI alto; presume-se CAD/análise de imagem.,ScienceDirect/S3,não
ScienceDirect,S3,SD3 — upper GI endoscopy + DL/CNN,YAO2025,Usefulness of artificial intelligence in diagnosing early gastric cancer using magnifying endoscopy with narrow-band imaging,Kenshi Yao; Shunpei Nishida; Masaki Miyaoka; Yoichiro Ono; Takao Kanemitsu; Kentaro Imamura; Satoshi Ishikawa; Rino Hasegawa; Shou Aso; Keisuke Takano; Shugo Oozono; Takayuki Hirase; Takashi Hisabe; Seiichiro Sakaguchi; Manabu Ichikawa; Hidetoshi Nishimura,2025,https://doi.org/10.1016/j.igie.2025.10.005,iGIE,included,Visão computacional/DL aplicada a endoscopia digestiva alta.,ScienceDirect/S3; ScienceDirect/S4,sim
ScienceDirect,S3,SD3 — upper GI endoscopy + DL/CNN,BAJHAIYA2023452,Deep learning–powered generation of artificial endoscopic images of GI tract ulcers,Deepak Bajhaiya; Sujatha Narayanan Unni; A.K. Koushik,2023,https://doi.org/10.1016/j.igie.2023.08.002,iGIE,included,DL/CV em endoscopia com achado do trato GI alto.,ScienceDirect/S3; ScienceDirect/S4,sim
ScienceDirect,S3,SD3 — upper GI endoscopy + DL/CNN,BANG2021,Use of Endoscopic Images in the Prediction of Submucosal Invasion of Gastric Neoplasms: Automated Deep Learning Model Development and Usability Study,Chang Seok Bang; Hyun Lim; Hae Min Jeong; Sung Hyeon Hwang,2021,https://doi.org/10.2196/25167,Journal of Medical Internet Research,included,DL/CV em endoscopia com achado do trato GI alto.,ScienceDirect/S3; ScienceDirect/S4,sim
ScienceDirect,S3,SD3 — upper GI endoscopy + DL/CNN,KATUKURI2026103544,Endo-Hepatology and Artificial Intelligence: New Avenues for Diagnosis and Intervention,Goutham Reddy Katukuri; Rakesh Kalapala,2026,https://doi.org/10.1016/j.jceh.2026.103544,Journal of Clinical and Experimental Hepatology,included,"Sinais ambíguos no abstract, mas recuperado por string forte (ScienceDirect/S3) com filtro endoscopia alta + IA — confiável.",ScienceDirect/S3; ScienceDirect/S4,sim
ScienceDirect,S3,SD3 — upper GI endoscopy + DL/CNN,EBIGBO2025396,Artificial Intelligence Applications in Image-Based Diagnosis of Early Esophageal and Gastric Neoplasms,Alanna Ebigbo; Helmut Messmann; Sung Hak Lee,2025,https://doi.org/10.1053/j.gastro.2025.01.253,Gastroenterology,included,Visão computacional/DL aplicada a endoscopia digestiva alta (contexto: dataset/benchmark).,ScienceDirect/S3; ScienceDirect/S4,sim
ScienceDirect,S3,SD3 — upper GI endoscopy + DL/CNN,WANG202383,Application of artificial intelligence for improving early detection and prediction of therapeutic outcomes for gastric cancer in the era of precision oncology,Zhe Wang; Yang Liu; Xing Niu,2023,https://doi.org/10.1016/j.semcancer.2023.04.009,Seminars in Cancer Biology,included,DL/CV em endoscopia com achado do trato GI alto.,ScienceDirect/S3; ScienceDirect/S4,sim
ScienceDirect,S3,SD3 — upper GI endoscopy + DL/CNN,RAU2026S-434,868 YOUR MISSION: SAFE APPOSITION. DEVELOPMENT AND DEPLOYMENT OF AN EUS-GUIDED DRAINAGE COPILOT AI,Prashanth Rau; Matthew Marcello; Patrick D. Powers; Alessandro Colletta; Neil Patel; Subin Chirayath; Sarah Hyder; Jaroslav Zivny; Savant Mehta; Neil B. Marya,2026,https://doi.org/10.1016/S0016-5107(26)01279-4,Gastrointestinal Endoscopy,included,Sem abstract; recuperado por string forte (ScienceDirect/S3) que já restringe a endoscopia alta + IA/DL e exclui colorretal — confiável.,ScienceDirect/S3,não
ScienceDirect,S3,SD3 — upper GI endoscopy + DL/CNN,SUGAWARA2024AB33,DEVELOPMENT OF AN AI-BASED ENDOSCOPIC EXAMINATION REVIEWING ASSISTANCE SYSTEM,Hideyuki Sugawara; Tomoyuki Koike; Katsuaki Kato; Takashi Chiba; Kiyotaka Asanuma; Waku Hatta; Kaname Uno; Naoki Asano; Tomohiro Tada; Atsushi Masamune,2024,https://doi.org/10.1016/j.gie.2024.04.698,Gastrointestinal Endoscopy,included,Sem abstract; recuperado por string forte (ScienceDirect/S3) que já restringe a endoscopia alta + IA/DL e exclui colorretal — confiável.,ScienceDirect/S3; ScienceDirect/S4,não
ScienceDirect,S3,SD3 — upper GI endoscopy + DL/CNN,HORIE201925,Diagnostic outcomes of esophageal cancer by artificial intelligence using convolutional neural networks,Yoshimasa Horie; Toshiyuki Yoshio; Kazuharu Aoyama; Shoichi Yoshimizu; Yusuke Horiuchi; Akiyoshi Ishiyama; Toshiaki Hirasawa; Tomohiro Tsuchida; Tsuyoshi Ozawa; Soichiro Ishihara; Youichi Kumagai; Mitsuhiro Fujishiro; Iruru Maetani; Junko Fujisaki; Tomohiro Tada,2019,https://doi.org/10.1016/j.gie.2018.07.037,Gastrointestinal Endoscopy,included,DL/CV em endoscopia com achado do trato GI alto.,ScienceDirect/S3; ScienceDirect/S4,sim
ScienceDirect,S3,SD3 — upper GI endoscopy + DL/CNN,ZHOU2024102803,"Efficacy of a real-time intelligent quality-control system for the detection of early upper gastrointestinal neoplasms: a multicentre, single-blinded, randomised controlled trial",Ruchen Zhou; Jing Liu; Chenchen Zhang; Yusha Zhao; Jingran Su; Qiong Niu; Chengxia Liu; Zhuang Guo; Zhenqin Cui; Xiaoqin Zhong; Weidong Zhao; Jing Li; Xiaodong Zhang; Hongyan Wang; Shidong Sun; Ruiguang Ma; Xinyu Chen; Xinyan Xu; Yiqing Zhu; Zhen Li; Xiuli Zuo; Yanqing Li,2024,https://doi.org/10.1016/j.eclinm.2024.102803,eClinicalMedicine,included,Visão computacional/DL aplicada a endoscopia digestiva alta.,ScienceDirect/S3; ScienceDirect/S4,sim
ScienceDirect,S3,SD3 — upper GI endoscopy + DL/CNN,EMURA2021AB187,ID: 3526254 A NOVEL DEEP LEARNING MODEL TO FACILITATE COMPLETE SYSTEMATIC PHOTODOCUMENTATION DURING UPPER GI ENDOSCOPY,Fabian Emura; Diego Bravo; Josué Ruano; José E. Fuentes; Ricardo Torres-Rincon; Omar Malaver; Eduardo Romero,2021,https://doi.org/10.1016/j.gie.2021.03.424,Gastrointestinal Endoscopy,included,"Título/keywords indicam DL/CV em endoscopia digestiva alta ou achado GI, mesmo sem abstract.",ScienceDirect/S3,não
ScienceDirect,S3,SD3 — upper GI endoscopy + DL/CNN,TARAR2023S-718,Su1952 VARICEAL BLEEDING WITH COVID-19 INFECTION RESULTED IN SIGNIFICANT DELAYS IN EGD,Zahid Ijaz Tarar; Umer Farooq; Hamza Ertugrul; Sahin Coban; Harleen Chela; Veysel Tahan; Ebubekir Daglilar,2023,https://doi.org/10.1016/S0016-5085(23)02666-5,Gastroenterology,included,Sem abstract; recuperado por string forte (ScienceDirect/S3) que já restringe a endoscopia alta + IA/DL e exclui colorretal — confiável.,ScienceDirect/S3; ScienceDirect/S4,não
ScienceDirect,S3,SD3 — upper GI endoscopy + DL/CNN,GULLO2021217,Chapter 9 - Updated perspective and directions on hereditary diffuse gastric cancer,Irene Gullo; Carla Oliveira; Rachel S. van der Post; Jolanda M. van Dieren; Jeremy L. Davis; Nicola Bougen-Zhukov; Parry Guilford; Fátima Carneiro,2021,https://doi.org/10.1016/B978-0-323-85563-1.00011-3,Research and Clinical Applications of Targeting Gastric Neoplasms,included,"Sinais ambíguos no abstract, mas recuperado por string forte (ScienceDirect/S3) com filtro endoscopia alta + IA — confiável.",ScienceDirect/S3,sim
ScienceDirect,S3,SD3 — upper GI endoscopy + DL/CNN,GAO202364,Fusion of colour contrasted images for early detection of oesophageal squamous cell dysplasia from endoscopic videos in real time,Xiaohong W. Gao; Stephen Taylor; Wei Pang; Rui Hui; Xin Lu; Barbara Braden,2023,https://doi.org/10.1016/j.inffus.2022.11.023,Information Fusion,included,DL/CV em endoscopia com achado do trato GI alto.,ScienceDirect/S3; ScienceDirect/S4,sim
ScienceDirect,S3,SD3 — upper GI endoscopy + DL/CNN,BANG20211006,Computer-aided diagnosis of esophageal cancer and neoplasms in endoscopic images: a systematic review and meta-analysis of diagnostic test accuracy,Chang Seok Bang; Jae Jun Lee; Gwang Ho Baik,2021,https://doi.org/10.1016/j.gie.2020.11.025,Gastrointestinal Endoscopy,included,DL/CV em endoscopia com achado do trato GI alto.,ScienceDirect/S3; ScienceDirect/S4,sim
ScienceDirect,S4,SD4 — upper GI endoscopy + IA/ML,JUNG2024603,Advanced Esophageal Endoscopy,Kyoungwon Jung; Rebecca M. Haug; Andrew Y. Wang,2024,https://doi.org/10.1016/j.gtc.2024.08.019,Gastroenterology Clinics of North America,included,Título/keywords indicam endoscopia + achado GI alto; presume-se CAD/análise de imagem.,ScienceDirect/S4,não
ScienceDirect,S4,SD4 — upper GI endoscopy + IA/ML,IWAYA2024622,Association between endoscopic evidence of bile reflux and Barrett's esophagus: A large-scale case-control study,Yugo Iwaya; Kenichi Goda; Satoko Kako; Honoka Hattori; Takayuki Miyazawa; Daichi Hara; Kenta Hashigami; Atsuhiro Hirayama; Takuma Okamura; Tadanobu Nagaya; Takeji Umemura,2024,https://doi.org/10.1016/j.dld.2023.11.042,Digestive and Liver Disease,included,"Sinais ambíguos no abstract, mas recuperado por string forte (ScienceDirect/S4) com filtro endoscopia alta + IA — confiável.",ScienceDirect/S4,sim
ScienceDirect,S4,SD4 — upper GI endoscopy + IA/ML,CIACCIO201228,Transformation of videocapsule images to detect small bowel mucosal differences in celiac versus control patients,Edward J. Ciaccio; Christina A. Tennyson; Govind Bhagat; Suzanne K. Lewis; Peter H.R. Green,2012,https://doi.org/10.1016/j.cmpb.2011.12.008,Computer Methods and Programs in Biomedicine,included,"Sinais ambíguos no abstract, mas recuperado por string forte (ScienceDirect/S4) com filtro endoscopia alta + IA — confiável.",ScienceDirect/S4,sim
ScienceDirect,S4,SD4 — upper GI endoscopy + IA/ML,YU20211344,Quantification of gastric sleeve stenosis using endoscopic parameters and image analysis,Jessica X. Yu; Russell D. Dolan; Sean Bhalla; Laura Mazer; Lydia Watts; Allison R. Schulman,2021,https://doi.org/10.1016/j.gie.2020.12.009,Gastrointestinal Endoscopy,included,"Sinais ambíguos no abstract, mas recuperado por string forte (ScienceDirect/S4) com filtro endoscopia alta + IA — confiável.",ScienceDirect/S4,sim
ScienceDirect,S4,SD4 — upper GI endoscopy + IA/ML,BRAGA20131123,Endoscopic Imaging Results: Web based Solution with Video Diffusion,Joel Braga; Isabel Laranjo; Domingos Assunção; Carla Rolanda; Luís Lopes; Jorge Correia-Pinto; Victor Alves,2013,https://doi.org/10.1016/j.protcy.2013.12.125,Procedia Technology,included,"Endoscopia sem CV explícito no abstract, mas recuperado por string forte (ScienceDirect/S4) que filtra IA/DL — confiável.",ScienceDirect/S4,sim
ScienceDirect,S4,SD4 — upper GI endoscopy + IA/ML,WANG2022AB238,ASSISTANT DIAGNOSIS SYSTEM OF GASTRIC NEOPLASM UNDER WHITE LIGHT ENDOSCOPY BASED ON ARTIFICIAL INTELLIGENCE,Junxiao Wang,2022,https://doi.org/10.1016/j.gie.2022.04.599,Gastrointestinal Endoscopy,included,"Título/keywords indicam DL/CV em endoscopia digestiva alta ou achado GI, mesmo sem abstract.",ScienceDirect/S4,não
ScienceDirect,S4,SD4 — upper GI endoscopy + IA/ML,RAMAKRISHNAN2024478,Esophageal varices detection and bleeding risk assessment with artificial intelligence: a systematic review,Rahul Ramakrishnan; Kevin Kuang; Vijay Rajput; Mark Benson; Sachin Mohan,2024,https://doi.org/10.1016/j.igie.2024.10.001,iGIE,included,Visão computacional/DL aplicada a endoscopia digestiva alta (contexto: dataset/benchmark).,ScienceDirect/S4,sim
ScienceDirect,S4,SD4 — upper GI endoscopy + IA/ML,HARTWYK2026S-2825,Tu1044 LONG TERM FOLLOW-UP OF A TRAUMATIC GASTROPLEURAL FISTULA WITH AN ASD OCCLUSION DEVICE: A CASE REPORT,Bradley Hartwyk; Frances Dang; John Lee; Robert Fearn,2026,https://doi.org/10.1016/S0016-5085(26)06691-6,Gastroenterology,included,Sem abstract; recuperado por string forte (ScienceDirect/S4) que já restringe a endoscopia alta + IA/DL e exclui colorretal — confiável.,ScienceDirect/S4,não
ScienceDirect,S4,SD4 — upper GI endoscopy + IA/ML,GAMBLE2022163,Surveillance and Surgical Considerations in Hereditary Diffuse Gastric Cancer,Lauren A. Gamble; Jeremy L. Davis,2022,https://doi.org/10.1016/j.giec.2021.08.009,Gastrointestinal Endoscopy Clinics of North America,included,Título/keywords indicam endoscopia + achado GI alto; presume-se CAD/análise de imagem.,ScienceDirect/S4,não
ScienceDirect,S4,SD4 — upper GI endoscopy + IA/ML,LLACH2025502468,Transoral outlet reduction for dumping syndrome after gastric bypass: A case series,Joan Llach; Lilliam Flores; Ana de Hollanda; Alba Andreu; Eduard Espinet-Coll; Gherzon Casanova; Maria Isabel Olivé; Eva Rivas; Ainitze Ibarzabal; Javier Osorio; Josep Vidal; Francesc Balaguer; Maria Pellisé,2025,https://doi.org/10.1016/j.gastre.2025.502468,Gastroenterología y Hepatología (English Edition),included,Sem abstract; recuperado por string forte (ScienceDirect/S4) que já restringe a endoscopia alta + IA/DL e exclui colorretal — confiável.,ScienceDirect/S4,não
ScienceDirect,S4,SD4 — upper GI endoscopy + IA/ML,TAO20241319,An artificial intelligence system for chronic atrophic gastritis diagnosis and risk stratification under white light endoscopy,Xiao Tao; Yijie Zhu; Zehua Dong; Li Huang; Renduo Shang; Hongliu Du; Junxiao Wang; Xiaoquan Zeng; Wen Wang; Jiamin Wang; Yanxia Li; Yunchao Deng; Lianlian Wu; Honggang Yu,2024,https://doi.org/10.1016/j.dld.2024.01.177,Digestive and Liver Disease,included,DL/CV em endoscopia com achado do trato GI alto.,ScienceDirect/S4,sim
ScienceDirect,S4,SD4 — upper GI endoscopy + IA/ML,2021A2,Contents,,2021,https://doi.org/10.1016/S0016-5107(21)00223-6,Gastrointestinal Endoscopy,included,Sem abstract; recuperado por string forte (ScienceDirect/S4) que já restringe a endoscopia alta + IA/DL e exclui colorretal — confiável.,ScienceDirect/S4,não
ScienceDirect,S4,SD4 — upper GI endoscopy + IA/ML,MUTHUSAMY202684,Indefinite for dysplasia in Barrett’s esophagus: definitely worth your attention,V. Raman Muthusamy,2026,https://doi.org/10.1016/j.gie.2025.06.024,Gastrointestinal Endoscopy,included,Sem abstract; recuperado por string forte (ScienceDirect/S4) que já restringe a endoscopia alta + IA/DL e exclui colorretal — confiável.,ScienceDirect/S4,não
ScienceDirect,S4,SD4 — upper GI endoscopy + IA/ML,BRUNA2026800279,Complex hiatus hernias. Diagnostic and therapeutic management recommendations,Marcos Bruna; María Asunción Acosta; Silvia Carbonell; Luis Gómez; Marian Mayo; Salvador Morales-Conde; Aitana Garcia-Tejero; Silvia Aguas; David Ruíz de Angulo; Vicente Munitiz; Luisa Martínez de Haro; Vanessa Concepción; Fernando Mingol; Miriam Menéndez; Gabriel Salcedo; Esteban Martín; Ana Senent; Alexis Luna; Dulce Momblán; Pablo Priego; María Posada; Purificación Parada; Rocío Pérez; Felipe Parreño; Coro Miranda; Carlos Loureiro; Lourdes Sanz; Mónica Miró,2026,https://doi.org/10.1016/j.cireng.2026.800279,Cirugía Española (English Edition),included,"Sinais ambíguos no abstract, mas recuperado por string forte (ScienceDirect/S4) com filtro endoscopia alta + IA — confiável.",ScienceDirect/S4,sim
ScienceDirect,S4,SD4 — upper GI endoscopy + IA/ML,HORIBE2020578,Horibe GI bleeding prediction score: a simple score for triage decision-making in patients with suspected upper GI bleeding,Masayasu Horibe; Eisuke Iwasaki; Fateh Bazerbachi; Tetsuji Kaneko; Juntaro Matsuzaki; Kazuhiro Minami; Tatsuhiro Masaoka; Naoki Hosoe; Yuki Ogura; Shin Namiki; Yasuo Hosoda; Haruhiko Ogata; Andrew T. Chan; Takanori Kanai,2020,https://doi.org/10.1016/j.gie.2020.03.3846,Gastrointestinal Endoscopy,included,"Sinais ambíguos no abstract, mas recuperado por string forte (ScienceDirect/S4) com filtro endoscopia alta + IA — confiável.",ScienceDirect/S4,sim
ScienceDirect,S4,SD4 — upper GI endoscopy + IA/ML,LLACH2025502468,Transoral outlet reduction for dumping syndrome after gastric bypass: A case series,Joan Llach; Lilliam Flores; Ana de Hollanda; Alba Andreu; Eduard Espinet-Coll; Gherzon Casanova; Maria Isabel Olivé; Eva Rivas; Ainitze Ibarzabal; Javier Osorio; Josep Vidal; Francesc Balaguer; Maria Pellisé,2025,https://doi.org/10.1016/j.gastrohep.2025.502468,Gastroenterología y Hepatología,included,Sem abstract; recuperado por string forte (ScienceDirect/S4) que já restringe a endoscopia alta + IA/DL e exclui colorretal — confiável.,ScienceDirect/S4,não
ScienceDirect,S4,SD4 — upper GI endoscopy + IA/ML,NAKASHIMA2024AB7,CLINICAL PERFORMANCE EVALUATION OF THE LANDMARK PHOTO CHECKER IN UPPER GASTROINTESTINAL ENDOSCOPY USING LINKED COLOR IMAGING,Hirotaka Nakashima; Naoko Kitazawa; Hiroshi Kawahira; Nobuhiro Sakaki; Kumiko Momma,2024,https://doi.org/10.1016/j.gie.2024.04.649,Gastrointestinal Endoscopy,included,Título/keywords indicam endoscopia + achado GI alto; presume-se CAD/análise de imagem.,ScienceDirect/S4,não
ScienceDirect,S4,SD4 — upper GI endoscopy + IA/ML,AUMPAN2025S19,ARTIFICIAL INTELLIGENCE FOR PREDICTING PROGRESSION OF INTESTINAL METAPLASIA TO DYSPLASIA AND GASTRIC CANCER WITH MACHINE LEARNING ALGORITHMS (AI-IM PROGRESSION TRIAL),Natsuda Aumpan; Nutvara Jantarathaneewat; Soonthorn Chonprasertsuk; Bubpha Pornthisarn; Sith Siramolpiwat; Patommatat Bhanthumkomol; Navapan Issariyakulkarn; Arti Wongcha-um; Varocha Mahachai; Ratha-Korn Vilaichone,2025,https://doi.org/10.1016/j.gie.2025.03.039,Gastrointestinal Endoscopy,included,"Título/keywords indicam DL/CV em endoscopia digestiva alta ou achado GI, mesmo sem abstract.",ScienceDirect/S4,não
ScienceDirect,S4,SD4 — upper GI endoscopy + IA/ML,SHIMAMURA2021259,Observation of bilobed nucleus sign by endocytoscopy in eosinophilic esophagitis,Yuto Shimamura; Kenichi Goda; Shinichi Hirooka; Haruhiro Inoue,2021,https://doi.org/10.1016/j.gie.2020.06.063,Gastrointestinal Endoscopy,included,Sem abstract; recuperado por string forte (ScienceDirect/S4) que já restringe a endoscopia alta + IA/DL e exclui colorretal — confiável.,ScienceDirect/S4,não
ScienceDirect,S4,SD4 — upper GI endoscopy + IA/ML,RAVI20211171,Continuing Medical Education Exam: May 2021,Karthik Ravi; William Ross; Ara Sahakian; Brian Weston; Prasad G. Iyer; Amit Rastogi; Michael B. Wallace,2021,https://doi.org/10.1016/j.gie.2021.03.018,Gastrointestinal Endoscopy,included,Sem abstract; recuperado por string forte (ScienceDirect/S4) que já restringe a endoscopia alta + IA/DL e exclui colorretal — confiável.,ScienceDirect/S4,não
ScienceDirect,S4,SD4 — upper GI endoscopy + IA/ML,CIACCIO2015364,Suggestions for automatic quantitation of endoscopic image analysis to improve detection of small intestinal pathology in celiac disease patients,Edward J. Ciaccio; Govind Bhagat; Suzanne K. Lewis; Peter H. Green,2015,https://doi.org/10.1016/j.compbiomed.2015.04.019,Computers in Biology and Medicine,included,"Sinais ambíguos no abstract, mas recuperado por string forte (ScienceDirect/S4) com filtro endoscopia alta + IA — confiável.",ScienceDirect/S4,sim
ScienceDirect,S4,SD4 — upper GI endoscopy + IA/ML,CHANG2023AB764,CLINICAL EVALUATION OF AN ARTIFICIAL INTELLIGENCE SYSTEM FOR UPPER GASTROINTESTINAL ENDOSCOPY ON DETECTING AND DIAGNOSING GASTRIC LESIONS PATHOLOGICALLY PRE-DIAGNOSED WITH ATYPIA AND GASTRIC DYSPLASIA: A PILOT STUDY,Young Hoon Chang; Cheol Min Shin; Hae Dong Lee; Jin Bae Park; Jiwoon Jeon; Soonwhan Kang; Seyeong Jo; Soo-Jeong Cho; Seung Joo Kang; Yu Kyung Jun; Yonghoon Choi; Hyuk Yoon; Young Soo Park; Dong Ho Lee; Nayoung Kim,2023,https://doi.org/10.1016/j.gie.2023.04.1250,Gastrointestinal Endoscopy,included,"Título/keywords indicam DL/CV em endoscopia digestiva alta ou achado GI, mesmo sem abstract.",ScienceDirect/S4,não
ScienceDirect,S4,SD4 — upper GI endoscopy + IA/ML,ELSBERND202169,Volumetric Laser Endomicroscopy in Barrett's Esophagus,Benjamin L. Elsbernd; Kerry B. Dunbar,2021,https://doi.org/10.1016/j.tige.2020.08.001,Techniques and Innovations in Gastrointestinal Endoscopy,included,"Sinais ambíguos no abstract, mas recuperado por string forte (ScienceDirect/S4) com filtro endoscopia alta + IA — confiável.",ScienceDirect/S4,sim
ScienceDirect,S4,SD4 — upper GI endoscopy + IA/ML,SHIMADA2023735,Endoscopic causes and characteristics of missed gastric cancers after endoscopic submucosal dissection,Seitaro Shimada; Yohei Yabuuchi; Noboru Kawata; Yuki Maeda; Masao Yoshida; Yoichi Yamamoto; Tatsunori Minamide; Kohei Shigeta; Kazunori Takada; Yoshihiro Kishida; Sayo Ito; Kenichiro Imai; Kinichi Hotta; Hirotoshi Ishiwatari; Hiroyuki Matsubayashi; Hiroyuki Ono,2023,https://doi.org/10.1016/j.gie.2023.02.024,Gastrointestinal Endoscopy,included,"Sinais ambíguos no abstract, mas recuperado por string forte (ScienceDirect/S4) com filtro endoscopia alta + IA — confiável.",ScienceDirect/S4,sim
ScienceDirect,S4,SD4 — upper GI endoscopy + IA/ML,SUGANO20231352,Gastric Intestinal Metaplasia: Real Culprit or Innocent Bystander as a Precancerous Condition for Gastric Cancer?,Kentaro Sugano; Steven F. Moss; Ernst J. Kuipers,2023,https://doi.org/10.1053/j.gastro.2023.08.028,Gastroenterology,included,DL/CV em endoscopia com achado do trato GI alto.,ScienceDirect/S4,sim
ScienceDirect,S4,SD4 — upper GI endoscopy + IA/ML,HARTWYK2026S-2825,Tu1044 LONG TERM FOLLOW-UP OF A TRAUMATIC GASTROPLEURAL FISTULA WITH AN ASD OCCLUSION DEVICE: A CASE REPORT,Bradley Hartwyk; Frances Dang; John Lee; Robert Fearn,2026,https://doi.org/10.1016/S0016-5107(26)06622-8,Gastrointestinal Endoscopy,included,Sem abstract; recuperado por string forte (ScienceDirect/S4) que já restringe a endoscopia alta + IA/DL e exclui colorretal — confiável.,ScienceDirect/S4,não
ScienceDirect,S4,SD4 — upper GI endoscopy + IA/ML,OH201985,Chapter 7 - Endoscopic Evaluation of the Esophagus and Endoscopic Ultrasonography of the Esophagus,Daniel S. Oh; Stuart Jon Spechler; Jacques Bergman; Thomas W. Rice; Gregory Zuccaro,2019,https://doi.org/10.1016/B978-0-323-40232-3.00007-8,"Shackelford's Surgery of the Alimentary Tract, 2 Volume Set (Eighth Edition)",included,"Sinais ambíguos no abstract, mas recuperado por string forte (ScienceDirect/S4) com filtro endoscopia alta + IA — confiável.",ScienceDirect/S4,sim
ScienceDirect,S4,SD4 — upper GI endoscopy + IA/ML,WORAPONGPAIBOON2026,Endoscopic Mucosal Resection-Assisted Mucosal Flap Creation to Facilitate Endoscopic Submucosal Dissection for Gastric Adenoma Amid Diffuse Fundic Gland Polyposis,Rinrada Worapongpaiboon; Clement Wu; Kasenee Tiankanon; Saowanee Ngamruengphong,2026,https://doi.org/10.1016/j.vgie.2026.04.047,VideoGIE,included,"Sinais ambíguos no abstract, mas recuperado por string forte (ScienceDirect/S4) com filtro endoscopia alta + IA — confiável.",ScienceDirect/S4,sim
ScienceDirect,S5,SD5 — Lesões gástricas,MA2021104363,Relationship between helicobacter pylori infection and type 2 diabetes using machine learning BPNN mathematical model under community information management,Huan Ma; Juan Xiao; Zhaoxu Chen; Dong Tang; Yuqiang Gao; Shuhui Zhan; Eman Ghonaem; Mohammed Yousuf Abo Keir,2021,https://doi.org/10.1016/j.rinp.2021.104363,Results in Physics,included,Visão computacional/DL aplicada a endoscopia digestiva alta.,ScienceDirect/S5,sim
ScienceDirect,S5,SD5 — Lesões gástricas,LOPES2026S-2536,Sa1170 FROM TISSUE TO SALIVA: SLC5A5 AS A POTENTIAL BIOMARKER FOR EARLY GASTRIC CANCER,Catarina Lopes; Andreia Brandão; Dimitris Vavoulis; Sofia Paulino; João Costa; Inês Marques-de-Sá; Sara Archer; Ricardo Kuttner-Magalhães; Ricardo Marques-Pinto; Diogo Libânio; Mario J. Dinis-Ribeiro; Ana Carina Pereira,2026,https://doi.org/10.1016/S0016-5085(26)06011-7,Gastroenterology,included,Sem abstract; recuperado por string forte (ScienceDirect/S5) que já restringe a endoscopia alta + IA/DL e exclui colorretal — confiável.,ScienceDirect/S5,não
ScienceDirect,S5,SD5 — Lesões gástricas,FU2023107605,"Development and validation of LightGBM algorithm for optimizing of Helicobacter pylori antibody during the minimum living guarantee crowd based gastric cancer screening program in Taizhou, China",Xin-Yu Fu; Xin-Li Mao; Hao-Wen Wu; Jia-Ying Lin; Zong-Qing Ma; Zhi-Cheng Liu; Yue Cai; Ling-Ling Yan; Yi Sun; Li-Ping Ye; Shao-Wei Li,2023,https://doi.org/10.1016/j.ypmed.2023.107605,Preventive Medicine,included,DL/CV em endoscopia com achado do trato GI alto.,ScienceDirect/S5,sim
ScienceDirect,S5,SD5 — Lesões gástricas,YAN2025115050,Nylon66-Au@Ag core-shell nanocomposites fabricated by filtration-accumulation for gastritis staging via SERS biosensing,Zixing Yan; Peipei Xu; Junpeng Su; Jingxin Chen; Youmei Liu; Chuyi Wang; Yudong Lu,2025,https://doi.org/10.1016/j.microc.2025.115050,Microchemical Journal,included,Visão computacional/DL aplicada a endoscopia digestiva alta.,ScienceDirect/S5; Web of Science/S2,sim
ScienceDirect,S5,SD5 — Lesões gástricas,EBIGBO20211342,Artificial intelligence in the upper GI tract: the future is fast approaching,Alanna Ebigbo; Helmut Messmann,2021,https://doi.org/10.1016/j.gie.2021.01.012,Gastrointestinal Endoscopy,included,Sem abstract; recuperado por string forte (ScienceDirect/S5) que já restringe a endoscopia alta + IA/DL e exclui colorretal — confiável.,ScienceDirect/S5,não
ScienceDirect,S5,SD5 — Lesões gástricas,LI2026S-2536,Sa1171 CLINICAL EVALUATION OF A SERUM 12-MIRNA TEST FOR GASTRIC CANCER SCREENING IN A HIGH-RISK CHINESE POPULATION: A PROSPECTIVE MULTICENTRE STUDY,Xun Li; Xiaoliang Zhu; Haiping Wang; Jun Zhang; Rong Lin; Siyu Sun; Xiaofeng Zhang; Side Liu; Yan-Qing Li; Yi Zhang; Fanghui Ding; Hui Guo; He Cheng; Jit Kong Cheong; Jimmy B. So; Ruiyang Zou; Lihan Zhou; Heng-Phon Too; Khay-Guan Yeoh,2026,https://doi.org/10.1016/S0016-5085(26)06012-9,Gastroenterology,included,Sem abstract; recuperado por string forte (ScienceDirect/S5) que já restringe a endoscopia alta + IA/DL e exclui colorretal — confiável.,ScienceDirect/S5,não
ScienceDirect,S5,SD5 — Lesões gástricas,RIGAS2026S-2535,1277 DECENTRALIZED HAND-HELD UREA BREATH TESTING OVERCOMES COST AND WORKFLOW BARRIERS TO H. PYLORI DIAGNOSIS AND SUPPORTS UPSTREAM GASTRIC-CANCER RISK REDUCTION,Anastasia Rigas,2026,https://doi.org/10.1016/S0016-5085(26)06009-9,Gastroenterology,included,Sem abstract; recuperado por string forte (ScienceDirect/S5) que já restringe a endoscopia alta + IA/DL e exclui colorretal — confiável.,ScienceDirect/S5,não
ScienceDirect,S5,SD5 — Lesões gástricas,LI2026S-2536,Sa1171 CLINICAL EVALUATION OF A SERUM 12-MIRNA TEST FOR GASTRIC CANCER SCREENING IN A HIGH-RISK CHINESE POPULATION: A PROSPECTIVE MULTICENTRE STUDY,Xun Li; Xiaoliang Zhu; Haiping Wang; Jun Zhang; Rong Lin; Siyu Sun; Xiaofeng Zhang; Side Liu; Yan-Qing Li; Yi Zhang; Fanghui Ding; Hui Guo; He Cheng; Jit Kong Cheong; Jimmy B. So; Ruiyang Zou; Lihan Zhou; Heng-Phon Too; Khay-Guan Yeoh,2026,https://doi.org/10.1016/S0016-5107(26)05943-2,Gastrointestinal Endoscopy,included,Sem abstract; recuperado por string forte (ScienceDirect/S5) que já restringe a endoscopia alta + IA/DL e exclui colorretal — confiável.,ScienceDirect/S5,não
ScienceDirect,S5,SD5 — Lesões gástricas,DAI2025102190,Combining methylated RNF180 and SFRP2 plasma biomarkers for noninvasive diagnosis of gastric cancer,Zhihao Dai; Jin Jiang; Qianping Chen; Minghua Bai; Quanquan Sun; Yanru Feng; Dong Liu; Dong Wang; Tong Zhang; Liang Han; Litheng Ng; Jun Zheng; Hao Zou; Wei Mao; Ji Zhu,2025,https://doi.org/10.1016/j.tranon.2024.102190,Translational Oncology,included,DL/CV aplicado a achados do trato GI alto — presume-se imagens endoscópicas/histopatológicas.,ScienceDirect/S5,sim
ScienceDirect,S5,SD5 — Lesões gástricas,BHOSALE2026715,ACR Appropriateness Criteria® Staging and Follow-up of Gastric Cancer,Priya R. Bhosale; Mayur K. Virarkar; Kevin J. Chang; Brooks D. Cash; Victoria Chernyak; Ayushi Gupta; Alex C. Kim; Samuel J. Klempner; Michael Magnetta; David Schultz; William Small; Lilja B. Solnes; Richelle Williams; Joseph H. Yacoub; Elena K. Korngold,2026,https://doi.org/10.1016/j.jacr.2026.01.019,Journal of the American College of Radiology,included,"Sinais ambíguos no abstract, mas recuperado por string forte (ScienceDirect/S5) com filtro endoscopia alta + IA — confiável.",ScienceDirect/S5,sim
ScienceDirect,S5,SD5 — Lesões gástricas,IWASAKI2026S-2536,Sa1169 TUMOR-DERIVED EXOSOMES DRIVE SYMPATHETIC INNERVATION TO PROMOTE EARLY RECURRENCE IN GASTRIC CANCER: INVESTIGATING THE NEURO-NEOPLASTIC AXIS,Kenichi Iwasaki; Ryoko Soya; Yuichi Nagakawa; Takahiro Ochiya,2026,https://doi.org/10.1016/S0016-5107(26)05941-9,Gastrointestinal Endoscopy,included,Sem abstract; recuperado por string forte (ScienceDirect/S5) que já restringe a endoscopia alta + IA/DL e exclui colorretal — confiável.,ScienceDirect/S5,não
ScienceDirect,S5,SD5 — Lesões gástricas,RAMESH2025,Differentiating Gastric Cancers from Acid Peptic Diseases through Integrative Targeted Proteomics and Machine Learning Approaches,Poornima Ramesh; Shubham Sukerndeo Upadhyay; Sonet Daniel Thomas; Chandrashekar Jeevaraj Sorake; Ganesh M. K.; Vijith Vittal Shetty; Prashant Kumar Modi; Rohan Shetty; Manavalan Vijayakumar; Jalaluddin Akbar Kandel Codi; Thottethodi Subrahmanya Keshava Prasad,2025,https://doi.org/10.1021/acs.jproteome.5c00547,Journal of Proteome Research,included,DL/CV aplicado a achados do trato GI alto — presume-se imagens endoscópicas/histopatológicas.,ScienceDirect/S5,sim
ScienceDirect,S5,SD5 — Lesões gástricas,HU2026121154,Real-time localization method for magnetic capsule robot using transfer learning in physics-informed neural network,Mengya Hu; Qingqing Wang; Yurui Shen; Ting Zhang; Jun Wu; Dezheng Hua; Xinhua Liu,2026,https://doi.org/10.1016/j.measurement.2026.121154,Measurement,included,DL/CV aplicado a achados do trato GI alto — presume-se imagens endoscópicas/histopatológicas.,ScienceDirect/S5,sim
ScienceDirect,S5,SD5 — Lesões gástricas,REHMAN2026109648,DAAP-NET: Automatic identification and quantitative analysis of gastric wall structure for cancer screening using gastric ultrasound images,Mustafain Rehman; Zhijun Liu; Miao Fan; Ahsan Humayun; Mingze Ding; Bin Liu,2026,https://doi.org/10.1016/j.bspc.2026.109648,Biomedical Signal Processing and Control,included,"Sinais ambíguos no abstract, mas recuperado por string forte (ScienceDirect/S5) com filtro endoscopia alta + IA — confiável.",ScienceDirect/S5,sim
ScienceDirect,S5,SD5 — Lesões gástricas,WANG2024105516,Dual-modality image feature fusion network for gastric precancerous lesions classification,Jiansheng Wang; Benyan Zhang; Yan Wang; Chunhua Zhou; Duowu Zou; Maxim Sergeevich Vonsky; Lubov B. Mitrofanova; Qingli Li,2024,https://doi.org/10.1016/j.bspc.2023.105516,Biomedical Signal Processing and Control,included,DL/CV aplicado a achados do trato GI alto — presume-se imagens endoscópicas/histopatológicas.,ScienceDirect/S5,sim
ScienceDirect,S5,SD5 — Lesões gástricas,LOPES2026S-2536,Sa1170 FROM TISSUE TO SALIVA: SLC5A5 AS A POTENTIAL BIOMARKER FOR EARLY GASTRIC CANCER,Catarina Lopes; Andreia Brandão; Dimitris Vavoulis; Sofia Paulino; João Costa; Inês Marques-de-Sá; Sara Archer; Ricardo Kuttner-Magalhães; Ricardo Marques-Pinto; Diogo Libânio; Mario J. Dinis-Ribeiro; Ana Carina Pereira,2026,https://doi.org/10.1016/S0016-5107(26)05942-0,Gastrointestinal Endoscopy,included,Sem abstract; recuperado por string forte (ScienceDirect/S5) que já restringe a endoscopia alta + IA/DL e exclui colorretal — confiável.,ScienceDirect/S5,não
ScienceDirect,S5,SD5 — Lesões gástricas,LI2021103714,Proteomic profiling identifies signatures associated with progression of precancerous gastric lesions and risk of early gastric cancer,Xue Li; Nai-Ren Zheng; Lin-Heng Wang; Zhong-Wu Li; Zong-Chao Liu; Hua Fan; Yi Wang; Jin Dai; Xiao-Tian Ni; Xin Wei; Ming-Wei Liu; Kai Li; Zhe-Xuan Li; Tong Zhou; Yang Zhang; Jing-Ying Zhang; Gaohaer Kadeerhan; Sha Huang; Wen-Hui Wu; Wei-Dong Liu; Xiu-Zhen Wu; Lan-Fu Zhang; Jian-Ming Xu; Markus Gerhard; Wei-Cheng You; Kai-Feng Pan; Wen-Qing Li; Jun Qin,2021,https://doi.org/10.1016/j.ebiom.2021.103714,eBioMedicine,included,"Sinais ambíguos no abstract, mas recuperado por string forte (ScienceDirect/S5) com filtro endoscopia alta + IA — confiável.",ScienceDirect/S5,sim
ScienceDirect,S5,SD5 — Lesões gástricas,LUO2025S695,COMPARISON OF A NOVEL CAPSULE GASTROSCOPY WITH CONVENTIONAL ELECTRONIC GASTRODUODENOSCOPY: A PRELIMINARY PROSPECTIVE STUDY,Xiaobei Luo; Baoyi Huang; Side Liu; Xueqing Chen; Hui Yang; Beiping Zhang,2025,https://doi.org/10.1016/j.gie.2025.03.1199,Gastrointestinal Endoscopy,included,Título/keywords indicam endoscopia + achado GI alto; presume-se CAD/análise de imagem.,ScienceDirect/S5,não
ScienceDirect,S5,SD5 — Lesões gástricas,RIGAS2026S-2535,1277 DECENTRALIZED HAND-HELD UREA BREATH TESTING OVERCOMES COST AND WORKFLOW BARRIERS TO H. PYLORI DIAGNOSIS AND SUPPORTS UPSTREAM GASTRIC-CANCER RISK REDUCTION,Anastasia Rigas,2026,https://doi.org/10.1016/S0016-5107(26)05940-7,Gastrointestinal Endoscopy,included,Sem abstract; recuperado por string forte (ScienceDirect/S5) que já restringe a endoscopia alta + IA/DL e exclui colorretal — confiável.,ScienceDirect/S5,não
ScienceDirect,S5,SD5 — Lesões gástricas,LOPES2025102009,Advances towards gastric cancer screening: Novel devices and biomarkers,Catarina Lopes; Carina Pereira,2025,https://doi.org/10.1016/j.bpg.2025.102009,Best Practice & Research Clinical Gastroenterology,included,"Sinais ambíguos no abstract, mas recuperado por string forte (ScienceDirect/S5) com filtro endoscopia alta + IA — confiável.",ScienceDirect/S5,sim
ScienceDirect,S5,SD5 — Lesões gástricas,IWASAKI2026S-2536,Sa1169 TUMOR-DERIVED EXOSOMES DRIVE SYMPATHETIC INNERVATION TO PROMOTE EARLY RECURRENCE IN GASTRIC CANCER: INVESTIGATING THE NEURO-NEOPLASTIC AXIS,Kenichi Iwasaki; Ryoko Soya; Yuichi Nagakawa; Takahiro Ochiya,2026,https://doi.org/10.1016/S0016-5085(26)06010-5,Gastroenterology,included,Sem abstract; recuperado por string forte (ScienceDirect/S5) que já restringe a endoscopia alta + IA/DL e exclui colorretal — confiável.,ScienceDirect/S5,não
ScienceDirect,S5,SD5 — Lesões gástricas,WANG2009425,Hedged predictions for traditional Chinese chronic gastritis diagnosis with confidence machine,Huazhen Wang; Chengde Lin; Fan Yang; Xueqin Hu,2009,https://doi.org/10.1016/j.compbiomed.2009.02.002,Computers in Biology and Medicine,included,DL/CV aplicado a achados do trato GI alto — presume-se imagens endoscópicas/histopatológicas.,ScienceDirect/S5,sim
ScienceDirect,S5,SD5 — Lesões gástricas,PAPAIOANNOU2026100465,Liquid biopsies for the diagnosis of early-stage gastric cancer: A 5-year systematic review,Efthymia Papaioannou; Despoina Ioannou; Theodora Papamitsou; Matthaios Bobos; Michalis Aivaliotis; Konstantina Psatha; Evangelos Karamitrousis,2026,https://doi.org/10.1016/j.jlb.2026.100465,The Journal of Liquid Biopsy,included,"Sinais ambíguos no abstract, mas recuperado por string forte (ScienceDirect/S5) com filtro endoscopia alta + IA — confiável.",ScienceDirect/S5,sim
ScienceDirect,S6,SD6 — Pólipos gástricos,HUANG2023100467,A masked graph neural network model for real-time gastric polyp detection in Healthcare 4.0,Junjun Huang; Shier Nee Saw; Tianran He; Wei Feng; Chu Kiong Loo,2023,https://doi.org/10.1016/j.jii.2023.100467,Journal of Industrial Information Integration,included,Visão computacional/DL aplicada a endoscopia digestiva alta (contexto: dataset/benchmark).,ScienceDirect/S6; ScienceDirect/S8; Web of Science/S1; Web of Science/S2; Web of Science/S3,sim
ScienceDirect,S6,SD6 — Pólipos gástricos,LIU1996327,Machine learning techniques in early screening for gastric and oesophageal cancer,W.Z. Liu; A.P. White; M.T. Hallissey; J.W.L. Fielding,1996,https://doi.org/10.1016/0933-3657(95)00039-9,Artificial Intelligence in Medicine,included,DL/CV aplicado a achados do trato GI alto — presume-se imagens endoscópicas/histopatológicas.,ScienceDirect/S6,sim
ScienceDirect,S6,SD6 — Pólipos gástricos,CHEN2026115833,Early detection and subtyping of gastric cancer: A cell-free DNA fragmentome-based liquid biopsy method,Yongyi Chen; Haiqi Liao; Yuzhi Liu; Liulin Luo; Jiangang Jin; Dingding Hou; Wenjia Liu; Hanqing Zhang; Beilong He; Miao Luo; Wei Liu; Ziao Lin; Songxiao Xu,2026,https://doi.org/10.1016/j.isci.2026.115833,iScience,included,DL/CV aplicado a achados do trato GI alto — presume-se imagens endoscópicas/histopatológicas.,ScienceDirect/S6,sim
ScienceDirect,S6,SD6 — Pólipos gástricos,HU202333,Chinese consensus on multidisciplinary diagnosis and treatment of gastroesophageal reflux disease 2022,Zhiwei Hu; Jimin Wu; Zhonggao Wang; Xinghua Bai; Yu Lan; Kefang Lai; Abudureyimu Kelimu; Feng Ji; Zhenling Ji; Diyu Huang; Zhiwei Hu; Xiaohua Hou; Jianyu Hao; Zhining Fan; Xiaoping Chen; Dong Chen; Shengliang Chen; Jinrang Li; Junxiang Li; Lan Li; Peng Li; Zhigang Li; Lin Lin; Bianying Liu; Dian-gang Liu; Yiping Lu; Bin Lü; Qiuping Lü; Ming Qiu; Zhongmin Qiu; Huajao Shen; Jun Tai; Yanping Tang; Wen Tian; Zhonghao Wang; Bangmao Wang; Jian-an Wang; Ju Wang; Qi Wang; Songling Wang; Wen Wang; Zhifei Wang; Wei Wei; Zhiwei Wu; Wei Wu; YanQiao Wu; Yu Wu; Jixiang Wu; Yinglian Xiao; Wen Xu; Xiwei Xu; Fuquan Yang; HuiQi Yang; Yunsheng Yang; Qiyuan Yao; Chunzhao Yu; Peng Zhang; Xiaolan Zhang; Taicheng Zhou; Duowu Zou,2023,https://doi.org/10.1016/j.gande.2023.01.001,Gastroenterology & Endoscopy,included,Sem abstract; recuperado por string forte (ScienceDirect/S6) que já restringe a endoscopia alta + IA/DL e exclui colorretal — confiável.,ScienceDirect/S6; ScienceDirect/S9,não
ScienceDirect,S6,SD6 — Pólipos gástricos,WANG2021106210,Medical image recognition and segmentation of pathological slices of gastric cancer based on Deeplab v3+ neural network,Jing Wang; Xiuping Liu,2021,https://doi.org/10.1016/j.cmpb.2021.106210,Computer Methods and Programs in Biomedicine,included,DL/CV aplicado a achados do trato GI alto — presume-se imagens endoscópicas/histopatológicas.,ScienceDirect/S6,sim
ScienceDirect,S8,SD8 — Datasets de endoscopia gástrica,LIU2026100831,UMix: A hybrid Mamba-attention module for enhanced long-range dependency and local feature modeling in medical image segmentation,WenJian Liu; Xueyan Zhang; Lumin Xing; Xin Nie; Di Wang; Yuankun Liu; Longxiang Gao,2026,https://doi.org/10.1016/j.array.2026.100831,Array,included,"Sinais ambíguos no abstract, mas recuperado por string forte (ScienceDirect/S8) com filtro endoscopia alta + IA — confiável.",ScienceDirect/S8,sim
ScienceDirect,S8,SD8 — Datasets de endoscopia gástrica,ASIF2025128272,HMDFF-Net: Hierarchical multi-scale dilated feature fusion network for accurate multiclass diagnosis of brain tumors,Sohaib Asif; Enyu Wang; Vicky Yang Wang; Dong Xu,2025,https://doi.org/10.1016/j.eswa.2025.128272,Expert Systems with Applications,included,DL/CV em endoscopia com achado do trato GI alto.,ScienceDirect/S8,sim
ScienceDirect,S8,SD8 — Datasets de endoscopia gástrica,NWOSU2024821,"Artificial Intelligence in Laryngology, Broncho-Esophagology, and Sleep Surgery",Obinna I. Nwosu; Matthew R. Naunheim,2024,https://doi.org/10.1016/j.otc.2024.04.002,Otolaryngologic Clinics of North America,included,"Título/keywords indicam DL/CV em endoscopia digestiva alta ou achado GI, mesmo sem abstract.",ScienceDirect/S8,não
ScienceDirect,S8,SD8 — Datasets de endoscopia gástrica,LIN2024e38920,Evaluation of super resolution technology for digestive endoscopic images,Jiaxi Lin; Shiqi Zhu; Xin Gao; Xiaolin Liu; Chunfang Xu; Zhonghua Xu; Jinzhou Zhu,2024,https://doi.org/10.1016/j.heliyon.2024.e38920,Heliyon,included,DL/CV em endoscopia com achado do trato GI alto.,ScienceDirect/S8,sim
ScienceDirect,S8,SD8 — Datasets de endoscopia gástrica,XIA2026104092,Calibration-free 3D–2D surface registration for image guided intervention,Wenyao Xia; Wes Hodges; Muhan Liu; Jonathan C. Lau; Terry M. Peters; Elvis C.S. Chen,2026,https://doi.org/10.1016/j.media.2026.104092,Medical Image Analysis,included,"Sinais ambíguos no abstract, mas recuperado por string forte (ScienceDirect/S8) com filtro endoscopia alta + IA — confiável.",ScienceDirect/S8,sim
ScienceDirect,S8,SD8 — Datasets de endoscopia gástrica,KHAN2026108671,Temperature-driven robust disease detection in brain and gastrointestinal disorders via context-aware adaptive knowledge distillation,Saif Ur Rehman Khan; Muhammad Nabeel Asim; Sebastian Vollmer; Andreas Dengel,2026,https://doi.org/10.1016/j.bspc.2025.108671,Biomedical Signal Processing and Control,included,DL/CV aplicado a achados do trato GI alto — presume-se imagens endoscópicas/histopatológicas.,ScienceDirect/S8,sim
ScienceDirect,S8,SD8 — Datasets de endoscopia gástrica,HUO2024123053,SPA: Self-Peripheral-Attention for central–peripheral interactions in endoscopic image classification and segmentation,Xiangzuo Huo; Shengwei Tian; Yongxu Yang; Long Yu; Wendong Zhang; Aolun Li,2024,https://doi.org/10.1016/j.eswa.2023.123053,Expert Systems with Applications,included,"Sinais ambíguos no abstract, mas recuperado por string forte (ScienceDirect/S8) com filtro endoscopia alta + IA — confiável.",ScienceDirect/S8,sim
ScienceDirect,S8,SD8 — Datasets de endoscopia gástrica,WANG2023107305,"Multi-scale, multi-dimensional binocular endoscopic image depth estimation network",Xiongzhi Wang; Yunfeng Nie; Wenqi Ren; Min Wei; Jingang Zhang,2023,https://doi.org/10.1016/j.compbiomed.2023.107305,Computers in Biology and Medicine,included,"Sinais ambíguos no abstract, mas recuperado por string forte (ScienceDirect/S8) com filtro endoscopia alta + IA — confiável.",ScienceDirect/S8,sim
ScienceDirect,S8,SD8 — Datasets de endoscopia gástrica,CHAN2025127444,FastUGI-Net: Enhanced Real-Time Endoscopic Diagnosis with Efficient Multi-task Learning,In Neng Chan; Pak Kin Wong; Tao Yan; Yanyan Hu; Chon In Chan; Peixuan Ge; Zheng Li; Ying Hu; Shan Gao; Hon Ho Yu,2025,https://doi.org/10.1016/j.eswa.2025.127444,Expert Systems with Applications,included,Visão computacional/DL aplicada a endoscopia digestiva alta (contexto: dataset/benchmark).,ScienceDirect/S8,sim
ScienceDirect,S8,SD8 — Datasets de endoscopia gástrica,ABUBAKAR2023785,Optimized Identification with Severity Factors of Gastric Cancer for Internet of Medical Things,Kamalrulnizam Bin Abu Bakar; Fatima Tul Zuhra; Babangida Isyaku; Fuad A. Ghaleb,2023,https://doi.org/10.32604/cmc.2023.034540,"Computers, Materials and Continua",included,DL/CV em endoscopia com achado do trato GI alto.,ScienceDirect/S8,sim
ScienceDirect,S8,SD8 — Datasets de endoscopia gástrica,WU2024108923,MCF-SMSIS: Multi-tasking with complementary functions for stereo matching and surgical instrument segmentation,Renkai Wu; Changyu He; Pengchen Liang; Yinghao Liu; Yiqi Huang; Weiping Liu; Biao Shu; Panlong Xu; Qing Chang,2024,https://doi.org/10.1016/j.compbiomed.2024.108923,Computers in Biology and Medicine,included,"Sinais ambíguos no abstract, mas recuperado por string forte (ScienceDirect/S8) com filtro endoscopia alta + IA — confiável.",ScienceDirect/S8,sim
ScienceDirect,S8,SD8 — Datasets de endoscopia gástrica,SONG2022103827,Deformable transformer for endoscopic video super-resolution,Xiaowei Song; Hui Tang; Chunfeng Yang; Guangquan Zhou; Yangang Wang; Xinjun Huang; Jie Hua; Gouenou Coatrieux; Xiaopu He; Yang Chen,2022,https://doi.org/10.1016/j.bspc.2022.103827,Biomedical Signal Processing and Control,included,"Sinais ambíguos no abstract, mas recuperado por string forte (ScienceDirect/S8) com filtro endoscopia alta + IA — confiável.",ScienceDirect/S8,sim
ScienceDirect,S8,SD8 — Datasets de endoscopia gástrica,CHU2020105370,Endoscopic image feature matching via motion consensus and global bilateral regression,Yakui Chu; Heng Li; Xu Li; Yuan Ding; Xilin Yang; Danni Ai; Xiaohong Chen; Yongtian Wang; Jian Yang,2020,https://doi.org/10.1016/j.cmpb.2020.105370,Computer Methods and Programs in Biomedicine,included,"Endoscopia sem CV explícito no abstract, mas recuperado por string forte (ScienceDirect/S8) que filtra IA/DL — confiável.",ScienceDirect/S8,sim
ScienceDirect,S8,SD8 — Datasets de endoscopia gástrica,WU2026108798,Transformer dual-stream endoscopic image dehazing using physical prior models,Xiangping Wu; Shaoye Liu; Ling Dai; Han Dong,2026,https://doi.org/10.1016/j.bspc.2025.108798,Biomedical Signal Processing and Control,included,"Sinais ambíguos no abstract, mas recuperado por string forte (ScienceDirect/S8) com filtro endoscopia alta + IA — confiável.",ScienceDirect/S8,sim
ScienceDirect,S8,SD8 — Datasets de endoscopia gástrica,CHEN2026108584,Self-supervised exceptional prototypical network for few-shot grading of gastric intestinal metaplasia,Xuanchi Chen; Yonghui Xu; Zhen Li; Mingzhe Zhang; Han Yu; Lizhen Cui; Xiangwei Zheng,2026,https://doi.org/10.1016/j.neunet.2026.108584,Neural Networks,included,Visão computacional/DL aplicada a endoscopia digestiva alta (contexto: dataset/benchmark).,ScienceDirect/S8,sim
ScienceDirect,S8,SD8 — Datasets de endoscopia gástrica,TIAN2024209,A Novel Self-Supervised Learning Network for Binocular Disparity Estimation,Jiawei Tian; Yu Zhou; Xiaobing Chen; Salman A. AlQahtani; Hongrong Chen; Bo Yang; Siyu Lu; Wenfeng Zheng,2024,https://doi.org/10.32604/cmes.2024.057032,CMES - Computer Modeling in Engineering and Sciences,included,"Sinais ambíguos no abstract, mas recuperado por string forte (ScienceDirect/S8) com filtro endoscopia alta + IA — confiável.",ScienceDirect/S8,sim
ScienceDirect,S8,SD8 — Datasets de endoscopia gástrica,ASIF2024105866,DCDS-Net: Deep transfer network based on depth-wise separable convolution with residual connection for diagnosing gastrointestinal diseases,Sohaib Asif; Ming Zhao; Fengxiao Tang; Yusen Zhu,2024,https://doi.org/10.1016/j.bspc.2023.105866,Biomedical Signal Processing and Control,included,DL/CV em endoscopia com achado do trato GI alto.,ScienceDirect/S8,sim
ScienceDirect,S8,SD8 — Datasets de endoscopia gástrica,XI2021106077,Recovering dense 3D point clouds from single endoscopic image,Long Xi; Yan Zhao; Long Chen; Qing Hong Gao; Wen Tang; Tao Ruan Wan; Tao Xue,2021,https://doi.org/10.1016/j.cmpb.2021.106077,Computer Methods and Programs in Biomedicine,included,"Sinais ambíguos no abstract, mas recuperado por string forte (ScienceDirect/S8) com filtro endoscopia alta + IA — confiável.",ScienceDirect/S8,sim
ScienceDirect,S8,SD8 — Datasets de endoscopia gástrica,CONG2016150,UDSFS: Unsupervised deep sparse feature selection,Yang Cong; Shuai Wang; Baojie Fan; Yunsheng Yang; Haibin Yu,2016,https://doi.org/10.1016/j.neucom.2015.10.130,Neurocomputing,included,"Sinais ambíguos no abstract, mas recuperado por string forte (ScienceDirect/S8) com filtro endoscopia alta + IA — confiável.",ScienceDirect/S8,sim
ScienceDirect,S8,SD8 — Datasets de endoscopia gástrica,HAN2026110186,DAAL: Discrepancy-Aware Active Learning for endoscopic image segmentation via human–machine chromatic discrepancy,Tianyu Han; Zhimin Xu; Yuerong Wang; Huiyan Xu; Haohao Hu; Song He; Peng Zan; Xiaochen Bo,2026,https://doi.org/10.1016/j.bspc.2026.110186,Biomedical Signal Processing and Control,included,"Sinais ambíguos no abstract, mas recuperado por string forte (ScienceDirect/S8) com filtro endoscopia alta + IA — confiável.",ScienceDirect/S8,sim
ScienceDirect,S8,SD8 — Datasets de endoscopia gástrica,WU2026104012,Multimodal medical endoscopic image analysis via progressive disentangle-aware contrastive learning,Junhao Wu; Yun Li; Junhao Li; Jingliang Bian; Xiaomao Fan; Wenbin Lei; Ruxin Wang,2026,https://doi.org/10.1016/j.media.2026.104012,Medical Image Analysis,included,"Sinais ambíguos no abstract, mas recuperado por string forte (ScienceDirect/S8) com filtro endoscopia alta + IA — confiável.",ScienceDirect/S8,sim
ScienceDirect,S8,SD8 — Datasets de endoscopia gástrica,HOU2021102092,Early neoplasia identification in Barrett’s esophagus via attentive hierarchical aggregation and self-distillation,Wentai Hou; Liansheng Wang; Shuntian Cai; Zhenyu Lin; Rongshan Yu; Jing Qin,2021,https://doi.org/10.1016/j.media.2021.102092,Medical Image Analysis,included,DL/CV em endoscopia com achado do trato GI alto.,ScienceDirect/S8,sim
ScienceDirect,S9,SD9 — Brasil,AHAMED2024124908,Detection of various gastrointestinal tract diseases through a deep learning method with ensemble ELM and explainable AI,Md. Faysal Ahamed; Md. Nahiduzzaman; Md. Rabiul Islam; Mansura Naznine; Mohamed Arselene Ayari; Amith Khandakar; Julfikar Haider,2024,https://doi.org/10.1016/j.eswa.2024.124908,Expert Systems with Applications,included,DL/CV aplicado a achados do trato GI alto — presume-se imagens endoscópicas/histopatológicas.,ScienceDirect/S9,sim
ScienceDirect,S9,SD9 — Brasil,GUPTA2024627,POS1278 INTEGRATING LARGE LANGUAGE MODELS IN MEDICINE: A STUDY OF ANTHROPIC’S CLAUDE’S PERFORMANCE IN MDAAT SCORING FOR IDIOPATHIC INFLAMMATORY MYOPATHIES,L. Gupta; V. Venerito; M. Fornaro; S. Sabbagh; S. Ghosh; H. Chinoy,2024,https://doi.org/10.1136/annrheumdis-2024-eular.3789,Annals of the Rheumatic Diseases,included,DL/CV aplicado a achados do trato GI alto — presume-se imagens endoscópicas/histopatológicas.,ScienceDirect/S9,sim
ScienceDirect,S9,SD9 — Brasil,JHA2021102007,A comprehensive analysis of classification methods in gastrointestinal endoscopy imaging,Debesh Jha; Sharib Ali; Steven Hicks; Vajira Thambawita; Hanna Borgli; Pia H. Smedsrud; Thomas de Lange; Konstantin Pogorelov; Xiaowei Wang; Philipp Harzig; Minh-Triet Tran; Wenhua Meng; Trung-Hieu Hoang; Danielle Dias; Tobey H. Ko; Taruna Agrawal; Olga Ostroukhova; Zeshan Khan; Muhammad Atif Tahir; Yang Liu; Yuan Chang; Mathias Kirkerød; Dag Johansen; Mathias Lux; Håvard D. Johansen; Michael A. Riegler; Pål Halvorsen,2021,https://doi.org/10.1016/j.media.2021.102007,Medical Image Analysis,included,DL/CV em endoscopia com achado do trato GI alto.,ScienceDirect/S9,sim
ScienceDirect,S10,SD10 — América Latina,LUZKO2025101978,Screening for and surveillance of premalignant conditions of the stomach,Irina Luzko; Leticia Moreira; Jan Bornschein,2025,https://doi.org/10.1016/j.bpg.2025.101978,Best Practice & Research Clinical Gastroenterology,included,"[manual_v3] Revisão sobre triagem e vigilância de condições pré-malignas do estômago — útil como fundamentação clínica para a tese (atrofia, metaplasia, displasia gástrica), mesmo sem foco em IA.",ScienceDirect/S10,sim
ScienceDirect,S10,SD10 — América Latina,WU2024117784,Utilizing nanotechnology and advanced machine learning for early detection of gastric cancer surgery,Dan Wu; Jianhua Lu; Nan Zheng; Mohamed Gamal Elsehrawy; Faiz Abdulaziz Alfaiz; Huajun Zhao; Mohammed S. Alqahtani; Hongtao Xu,2024,https://doi.org/10.1016/j.envres.2023.117784,Environmental Research,included,DL/CV em endoscopia com achado do trato GI alto.,ScienceDirect/S10; ScienceDirect/S5,sim
ScienceDirect,S10,SD10 — América Latina,WANG2026103756,Development and validation of an interpretable machine learning model for non-invasive screening of precancerous gastric lesions using symptom and lifestyle data: a multicentre cohort study,Lan Wang; Kaiqiang Tang; Peng Zhang; Jiasheng Liu; Bowen Wu; Jun Chen; Yan Li; Shiyu Du; Yan Wang; Shao Li,2026,https://doi.org/10.1016/j.eclinm.2026.103756,eClinicalMedicine,included,Visão computacional/DL aplicada a endoscopia digestiva alta (contexto: dataset/benchmark).,PubMed/S3; ScienceDirect/S10; ScienceDirect/S5; Web of Science/S2,sim
ScienceDirect,S10,SD10 — América Latina,LEBEDEV20213214,Systematization of the principles and methods of applying for digital medicine in oncology,Georgy Lebedev; Anton Vladzimerskiy; Pavel Kozhin; Eduard Fartushniy; Irina Fomina; Fedor Druzhinin; Elena Lutsai; Herman Klimenko,2021,https://doi.org/10.1016/j.procs.2021.09.094,Procedia Computer Science,included,"[manual_v3] Sistematização de princípios e métodos de medicina digital em oncologia — útil como referência metodológica de digitalização clínica e IA aplicada, complementar à fundamentação.",ScienceDirect/S10,sim
Springer Nature Link,S1,Springer S1 — Principal: IA/DL em endoscopia digestiva alta,sp_10.1007_s13755-026-00457-8,An explainable hybrid deep-learning and machine learning framework for automatic coeliac disease detection from duodenal endoscopy images,Souaad Hamza-Cherif; Adil Gaouar; Zineb Aziza El Aouaber; Nesma Settouti,2026,10.1007/s13755-026-00457-8,Health Information Science and Systems,included,"Título/keywords indicam DL/CV em endoscopia digestiva alta ou achado GI, mesmo sem abstract.",Springer Nature Link/S1; Springer Nature Link/S2; Springer Nature Link/S5,não
Springer Nature Link,S1,Springer S1 — Principal: IA/DL em endoscopia digestiva alta,sp_10.1007_978-3-031-86069-0_26,Esophageal Cancer Diagnosis with a Bilinear Pooling and Attention-Based Convolutional Neural Network,Vikas Raina; Haewon Byeon; Manisha Bhende; K. Sri Yogi; Ismail Keshta; Kanishka Sardana,2025,10.1007/978-3-031-86069-0_26,Advanced Network Technologies and Computational Intelligence,included,"Título/keywords indicam DL/CV em endoscopia digestiva alta ou achado GI, mesmo sem abstract.",Springer Nature Link/S1; Springer Nature Link/S2; Springer Nature Link/S5,não
Springer Nature Link,S1,Springer S1 — Principal: IA/DL em endoscopia digestiva alta,sp_10.1007_s40846-025-00936-5,A Deep Learning Method for Automated Site Recognition of Nasopharyngeal Endoscopic Images,Jiayin Lei; Wei Yang; Rongqian Yang,2025,10.1007/s40846-025-00936-5,Journal of Medical and Biological Engineering,included,"Título/keywords indicam DL/CV em endoscopia digestiva alta ou achado GI, mesmo sem abstract.",Springer Nature Link/S1; Springer Nature Link/S2,não
Springer Nature Link,S1,Springer S1 — Principal: IA/DL em endoscopia digestiva alta,sp_10.1007_s00464-025-12534-2,AI-powered hierarchical classification of ampullary neoplasms: a deep learning approach using white-light and narrow-band imaging,Dan Yoon; Sung Hoon Chang; Woo Hyun Paik; Chang Hyun Kim; Byeong Soo Kim; Young Gyun Kim; Hyunsoo Chung; Ji Kon Ryu; Sang Hyub Lee; In Rae Cho; Seong Ji Choi; Joo Seong Kim; Sungwan Kim; Jin Ho Choi,2026,10.1007/s00464-025-12534-2,Surgical Endoscopy,included,"Endoscopia com contribuição metodológica relevante (multilabel, desbalanceamento, explicabilidade ou artefatos).",Springer Nature Link/S1; Springer Nature Link/S2,sim
Springer Nature Link,S1,Springer S1 — Principal: IA/DL em endoscopia digestiva alta,sp_10.1007_s00464-025-12423-8,Multi-region and multi-image convolutional neural network model for detecting gastric helicobacter pylori infection,Jie Dai; Zhijian Li; Xigang Zhang; Chunxiao Lai; Guiming Liu; Ruiya Zhang; Lizhi Yi; Hui Yang; Lin Qiu; Yu Lin; Quansheng Guan; Zhenyu Wang; Zhifang Zhao; Huihong Ji; Shunhui He; Haiyang Jiang; Feng Li; Yang Bai,2025,10.1007/s00464-025-12423-8,Surgical Endoscopy,included,"Título/keywords indicam DL/CV em endoscopia digestiva alta ou achado GI, mesmo sem abstract.",Springer Nature Link/S1; Springer Nature Link/S2,não
Springer Nature Link,S1,Springer S1 — Principal: IA/DL em endoscopia digestiva alta,sp_10.1007_s00464-025-12560-0,Effect of <i>Helicobacter pylori</i> infection on deep learning-assisted detection of gastric neoplastic lesions under white light endoscopy,Lingling Yan; Liangmin Zhang; Renquan Luo; Jiacheng Li; Weixia Wu; Weidan Wu; Zhenzhen Wang; Jinbang Peng; Haideng Yang; Binbin Gu; Xinli Mao,2026,10.1007/s00464-025-12560-0,Surgical Endoscopy,included,"Título/keywords indicam DL/CV em endoscopia digestiva alta ou achado GI, mesmo sem abstract.",Springer Nature Link/S1; Springer Nature Link/S2,não
Springer Nature Link,S1,Springer S1 — Principal: IA/DL em endoscopia digestiva alta,sp_10.1007_s10278-025-01827-6,"2D, 2.5D, or 3D? Comparing Dimensional Approaches in Deep Neural Networks for 3D Medical Image Analysis",Maolin Li; Chenwei Zhou; Shengnan Cao,2026,10.1007/s10278-025-01827-6,Journal of Imaging Informatics in Medicine,included,Sem abstract; recuperado por string forte (Springer-Nature-Link/S1) que já restringe a endoscopia alta + IA/DL e exclui colorretal — confiável.,Springer Nature Link/S1,não
Springer Nature Link,S1,Springer S1 — Principal: IA/DL em endoscopia digestiva alta,sp_10.1007_s11042-024-18910-9,A graph-optimized deep learning framework for recognition of Barrett’s esophagus and reflux esophagitis,Muzhou Hou; Jiaoju Wang; Taohua Liu; Zhaoying Li; Alphonse Houssou Hounye; Xiaowei Liu; Kaifu Wang; Shuijiao Chen,2024,10.1007/s11042-024-18910-9,Multimedia Tools and Applications,included,"Título/keywords indicam DL/CV em endoscopia digestiva alta ou achado GI, mesmo sem abstract.",Springer Nature Link/S1; Springer Nature Link/S2,não
Springer Nature Link,S1,Springer S1 — Principal: IA/DL em endoscopia digestiva alta,sp_10.1038_s41598-024-58361-8,Early gastric cancer detection and lesion segmentation based on deep learning and gastroscopic images,Kezhi Zhang; Haibao Wang; Yaru Cheng; Hongyan Liu; Qi Gong; Qian Zeng; Tao Zhang; Guoqiang Wei; Zhi Wei; Dong Chen,2024,10.1038/s41598-024-58361-8,Scientific Reports,included,Visão computacional/DL aplicada a endoscopia digestiva alta (contexto: dataset/benchmark).,Springer Nature Link/S1; Springer Nature Link/S2; Web of Science/S1,sim
Springer Nature Link,S1,Springer S1 — Principal: IA/DL em endoscopia digestiva alta,sp_10.1007_s00464-025-12415-8,Application of artificial intelligence for detection of <i>Helicobacter pylori</i> infection by magnetically controlled capsule endoscopy,Fuying Zheng; Qiaoying Zhu; Peiwen Yuan; Futao Wu; Yanli Cui; Zhenhua Xiao; Honghao Li; Xue Li; Jiong Wu; Zhiyan Qu; Zhanhui Ye; Aimin Li,2025,10.1007/s00464-025-12415-8,Surgical Endoscopy,included,"Título/keywords indicam DL/CV em endoscopia digestiva alta ou achado GI, mesmo sem abstract.",Springer Nature Link/S1; Springer Nature Link/S2,não
Springer Nature Link,S1,Springer S1 — Principal: IA/DL em endoscopia digestiva alta,sp_10.1038_s41746-025-01532-2,Effect of computer aided detection system on esophageal neoplasm diagnosis in varied levels of endoscopists,Bing Li; Yan-Yun Du; Wei-Min Tan; Dong-Li He; Zhi-Peng Qi; Hon-Ho Yu; Qiang Shi; Zhong Ren; Ming-Yan Cai; Bo Yan; Shi-Lun Cai; Yun-Shi Zhong,2025,10.1038/s41746-025-01532-2,npj Digital Medicine,included,Título/keywords indicam endoscopia + achado GI alto; presume-se CAD/análise de imagem.,Springer Nature Link/S1; Springer Nature Link/S2,não
Springer Nature Link,S1,Springer S1 — Principal: IA/DL em endoscopia digestiva alta,sp_10.1007_978-3-031-60935-0_69,Current Approaches and Challenges in Medical Image Analysis and Visually Explainable Artificial Intelligence as Future Opportunities,Nandani Sharma; Sandeep Chaurasia,2024,10.1007/978-3-031-60935-0_69,The Future of Artificial Intelligence and Robotics,included,Sem abstract; recuperado por string forte (Springer-Nature-Link/S1) que já restringe a endoscopia alta + IA/DL e exclui colorretal — confiável.,Springer Nature Link/S1,não
Springer Nature Link,S1,Springer S1 — Principal: IA/DL em endoscopia digestiva alta,sp_10.1007_s00234-025-03631-z,MRI-derived deep learning models for predicting 1p/19q codeletion status in glioma patients: a systematic review and meta-analysis of diagnostic test accuracy studies,Amir Mahmoud Ahmadzadeh; Nima Broomand Lomer; Mohammad Amin Ashoobi; Danial Elyassirad; Benyamin Gheiji; Mahsa Vatanparast; Amirhossein Rostami; Mohammad Ali Abouei Mehrizi; Azadeh Tabari; Girish Bathla; Shahriar Faghani,2025,10.1007/s00234-025-03631-z,Neuroradiology,included,Sem abstract; recuperado por string forte (Springer-Nature-Link/S1) que já restringe a endoscopia alta + IA/DL e exclui colorretal — confiável.,Springer Nature Link/S1; Springer Nature Link/S2,não
Springer Nature Link,S1,Springer S1 — Principal: IA/DL em endoscopia digestiva alta,sp_10.1007_s11082-023-06060-5,RETRACTED ARTICLE: Transfer learning based feature extraction with metaheuristic optimization algorithm for detecting gastric cancer using optoelectronic sensor in endoscope,S. Famila; A. Arulmurugan; A. Mahendar; R. Kalaiyarasan; N. Supriya; Bhargavi Maridu,2024,10.1007/s11082-023-06060-5,Optical and Quantum Electronics,included,"Título/keywords indicam DL/CV em endoscopia digestiva alta ou achado GI, mesmo sem abstract.",Springer Nature Link/S1; Springer Nature Link/S2,não
Springer Nature Link,S1,Springer S1 — Principal: IA/DL em endoscopia digestiva alta,sp_10.1007_978-3-031-22922-0_10,Smart Intelligent System for Cervix Cancer Image Classification Using Google Cloud Platform,P. Subashini; T. T. Dhivyaprabha; M. Krishnaveni; M. B. Jennyfer Susan,2023,10.1007/978-3-031-22922-0_10,Enabling Technologies for Effective Planning and Management in Sustainable Smart Cities,included,Sem abstract; recuperado por string forte (Springer-Nature-Link/S1) que já restringe a endoscopia alta + IA/DL e exclui colorretal — confiável.,Springer Nature Link/S1; Springer Nature Link/S2,não
Springer Nature Link,S1,Springer S1 — Principal: IA/DL em endoscopia digestiva alta,sp_10.1007_s10388-025-01106-x,Multimodal deep-learning model using pre-treatment endoscopic images and clinical information to predict efficacy of neoadjuvant chemotherapy in esophageal squamous cell carcinoma,Takuma Miura; Takumi Yashima; Eichi Takaya; Yusuke Taniyama; Chiaki Sato; Hiroshi Okamoto; Yohei Ozawa; Hirotaka Ishida; Michiaki Unno; Takuya Ueda; Takashi Kamei,2025,10.1007/s10388-025-01106-x,Esophagus,included,"Título/keywords indicam DL/CV em endoscopia digestiva alta ou achado GI, mesmo sem abstract.",Springer Nature Link/S1,não
Springer Nature Link,S1,Springer S1 — Principal: IA/DL em endoscopia digestiva alta,sp_10.1007_s13193-025-02306-8,ENDOANGEL: Revolutionizing Early Detection and Surgical Approaches for Gastric Cancer with Advanced AI Technology,Amirhosein Naseri; Mohamad Hossein Antikchi; Sepideh Soleymani; Mehdi Khosravi-Mashizi; Hossein Neamatzadeh,2025,10.1007/s13193-025-02306-8,Indian Journal of Surgical Oncology,included,Sem abstract; recuperado por string forte (Springer-Nature-Link/S1) que já restringe a endoscopia alta + IA/DL e exclui colorretal — confiável.,Springer Nature Link/S1; Springer Nature Link/S2,não
Springer Nature Link,S1,Springer S1 — Principal: IA/DL em endoscopia digestiva alta,sp_10.1007_978-3-032-04984-1_31,MM-DINOv2: Adapting Foundation Models for Multi-modal Medical Image Analysis,Daniel Scholz; Ayhan Can Erdur; Viktoria Ehm; Anke Meyer-Baese; Jan C. Peeken; Daniel Rueckert; Benedikt Wiestler,2026,10.1007/978-3-032-04984-1_31,Medical Image Computing and Computer Assisted Intervention – MICCAI 2025,included,Sem abstract; recuperado por string forte (Springer-Nature-Link/S1) que já restringe a endoscopia alta + IA/DL e exclui colorretal — confiável.,Springer Nature Link/S1,não
Springer Nature Link,S1,Springer S1 — Principal: IA/DL em endoscopia digestiva alta,sp_10.1038_s41597-025-04401-5,GastroHUN an Endoscopy Dataset of Complete Systematic Screening Protocol for the Stomach,Diego Bravo; Juan Frias; Felipe Vera; Juan Trejos; Carlos Martínez; Martín Gómez; Fabio González; Eduardo Romero,2025,10.1038/s41597-025-04401-5,Scientific Data,included,Visão computacional/DL aplicada a endoscopia digestiva alta (contexto: dataset/benchmark).,PubMed/S2; Springer Nature Link/S1; Web of Science/S1,sim
Springer Nature Link,S1,Springer S1 — Principal: IA/DL em endoscopia digestiva alta,sp_10.1007_s00464-025-11858-3,Development and validation of a SOTA-based system for biliopancreatic segmentation and station recognition system in EUS,Jingjie Zhang; Jun Zhang; Hongsuo Chen; Feilong Tian; Yu Zhang; Yi Zhou; Zhenyu Jiang,2025,10.1007/s00464-025-11858-3,Surgical Endoscopy,included,Sem abstract; recuperado por string forte (Springer-Nature-Link/S1) que já restringe a endoscopia alta + IA/DL e exclui colorretal — confiável.,Springer Nature Link/S1,não
Springer Nature Link,S1,Springer S1 — Principal: IA/DL em endoscopia digestiva alta,sp_10.1186_s12957-024-03321-9,The value of machine learning approaches in the diagnosis of early gastric cancer: a systematic review and meta-analysis,Yiheng Shi; Haohan Fan; Li Li; Yaqi Hou; Feifei Qian; Mengting Zhuang; Bei Miao; Sujuan Fei,2024,10.1186/s12957-024-03321-9,World Journal of Surgical Oncology,included,DL/CV em endoscopia com achado do trato GI alto.,Springer Nature Link/S1; Springer Nature Link/S2,sim
Springer Nature Link,S1,Springer S1 — Principal: IA/DL em endoscopia digestiva alta,sp_10.1186_s12911-023-02235-y,Machine learning applications for early detection of esophageal cancer: a systematic review,Farhang Hosseini; Farkhondeh Asadi; Hassan Emami; Rayan Ebnali Harari,2023,10.1186/s12911-023-02235-y,BMC Medical Informatics and Decision Making,included,DL/CV em endoscopia com achado do trato GI alto.,Springer Nature Link/S1; Springer Nature Link/S2,sim
Springer Nature Link,S1,Springer S1 — Principal: IA/DL em endoscopia digestiva alta,sp_10.1007_978-3-031-84543-7_23,Automated Module for Image Quality Assessment from Narrow-Banding Imaging Endoscopy Cameras,Van Hieu Bui; Khac Long Pham; Thuan Thanh Nguyen; The Anh Nguyen,2025,10.1007/978-3-031-84543-7_23,Applied Algorithms,included,Sem abstract; recuperado por string forte (Springer-Nature-Link/S1) que já restringe a endoscopia alta + IA/DL e exclui colorretal — confiável.,Springer Nature Link/S1,não
Springer Nature Link,S1,Springer S1 — Principal: IA/DL em endoscopia digestiva alta,sp_10.1007_s00330-025-12315-4,Multimodal deep learning for laryngeal squamous cell carcinoma staging using CT and laryngoscopy,Rui Liu; Yuan Zhou; Rui Wang; Xinwei Chen; Yi Yang; Huan Jiang; Kai Xie; Youquan Ning; Yanrui Deng; Qiang Yu; Lin Xu; Guohua Hu; Juan Peng,2026,10.1007/s00330-025-12315-4,European Radiology,included,Sem abstract; recuperado por string forte (Springer-Nature-Link/S1) que já restringe a endoscopia alta + IA/DL e exclui colorretal — confiável.,Springer Nature Link/S1,não
Springer Nature Link,S1,Springer S1 — Principal: IA/DL em endoscopia digestiva alta,sp_10.1007_978-3-031-72378-0_48,Gaze-Directed Vision GNN for Mitigating Shortcut Learning in Medical Image,Shaoxuan Wu; Xiao Zhang; Bin Wang; Zhuo Jin; Hansheng Li; Jun Feng,2024,10.1007/978-3-031-72378-0_48,Medical Image Computing and Computer Assisted Intervention – MICCAI 2024,included,Sem abstract; recuperado por string forte (Springer-Nature-Link/S1) que já restringe a endoscopia alta + IA/DL e exclui colorretal — confiável.,Springer Nature Link/S1,não
Springer Nature Link,S1,Springer S1 — Principal: IA/DL em endoscopia digestiva alta,sp_10.1007_s11227-025-07497-z,GPDet: an anchor-free object detector based on dual center-ness and criss-cross balance for unstructured gastroscopic image data,Zhimin Tang; Yuhui Deng; Yi Zhou; Hexian Lu; Lijuan Lu; Junhao Huang; Hong Li; Shun Long,2025,10.1007/s11227-025-07497-z,The Journal of Supercomputing,included,Sem abstract; recuperado por string forte (Springer-Nature-Link/S1) que já restringe a endoscopia alta + IA/DL e exclui colorretal — confiável.,Springer Nature Link/S1; Springer Nature Link/S2,não
Springer Nature Link,S1,Springer S1 — Principal: IA/DL em endoscopia digestiva alta,sp_10.1038_s41598-022-19639-x,An xception model based on residual attention mechanism for the classification of benign and malignant gastric ulcers,Yixin Liu; Lihang Zhang; Zezhou Hao; Ziyuan Yang; Shanjuan Wang; Xiaoguang Zhou; Qing Chang,2022,10.1038/s41598-022-19639-x,Scientific Reports,included,DL/CV em endoscopia com achado do trato GI alto.,Springer Nature Link/S1; Springer Nature Link/S2,sim
Springer Nature Link,S1,Springer S1 — Principal: IA/DL em endoscopia digestiva alta,sp_10.1038_s41698-024-00670-2,"Biologically interpretable multi-task deep learning pipeline predicts molecular alterations, grade, and prognosis in glioma patients",Xuewei Wu; Shuaitong Zhang; Zhenyu Zhang; Zicong He; Zexin Xu; Weiwei Wang; Zhe Jin; Jingjing You; Yang Guo; Lu Zhang; Wenhui Huang; Fei Wang; Xianzhi Liu; Dongming Yan; Jingliang Cheng; Jing Yan; Shuixing Zhang; Bin Zhang,2024,10.1038/s41698-024-00670-2,npj Precision Oncology,included,Sem abstract; recuperado por string forte (Springer-Nature-Link/S1) que já restringe a endoscopia alta + IA/DL e exclui colorretal — confiável.,Springer Nature Link/S1,não
Springer Nature Link,S1,Springer S1 — Principal: IA/DL em endoscopia digestiva alta,sp_10.1007_978-3-030-97610-1_30,Improving Gastroesophageal Reflux Diseases Classification Diagnosis from Endoscopic Images Using StyleGAN2-ADA,Phuong-Thao Nguyen; Thanh-Hai Tran; Viet-Hang Dao; Hai Vu,2022,10.1007/978-3-030-97610-1_30,Artificial Intelligence in Data and Big Data Processing,included,Título/keywords indicam endoscopia + achado GI alto; presume-se CAD/análise de imagem.,Springer Nature Link/S1; Springer Nature Link/S2,não
Springer Nature Link,S1,Springer S1 — Principal: IA/DL em endoscopia digestiva alta,sp_10.1007_978-981-16-5120-5_48,Classification of Gastrointestinal Images Based on Transfer Learning and Denoising Convolutional Neural Networks,Ali Ahmed,2022,10.1007/978-981-16-5120-5_48,Proceedings of International Conference on Data Science and Applications,included,"Título/keywords indicam DL/CV em endoscopia digestiva alta ou achado GI, mesmo sem abstract.",Springer Nature Link/S1,não
Springer Nature Link,S1,Springer S1 — Principal: IA/DL em endoscopia digestiva alta,sp_10.1007_s00371-024-03723-6,Multimodal fusion and knowledge distillation for improved anomaly detection,Meichen Lu; Yi Chai; Kaixiong Xu; Weiqing Chen; Fei Ao; Wen Ji,2024,10.1007/s00371-024-03723-6,The Visual Computer,included,Sem abstract; recuperado por string forte (Springer-Nature-Link/S1) que já restringe a endoscopia alta + IA/DL e exclui colorretal — confiável.,Springer Nature Link/S1; Springer Nature Link/S2; Springer Nature Link/S5,não
Springer Nature Link,S1,Springer S1 — Principal: IA/DL em endoscopia digestiva alta,sp_10.1186_s13027-024-00632-0,"Prevalence of <i>Helicobacter pylori</i> infection in the general population in Wuzhou, China: a cross-sectional study",Liumei Yan; Qiliang He; Xinyun Peng; Sen Lin; Meigu Sha; Shujian Zhao; Dewang Huang; Jiemei Ye,2025,10.1186/s13027-024-00632-0,Infectious Agents and Cancer,included,Sem abstract; recuperado por string forte (Springer-Nature-Link/S1) que já restringe a endoscopia alta + IA/DL e exclui colorretal — confiável.,Springer Nature Link/S1; Springer Nature Link/S2,não
Springer Nature Link,S1,Springer S1 — Principal: IA/DL em endoscopia digestiva alta,sp_10.1007_s00464-022-09319-2,A deep learning-based model improves diagnosis of early gastric cancer under narrow band imaging endoscopy,Dehua Tang; Muhan Ni; Chang Zheng; Xiwei Ding; Nina Zhang; Tian Yang; Qiang Zhan; Yiwei Fu; Wenjia Liu; Duanming Zhuang; Ying Lv; Guifang Xu; Lei Wang; Xiaoping Zou,2022,10.1007/s00464-022-09319-2,Surgical Endoscopy,included,"Título/keywords indicam DL/CV em endoscopia digestiva alta ou achado GI, mesmo sem abstract.",Springer Nature Link/S1; Springer Nature Link/S2,não
Springer Nature Link,S1,Springer S1 — Principal: IA/DL em endoscopia digestiva alta,sp_10.1007_s11277-022-10079-4,A Study on Different Deep Learning Algorithms Used in Deep Neural Nets: MLP SOM and DBN,J. Naskath; G. Sivakamasundari; A. Alif Siddiqua Begum,2022,10.1007/s11277-022-10079-4,Wireless Personal Communications,included,Sem abstract; recuperado por string forte (Springer-Nature-Link/S1) que já restringe a endoscopia alta + IA/DL e exclui colorretal — confiável.,Springer Nature Link/S1,não
Springer Nature Link,S1,Springer S1 — Principal: IA/DL em endoscopia digestiva alta,sp_10.1007_s00261-025-04949-1,The value of deep learning and radiomics models in predicting preoperative serosal invasion in gastric cancer: a dual-center study,Lihang Xu; Mingyu Li; Xianling Dong; Zhongxiao Wang; Ying Tong; Tao Feng; Shuangyan Xu; Hui Shang; Bin Zhao; Jianpeng Lin; Zhendong Cao; Yi Zheng,2025,10.1007/s00261-025-04949-1,Abdominal Radiology,included,"Título/keywords indicam DL/CV em endoscopia digestiva alta ou achado GI, mesmo sem abstract.",Springer Nature Link/S1,não
Springer Nature Link,S1,Springer S1 — Principal: IA/DL em endoscopia digestiva alta,sp_10.1007_978-3-031-73376-5_8,Optimizing Multi-expert Consensus for Classification and Precise Localization of Barrett’s Neoplasia,Carolus H. J. Kusters; Tim G. W. Boers; Tim J. M. Jaspers; Martijn R. Jong; Rixta A. H. van Eijck van Heslinga; Albert J. de Groof; Jacques J. Bergman; Fons van der Sommen; Peter H. N. De With,2025,10.1007/978-3-031-73376-5_8,"Cancer Prevention, Detection, and Intervention",included,Sem abstract; recuperado por string forte (Springer-Nature-Link/S1) que já restringe a endoscopia alta + IA/DL e exclui colorretal — confiável.,Springer Nature Link/S1; Springer Nature Link/S2,não
Springer Nature Link,S1,Springer S1 — Principal: IA/DL em endoscopia digestiva alta,sp_10.1186_s12935-025-03756-4,The artificial intelligence revolution in gastric cancer management: clinical applications,Runze Li; Jingfan Li; Yuman Wang; Xiaoyu Liu; Weichao Xu; Runxue Sun; Binqing Xue; Xinqian Zhang; Yikun Ai; Yanru Du; Jianming Jiang,2025,10.1186/s12935-025-03756-4,Cancer Cell International,included,"Título/keywords indicam DL/CV em endoscopia digestiva alta ou achado GI, mesmo sem abstract.",Springer Nature Link/S1; Springer Nature Link/S2,não
Springer Nature Link,S1,Springer S1 — Principal: IA/DL em endoscopia digestiva alta,sp_10.1007_978-3-031-17979-2_2,"Self-supervised Approach for a Fully Assistive Esophageal Surveillance: Quality, Anatomy and Neoplasia Guidance",Ziang Xu; Sharib Ali; Numan Celik; Adam Bailey; Barbara Braden; Jens Rittscher,2022,10.1007/978-3-031-17979-2_2,Cancer Prevention Through Early Detection,included,"Título/keywords indicam DL/CV em endoscopia digestiva alta ou achado GI, mesmo sem abstract.",Springer Nature Link/S1; Springer Nature Link/S2,não
Springer Nature Link,S1,Springer S1 — Principal: IA/DL em endoscopia digestiva alta,sp_10.1007_s00464-026-12702-y,Imaging characteristics and discrimination model development for early gastric cancer using multi-spectral CT,Wei-Na Jing; Xiao-Cun Xing; Fei-Fan Chen; Jin-Lin Yang; Kai Liao; Kai Deng,2026,10.1007/s00464-026-12702-y,Surgical Endoscopy,included,Sem abstract; recuperado por string forte (Springer-Nature-Link/S1) que já restringe a endoscopia alta + IA/DL e exclui colorretal — confiável.,Springer Nature Link/S1; Springer Nature Link/S2,não
Springer Nature Link,S1,Springer S1 — Principal: IA/DL em endoscopia digestiva alta,sp_10.1038_s41598-022-10739-2,Utility of an artificial intelligence system for classification of esophageal lesions when simulating its clinical use,Ayaka Tajiri; Ryu Ishihara; Yusuke Kato; Takahiro Inoue; Katsunori Matsueda; Muneaki Miyake; Kotaro Waki; Yusaku Shimamoto; Hiromu Fukuda; Noriko Matsuura; Satoshi Egawa; Shinjiro Yamaguchi; Hideharu Ogiyama; Kiyoshi Ogiso; Tsutomu Nishida; Kenji Aoi; Tomohiro Tada,2022,10.1038/s41598-022-10739-2,Scientific Reports,included,DL/CV em endoscopia com achado do trato GI alto.,Springer Nature Link/S1; Springer Nature Link/S2,sim
Springer Nature Link,S1,Springer S1 — Principal: IA/DL em endoscopia digestiva alta,sp_10.1038_s41598-022-07199-z,Automated detection of celiac disease using Machine Learning Algorithms,Cristian-Andrei Stoleru; Eva H. Dulf; Lidia Ciobanu,2022,10.1038/s41598-022-07199-z,Scientific Reports,included,DL/CV em endoscopia com achado do trato GI alto.,PubMed/S2; Springer Nature Link/S1,sim
Springer Nature Link,S1,Springer S1 — Principal: IA/DL em endoscopia digestiva alta,sp_10.1007_s11548-023-02891-5,Self-supervised learning for gastritis detection with gastric X-ray images,Guang Li; Ren Togo; Takahiro Ogawa; Miki Haseyama,2023,10.1007/s11548-023-02891-5,International Journal of Computer Assisted Radiology and Surgery,included,"Título/keywords indicam DL/CV em endoscopia digestiva alta ou achado GI, mesmo sem abstract.",Springer Nature Link/S1,não
Springer Nature Link,S1,Springer S1 — Principal: IA/DL em endoscopia digestiva alta,sp_10.1007_978-981-19-4546-5_35,An Improved SSD-Based Gastric Cancer Detection Method,Minggui Liu; Zhiming Luo; Donglin Cao; Dazhen Lin; Songzhi Su; Shaozi Li,2022,10.1007/978-981-19-4546-5_35,Computer Supported Cooperative Work and Social Computing,included,Sem abstract; recuperado por string forte (Springer-Nature-Link/S1) que já restringe a endoscopia alta + IA/DL e exclui colorretal — confiável.,Springer Nature Link/S1; Springer Nature Link/S2,não
Springer Nature Link,S1,Springer S1 — Principal: IA/DL em endoscopia digestiva alta,sp_10.1007_978-981-16-6775-6_2,Exploring Structure-Wise Uncertainty for 3D Medical Image Segmentation,Anton Vasiliuk; Daria Frolova; Mikhail Belyaev; Boris Shirokikh,2023,10.1007/978-981-16-6775-6_2,Medical Imaging and Computer-Aided Diagnosis,included,Sem abstract; recuperado por string forte (Springer-Nature-Link/S1) que já restringe a endoscopia alta + IA/DL e exclui colorretal — confiável.,Springer Nature Link/S1,não
Springer Nature Link,S1,Springer S1 — Principal: IA/DL em endoscopia digestiva alta,sp_10.1038_s41746-023-00813-y,Explainable artificial intelligence incorporated with domain knowledge diagnosing early gastric neoplasms under white light endoscopy,Zehua Dong; Junxiao Wang; Yanxia Li; Yunchao Deng; Wei Zhou; Xiaoquan Zeng; Dexin Gong; Jun Liu; Jie Pan; Renduo Shang; Youming Xu; Ming Xu; Lihui Zhang; Mengjiao Zhang; Xiao Tao; Yijie Zhu; Hongliu Du; Zihua Lu; Liwen Yao; Lianlian Wu; Honggang Yu,2023,10.1038/s41746-023-00813-y,npj Digital Medicine,included,DL/CV em endoscopia com achado do trato GI alto.,Springer Nature Link/S1; Springer Nature Link/S2,sim
Springer Nature Link,S1,Springer S1 — Principal: IA/DL em endoscopia digestiva alta,sp_10.1007_978-3-030-65621-8_16,Automated Diagnosis of Breast Cancer with RoI Detection Using YOLO and Heuristics,Ananya Bal; Meenakshi Das; Shashank Mouli Satapathy; Madhusmita Jena; Subha Kanta Das,2021,10.1007/978-3-030-65621-8_16,Distributed Computing and Internet Technology,included,Sem abstract; recuperado por string forte (Springer-Nature-Link/S1) que já restringe a endoscopia alta + IA/DL e exclui colorretal — confiável.,Springer Nature Link/S1,não
Springer Nature Link,S1,Springer S1 — Principal: IA/DL em endoscopia digestiva alta,sp_10.1038_s41598-022-18707-6,Study on image data cleaning method of early esophageal cancer based on VGG_NIN neural network,Zhengwen Li; Runmin Wu; Tao Gan,2022,10.1038/s41598-022-18707-6,Scientific Reports,included,DL/CV em endoscopia com achado do trato GI alto.,Springer Nature Link/S1,sim
Springer Nature Link,S1,Springer S1 — Principal: IA/DL em endoscopia digestiva alta,sp_10.1007_s11227-021-03630-w,Adoption value of deep learning and serological indicators in the screening of atrophic gastritis based on artificial intelligence,Jianhai Zhang; Jianhong Yu; Suna Fu; Xinhua Tian,2021,10.1007/s11227-021-03630-w,The Journal of Supercomputing,included,"Título/keywords indicam DL/CV em endoscopia digestiva alta ou achado GI, mesmo sem abstract.",Springer Nature Link/S1; Springer Nature Link/S2,não
Springer Nature Link,S1,Springer S1 — Principal: IA/DL em endoscopia digestiva alta,sp_10.1007_s11604-022-01352-4,Application of radiomics in precision prediction of diagnosis and treatment of gastric cancer,Getao Du; Yun Zeng; Dan Chen; Wenhua Zhan; Yonghua Zhan,2022,10.1007/s11604-022-01352-4,Japanese Journal of Radiology,included,"Título/keywords indicam DL/CV em endoscopia digestiva alta ou achado GI, mesmo sem abstract.",Springer Nature Link/S1; Springer Nature Link/S2,não
Springer Nature Link,S1,Springer S1 — Principal: IA/DL em endoscopia digestiva alta,sp_10.1038_s41598-025-11172-x,Developing an artificial intelligence-based progressive growing GAN for high-quality facial profile generation and evaluation through turing test and aesthetic analysis,Shahab Kavousinejad; Kazem Dalaie; Mohammad Behnaz; Soodeh Tahmasbi; Asghar Ebadifar; Hoori Mirmohammadsadeghi,2025,10.1038/s41598-025-11172-x,Scientific Reports,included,Sem abstract; recuperado por string forte (Springer-Nature-Link/S1) que já restringe a endoscopia alta + IA/DL e exclui colorretal — confiável.,Springer Nature Link/S1; Springer Nature Link/S2,não
Springer Nature Link,S1,Springer S1 — Principal: IA/DL em endoscopia digestiva alta,sp_10.1007_978-3-031-72661-3_27,Improving Medical Multi-modal Contrastive Learning with Expert Annotations,Yogesh Kumar; Pekka Marttinen,2025,10.1007/978-3-031-72661-3_27,Computer Vision – ECCV 2024,included,Sem abstract; recuperado por string forte (Springer-Nature-Link/S1) que já restringe a endoscopia alta + IA/DL e exclui colorretal — confiável.,Springer Nature Link/S1,não
Springer Nature Link,S1,Springer S1 — Principal: IA/DL em endoscopia digestiva alta,sp_10.1038_s41467-024-44946-4,Robustly federated learning model for identifying high-risk patients with postoperative gastric cancer recurrence,Bao Feng; Jiangfeng Shi; Liebin Huang; Zhiqi Yang; Shi-Ting Feng; Jianpeng Li; Qinxian Chen; Huimin Xue; Xiangguang Chen; Cuixia Wan; Qinghui Hu; Enming Cui; Yehang Chen; Wansheng Long,2024,10.1038/s41467-024-44946-4,Nature Communications,included,DL/CV aplicado a achados do trato GI alto — presume-se imagens endoscópicas/histopatológicas.,Springer Nature Link/S1,sim
Springer Nature Link,S1,Springer S1 — Principal: IA/DL em endoscopia digestiva alta,sp_10.1186_s12876-025-04461-2,Development of a prediction model for peptic ulcer disease using the fusion of a feature selection strategy and ensemble algorithms,Raoof Nopour,2025,10.1186/s12876-025-04461-2,BMC Gastroenterology,included,Sem abstract; recuperado por string forte (Springer-Nature-Link/S1) que já restringe a endoscopia alta + IA/DL e exclui colorretal — confiável.,Springer Nature Link/S1; Springer Nature Link/S2,não
Springer Nature Link,S1,Springer S1 — Principal: IA/DL em endoscopia digestiva alta,sp_10.1007_978-3-031-62238-0_50,Enhancing Data Science Performance through PSO and GA-based Feature Selection on High-Dimensional Datasets,Huy-Du Dao; Tuan-Linh Nguyen; Ngoc-Kien Vu; Thanh-Tung Nguyen,2024,10.1007/978-3-031-62238-0_50,Advances in Engineering Research and Application,included,Sem abstract; recuperado por string forte (Springer-Nature-Link/S1) que já restringe a endoscopia alta + IA/DL e exclui colorretal — confiável.,Springer Nature Link/S1,não
Springer Nature Link,S1,Springer S1 — Principal: IA/DL em endoscopia digestiva alta,sp_10.1007_978-981-95-6304-3_3,Design of Integrated Machine Learning-Bidirectional LSTM Hybrid Model for Gastric Cancer Risk Prediction Driven by Multimodal Data,Jia-Yu Cao; Hua-Min Chen; Shaofu Lin; Biyu Yao; Yan-Hua Sun,2026,10.1007/978-981-95-6304-3_3,Health Information Science,included,"Título/keywords indicam DL/CV em endoscopia digestiva alta ou achado GI, mesmo sem abstract.",Springer Nature Link/S1,não
Springer Nature Link,S1,Springer S1 — Principal: IA/DL em endoscopia digestiva alta,sp_10.1038_s41598-021-87737-3,Artificial intelligence-assisted analysis of endoscopic retrograde cholangiopancreatography image for identifying ampulla and difficulty of selective cannulation,Taesung Kim; Jinhee Kim; Hyuk Soon Choi; Eun Sun Kim; Bora Keum; Yoon Tae Jeen; Hong Sik Lee; Hoon Jai Chun; Sung Yong Han; Dong Uk Kim; Soonwook Kwon; Jaegul Choo; Jae Min Lee,2021,10.1038/s41598-021-87737-3,Scientific Reports,included,"Sinais ambíguos no abstract, mas recuperado por string forte (Springer-Nature-Link/S1) com filtro endoscopia alta + IA — confiável.",Springer Nature Link/S1; Springer Nature Link/S2,sim
Springer Nature Link,S1,Springer S1 — Principal: IA/DL em endoscopia digestiva alta,sp_10.1007_978-3-031-21083-9_2,Criss-Cross Attention Based Multi-level Fusion Network for Gastric Intestinal Metaplasia Segmentation,Chu-Min Nien; Er-Hsiang Yang; Wei-Lun Chang; Hsiu-Chi Cheng; Chun-Rong Huang,2022,10.1007/978-3-031-21083-9_2,"Imaging Systems for GI Endoscopy, and Graphs in Biomedical Image Analysis",included,Sem abstract; recuperado por string forte (Springer-Nature-Link/S1) que já restringe a endoscopia alta + IA/DL e exclui colorretal — confiável.,Springer Nature Link/S1; Springer Nature Link/S2; Springer Nature Link/S5,não
Springer Nature Link,S1,Springer S1 — Principal: IA/DL em endoscopia digestiva alta,sp_10.1007_978-981-19-6525-8_34,Superpixel Image Clustering Using Particle Swarm Optimizer for Nucleus Segmentation,Swarnajit Ray; Krishna Gopal Dhal; Prabir Kumar Naskar,2023,10.1007/978-981-19-6525-8_34,Soft Computing for Problem Solving,included,Sem abstract; recuperado por string forte (Springer-Nature-Link/S1) que já restringe a endoscopia alta + IA/DL e exclui colorretal — confiável.,Springer Nature Link/S1,não
Springer Nature Link,S1,Springer S1 — Principal: IA/DL em endoscopia digestiva alta,sp_10.1007_s10120-020-01077-1,Endoscopic three-categorical diagnosis of <i>Helicobacter pylori</i> infection using linked color imaging and deep learning: a single-center prospective study (with video),Hirotaka Nakashima; Hiroshi Kawahira; Hiroshi Kawachi; Nobuhiro Sakaki,2020,10.1007/s10120-020-01077-1,Gastric Cancer,included,"Título/keywords indicam DL/CV em endoscopia digestiva alta ou achado GI, mesmo sem abstract.",Springer Nature Link/S1,não
Springer Nature Link,S1,Springer S1 — Principal: IA/DL em endoscopia digestiva alta,sp_10.1007_978-3-030-64573-1_172,Artificial Intelligence in Urology,Kevin Y. Chu; Michael B. Tradewell,2022,10.1007/978-3-030-64573-1_172,Artificial Intelligence in Medicine,included,Sem abstract; recuperado por string forte (Springer-Nature-Link/S1) que já restringe a endoscopia alta + IA/DL e exclui colorretal — confiável.,Springer Nature Link/S1,não
Springer Nature Link,S1,Springer S1 — Principal: IA/DL em endoscopia digestiva alta,sp_10.1007_s10846-023-02001-2,Theory and Application of High-Precision Preoperative Positioning for Cochlear Surgical Robot,Hengjia Liu; Hongjian Yu; Zhijiang Du; Feng Liu; Xuanbo Fan; Lining Sun,2023,10.1007/s10846-023-02001-2,Journal of Intelligent & Robotic Systems,included,Sem abstract; recuperado por string forte (Springer-Nature-Link/S1) que já restringe a endoscopia alta + IA/DL e exclui colorretal — confiável.,Springer Nature Link/S1; Springer Nature Link/S2,não
Springer Nature Link,S1,Springer S1 — Principal: IA/DL em endoscopia digestiva alta,sp_10.1007_s12293-024-00415-5,F-Chain: personalized overall survival prediction based on incremental adaptive indicators and multi-source clinical records,Qiucen Li; Zedong Du; Qiu Li; Pengfei Zhang; Huicen Guo; Xiaodi Huang; Dan Lin; Zhikui Chen,2024,10.1007/s12293-024-00415-5,Memetic Computing,included,Sem abstract; recuperado por string forte (Springer-Nature-Link/S1) que já restringe a endoscopia alta + IA/DL e exclui colorretal — confiável.,Springer Nature Link/S1,não
Springer Nature Link,S1,Springer S1 — Principal: IA/DL em endoscopia digestiva alta,sp_10.1007_s00371-022-02414-4,SAUNet++: an automatic segmentation model of COVID-19 lesion from CT slices,Hanguang Xiao; Zhiqiang Ran; Shingo Mabu; Yuewei Li; Li Li,2022,10.1007/s00371-022-02414-4,The Visual Computer,included,Sem abstract; recuperado por string forte (Springer-Nature-Link/S1) que já restringe a endoscopia alta + IA/DL e exclui colorretal — confiável.,Springer Nature Link/S1,não
Springer Nature Link,S1,Springer S1 — Principal: IA/DL em endoscopia digestiva alta,sp_10.1007_978-3-030-39177-5_8,Two-Stage Method for Polyps Segmentation in Endoscopic Images,Nataliia A. Obukhova; Alexander A. Motyko; Alexaner A. Pozdeev,2020,10.1007/978-3-030-39177-5_8,Computer Vision in Control Systems—6,included,Sem abstract; recuperado por string forte (Springer-Nature-Link/S1) que já restringe a endoscopia alta + IA/DL e exclui colorretal — confiável.,Springer Nature Link/S1; Springer Nature Link/S2,não
Springer Nature Link,S1,Springer S1 — Principal: IA/DL em endoscopia digestiva alta,sp_10.1007_s00455-024-10740-z,Abstracts from the 31st Meeting of the Dysphagia Research Society,Catriona M. Steele,2024,10.1007/s00455-024-10740-z,Dysphagia,included,Sem abstract; recuperado por string forte (Springer-Nature-Link/S1) que já restringe a endoscopia alta + IA/DL e exclui colorretal — confiável.,Springer Nature Link/S1; Springer Nature Link/S2; Springer Nature Link/S4,não
Springer Nature Link,S1,Springer S1 — Principal: IA/DL em endoscopia digestiva alta,sp_10.1007_s11042-023-14861-9,A survey on the utilization of Superpixel image for clustering based image segmentation,Buddhadev Sasmal; Krishna Gopal Dhal,2023,10.1007/s11042-023-14861-9,Multimedia Tools and Applications,included,Sem abstract; recuperado por string forte (Springer-Nature-Link/S1) que já restringe a endoscopia alta + IA/DL e exclui colorretal — confiável.,Springer Nature Link/S1; Springer Nature Link/S2,não
Springer Nature Link,S1,Springer S1 — Principal: IA/DL em endoscopia digestiva alta,sp_10.1007_s13198-022-01661-x,Construction of smart medical assurance system based on virtual reality and GANs image recognition,Jianfeng Li; Yunfeng Zhang,2022,10.1007/s13198-022-01661-x,International Journal of System Assurance Engineering and Management,included,Sem abstract; recuperado por string forte (Springer-Nature-Link/S1) que já restringe a endoscopia alta + IA/DL e exclui colorretal — confiável.,Springer Nature Link/S1,não
Springer Nature Link,S1,Springer S1 — Principal: IA/DL em endoscopia digestiva alta,sp_10.1007_978-3-030-87240-3_54,Few Trust Data Guided Annotation Refinement for Upper Gastrointestinal Anatomy Recognition,Yan Li; Kai Lan; Xiaoyi Chen; Li Quan; Ni Zhang,2021,10.1007/978-3-030-87240-3_54,Medical Image Computing and Computer Assisted Intervention – MICCAI 2021,included,Título/keywords indicam endoscopia + achado GI alto; presume-se CAD/análise de imagem.,Springer Nature Link/S1,não
Springer Nature Link,S1,Springer S1 — Principal: IA/DL em endoscopia digestiva alta,sp_10.1007_978-3-030-58080-3_172-1,Artificial Intelligence in Urology,Kevin Y. Chu; Michael B. Tradewell,2021,10.1007/978-3-030-58080-3_172-1,Artificial Intelligence in Medicine,included,Sem abstract; recuperado por string forte (Springer-Nature-Link/S1) que já restringe a endoscopia alta + IA/DL e exclui colorretal — confiável.,Springer Nature Link/S1,não
Springer Nature Link,S1,Springer S1 — Principal: IA/DL em endoscopia digestiva alta,sp_10.1007_s00535-018-1514-7,Detection of gastritis by a deep convolutional neural network from double-contrast upper gastrointestinal barium X-ray radiography,Ren Togo; Nobutake Yamamichi; Katsuhiro Mabe; Yu Takahashi; Chihiro Takeuchi; Mototsugu Kato; Naoya Sakamoto; Kenta Ishihara; Takahiro Ogawa; Miki Haseyama,2018,10.1007/s00535-018-1514-7,Journal of Gastroenterology,included,"Título/keywords indicam DL/CV em endoscopia digestiva alta ou achado GI, mesmo sem abstract.",Springer Nature Link/S1,não
Springer Nature Link,S1,Springer S1 — Principal: IA/DL em endoscopia digestiva alta,sp_10.1007_978-981-32-9686-2_29,Medical Image Super-Resolution Based on the Generative Adversarial Network,Xu Huang; Qianyao Zhang; Guoli Wang; Xuemei Guo; Zhonghua Li,2020,10.1007/978-981-32-9686-2_29,Proceedings of 2019 Chinese Intelligent Systems Conference,included,Sem abstract; recuperado por string forte (Springer-Nature-Link/S1) que já restringe a endoscopia alta + IA/DL e exclui colorretal — confiável.,Springer Nature Link/S1,não
Springer Nature Link,S1,Springer S1 — Principal: IA/DL em endoscopia digestiva alta,sp_10.1007_s00138-017-0905-8,Sparse-then-dense alignment-based 3D map reconstruction method for endoscopic capsule robots,Mehmet Turan; Yusuf Yigit Pilavci; Ipek Ganiyusufoglu; Helder Araujo; Ender Konukoglu; Metin Sitti,2017,10.1007/s00138-017-0905-8,Machine Vision and Applications,included,Sem abstract; recuperado por string forte (Springer-Nature-Link/S1) que já restringe a endoscopia alta + IA/DL e exclui colorretal — confiável.,Springer Nature Link/S1,não
Springer Nature Link,S2,Springer S2 — Lesões e alterações gástricas,sp_10.1007_s00261-025-05181-7,Artificial intelligence in gastric cancer: a systematic review of machine learning and deep learning applications,Muna Alsallal; Marwah Shaker Habeeb; Krunal Vaghela; H. Malathi; Alisha Vashisht; Prabhat Kumar Sahu; Devendra Singh; Ali Fawzi Al-Hussainy; Idris A. Aljanaby; Hayder Naji Sameer; Zainab H. Athab; Mohaned Adil; Ahmed Yaseen; Bagher Farhood,2025,10.1007/s00261-025-05181-7,Abdominal Radiology,included,"Título/keywords indicam DL/CV em endoscopia digestiva alta ou achado GI, mesmo sem abstract.",Springer Nature Link/S2,não
Springer Nature Link,S2,Springer S2 — Lesões e alterações gástricas,sp_10.1038_s41598-024-62494-1,Enhanced multi-class pathology lesion detection in gastric neoplasms using deep learning-based approach and validation,Byeong Soo Kim; Bokyung Kim; Minwoo Cho; Hyunsoo Chung; Ji Kon Ryu; Sungwan Kim,2024,10.1038/s41598-024-62494-1,Scientific Reports,included,DL/CV em endoscopia com achado do trato GI alto.,Springer Nature Link/S2,sim
Springer Nature Link,S2,Springer S2 — Lesões e alterações gástricas,sp_10.1186_s13040-025-00486-1,WHFDL: an explainable method based on World Hyper-heuristic and Fuzzy Deep Learning approaches for gastric cancer detection using metabolomics data,Nora Mahdavi; Arman Daliri; Mahdieh Zabihimayvan; Yalda Yaghooti; Mohammad Mahdi Mir; Parastoo Ghazanfari; Avin Zarrabi; Pedram Khalaj; Reza Sadeghi,2025,10.1186/s13040-025-00486-1,BioData Mining,included,"Título/keywords indicam DL/CV em endoscopia digestiva alta ou achado GI, mesmo sem abstract.",Springer Nature Link/S2,não
Springer Nature Link,S2,Springer S2 — Lesões e alterações gástricas,sp_10.1007_s11596-025-00128-x,Artificial Intelligence for Spleen-Stomach Disorders in Traditional Chinese Medicine: Integrating Knowledge Graphs with Intelligent Diagnosis and Treatment,Yu-yu Duan; Si-feng Jia; Song Ye; Lekhang Cheang; Wahou Tai; Li-zhi Xiang; Zhe-wei Ye,2025,10.1007/s11596-025-00128-x,Current Medical Science,included,"Título/keywords indicam DL/CV em endoscopia digestiva alta ou achado GI, mesmo sem abstract.",Springer Nature Link/S2,não
Springer Nature Link,S2,Springer S2 — Lesões e alterações gástricas,sp_10.1038_s41698-025-01224-w,Mucin phenotype-based deep learning framework for intestinal metaplasia-carcinogenesis progression prediction,Xiaoyang Wu; Fang Wang; Weiyou Dai; Chuxuan Ni; Liping Sun; Yuehua Gong; Nannan Dong; Zeyang Wang; Liang Li; Qian Xu; Jingjing Jing; Shixuan Shen; Huakang Tu; Yuan Yuan,2025,10.1038/s41698-025-01224-w,npj Precision Oncology,included,"Título/keywords indicam DL/CV em endoscopia digestiva alta ou achado GI, mesmo sem abstract.",Springer Nature Link/S2,não
Springer Nature Link,S2,Springer S2 — Lesões e alterações gástricas,sp_10.1007_s10120-025-01679-7,Exploring the potential of artificial intelligence in assessing the risk of gastric neoplastic lesions in patients with corpus atrophic gastritis,Emanuele Dilaghi; Edoardo Cesaroni; Irene Ligato; Matteo Silvestri; Giampaolo Liuzzi; Bruno Annibale; Stefano Lucidi; Gianluca Esposito; Marco Sciandrone,2025,10.1007/s10120-025-01679-7,Gastric Cancer,included,Visão computacional/DL aplicada a endoscopia digestiva alta (contexto: dataset/benchmark).,Springer Nature Link/S2; Web of Science/S2,sim
Springer Nature Link,S2,Springer S2 — Lesões e alterações gástricas,sp_10.1038_s41598-024-68866-x,Efficient artificial intelligence-based assessment of the gastroesophageal valve with Hill classification through active learning,Ioannis Kafetzis; Karl-Hermann Fuchs; Philipp Sodmann; Joel Troya; Wolfram Zoller; Alexander Meining; Alexander Hann,2024,10.1038/s41598-024-68866-x,Scientific Reports,included,Visão computacional/DL aplicada a endoscopia digestiva alta (contexto: dataset/benchmark).,Springer Nature Link/S2; Springer Nature Link/S3; Web of Science/S2,sim
Springer Nature Link,S2,Springer S2 — Lesões e alterações gástricas,sp_10.1007_978-3-032-05141-7_4,Automated Auditing of Upper Endoscopy Procedure Times: A Temporal Multiclass Analysis,Diego Bravo; Josué Ruano; Martín Gómez; Fabio A. Gónzalez; Eduardo Romero,2026,10.1007/978-3-032-05141-7_4,Medical Image Computing and Computer Assisted Intervention – MICCAI 2025,included,Sem abstract; recuperado por string forte (Springer-Nature-Link/S2) que já restringe a endoscopia alta + IA/DL e exclui colorretal — confiável.,Springer Nature Link/S2,não
Springer Nature Link,S2,Springer S2 — Lesões e alterações gástricas,sp_10.1007_s12664-025-01850-z,Image-enhanced endoscopy in upper GI tract: State-of-the-art review,Zaheer Nabi; Sonmoon Mohapatra; Noriya Uedo; Ashutosh Mohapatra; Pradev Inavolu; Hardik Rughwani; Mohan Ramchandani; D. Nageshwar Reddy,2025,10.1007/s12664-025-01850-z,Indian Journal of Gastroenterology,included,"Sinais ambíguos no abstract, mas recuperado por string forte (Springer-Nature-Link/S2) com filtro endoscopia alta + IA — confiável.",Springer Nature Link/S2,sim
Springer Nature Link,S2,Springer S2 — Lesões e alterações gástricas,sp_10.1186_s12911-025-02969-x,Development and validation of a machine learning model to predict hemostatic intervention in patients with acute upper gastrointestinal bleeding,Kajornvit Raghareutai; Watcharaporn Tanchotsrinon; Onuma Sattayalertyanyong; Uayporn Kaosombatwattana,2025,10.1186/s12911-025-02969-x,BMC Medical Informatics and Decision Making,included,Visão computacional/DL aplicada a endoscopia digestiva alta (contexto: dataset/benchmark).,Springer Nature Link/S2,sim
Springer Nature Link,S2,Springer S2 — Lesões e alterações gástricas,sp_10.1007_978-981-99-2468-4_8,Classification of Esophageal Cancer Using Ensembled CNN with Generalized Normal Distribution Optimization Model and Support Vector Machine Classifier,A. Chempak Kumar; D. Muhammad Noorul Mubarak,2023,10.1007/978-981-99-2468-4_8,Congress on Smart Computing Technologies,included,"Título/keywords indicam DL/CV em endoscopia digestiva alta ou achado GI, mesmo sem abstract.",Springer Nature Link/S2,não
Springer Nature Link,S2,Springer S2 — Lesões e alterações gástricas,sp_10.1007_s10396-021-01153-8,Artificial intelligence in the diagnosis of cirrhosis and portal hypertension,Xiaoguo Li; Ning Kang; Xiaolong Qi; Yifei Huang,2021,10.1007/s10396-021-01153-8,Journal of Medical Ultrasonics,included,Sem abstract; recuperado por string forte (Springer-Nature-Link/S2) que já restringe a endoscopia alta + IA/DL e exclui colorretal — confiável.,Springer Nature Link/S2,não
Springer Nature Link,S2,Springer S2 — Lesões e alterações gástricas,sp_10.1186_s13063-023-07346-5,"The effectiveness of a computer-aided system in improving the detection rate of gastric neoplasm and early gastric cancer: study protocol for a multi-centre, randomized controlled trial",Zehua Dong; Yijie Zhu; Hongliu Du; Junxiao Wang; Xiaoquan Zeng; Xiao Tao; Ting Yang; Jiamin Wang; Mei Deng; Jun Liu; Lianlian Wu; Honggang Yu,2023,10.1186/s13063-023-07346-5,Trials,included,"Sinais ambíguos no abstract, mas recuperado por string forte (Springer-Nature-Link/S2) com filtro endoscopia alta + IA — confiável.",PubMed/S3; Springer Nature Link/S2; Web of Science/S2,sim
Springer Nature Link,S2,Springer S2 — Lesões e alterações gástricas,sp_10.1007_s10620-025-09069-w,"A Simple, Interpretable Machine Learning Model Based on Clinical Factors Accurately Predicts Incident Dysplasia or Malignancy in Barrett’s Esophagus",Ashwin Rao; Jasmine Haydel; Samuel Ma; Aaron P. Thrift; Theresa Nguyen-Wenker; Hashem B. El-Serag,2025,10.1007/s10620-025-09069-w,Digestive Diseases and Sciences,included,"Título/keywords indicam DL/CV em endoscopia digestiva alta ou achado GI, mesmo sem abstract.",Springer Nature Link/S2,não
Springer Nature Link,S2,Springer S2 — Lesões e alterações gástricas,sp_10.1038_s41598-025-20270-9,Raman spectroscopy and machine learning for early detection of gastric cancer and <i>Helicobacter pylori</i> with gastric juice,Weiwei Fu; Yuxin Zhang; Kangle Zhai; Jing Zhang; Yue Wen; Yingli Xu; Jing Zhang; Jing Wang; Shigang Ding,2025,10.1038/s41598-025-20270-9,Scientific Reports,included,"Título/keywords indicam DL/CV em endoscopia digestiva alta ou achado GI, mesmo sem abstract.",Springer Nature Link/S2,não
Springer Nature Link,S2,Springer S2 — Lesões e alterações gástricas,sp_10.1007_s11739-025-04229-2,A portal into hemodynamics: utility of portal vein ultrasound in predicting variceal etiology of upper gastrointestinal hemorrhage in the emergency department,Siddhi Naik; Prithvishree Ravindra; Souvik Chaudhuri; P. S. Priya; Sai Deepak Alli; Shiran Shetty,2025,10.1007/s11739-025-04229-2,Internal and Emergency Medicine,included,"Sinais ambíguos no abstract, mas recuperado por string forte (Springer-Nature-Link/S2) com filtro endoscopia alta + IA — confiável.",Springer Nature Link/S2,sim
Springer Nature Link,S2,Springer S2 — Lesões e alterações gástricas,sp_10.1007_s00464-026-12600-3,Risk factors for missed early gastric cancer: a retrospective cohort study based on pathologically confirmed cases after endoscopic submucosal dissection,Kaier Gu; Tianer Gu; Wei Xie; Han Bu; Yang Liu,2026,10.1007/s00464-026-12600-3,Surgical Endoscopy,included,Título/keywords indicam endoscopia + achado GI alto; presume-se CAD/análise de imagem.,Springer Nature Link/S2,não
Springer Nature Link,S2,Springer S2 — Lesões e alterações gástricas,sp_10.1186_s13244-024-01809-2,An ensemble machine learning model assists in the diagnosis of gastric ectopic pancreas and gastric stromal tumors,Kui Sun; Ying Wang; Rongchao Shi; Siyu Wu; Ximing Wang,2024,10.1186/s13244-024-01809-2,Insights into Imaging,included,DL/CV aplicado a achados do trato GI alto — presume-se imagens endoscópicas/histopatológicas.,Springer Nature Link/S2,sim
Springer Nature Link,S2,Springer S2 — Lesões e alterações gástricas,sp_10.1007_s10354-023-01020-w,Application value of an artificial intelligence-based diagnosis and recognition system in gastroscopy training for graduate students in gastroenterology: a preliminary study,Peng An; Zhongqiu Wang,2023,10.1007/s10354-023-01020-w,Wiener Medizinische Wochenschrift,included,"Título/keywords indicam DL/CV em endoscopia digestiva alta ou achado GI, mesmo sem abstract.",Springer Nature Link/S2,não
Springer Nature Link,S2,Springer S2 — Lesões e alterações gástricas,sp_10.1007_s11695-026-08501-y,Scoping Review of Reflux after Primary One Anastomosis Gastric Bypass: Navigating the Maze to Enhance the Evidence Base,Walid El Ansari; Kareem El-Ansari; Mohamed Hany,2026,10.1007/s11695-026-08501-y,Obesity Surgery,included,Sem abstract; recuperado por string forte (Springer-Nature-Link/S2) que já restringe a endoscopia alta + IA/DL e exclui colorretal — confiável.,Springer Nature Link/S2,não
Springer Nature Link,S2,Springer S2 — Lesões e alterações gástricas,sp_10.1007_s00464-024-10970-0,"Risk factors of missed early gastric cancer in endoscopic resected population: a retrospective, case–control study",Zhenyu Zhang; Ningjing Gao; Kun Liu; Muhan Ni; Xiang Zhang; Peng Yan; Min Chen; Xiaotan Dou; Huimin Guo; Tian Yang; Xiwei Ding; Guifang Xu; Dehua Tang; Lei Wang; Xiaoping Zou,2024,10.1007/s00464-024-10970-0,Surgical Endoscopy,included,Título/keywords indicam endoscopia + achado GI alto; presume-se CAD/análise de imagem.,Springer Nature Link/S2,não
Springer Nature Link,S2,Springer S2 — Lesões e alterações gástricas,sp_10.1038_s41598-025-86763-9,Machine learning classification and biochemical characteristics in the real-time diagnosis of gastric adenocarcinoma using Raman spectroscopy,Alex Noh; Sabrina Xin Zi Quek; Nuraini Zailani; Juin Shin Wee; Derrick Yong; Byeong Yun Ahn; Khek Yu Ho; Hyunsoo Chung,2025,10.1038/s41598-025-86763-9,Scientific Reports,included,"Título/keywords indicam DL/CV em endoscopia digestiva alta ou achado GI, mesmo sem abstract.",Springer Nature Link/S2,não
Springer Nature Link,S2,Springer S2 — Lesões e alterações gástricas,sp_10.1186_s13020-024-00963-5,Development of an artificial intelligent model for pre-endoscopic screening of precancerous lesions in gastric cancer,Lan Wang; Qian Zhang; Peng Zhang; Bowen Wu; Jun Chen; Jiamin Gong; Kaiqiang Tang; Shiyu Du; Shao Li,2024,10.1186/s13020-024-00963-5,Chinese Medicine,included,DL/CV em endoscopia com achado do trato GI alto.,Springer Nature Link/S2; Springer Nature Link/S3,sim
Springer Nature Link,S2,Springer S2 — Lesões e alterações gástricas,sp_10.1007_s10479-022-04964-1,An ensemble method of the machine learning to prognosticate the gastric cancer,Hirad Baradaran Rezaei; Alireza Amjadian; Mohammad Vahid Sebt; Reza Askari; Abolfazl Gharaei,2022,10.1007/s10479-022-04964-1,Annals of Operations Research,included,"Título/keywords indicam DL/CV em endoscopia digestiva alta ou achado GI, mesmo sem abstract.",Springer Nature Link/S2,não
Springer Nature Link,S2,Springer S2 — Lesões e alterações gástricas,sp_10.1007_s11894-023-00907-3,Small Bowel Imaging in Celiac Disease: Is there a role for Small Bowel Ultrasound?,Roberta Elisa Rossi; Anita Busacca; Luca Brandaleone; Benedetta Masoni; Sara Massironi; Mirella Fraquelli; Alessandro Repici,2023,10.1007/s11894-023-00907-3,Current Gastroenterology Reports,included,Sem abstract; recuperado por string forte (Springer-Nature-Link/S2) que já restringe a endoscopia alta + IA/DL e exclui colorretal — confiável.,Springer Nature Link/S2,não
Springer Nature Link,S2,Springer S2 — Lesões e alterações gástricas,sp_10.1007_s11894-025-00976-6,Future of Endoscopy in Surveillance of Esophageal Varices,Carlos Moctezuma-Velazquez; Juan G. Abraldes,2025,10.1007/s11894-025-00976-6,Current Gastroenterology Reports,included,Título/keywords indicam endoscopia + achado GI alto; presume-se CAD/análise de imagem.,Springer Nature Link/S2,não
Springer Nature Link,S2,Springer S2 — Lesões e alterações gástricas,sp_10.1007_s00464-024-10683-4,Cruroplasty with or without mesh? A systematic literature review with a novel time-organized proportion meta-analysis,Andrés R. Latorre-Rodríguez; Ajay Rajan; Sumeet K. Mittal,2024,10.1007/s00464-024-10683-4,Surgical Endoscopy,included,Sem abstract; recuperado por string forte (Springer-Nature-Link/S2) que já restringe a endoscopia alta + IA/DL e exclui colorretal — confiável.,Springer Nature Link/S2,não
Springer Nature Link,S2,Springer S2 — Lesões e alterações gástricas,sp_10.1186_s12876-023-02788-2,A single-center prospective study evaluating the usefulness of artificial intelligence for the diagnosis of esophageal squamous cell carcinoma in a real-time setting,Yasuhiro Tani; Ryu Ishihara; Takahiro Inoue; Yuki Okubo; Yushi Kawakami; Katsunori Matsueda; Muneaki Miyake; Shunsuke Yoshii; Satoki Shichijo; Takashi Kanesaka; Sachiko Yamamoto; Yoji Takeuchi; Koji Higashino; Noriya Uedo; Tomoki Michida; Yusuke Kato; Tomohiro Tada,2023,10.1186/s12876-023-02788-2,BMC Gastroenterology,included,DL/CV em endoscopia com achado do trato GI alto.,Springer Nature Link/S2,sim
Springer Nature Link,S2,Springer S2 — Lesões e alterações gástricas,sp_10.1007_s00464-023-10156-0,Application of machine learning to predict postoperative gastrointestinal bleed in bariatric surgery,Justin L. Hsu; Kevin A. Chen; Logan R. Butler; Anoosh Bahraini; Muneera R. Kapadia; Shawn M. Gomez; Timothy M. Farrell,2023,10.1007/s00464-023-10156-0,Surgical Endoscopy,included,"Título/keywords indicam DL/CV em endoscopia digestiva alta ou achado GI, mesmo sem abstract.",Springer Nature Link/S2,não
Springer Nature Link,S2,Springer S2 — Lesões e alterações gástricas,sp_10.1007_s00431-026-06833-6,"Adherence to guidelines, pitfalls, and emerging technologies in endoscopic practice for celiac disease: a nationwide SIGENP survey",Silvana Ancona; Federica Malerba; Federico Medina; Paolo Gandullia; Andrea Chiaro; Sara Renzo; Paola De Angelis; Claudio Romano; Monica Malamisura; Renata Auricchio; Marco Crocco,2026,10.1007/s00431-026-06833-6,European Journal of Pediatrics,included,Título/keywords indicam endoscopia + achado GI alto; presume-se CAD/análise de imagem.,Springer Nature Link/S2,não
Springer Nature Link,S2,Springer S2 — Lesões e alterações gástricas,sp_10.1007_s00216-024-05545-w,Raman fiber-optic probe for rapid diagnosis of gastric and esophageal tumors with machine learning analysis or similarity assessments: a comparative study,Shiyan Fang; Pei Xu; Siyi Wu; Zhou Chen; Junqing Yang; Haibo Xiao; Fangbao Ding; Shuchun Li; Jin Sun; Zirui He; Jian Ye; Linley Li Lin,2024,10.1007/s00216-024-05545-w,Analytical and Bioanalytical Chemistry,included,"Título/keywords indicam DL/CV em endoscopia digestiva alta ou achado GI, mesmo sem abstract.",Springer Nature Link/S2,não
Springer Nature Link,S2,Springer S2 — Lesões e alterações gástricas,sp_10.1038_s41598-022-20610-z,Artificial intelligence-enhanced volumetric laser endomicroscopy improves dysplasia detection in Barrett’s esophagus in a randomized cross-over study,Allon Kahn; Matthew J. Mc; Kinley; Molly Stewart; Kenneth K. Wang; Prasad G. Iyer; Cadman L. Leggett; Arvind J. Trindade,2022,10.1038/s41598-022-20610-z,Scientific Reports,included,DL/CV em endoscopia com achado do trato GI alto.,Springer Nature Link/S2,sim
Springer Nature Link,S2,Springer S2 — Lesões e alterações gástricas,sp_10.1245_s10434-024-16701-y,Machine Learning Prediction of Early Recurrence in Gastric Cancer: A Nationwide Real-World Study,Xing-Qi Zhang; Ze-Ning Huang; Ju Wu; Xiao-Dong Liu; Rong-Zhen Xie; Ying-Xin Wu; Chang-Yue Zheng; Chao-Hui Zheng; Ping Li; Jian-Wei Xie; Jia-Bin Wang; Qi-Chen He; Wen-Wu Qiu; Yi-Hui Tang; Hao-Xiang Zhang; Yan-Bing Zhou; Jian-Xian Lin; Chang-Ming Huang,2024,10.1245/s10434-024-16701-y,Annals of Surgical Oncology,included,"Título/keywords indicam DL/CV em endoscopia digestiva alta ou achado GI, mesmo sem abstract.",Springer Nature Link/S2,não
Springer Nature Link,S2,Springer S2 — Lesões e alterações gástricas,sp_10.1186_s12913-025-12218-6,Machine learning-driven prediction of medical expenses in triple-vessel PCI patients using feature selection,Kuan-Yu Chen; Yen-Chun Huang; Chih-Kuang Liu; Shao-Jung Li; Mingchih Chen,2025,10.1186/s12913-025-12218-6,BMC Health Services Research,included,Sem abstract; recuperado por string forte (Springer-Nature-Link/S2) que já restringe a endoscopia alta + IA/DL e exclui colorretal — confiável.,Springer Nature Link/S2,não
Springer Nature Link,S2,Springer S2 — Lesões e alterações gástricas,sp_10.1007_s12029-025-01245-5,Correlation between Tomographic and Histopathological Staging in Upfront Resected Gastric Cancer: Enhancing Diagnostic Accuracy in the Era of Perioperative Therapy,Kaival Gundavda; Aishvarya Shri Rajasimman; Shraddha Patkar; Renish Chhatrala; Akshay D. Baheti; Purvi Haria; Manjushree Kolhe; Manish Bhandare; Vikram Chaudhari; Shailesh V. Shrikhande,2025,10.1007/s12029-025-01245-5,Journal of Gastrointestinal Cancer,included,"Título/keywords indicam DL/CV em endoscopia digestiva alta ou achado GI, mesmo sem abstract.",Springer Nature Link/S2,não
Springer Nature Link,S2,Springer S2 — Lesões e alterações gástricas,sp_10.1007_978-3-031-19671-3_48,Endoscopic Staging and Resection for Early Gastric Cancer,Jason Samarasena; Anastasia Chahine; Joo Ha Hwang,2023,10.1007/978-3-031-19671-3_48,The AFS Textbook of Foregut Disease,included,Título/keywords indicam endoscopia + achado GI alto; presume-se CAD/análise de imagem.,Springer Nature Link/S2,não
Springer Nature Link,S2,Springer S2 — Lesões e alterações gástricas,sp_10.1007_s11695-024-07641-3,Histopathological Examination of 404 Sleeve Gastrectomy Specimens at a Large UK Center and Systematic Review of the Published Literature,Hannah Briggs; Edward J Nevins; Aya Musbahi,2024,10.1007/s11695-024-07641-3,Obesity Surgery,included,Sem abstract; recuperado por string forte (Springer-Nature-Link/S2) que já restringe a endoscopia alta + IA/DL e exclui colorretal — confiável.,Springer Nature Link/S2,não
Springer Nature Link,S2,Springer S2 — Lesões e alterações gástricas,sp_10.1007_s11938-024-00441-9,Barrett’s Esophagus: Who and How Do We Screen?,Bibek Saha; Anjul Verma; Prasad G. Iyer,2024,10.1007/s11938-024-00441-9,Current Treatment Options in Gastroenterology,included,Sem abstract; recuperado por string forte (Springer-Nature-Link/S2) que já restringe a endoscopia alta + IA/DL e exclui colorretal — confiável.,Springer Nature Link/S2,não
Springer Nature Link,S2,Springer S2 — Lesões e alterações gástricas,sp_10.1007_s10120-022-01330-9,Cooperation between artificial intelligence and endoscopists for diagnosing invasion depth of early gastric cancer,Atsushi Goto; Naoto Kubota; Jun Nishikawa; Ryo Ogawa; Koichi Hamabe; Shinichi Hashimoto; Hiroyuki Ogihara; Yoshihiko Hamamoto; Hideo Yanai; Osamu Miura; Taro Takami,2022,10.1007/s10120-022-01330-9,Gastric Cancer,included,DL/CV em endoscopia com achado do trato GI alto.,Springer Nature Link/S2,sim
Springer Nature Link,S2,Springer S2 — Lesões e alterações gástricas,sp_10.1038_s41598-024-66754-y,Predictive modeling of lower extreme deep vein thrombosis following radical gastrectomy for gastric cancer: based on multiple machine learning methods,Haiyan Zhou; Yongyan Jin; Guofeng Chen; Xiaoli Jin; Jian Chen; Jun Wang,2024,10.1038/s41598-024-66754-y,Scientific Reports,included,DL/CV aplicado a achados do trato GI alto — presume-se imagens endoscópicas/histopatológicas.,Springer Nature Link/S2,sim
Springer Nature Link,S2,Springer S2 — Lesões e alterações gástricas,sp_10.1186_s13244-026-02242-3,Application value of gastric contrast ultrasonography in gastric tumors,Guanmo Liu; Jie Li; Hua Liang; Zicheng Zheng; Chenggang Zhang; Yixuan He; Yihua Wang; Yang Gui; Weiming Kang; Xin Ye,2026,10.1186/s13244-026-02242-3,Insights into Imaging,included,DL/CV em endoscopia com achado do trato GI alto.,Springer Nature Link/S2,sim
Springer Nature Link,S2,Springer S2 — Lesões e alterações gástricas,sp_10.1186_s12893-026-03531-w,Preoperative Hill's classification as a predictor of postoperative gastroesophageal reflux disease following laparoscopic sleeve gastrectomy: a prospective multicenter study from Egypt,Atteyat A. Semeya; Esayed Elmokadem; Raafat S. A. Abdel Hafez; Mohammed Siam; Amira A. A. Othman; Mohamed Mahmoud Abdalgaliel,2026,10.1186/s12893-026-03531-w,BMC Surgery,included,Sem abstract; recuperado por string forte (Springer-Nature-Link/S2) que já restringe a endoscopia alta + IA/DL e exclui colorretal — confiável.,Springer Nature Link/S2,não
Springer Nature Link,S2,Springer S2 — Lesões e alterações gástricas,sp_10.1186_s12876-022-02626-x,Establishing machine learning models to predict the early risk of gastric cancer based on lifestyle factors,Mohammad Reza Afrash; Mohsen Shafiee; Hadi Kazemi-Arpanahi,2023,10.1186/s12876-022-02626-x,BMC Gastroenterology,included,DL/CV em endoscopia com achado do trato GI alto.,Springer Nature Link/S2; Springer Nature Link/S3,sim
Springer Nature Link,S2,Springer S2 — Lesões e alterações gástricas,sp_10.1007_s12065-025-01084-0,Skewed medical data-oriented parallel modular diagnosis via scalable belief-ruled hierarchy,Xingwu Zeng; Leilei Chang; Qianqian Wang; Xiaobin Xu; Shuo Zhang; Bingbing Hou,2025,10.1007/s12065-025-01084-0,Evolutionary Intelligence,included,Sem abstract; recuperado por string forte (Springer-Nature-Link/S2) que já restringe a endoscopia alta + IA/DL e exclui colorretal — confiável.,Springer Nature Link/S2,não
Springer Nature Link,S2,Springer S2 — Lesões e alterações gástricas,sp_10.1007_978-3-031-66846-3_33,Management Algorithms Relevant to Oesophageal Reconstruction,Muntzer Mughal,2025,10.1007/978-3-031-66846-3_33,Reconstructive Surgery of the Oesophagus and Stomach,included,Sem abstract; recuperado por string forte (Springer-Nature-Link/S2) que já restringe a endoscopia alta + IA/DL e exclui colorretal — confiável.,Springer Nature Link/S2,não
Springer Nature Link,S2,Springer S2 — Lesões e alterações gástricas,sp_10.1186_s44315-025-00036-8,Blue bioeconomy and biotechnology: towards a sustainably growing microalgae industry,Doris Ying Ying Tang; Cendy Ooi; Pau Loke Show,2025,10.1186/s44315-025-00036-8,Blue Biotechnology,included,Sem abstract; recuperado por string forte (Springer-Nature-Link/S2) que já restringe a endoscopia alta + IA/DL e exclui colorretal — confiável.,Springer Nature Link/S2,não
Springer Nature Link,S2,Springer S2 — Lesões e alterações gástricas,sp_10.1186_s41239-025-00540-2,Design and assessment of AI-based learning tools in higher education: a systematic review,Jihao Luo; Chenxu Zheng; Jiamin Yin; Hock Hai Teo,2025,10.1186/s41239-025-00540-2,International Journal of Educational Technology in Higher Education,included,Sem abstract; recuperado por string forte (Springer-Nature-Link/S2) que já restringe a endoscopia alta + IA/DL e exclui colorretal — confiável.,Springer Nature Link/S2,não
Springer Nature Link,S2,Springer S2 — Lesões e alterações gástricas,sp_10.1007_s11270-023-06125-x,"Herbicide Use in the Era of Farm to Fork: Strengths, Weaknesses, and Future Implications",Vassilios Triantafyllidis; Antonios Mavroeidis; Chariklia Kosma; Ioannis Konstantinos Karabagias; Anastasios Zotos; George Kehayias; Dimitrios Beslemes; Ioannis Roussis; Dimitrios Bilalis; Garyfalia Economou; Ioanna Kakabouki,2023,10.1007/s11270-023-06125-x,"Water, Air, & Soil Pollution",included,Sem abstract; recuperado por string forte (Springer-Nature-Link/S2) que já restringe a endoscopia alta + IA/DL e exclui colorretal — confiável.,Springer Nature Link/S2,não
Springer Nature Link,S2,Springer S2 — Lesões e alterações gástricas,sp_10.1007_s11739-024-03846-7,Eosinophilic oesophagitis in adults: from symptoms to therapeutic options,Carlo Maria Rossi; Marco Vincenzo Lenti; Giovanni Santacroce; Stefania Merli; Alessandro Vanoli; Antonio Di Sabatino,2024,10.1007/s11739-024-03846-7,Internal and Emergency Medicine,included,Sem abstract; recuperado por string forte (Springer-Nature-Link/S2) que já restringe a endoscopia alta + IA/DL e exclui colorretal — confiável.,Springer Nature Link/S2,não
Springer Nature Link,S2,Springer S2 — Lesões e alterações gástricas,sp_10.1007_978-981-99-9392-5_21,Gastrointestinal Stromal Tumors Recurrence After Stopping Adjuvant Therapy,Xiaoqi Li; Wenze Wan; Han Liang,2024,10.1007/978-981-99-9392-5_21,Clinical Management of Gastrointestinal Stromal Tumor,included,Sem abstract; recuperado por string forte (Springer-Nature-Link/S2) que já restringe a endoscopia alta + IA/DL e exclui colorretal — confiável.,Springer Nature Link/S2,não
Springer Nature Link,S2,Springer S2 — Lesões e alterações gástricas,sp_10.1007_s11894-026-01041-6,A Practical Guide to Incorporating Novel Barrett’s Screening/Surveillance Tools into Clinical Practice,Brian E. White; Alexandra L. Strauss Starling,2026,10.1007/s11894-026-01041-6,Current Gastroenterology Reports,included,Sem abstract; recuperado por string forte (Springer-Nature-Link/S2) que já restringe a endoscopia alta + IA/DL e exclui colorretal — confiável.,Springer Nature Link/S2,não
Springer Nature Link,S2,Springer S2 — Lesões e alterações gástricas,sp_10.1007_s10620-026-09978-4,A Comparison of the ABC and AIMS65 Scores in Predicting Outcomes in Patients with Acute Upper Gastrointestinal Bleeding: A Retrospective Multicenter Study,Ali Sohail; Uday Sankar Akash Vankayala; Bivin George; Taimur Aslam; Jon Javor; Liliane Deeb,2026,10.1007/s10620-026-09978-4,Digestive Diseases and Sciences,included,Título/keywords indicam endoscopia + achado GI alto; presume-se CAD/análise de imagem.,Springer Nature Link/S2,não
Springer Nature Link,S2,Springer S2 — Lesões e alterações gástricas,sp_10.1038_s41598-025-02540-8,Development and validation of a hypoxemia prediction model in middle-aged and elderly outpatients undergoing painless gastroscopy,Leilei Zheng; Xinyan Wu; Wei Gu; Rui Wang; Jing Wang; Hongying He; Zhao Wang; Bin Yi; Yi Zhang,2025,10.1038/s41598-025-02540-8,Scientific Reports,included,Sem abstract; recuperado por string forte (Springer-Nature-Link/S2) que já restringe a endoscopia alta + IA/DL e exclui colorretal — confiável.,Springer Nature Link/S2,não
Springer Nature Link,S2,Springer S2 — Lesões e alterações gástricas,sp_10.1007_978-981-95-7588-6_1,Green Technology for Phytochemicals,Pharkphoom Panichayupakaranant,2026,10.1007/978-981-95-7588-6_1,Phytoceuticals for Sustainable Medication,included,Sem abstract; recuperado por string forte (Springer-Nature-Link/S2) que já restringe a endoscopia alta + IA/DL e exclui colorretal — confiável.,Springer Nature Link/S2,não
Springer Nature Link,S2,Springer S2 — Lesões e alterações gástricas,sp_10.1007_978-3-031-90570-4_9,Esophagitis and Barrett’s Esophagus,Giuseppe Galloro; Rosa Maione; Alessia Chini,2026,10.1007/978-3-031-90570-4_9,Functional Diseases of the Esophagus,included,Sem abstract; recuperado por string forte (Springer-Nature-Link/S2) que já restringe a endoscopia alta + IA/DL e exclui colorretal — confiável.,Springer Nature Link/S2,não
Springer Nature Link,S2,Springer S2 — Lesões e alterações gástricas,sp_10.1007_s10730-026-09581-0,“No BLT”: The Rise and Risk of Acronyms in the Medical Record,Isha Harshe; Rebecca Soistmann; Kenneth Goodman,2026,10.1007/s10730-026-09581-0,HEC Forum,included,Sem abstract; recuperado por string forte (Springer-Nature-Link/S2) que já restringe a endoscopia alta + IA/DL e exclui colorretal — confiável.,Springer Nature Link/S2,não
Springer Nature Link,S2,Springer S2 — Lesões e alterações gástricas,sp_10.1186_s12880-025-01681-6,Predictive value of high-risk esophageal varices in cirrhosis based on dual-energy CT combined with clinical and serologic features,Jiewen Chen; Fei Zhang; Shuitian Wu; Disi Liu; Liyang Yang; Meng Li; Ming Yin; Kun Ma; Ge Wen; Weikang Huang,2025,10.1186/s12880-025-01681-6,BMC Medical Imaging,included,Sem abstract; recuperado por string forte (Springer-Nature-Link/S2) que já restringe a endoscopia alta + IA/DL e exclui colorretal — confiável.,Springer Nature Link/S2,não
Springer Nature Link,S2,Springer S2 — Lesões e alterações gástricas,sp_10.1038_s41598-024-73387-8,Spectrum aided vision enhancer enhances mucosal visualization by hyperspectral imaging in capsule endoscopy,Yen-Po Wang; Riya Karmakar; Arvind Mukundan; Yu-Ming Tsao; Te-Chin Sung; Ching-Liang Lu; Hsiang-Chen Wang,2024,10.1038/s41598-024-73387-8,Scientific Reports,included,"Sinais ambíguos no abstract, mas recuperado por string forte (Springer-Nature-Link/S2) com filtro endoscopia alta + IA — confiável.",Springer Nature Link/S2,sim
Springer Nature Link,S2,Springer S2 — Lesões e alterações gástricas,sp_10.1245_s10434-026-19622-0,Improved Clinical Outcomes in Anastomotic Leak Management Using Preemptive Endoscopic Vacuum Therapy After Esophagectomy,Jennifer Merten; Markus Karl Kostka; Carsten Szardenings; Jens Peter Hölzen; Mazen A. Juratli; Nader El-Sourani; Andreas Pascher; Ann-Kathrin Eichelmann,2026,10.1245/s10434-026-19622-0,Annals of Surgical Oncology,included,"Sinais ambíguos no abstract, mas recuperado por string forte (Springer-Nature-Link/S2) com filtro endoscopia alta + IA — confiável.",Springer Nature Link/S2,sim
Springer Nature Link,S2,Springer S2 — Lesões e alterações gástricas,sp_10.1007_978-3-030-56993-8_3,Esophageal Neoplasia: Endoscopic Diagnosis and Treatment,Gaius Longcroft-Wheaton; Asma Alkandari; Pradeep Bhandari,2022,10.1007/978-3-030-56993-8_3,Gastrointestinal and Pancreatico-Biliary Diseases: Advanced Diagnostic and Therapeutic Endoscopy,included,Título/keywords indicam endoscopia + achado GI alto; presume-se CAD/análise de imagem.,Springer Nature Link/S2,não
Springer Nature Link,S2,Springer S2 — Lesões e alterações gástricas,sp_10.1007_s11894-023-00876-7,Evaluation of Esophageal Dysphagia in Elderly Patients,Khanh Hoang Nicholas Le; Eric E. Low; Rena Yadlapati,2023,10.1007/s11894-023-00876-7,Current Gastroenterology Reports,included,Sem abstract; recuperado por string forte (Springer-Nature-Link/S2) que já restringe a endoscopia alta + IA/DL e exclui colorretal — confiável.,Springer Nature Link/S2,não
Springer Nature Link,S2,Springer S2 — Lesões e alterações gástricas,sp_10.1007_s00464-025-12549-9,Comparative safety and efficacy of endoscopic band ligation versus endoscopic radiofrequency ablation for gastroesophageal reflux disease,Wenjuan Wang; Liya Luo; Qing Shi; Zhengqi Yang; Canyu Zhan; Hanlin Liu; Hong Yang; Suye Ran; Min Wen; Sha Zou; Liju Liu; Linya Huang; Qi Liu; Lingyu Song,2026,10.1007/s00464-025-12549-9,Surgical Endoscopy,included,Título/keywords indicam endoscopia + achado GI alto; presume-se CAD/análise de imagem.,Springer Nature Link/S2,não
Springer Nature Link,S2,Springer S2 — Lesões e alterações gástricas,sp_10.1186_s13000-023-01293-0,Machine learning-based model for predicting the esophagogastric variceal bleeding risk in liver cirrhosis patients,Yixin Hou; Hao Yu; Qun Zhang; Yuying Yang; Xiaoli Liu; Xianbo Wang; Yuyong Jiang,2023,10.1186/s13000-023-01293-0,Diagnostic Pathology,included,DL/CV em endoscopia com achado do trato GI alto.,Springer Nature Link/S2,sim
Springer Nature Link,S2,Springer S2 — Lesões e alterações gástricas,sp_10.1038_s44321-025-00194-7,An AI-assisted morphoproteomic approach is a supportive tool in esophagitis-related precision medicine,Sven Mattern; Vanessa Hollfoth; Eyyub Bag; Arslan Ali; Philip Riemenschneider; Mohamed A Jarboui; Karsten Boldt; Mihaly Sulyok; Anabel Dickemann; Julia Luibrand; Stefano Fusco; Mirita Franz-Wachtel; Kerstin Singer; Benjamin Goeppert; Oliver Schilling; Nisar Malek; Falko Fend; Boris Macek; Marius Ueffing; Stephan Singer,2025,10.1038/s44321-025-00194-7,EMBO Molecular Medicine,included,DL/CV aplicado a achados do trato GI alto — presume-se imagens endoscópicas/histopatológicas.,Springer Nature Link/S2,sim
Springer Nature Link,S2,Springer S2 — Lesões e alterações gástricas,sp_10.1007_978-3-031-21317-5_12,Endoscopy: Is There Anything New?,Cristina Trovato,2023,10.1007/978-3-031-21317-5_12,Hereditary Gastric and Breast Cancer Syndrome,included,Sem abstract; recuperado por string forte (Springer-Nature-Link/S2) que já restringe a endoscopia alta + IA/DL e exclui colorretal — confiável.,Springer Nature Link/S2,não
Springer Nature Link,S2,Springer S2 — Lesões e alterações gástricas,sp_10.1007_s40812-025-00355-2,From agriculture to agroindustry: the European Union Farm to Fork policy,Mariano Weber; Marco Ciro Liscio; Daniele Bregoli; Paolo Sospiro,2025,10.1007/s40812-025-00355-2,Journal of Industrial and Business Economics,included,"Sinais ambíguos no abstract, mas recuperado por string forte (Springer-Nature-Link/S2) com filtro endoscopia alta + IA — confiável.",Springer Nature Link/S2; Springer Nature Link/S4,sim
Springer Nature Link,S2,Springer S2 — Lesões e alterações gástricas,sp_10.1007_978-981-16-6963-7_1,Research on Multi-label of Gastritis Pathological Images Based on Weakly Supervised Deep Learning,Haoyang Cui; Xie Ding; Jingyi Zhang; Dan Huang; Yi Wang; Qinghua You; Boqiang Zhang; Yu Wang; Jiaxu Zhao,2022,10.1007/978-981-16-6963-7_1,"The International Conference on Image, Vision and Intelligent Systems (ICIVIS 2021)",included,"Título/keywords indicam DL/CV em endoscopia digestiva alta ou achado GI, mesmo sem abstract.",Springer Nature Link/S2,não
Springer Nature Link,S2,Springer S2 — Lesões e alterações gástricas,sp_10.1007_s10620-025-08983-3,Advancing Upper Gastrointestinal Cancer Detection: A Single-Center Pilot Study Exploring the Potential of Electrical Impedance Spectroscopy in Endoscopic Procedures,Hadi Mokhtari Dowlatabad; Reihane Mahdavi; Seyed Rouhollah Miri; Mohammad Reza Fattahi; Hossein Ataee; Narges Yousefpour; Navid Manoochehri; Reza Taslimi; Mohammad Abdolahad,2025,10.1007/s10620-025-08983-3,Digestive Diseases and Sciences,included,Título/keywords indicam endoscopia + achado GI alto; presume-se CAD/análise de imagem.,Springer Nature Link/S2,não
Springer Nature Link,S2,Springer S2 — Lesões e alterações gástricas,sp_10.1186_s12876-022-02589-z,Magnetic controlled capsule endoscope (MCCE)‘s diagnostic performance for <i>H. pylori</i> infection status based on the Kyoto classification of gastritis,Sun Xi; Liu Jing; Wu Lili; Li Tingting; Li Jun; Wang Ming; Wang Zhiqiang; Jin Peng,2022,10.1186/s12876-022-02589-z,BMC Gastroenterology,included,"Sinais ambíguos no abstract, mas recuperado por string forte (Springer-Nature-Link/S2) com filtro endoscopia alta + IA — confiável.",Springer Nature Link/S2; Springer Nature Link/S3,sim
Springer Nature Link,S2,Springer S2 — Lesões e alterações gástricas,sp_10.1007_s10029-025-03516-3,Evaluation of the safety and effectiveness of crural reinforcement with bio-a<sup>®</sup> or phasix-st<sup>®</sup> mesh: results from a multicenter study,Alberto Aiolfi; Davide Bona; Sara De Bernardi; Francesca Lombardo; Michele Manara; Gianluca Bonitta; Quan Wang; Marta Cavalli; Giampiero Campanelli; Luigi Bonavina,2025,10.1007/s10029-025-03516-3,Hernia,included,"Sinais ambíguos no abstract, mas recuperado por string forte (Springer-Nature-Link/S2) com filtro endoscopia alta + IA — confiável.",Springer Nature Link/S2,sim
Springer Nature Link,S2,Springer S2 — Lesões e alterações gástricas,sp_10.1007_s10140-025-02417-3,Adrenal abscesses: an uncommon and unexpected cause of the acute abdomen,Connor W. Smith; Hajra Arshad; Elliot K. Fishman,2025,10.1007/s10140-025-02417-3,Emergency Radiology,included,Sem abstract; recuperado por string forte (Springer-Nature-Link/S2) que já restringe a endoscopia alta + IA/DL e exclui colorretal — confiável.,Springer Nature Link/S2,não
Springer Nature Link,S2,Springer S2 — Lesões e alterações gástricas,sp_10.1007_s12029-022-00874-4,Post-Endoscopy Upper Gastrointestinal Cancer Rate in a Tertiary Referral Centre: An Australian Data Linkage Analysis,Naeman Goetz; Mehul Lamba; Kimberley Ryan; Florian Grimpen,2022,10.1007/s12029-022-00874-4,Journal of Gastrointestinal Cancer,included,Título/keywords indicam endoscopia + achado GI alto; presume-se CAD/análise de imagem.,Springer Nature Link/S2; Web of Science/S2,não
Springer Nature Link,S2,Springer S2 — Lesões e alterações gástricas,sp_10.1007_s00404-024-07677-x,"Hysteroscopy: where did we start, and where are we now? The compelling story of what many considered the “Cinderella” of gynecological endoscopy",Salvatore Giovanni Vitale; Andrea Giannini; Jose Carugno; Bruno van Herendael; Gaetano Riemma; Luis Alonso Pacheco; Amal Drizi; Liliana Mereu; Stefano Bettocchi; Stefano Angioni; Sergio Haimovich,2024,10.1007/s00404-024-07677-x,Archives of Gynecology and Obstetrics,included,"Endoscopia sem CV explícito no abstract, mas recuperado por string forte (Springer-Nature-Link/S2) que filtra IA/DL — confiável.",Springer Nature Link/S2,sim
Springer Nature Link,S2,Springer S2 — Lesões e alterações gástricas,sp_10.1007_978-3-032-07649-6_46,"Business Ethics, Sustainable Research, and the Declaration of Helsinki",Joel Faintuch; Salomao Faintuch,2025,10.1007/978-3-032-07649-6_46,Business Ethics in the Healthcare Industry,included,Sem abstract; recuperado por string forte (Springer-Nature-Link/S2) que já restringe a endoscopia alta + IA/DL e exclui colorretal — confiável.,Springer Nature Link/S2,não
Springer Nature Link,S2,Springer S2 — Lesões e alterações gástricas,sp_10.1007_s10620-022-07432-9,"Unsedated Transnasal Endoscopy: A Safe, Well-Tolerated and Accurate Alternative to Standard Diagnostic Peroral Endoscopy",Rebecca K. Grant; William M. Brindle; Alexander R. Robertson; Rahul Kalla; John N. Plevris,2022,10.1007/s10620-022-07432-9,Digestive Diseases and Sciences,included,Sem abstract; recuperado por string forte (Springer-Nature-Link/S2) que já restringe a endoscopia alta + IA/DL e exclui colorretal — confiável.,Springer Nature Link/S2,não
Springer Nature Link,S2,Springer S2 — Lesões e alterações gástricas,sp_10.1186_s12876-025-03898-9,Unveiling gastric precancerous stages: metabolomic insights for early detection and intervention,Xiaoyue Zhang; Ziming Lin; Boyan Xu; Chenyu Ma; Bowen Jiang; Yan Geng; Yingyue Sheng; Yuanyuan Dai; Yuzheng Xue; Yilin Ren,2025,10.1186/s12876-025-03898-9,BMC Gastroenterology,included,Sem abstract; recuperado por string forte (Springer-Nature-Link/S2) que já restringe a endoscopia alta + IA/DL e exclui colorretal — confiável.,Springer Nature Link/S2,não
Springer Nature Link,S2,Springer S2 — Lesões e alterações gástricas,sp_10.1007_s10120-023-01394-1,Clinical and endoscopic features of metachronous gastric cancer with possible lymph node metastasis after endoscopic submucosal dissection and <i>Helicobacter pylori</i> eradication,Haruhisa Suzuki; Satoru Nonaka; Iruru Maetani; Takahisa Matsuda; Seiichiro Abe; Shigetaka Yoshinaga; Ichiro Oda; Yukinori Yamagata; Takaki Yoshikawa; Yutaka Saito,2023,10.1007/s10120-023-01394-1,Gastric Cancer,included,Título/keywords indicam endoscopia + achado GI alto; presume-se CAD/análise de imagem.,Springer Nature Link/S2,não
Springer Nature Link,S2,Springer S2 — Lesões e alterações gástricas,sp_10.1186_s12911-023-02324-y,Intelligent identification system of gastric stromal tumors based on blood biopsy indicators,Shangjun Han; Meijuan Song; Jiarui Wang; Yalong Huang; Zuxi Li; Aijia Yang; Changsheng Sui; Zeping Zhang; Jiling Qiao; Jing Yang,2023,10.1186/s12911-023-02324-y,BMC Medical Informatics and Decision Making,included,DL/CV aplicado a achados do trato GI alto — presume-se imagens endoscópicas/histopatológicas.,Springer Nature Link/S2; Springer Nature Link/S3,sim
Springer Nature Link,S2,Springer S2 — Lesões e alterações gástricas,sp_10.1038_s41598-024-76330-z,Development and validation of a novel nomogram to predict worsening of gastroesophageal reflux symptoms after laparoscopic sleeve gastrectomy using Lasso-logistic regression,Lei Jin; Xiao-Kun Huang; Zhen-Yu Gao; Jing Gu; Zhe Zhang; Fei-Qi Xu; Ying Li; Hao-Peng Zhu; Cheng-Fei Du; Jun-Wei Liu; Lei Liang; Zhi-Fei Wang; Xiao-Dong Sun; Zun-Qiang Xiao; Yao-Juan Wu,2024,10.1038/s41598-024-76330-z,Scientific Reports,included,Sem abstract; recuperado por string forte (Springer-Nature-Link/S2) que já restringe a endoscopia alta + IA/DL e exclui colorretal — confiável.,Springer Nature Link/S2,não
Springer Nature Link,S2,Springer S2 — Lesões e alterações gástricas,sp_10.1038_s41598-023-29284-7,Visibility of early gastric cancers by texture and color enhancement imaging using a high-definition ultrathin transnasal endoscope,Yohei Koyama; Mitsushige Sugimoto; Takashi Kawai; Midori Mizumachi; Fumito Yamanishi; Sho Matsumoto; Yuka Suzuki; Daiki Nemoto; Hirokazu Shinohara; Tadashi Ichimiya; Takahiro Muramatsu; Yasuyuki Kagawa; Taisuke Matsumoto; Akira Madarame; Takashi Morise; Kumiko Uchida; Hayato Yamaguchi; Shin Kono; Sakiko Naito; Masakatsu Fukuzawa; Takao Itoi,2023,10.1038/s41598-023-29284-7,Scientific Reports,included,"Sinais ambíguos no abstract, mas recuperado por string forte (Springer-Nature-Link/S2) com filtro endoscopia alta + IA — confiável.",Springer Nature Link/S2,sim
Springer Nature Link,S2,Springer S2 — Lesões e alterações gástricas,sp_10.1186_s12876-025-04375-z,Characterization of neuroendocrine cell hyperplasia in autoimmune gastritis: improving H&E-based diagnosis through systematic training,Lining Wang; Huizhong Xue; Lu Wang; Shanshan Li; Meng Zhao; Xiaogang Liu,2026,10.1186/s12876-025-04375-z,BMC Gastroenterology,included,Sem abstract; recuperado por string forte (Springer-Nature-Link/S2) que já restringe a endoscopia alta + IA/DL e exclui colorretal — confiável.,Springer Nature Link/S2,não
Springer Nature Link,S2,Springer S2 — Lesões e alterações gástricas,sp_10.1007_s42452-025-07027-9,Modeling for prediction of gastric cancer after bariatric surgery: a secondary and multi-method study,Seyyed Amir Yasin Ahmadi; Mohammad Javad Nourmohammadi; Ahmad Madankan; Ali Kabir,2025,10.1007/s42452-025-07027-9,Discover Applied Sciences,included,Sem abstract; recuperado por string forte (Springer-Nature-Link/S2) que já restringe a endoscopia alta + IA/DL e exclui colorretal — confiável.,Springer Nature Link/S2,não
Springer Nature Link,S2,Springer S2 — Lesões e alterações gástricas,sp_10.1186_s13014-024-02560-0,Dose to cardiac substructures and cardiovascular events in esophageal cancer patients treated with definitive radiotherapy,Victor Nguyen; Jean-Philippe Metges; Moncef Morjani; Pierre-Guillaume Pourreau; Estelle Dhamelincourt; Lucille QuenehervéOlivier Pradier; Vincent Bourbonne,2024,10.1186/s13014-024-02560-0,Radiation Oncology,included,Sem abstract; recuperado por string forte (Springer-Nature-Link/S2) que já restringe a endoscopia alta + IA/DL e exclui colorretal — confiável.,Springer Nature Link/S2,não
Springer Nature Link,S2,Springer S2 — Lesões e alterações gástricas,sp_10.1007_978-981-19-6203-5_18,Regional Detection of Cervical Lesions Based on Self-attention Mechanism and Multi-scale Feature Enhancement,Ting Feng; Jie Ying; Haima Yang; Fang Li; Han Li,2022,10.1007/978-981-19-6203-5_18,Proceedings of 2022 Chinese Intelligent Systems Conference,included,Sem abstract; recuperado por string forte (Springer-Nature-Link/S2) que já restringe a endoscopia alta + IA/DL e exclui colorretal — confiável.,Springer Nature Link/S2,não
Springer Nature Link,S2,Springer S2 — Lesões e alterações gástricas,sp_10.1007_s44230-026-00138-5,Risk Allocation and Incentive Mechanisms in AI-Assisted Medical Diagnosis: A Cross-Disciplinary Analysis Based on Multi-domain Cases,Xinyang Tian; Ruolin Wang; Xinyue Tian,2026,10.1007/s44230-026-00138-5,Human-Centric Intelligent Systems,included,Sem abstract; recuperado por string forte (Springer-Nature-Link/S2) que já restringe a endoscopia alta + IA/DL e exclui colorretal — confiável.,Springer Nature Link/S2,não
Springer Nature Link,S2,Springer S2 — Lesões e alterações gástricas,sp_10.1007_s00431-024-05962-0,Innovative nomogram approach to enhance the prediction of <i>Helicobacter pylori</i> infection in children via magnetic-controlled capsule endoscopy,Ling Wang; Kai Lin; Weiwei Cheng; Xing Wang; Yong Zhang; Yuling Feng; Zhujun Gu; Haifeng Liu,2025,10.1007/s00431-024-05962-0,European Journal of Pediatrics,included,Título/keywords indicam endoscopia + achado GI alto; presume-se CAD/análise de imagem.,Springer Nature Link/S2,não
Springer Nature Link,S2,Springer S2 — Lesões e alterações gástricas,sp_10.1038_s41598-026-41599-9,A novel risk-scoring system based on endoscopic ultrasound and clinical characteristics for the preoperative diagnosis of small gastric gastrointestinal stromal tumors,Luojie Liu; Yunfu Feng; Sijie Zheng; Bin He; Chao Ma; Zhibing Wang; Xiaodan Xu; Jian Chen; Ying Shi,2026,10.1038/s41598-026-41599-9,Scientific Reports,included,Título/keywords indicam endoscopia + achado GI alto; presume-se CAD/análise de imagem.,Springer Nature Link/S2,não
Springer Nature Link,S2,Springer S2 — Lesões e alterações gástricas,sp_10.1007_s10120-019-00992-2,Convolutional neural network for the diagnosis of early gastric cancer based on magnifying narrow band imaging,Lan Li; Yishu Chen; Zhe Shen; Xuequn Zhang; Jianzhong Sang; Yong Ding; Xiaoyun Yang; Jun Li; Ming Chen; Chaohui Jin; Chunlei Chen; Chaohui Yu,2019,10.1007/s10120-019-00992-2,Gastric Cancer,included,"Título/keywords indicam DL/CV em endoscopia digestiva alta ou achado GI, mesmo sem abstract.",Springer Nature Link/S2,não
Springer Nature Link,S2,Springer S2 — Lesões e alterações gástricas,sp_10.1007_s11705-026-2661-7,Photothermal catalysis for plastic upcycling: a review on material design and reaction mechanisms,Haoze Li; Mengyao Wang; Hailong Cheng; Li Wang; Jianping Yang,2026,10.1007/s11705-026-2661-7,ENGINEERING Chemical Engineering,included,Sem abstract; recuperado por string forte (Springer-Nature-Link/S2) que já restringe a endoscopia alta + IA/DL e exclui colorretal — confiável.,Springer Nature Link/S2,não
Springer Nature Link,S2,Springer S2 — Lesões e alterações gástricas,sp_10.1007_s11938-020-00297-9,What Is the Optimal Surveillance Strategy for Non-dysplastic Barrett’s Esophagus?,Ying Gibbens; Prasad G. Iyer,2020,10.1007/s11938-020-00297-9,Current Treatment Options in Gastroenterology,included,Sem abstract; recuperado por string forte (Springer-Nature-Link/S2) que já restringe a endoscopia alta + IA/DL e exclui colorretal — confiável.,Springer Nature Link/S2,não
Springer Nature Link,S2,Springer S2 — Lesões e alterações gástricas,sp_10.1007_s00261-022-03604-3,Implementation of cinematic rendering of gastric masses into clinical practice: a pictorial review,Claire Brookmeyer; Steven P. Rowe; Linda C. Chu; Elliot K. Fishman,2022,10.1007/s00261-022-03604-3,Abdominal Radiology,included,Sem abstract; recuperado por string forte (Springer-Nature-Link/S2) que já restringe a endoscopia alta + IA/DL e exclui colorretal — confiável.,Springer Nature Link/S2,não
Springer Nature Link,S2,Springer S2 — Lesões e alterações gástricas,sp_10.1007_978-3-031-19671-3_22,Screening Technologies for Barrett’s Esophagus and Esophageal Adenocarcinoma,Gary W. Falk; Cadman L. Leggett,2023,10.1007/978-3-031-19671-3_22,The AFS Textbook of Foregut Disease,included,Sem abstract; recuperado por string forte (Springer-Nature-Link/S2) que já restringe a endoscopia alta + IA/DL e exclui colorretal — confiável.,Springer Nature Link/S2,não
Springer Nature Link,S2,Springer S2 — Lesões e alterações gástricas,sp_10.1007_s11837-026-08273-x,"Materials Engineering of Elastomer–Metal Interfaces Under Corrosion, Wear, and Adhesion Stressors",S. Bhuvanesh; V. Prakash; V. Arul; P. Saravanan; N. Subasree; K. Radhakrishnan; R. Suriyaprakash; Mohammed Alsawat; M. Sherlin Nivetha; Jothi Vinoth Kumar,2026,10.1007/s11837-026-08273-x,JOM,included,Sem abstract; recuperado por string forte (Springer-Nature-Link/S2) que já restringe a endoscopia alta + IA/DL e exclui colorretal — confiável.,Springer Nature Link/S2,não
Springer Nature Link,S2,Springer S2 — Lesões e alterações gástricas,sp_10.1007_s00405-026-10091-5,Evaluation of ChatGPT-4o as a text-based clinical decision support tool for junior otolaryngology residents: A randomized controlled trial,Lise Sogalow; Meryem Miri; Antonino Maniaci; Carlos M. Chiesa-Estomba; Sarah Saxena; Stephane Hans; Giovanni Briganti; Jérôme R. Lechien,2026,10.1007/s00405-026-10091-5,European Archives of Oto-Rhino-Laryngology,included,Sem abstract; recuperado por string forte (Springer-Nature-Link/S2) que já restringe a endoscopia alta + IA/DL e exclui colorretal — confiável.,Springer Nature Link/S2,não
Springer Nature Link,S2,Springer S2 — Lesões e alterações gástricas,sp_10.1186_s41824-025-00274-4,Molecular imaging in the diagnostic process of neuroendocrine tumors: a systematic review on unknown primary origin and suspected NETs,Laura Alonzo; Roberto Cannella; Riccardo Laudicella; Viviana Benfante; Pierpaolo Purpura; Giuseppe Micci; Massimo Galia; Giuseppe Brancatelli; Massimo Midiri; Pierpaolo Alongi,2025,10.1186/s41824-025-00274-4,EJNMMI Reports,included,Sem abstract; recuperado por string forte (Springer-Nature-Link/S2) que já restringe a endoscopia alta + IA/DL e exclui colorretal — confiável.,Springer Nature Link/S2,não
Springer Nature Link,S2,Springer S2 — Lesões e alterações gástricas,sp_10.1007_978-3-030-29964-4_3-1,Esophageal Neoplasia: Endoscopic Diagnosis and Treatment,Gaius Longcroft-Wheaton; Asma Alkandari; Pradeep Bhandari,2021,10.1007/978-3-030-29964-4_3-1,Gastrointestinal and Pancreatico-Biliary Diseases: Advanced Diagnostic and Therapeutic Endoscopy,included,Título/keywords indicam endoscopia + achado GI alto; presume-se CAD/análise de imagem.,Springer Nature Link/S2,não
Springer Nature Link,S2,Springer S2 — Lesões e alterações gástricas,sp_10.1007_978-3-030-90142-4_5,The Role of Endoscopy in Refractory Coeliac Disease,H. A. Penny; S. Chetcuti Zammat; R. Sidhu; D. S. Sanders,2022,10.1007/978-3-030-90142-4_5,Refractory Celiac Disease,included,Título/keywords indicam endoscopia + achado GI alto; presume-se CAD/análise de imagem.,Springer Nature Link/S2,não
Springer Nature Link,S2,Springer S2 — Lesões e alterações gástricas,sp_10.1007_s11938-024-00461-5,"Navigating Cirrhosis: Presentation, Outcomes, and Treatments in Adulthood and Beyond",Hamza Tahir; Manisha Verma; Bakhtawer Siraj; Richard S. Kalman,2024,10.1007/s11938-024-00461-5,Current Treatment Options in Gastroenterology,included,Sem abstract; recuperado por string forte (Springer-Nature-Link/S2) que já restringe a endoscopia alta + IA/DL e exclui colorretal — confiável.,Springer Nature Link/S2,não
Springer Nature Link,S2,Springer S2 — Lesões e alterações gástricas,sp_10.1007_978-3-032-08009-7_17,Robust Early Detection of Barrett’s Neoplasia: Addressing Low-Prevalence Challenges with Generative Modeling,Tim J. M. Jaspers; Francisco Caetano; Cris H. B. Claessens; Carolus H. J. Kusters; Haiko Middeljans; Martijn R. Jong; Rixta A. H. van Eijck van Heslinga; Floor Slooter; Albert Jeroen de Groof; Jacques J. Bergman; Peter H. N. De With; Fons van der Sommen,2026,10.1007/978-3-032-08009-7_17,Data Engineering in Medical Imaging,included,Sem abstract; recuperado por string forte (Springer-Nature-Link/S2) que já restringe a endoscopia alta + IA/DL e exclui colorretal — confiável.,Springer Nature Link/S2,não
Springer Nature Link,S2,Springer S2 — Lesões e alterações gástricas,sp_10.1038_s41746-025-01589-z,Expert of Experts Verification and Alignment (EVAL) Framework for Large Language Models Safety in Gastroenterology,Mauro GiuffrèKisung You; Ziteng Pang; Simone Kresevic; Sunny Chung; Ryan Chen; Youngmin Ko; Colleen Chan; Theo Saarinen; Milos Ajcevic; Lory S. CrocèGuadalupe Garcia-Tsao; Ian Gralnek; Joseph J. Y. Sung; Alan Barkun; Loren Laine; Jasjeet Sekhon; Bradly Stadie; Dennis L. Shung,2025,10.1038/s41746-025-01589-z,npj Digital Medicine,included,Sem abstract; recuperado por string forte (Springer-Nature-Link/S2) que já restringe a endoscopia alta + IA/DL e exclui colorretal — confiável.,Springer Nature Link/S2,não
Springer Nature Link,S2,Springer S2 — Lesões e alterações gástricas,sp_10.1007_978-3-031-78829-1_8,Market—Retailers and Consumers,Dagmar Glatz; David Stakemeier; Sarah Grede; Anna Ziessow; Dietmar Böhm,2025,10.1007/978-3-031-78829-1_8,Circular Economy of Plastics,included,Sem abstract; recuperado por string forte (Springer-Nature-Link/S2) que já restringe a endoscopia alta + IA/DL e exclui colorretal — confiável.,Springer Nature Link/S2,não
Springer Nature Link,S2,Springer S2 — Lesões e alterações gástricas,sp_10.1007_s00464-022-09642-8,Gastric myoelectrical activity based AI-derived threshold predicts resolution of gastroparesis post-pyloric balloon dilation,Mark Noar; Sulman Khan,2022,10.1007/s00464-022-09642-8,Surgical Endoscopy,included,Sem abstract; recuperado por string forte (Springer-Nature-Link/S2) que já restringe a endoscopia alta + IA/DL e exclui colorretal — confiável.,Springer Nature Link/S2,não
Springer Nature Link,S2,Springer S2 — Lesões e alterações gástricas,sp_10.1038_s44259-025-00108-0,Reviewing the complexities of bacterial biocide susceptibility and in vitro biocide adaptation methodologies,Peter O’Reilly; Genevieve Loiselle; Ryan Darragh; Carmine Slipski; Denice C. Bay,2025,10.1038/s44259-025-00108-0,npj Antimicrobials and Resistance,included,Sem abstract; recuperado por string forte (Springer-Nature-Link/S2) que já restringe a endoscopia alta + IA/DL e exclui colorretal — confiável.,Springer Nature Link/S2,não
Springer Nature Link,S2,Springer S2 — Lesões e alterações gástricas,sp_10.1007_s40846-026-01030-0,Applications of Piezoelectric Stimulation in Tissue Engineering,Beini Sheng; Jingrui Xing; Biao Song; Yuwei Gao; Hongmei Tang; Miao Xiao,2026,10.1007/s40846-026-01030-0,Journal of Medical and Biological Engineering,included,Sem abstract; recuperado por string forte (Springer-Nature-Link/S2) que já restringe a endoscopia alta + IA/DL e exclui colorretal — confiável.,Springer Nature Link/S2,não
Springer Nature Link,S2,Springer S2 — Lesões e alterações gástricas,sp_10.1007_978-3-030-56993-8_5,Management of Barrett’s Esophagus: State of the Art,Nour Hamade; Prateek Sharma,2022,10.1007/978-3-030-56993-8_5,Gastrointestinal and Pancreatico-Biliary Diseases: Advanced Diagnostic and Therapeutic Endoscopy,included,Sem abstract; recuperado por string forte (Springer-Nature-Link/S2) que já restringe a endoscopia alta + IA/DL e exclui colorretal — confiável.,Springer Nature Link/S2,não
Springer Nature Link,S2,Springer S2 — Lesões e alterações gástricas,sp_10.1007_s00464-025-11573-z,Endoscopic ultrasound-based radiomics for predicting pathologic upgrade in esophageal low-grade intraepithelial neoplasia,Yajing Chen; Shuhan Sun; Shumei Miao; Han Chen; Xiaoying Zhou; Feihong Yu,2025,10.1007/s00464-025-11573-z,Surgical Endoscopy,included,"Título/keywords indicam DL/CV em endoscopia digestiva alta ou achado GI, mesmo sem abstract.",Springer Nature Link/S2,não
Springer Nature Link,S2,Springer S2 — Lesões e alterações gástricas,sp_10.1186_s12876-025-03765-7,Factors influencing the incidence of early gastric cancer: a bayesian network analysis,Ruiyu Li; Taiming Yang; Zi Dong; Yin Gao; Nan Li; Ting Song; Jinshu Sun; Ying Chen,2025,10.1186/s12876-025-03765-7,BMC Gastroenterology,included,Sem abstract; recuperado por string forte (Springer-Nature-Link/S2) que já restringe a endoscopia alta + IA/DL e exclui colorretal — confiável.,Springer Nature Link/S2; Springer Nature Link/S3,não
Springer Nature Link,S2,Springer S2 — Lesões e alterações gástricas,sp_10.1186_s13054-024-04822-5,43rd International Symposium on Intensive Care & Emergency Medicine,,2024,10.1186/s13054-024-04822-5,Critical Care,included,Sem abstract; recuperado por string forte (Springer-Nature-Link/S2) que já restringe a endoscopia alta + IA/DL e exclui colorretal — confiável.,Springer Nature Link/S2; Springer Nature Link/S4,não
Springer Nature Link,S2,Springer S2 — Lesões e alterações gástricas,sp_10.1038_s41598-020-75075-9,The endoluminal pressures during flexible gastrointestinal endoscopy,Yuki Ushimaru; Kiyokazu Nakajima; Masashi Hirota; Yasuaki Miyazaki; Kotaro Yamashita; Takuro Saito; Koji Tanaka; Tomoki Makino; Tsuyoshi Takahashi; Yukinori Kurokawa; Makoto Yamasaki; Masaki Mori; Yuichiro Doki,2020,10.1038/s41598-020-75075-9,Scientific Reports,included,"Sinais ambíguos no abstract, mas recuperado por string forte (Springer-Nature-Link/S2) com filtro endoscopia alta + IA — confiável.",Springer Nature Link/S2,sim
Springer Nature Link,S2,Springer S2 — Lesões e alterações gástricas,sp_10.1007_978-3-032-17584-7_4,Public Policies for Sustainable Development and City Typology: Cities’ Models,Eugenia Bitsani; Theodoros Tsekos; Isidora Thymi; Georgia Marava,2026,10.1007/978-3-032-17584-7_4,The Biocultural City as a Utopia or the Future Reality?,included,Sem abstract; recuperado por string forte (Springer-Nature-Link/S2) que já restringe a endoscopia alta + IA/DL e exclui colorretal — confiável.,Springer Nature Link/S2,não
Springer Nature Link,S2,Springer S2 — Lesões e alterações gástricas,sp_10.1186_s12876-022-02413-8,Prediction of the need for emergency endoscopic treatment for upper gastrointestinal bleeding and new score model: a retrospective study,Yoshihiro Sasaki; Tomoko Abe; Norio Kawamura; Taisei Keitoku; Isamu Shibata; Shino Ohno; Keiichi Ono; Makoto Makishima,2022,10.1186/s12876-022-02413-8,BMC Gastroenterology,included,"Sinais ambíguos no abstract, mas recuperado por string forte (Springer-Nature-Link/S2) com filtro endoscopia alta + IA — confiável.",Springer Nature Link/S2,sim
Springer Nature Link,S2,Springer S2 — Lesões e alterações gástricas,sp_10.1186_s12967-025-06352-2,CHI3L1: a key driver in gastritis-to-cancer transformation,Tao Li; Huizhong Jiang; Yucheng Gong; Mengting Liao; Yuanping Jia; Jiena Chen; Ming Dai; Yinan Yan; Xinyu Lu; Runhua Chen; Yuan Li; Yan Chen; Jie Lin; Yicong Li; Xia Ding,2025,10.1186/s12967-025-06352-2,Journal of Translational Medicine,included,DL/CV aplicado a achados do trato GI alto — presume-se imagens endoscópicas/histopatológicas.,Springer Nature Link/S2,sim
Springer Nature Link,S2,Springer S2 — Lesões e alterações gástricas,sp_10.1007_s10735-026-10773-8,Histomorphological analysis of the relationship between <i>Helicobacter pylori</i> infection of the gastric mucosa and host immunity strength,Yang-kun Wang; Quan-wei Guo; Hai-ying He; Ying-ying Li; Chao-ya Zhu; Ping Li; Bo Jiang; Su-nan Wang; Si-liang Xu,2026,10.1007/s10735-026-10773-8,Journal of Molecular Histology,included,Sem abstract; recuperado por string forte (Springer-Nature-Link/S2) que já restringe a endoscopia alta + IA/DL e exclui colorretal — confiável.,Springer Nature Link/S2,não
Springer Nature Link,S2,Springer S2 — Lesões e alterações gástricas,sp_10.1007_s11695-022-06264-w,"Prevalence, Predictors, and Management of Gastroesophageal Reflux Disease After Laparoscopic Sleeve Gastrectomy: a Multicenter Cohort Study",Ayman El Nakeeb; Hassan Aldossary; Ahmed Zaid; Mohamed El Sorogy; Mohamad Elrefai; Mohamed Attia; Alaa Mostafa Sewefy; Taha Kayed; Mubarak Al-Shari Aldawsari; Hathal Mashan Al Dossari; Mohammed M. Mohammed,2022,10.1007/s11695-022-06264-w,Obesity Surgery,included,Sem abstract; recuperado por string forte (Springer-Nature-Link/S2) que já restringe a endoscopia alta + IA/DL e exclui colorretal — confiável.,Springer Nature Link/S2,não
Springer Nature Link,S2,Springer S2 — Lesões e alterações gástricas,sp_10.1038_s41467-024-54897-5,Paradigm of engineering recalcitrant non-model microorganism with dominant metabolic pathway as a biorefinery chassis,Xiongying Yan; Weiwei Bao; Yalun Wu; Chenyue Zhang; Zhitao Mao; Qianqian Yuan; Zhousheng Hu; Penghui He; Qiqun Peng; Mimi Hu; Binan Geng; Hongwu Ma; Shouwen Chen; Qiang Fei; Qiaoning He; Shihui Yang,2024,10.1038/s41467-024-54897-5,Nature Communications,included,Sem abstract; recuperado por string forte (Springer-Nature-Link/S2) que já restringe a endoscopia alta + IA/DL e exclui colorretal — confiável.,Springer Nature Link/S2,não
Springer Nature Link,S2,Springer S2 — Lesões e alterações gástricas,sp_10.1007_978-3-031-68767-9_2,Climate Change Competitiveness,Agnieszka Karman; Urszula Bronisz; Jarosław BanaśAndrzej Miszczuk,2024,10.1007/978-3-031-68767-9_2,Regional Competitiveness Towards Climate Change,included,Sem abstract; recuperado por string forte (Springer-Nature-Link/S2) que já restringe a endoscopia alta + IA/DL e exclui colorretal — confiável.,Springer Nature Link/S2,não
Springer Nature Link,S2,Springer S2 — Lesões e alterações gástricas,sp_10.1186_s13613-023-01131-y,"Proceedings of Reanimation 2023, the French Intensive Care Society International Congress",,2023,10.1186/s13613-023-01131-y,Annals of Intensive Care,included,Sem abstract; recuperado por string forte (Springer-Nature-Link/S2) que já restringe a endoscopia alta + IA/DL e exclui colorretal — confiável.,Springer Nature Link/S2,não
Springer Nature Link,S2,Springer S2 — Lesões e alterações gástricas,sp_10.1007_s11581-026-06983-5,Recent advances in polymeric membrane-based potentiometric ion-selective sensors for disease diagnosis,Shusheng Liu; Hongtao Li; Rongning Liang,2026,10.1007/s11581-026-06983-5,Ionics,included,Sem abstract; recuperado por string forte (Springer-Nature-Link/S2) que já restringe a endoscopia alta + IA/DL e exclui colorretal — confiável.,Springer Nature Link/S2,não
Springer Nature Link,S2,Springer S2 — Lesões e alterações gástricas,sp_10.1007_s12072-024-10774-3,The Asian Pacific association for the study of the liver clinical practice guidelines for the diagnosis and management of metabolic dysfunction-associated fatty liver disease,Mohammed Eslam; Jian-Gao Fan; Ming-Lung Yu; Vincent Wai-Sun Wong; Ian Homer Cua; Chun-Jen Liu; Tawesak Tanwandee; Rino Gani; Wai-Kay Seto; Shahinul Alam; Dan Yock Young; Saeed Hamid; Ming-Hua Zheng; Takumi Kawaguchi; Wah-Kheong Chan; Diana Payawal; Soek-Siam Tan; George Boon-bee Goh; Simone I. Strasser; Hang Dao Viet; Jia-Horng Kao; Won Kim; Seung Up Kim; Shelley E. Keating; Yusuf Yilmaz; Lubna Kamani; Chia-Chi Wang; Yasser Fouad; Zaigham Abbas; Sombat Treeprasertsuk; Kessarin Thanapirom; Mamun Al Mahtab; Undram Lkhagvaa; Oidov Baatarkhuu; Ashok Kumar Choudhury; Catherine A. M. Stedman; Abhijit Chowdhury; A Kadir Dokmeci; Fu-Sheng Wang; Han-Chieh Lin; Jee-Fu Huang; Jess Howell; Jidong Jia; Mohamed Alboraie; Stuart K. Roberts; Masato Yoneda; Hasmik Ghazinian; Aram Mirijanyan; Yuemin Nan; Cosmas Rinaldi Adithya Lesmana; Leon A. Adams; Gamal Shiha; Manoj Kumar; Necati Örmeci; Lai Wei; George Lau; Masao Omata; Shiv K. Sarin; Jacob George,2025,10.1007/s12072-024-10774-3,Hepatology International,included,Sem abstract; recuperado por string forte (Springer-Nature-Link/S2) que já restringe a endoscopia alta + IA/DL e exclui colorretal — confiável.,Springer Nature Link/S2,não
Springer Nature Link,S2,Springer S2 — Lesões e alterações gástricas,sp_10.1186_s40001-023-01349-3,Construction of a prediction model for rebleeding in patients with acute upper gastrointestinal bleeding,Yangping Zhuang; Shaohuai Xia; Junwei Chen; Jun Ke; Shirong Lin; Qingming Lin; Xiahong Tang; Hanlin Huang; Nan Zheng; Yi Wang; Feng Chen,2023,10.1186/s40001-023-01349-3,European Journal of Medical Research,included,"Sinais ambíguos no abstract, mas recuperado por string forte (Springer-Nature-Link/S2) com filtro endoscopia alta + IA — confiável.",Springer Nature Link/S2,sim
Springer Nature Link,S2,Springer S2 — Lesões e alterações gástricas,sp_10.1038_s41598-025-98859-3,Endoscopic versus laparoscopic resection of gastrointestinal stromal tumors at the esophagogastric junction using propensity score matching analysis,Shanshan Zhu; Zhen Liu; Jingwen Zhang; Nan Dai; Saif Ullah; Ge Zhang; Shengang Zhang; Ping Liu; Yang Fu; Shimeng Zheng; Zhaokai Zhou; Yudi Xu; Le Chang; Changqing Guo; Xinguang Cao,2025,10.1038/s41598-025-98859-3,Scientific Reports,included,Título/keywords indicam endoscopia + achado GI alto; presume-se CAD/análise de imagem.,Springer Nature Link/S2,não
Springer Nature Link,S2,Springer S2 — Lesões e alterações gástricas,sp_10.1007_s00428-022-03286-8,The OLGA-OLGIM staging and the interobserver agreement for gastritis and preneoplastic lesion screening: a cross-sectional study,Beatriz E. Salazar; Tania Pérez-Cala; Sara Isabel Gomez-Villegas; Laura Cardona-Zapata; Sebastián Pazos-Bastidas; Alejandra Cardona-Estepa; Diego Enrique Vélez-Gómez; José Armando Justinico-Castro; Andrés Bernal-Cobo; Harold Adrián Dávila-Giraldo; Juan Carlos Benítez-Guerra; Joaquín Tiberio Valencia-Cárdenas; Edgar de Jesús Ospina; Rodrigo Castaño-Llano; María Mercedes Bravo; Juan Carlos Cataño-Correa; Jovanny Zabaleta; Alba Alicia Trespalacios-Rangel; Ana María Cock-Botero; Miguel Ignacio Roldán-Pérez; Alonso Martínez,2022,10.1007/s00428-022-03286-8,Virchows Archiv,included,Sem abstract; recuperado por string forte (Springer-Nature-Link/S2) que já restringe a endoscopia alta + IA/DL e exclui colorretal — confiável.,Springer Nature Link/S2,não
Springer Nature Link,S2,Springer S2 — Lesões e alterações gástricas,sp_10.1007_978-3-031-24888-7_2,Environmental Law in the EU: A Pathway Toward the Green Transition,Nicolas de Sadeleer,2023,10.1007/978-3-031-24888-7_2,Blue Planet Law,included,"Sinais ambíguos no abstract, mas recuperado por string forte (Springer-Nature-Link/S2) com filtro endoscopia alta + IA — confiável.",Springer Nature Link/S2,sim
Springer Nature Link,S2,Springer S2 — Lesões e alterações gástricas,sp_10.1186_s40677-024-00287-4,The potential use of nature-based solutions as natural hazard mitigation measure for linear infrastructure in the Nordic Countries,Vittoria Capobianco; Rosa Maria Palau; Anders Solheim; Kjersti Gisnås; Graham Gilbert; Per Danielsson; Peter van der Keur,2024,10.1186/s40677-024-00287-4,Geoenvironmental Disasters,included,"Sinais ambíguos no abstract, mas recuperado por string forte (Springer-Nature-Link/S2) com filtro endoscopia alta + IA — confiável.",Springer Nature Link/S2; Springer Nature Link/S4,sim
Springer Nature Link,S2,Springer S2 — Lesões e alterações gástricas,sp_10.1007_s40267-025-01200-1,Identification of Potential Drug–Disease Interactions in Hospitalized Patients with Liver Cirrhosis and the Prospective Utility of Clinical Decision Support Alerts,Stephanie C. M. Wuyts; Natasha J. Hilbrands; Maridi Aerts; Midas B. Mulder; Karen Pien; Alain G. Dupont; Sander D. Borgsteede; Pieter Cornu,2025,10.1007/s40267-025-01200-1,Drugs & Therapy Perspectives,included,Sem abstract; recuperado por string forte (Springer-Nature-Link/S2) que já restringe a endoscopia alta + IA/DL e exclui colorretal — confiável.,Springer Nature Link/S2,não
Springer Nature Link,S2,Springer S2 — Lesões e alterações gástricas,sp_10.1007_s00330-023-09854-z,Prediction of occult peritoneal metastases or positive cytology using CT in gastric cancer,Pengpeng Liu; Ping’an Ding; Haotian Wu; Jiaxiang Wu; Peigang Yang; Yuan Tian; Honghai Guo; Qun Zhao,2023,10.1007/s00330-023-09854-z,European Radiology,included,Sem abstract; recuperado por string forte (Springer-Nature-Link/S2) que já restringe a endoscopia alta + IA/DL e exclui colorretal — confiável.,Springer Nature Link/S2,não
Springer Nature Link,S2,Springer S2 — Lesões e alterações gástricas,sp_10.1007_s10585-026-10393-2,A novel multimodal combining radiomics and tumor–stroma ratio (TSR) improves diagnosis of gastric cancer peritoneal metastasis,Lin Zhong; Ting Lin; Dong Hou; Hongyun Huang; Shihai Zhou; Yu Lin; Yue Yu; Liangquan Liu; Jing Luo; Fanghai Han; Lang Xie,2026,10.1007/s10585-026-10393-2,Clinical & Experimental Metastasis,included,"Título/keywords indicam DL/CV em endoscopia digestiva alta ou achado GI, mesmo sem abstract.",Springer Nature Link/S2,não
Springer Nature Link,S2,Springer S2 — Lesões e alterações gástricas,sp_10.1007_s13193-024-02145-z,AI Chatbots in Oncology: A Comparative Study of Sider Fusion AI and Perplexity AI for Gastric Cancer Patients,Amirhosein Naseri; Mohammad Hossein Antikchi; Maedeh Barahman; Ahmad Shirinzadeh-Dastgiri; Seyed Masoud Haghighi; Kian; Mohammad Vakili-Ojarood; Amirhossein Rahmani; Amirhossein Shahbazi; Amirmasoud Shiri; Ali Masoudi; Maryam Aghasipour; Kazem Aghili; Hossein Neamatzadeh,2024,10.1007/s13193-024-02145-z,Indian Journal of Surgical Oncology,included,Sem abstract; recuperado por string forte (Springer-Nature-Link/S2) que já restringe a endoscopia alta + IA/DL e exclui colorretal — confiável.,Springer Nature Link/S2,não
Springer Nature Link,S2,Springer S2 — Lesões e alterações gástricas,sp_10.1007_s11695-024-07299-x,Two-Year Results of Sleeve Gastrectomy Combined with Posterior Fundoplication for Obesity Patients with Gastroesophageal Reflux Disease,Thierry Bège; Adèle Lasbleiz; Sandrine Boullu; Bénédicte Gaborit; Stéphane V. Berdah; Anne Dutour; Pauline Duconseil,2024,10.1007/s11695-024-07299-x,Obesity Surgery,included,Sem abstract; recuperado por string forte (Springer-Nature-Link/S2) que já restringe a endoscopia alta + IA/DL e exclui colorretal — confiável.,Springer Nature Link/S2,não
Springer Nature Link,S2,Springer S2 — Lesões e alterações gástricas,sp_10.1038_s41598-022-18723-6,Spatiotemporal multi-scale modeling of radiopharmaceutical distributions in vascularized solid tumors,Mohammad Kiani Shahvandi; M. Soltani; Farshad Moradi Kashkooli; Babak Saboury; Arman Rahmim,2022,10.1038/s41598-022-18723-6,Scientific Reports,included,"Sinais ambíguos no abstract, mas recuperado por string forte (Springer-Nature-Link/S2) com filtro endoscopia alta + IA — confiável.",Springer Nature Link/S2,sim
Springer Nature Link,S2,Springer S2 — Lesões e alterações gástricas,sp_10.1007_978-3-030-87564-0_8,The EU Perspective from Setbacks to Success: Tackling Climate Change from Copenhagen to the Green Deal and the Next-Generation EU,Agostino Inguscio,2022,10.1007/978-3-030-87564-0_8,Interdisciplinary Approaches to Climate Change for Sustainable Growth,included,Sem abstract; recuperado por string forte (Springer-Nature-Link/S2) que já restringe a endoscopia alta + IA/DL e exclui colorretal — confiável.,Springer Nature Link/S2,não
Springer Nature Link,S2,Springer S2 — Lesões e alterações gástricas,sp_10.1186_s12911-024-02659-0,Real-world data to support post-market safety and performance of embolization coils: evidence generation from a medical device manufacturer and data institute partnership,Amelia Hochreiter-Hufford; Jennifer Gatz; Amy M. Griggs; Ryan D. Schoch; Kimberly M. Birmingham; Christopher Frederick; John Price; Scott Snyder,2024,10.1186/s12911-024-02659-0,BMC Medical Informatics and Decision Making,included,"Sinais ambíguos no abstract, mas recuperado por string forte (Springer-Nature-Link/S2) com filtro endoscopia alta + IA — confiável.",Springer Nature Link/S2,sim
Springer Nature Link,S2,Springer S2 — Lesões e alterações gástricas,sp_10.1038_s41598-019-48769-y,Prediction of future gastric cancer risk using a machine learning algorithm and comprehensive medical check-up data: A case-control study,Junichi Taninaga; Yu Nishiyama; Kazutoshi Fujibayashi; Toshiaki Gunji; Noriko Sasabe; Kimiko Iijima; Toshio Naito,2019,10.1038/s41598-019-48769-y,Scientific Reports,included,DL/CV em endoscopia com achado do trato GI alto.,Springer Nature Link/S2,sim
Springer Nature Link,S2,Springer S2 — Lesões e alterações gástricas,sp_10.1007_s40544-022-0685-7,A review of advances in tribology in 2020–2021,Yonggang Meng; Jun Xu; Liran Ma; Zhongmin Jin; Braham Prakash; Tianbao Ma; Wenzhong Wang,2022,10.1007/s40544-022-0685-7,Friction,included,"Sinais ambíguos no abstract, mas recuperado por string forte (Springer-Nature-Link/S2) com filtro endoscopia alta + IA — confiável.",Springer Nature Link/S2,sim
Springer Nature Link,S2,Springer S2 — Lesões e alterações gástricas,sp_10.1007_s10388-022-00933-6,Clinical use of mean nocturnal baseline impedance and post-reflux swallow-induced peristaltic wave index for the diagnosis of gastro-esophageal reflux disease,Pierfrancesco Visaggi; Lucia Mariani; Federica Baiano Svizzero; Luca Tarducci; Andrea Sostilio; Marzio Frazzoni; Salvatore Tolone; Roberto Penagini; Leonardo Frazzoni; Linda Ceccarelli; Vincenzo Savarino; Massimo Bellini; Prakash C. Gyawali; Edoardo V. Savarino; Nicola de Bortoli,2022,10.1007/s10388-022-00933-6,Esophagus,included,DL/CV em endoscopia com achado do trato GI alto.,Springer Nature Link/S2,sim
Springer Nature Link,S2,Springer S2 — Lesões e alterações gástricas,sp_10.1038_s41378-024-00774-6,A piezoresistive-based 3-axial MEMS tactile sensor and integrated surgical forceps for gastrointestinal endoscopic minimally invasive surgery,Cheng Hou; Huxin Gao; Xiaoxiao Yang; Guangming Xue; Xiuli Zuo; Yanqing Li; Dongsheng Li; Bo Lu; Hongliang Ren; Huicong Liu; Lining Sun,2024,10.1038/s41378-024-00774-6,Microsystems & Nanoengineering,included,"Sinais ambíguos no abstract, mas recuperado por string forte (Springer-Nature-Link/S2) com filtro endoscopia alta + IA — confiável.",Springer Nature Link/S2,sim
Springer Nature Link,S2,Springer S2 — Lesões e alterações gástricas,sp_10.1007_978-3-031-21317-5_13,"Endoscopic Surveillance and Pathology of Biopsies in CDH1, CTNNA1, and HDGC-Like Families",Jolanda M. van Dieren; Tanya M. Bisseling; Liudmila L. Kodach; Chella R. S. van der Post,2023,10.1007/978-3-031-21317-5_13,Hereditary Gastric and Breast Cancer Syndrome,included,Sem abstract; recuperado por string forte (Springer-Nature-Link/S2) que já restringe a endoscopia alta + IA/DL e exclui colorretal — confiável.,Springer Nature Link/S2,não
Springer Nature Link,S2,Springer S2 — Lesões e alterações gástricas,sp_10.1007_s10286-023-00988-0,34th International Symposium on the Autonomic Nervous System,,2023,10.1007/s10286-023-00988-0,Clinical Autonomic Research,included,Sem abstract; recuperado por string forte (Springer-Nature-Link/S2) que já restringe a endoscopia alta + IA/DL e exclui colorretal — confiável.,Springer Nature Link/S2; Springer Nature Link/S4,não
Springer Nature Link,S2,Springer S2 — Lesões e alterações gástricas,sp_10.1007_978-3-030-78217-7_4,Robotic Esophageal Surgery,David J. Straus,2021,10.1007/978-3-030-78217-7_4,Innovative Endoscopic and Surgical Technology in the GI Tract,included,Sem abstract; recuperado por string forte (Springer-Nature-Link/S2) que já restringe a endoscopia alta + IA/DL e exclui colorretal — confiável.,Springer Nature Link/S2,não
Springer Nature Link,S2,Springer S2 — Lesões e alterações gástricas,sp_10.1007_978-3-030-66450-3_5,Personalizing Patients to Enable Shared Decision Making,Mamoun T. Mardini; Amal Hashky; Zbigniew W. Raś,2021,10.1007/978-3-030-66450-3_5,Recommender Systems for Medicine and Music,included,Sem abstract; recuperado por string forte (Springer-Nature-Link/S2) que já restringe a endoscopia alta + IA/DL e exclui colorretal — confiável.,Springer Nature Link/S2,não
Springer Nature Link,S2,Springer S2 — Lesões e alterações gástricas,sp_10.1007_s11136-023-03417-x,Patients’ perspectives on irritable bowel syndrome: a qualitative analysis based on social media in China,Shaopeng Sun; Jiajia Chen; Heng Li; Yijie Lou; Lixia Chen; Bin Lv,2023,10.1007/s11136-023-03417-x,Quality of Life Research,included,Sem abstract; recuperado por string forte (Springer-Nature-Link/S2) que já restringe a endoscopia alta + IA/DL e exclui colorretal — confiável.,Springer Nature Link/S2,não
Springer Nature Link,S2,Springer S2 — Lesões e alterações gástricas,sp_10.1007_s10620-019-05817-x,Early Esophageal Cancer: A Gastroenterologist’s Disease,Joseph Spataro; Alvin M. Zfass; Mitchell Schubert; Tilak Shah,2019,10.1007/s10620-019-05817-x,Digestive Diseases and Sciences,included,Sem abstract; recuperado por string forte (Springer-Nature-Link/S2) que já restringe a endoscopia alta + IA/DL e exclui colorretal — confiável.,Springer Nature Link/S2,não
Springer Nature Link,S2,Springer S2 — Lesões e alterações gástricas,sp_10.1007_978-3-031-30371-5_1,Introduction,Vic Velanovich,2023,10.1007/978-3-031-30371-5_1,Medical Persuasion,included,Sem abstract; recuperado por string forte (Springer-Nature-Link/S2) que já restringe a endoscopia alta + IA/DL e exclui colorretal — confiável.,Springer Nature Link/S2,não
Springer Nature Link,S2,Springer S2 — Lesões e alterações gástricas,sp_10.1007_s40265-023-01939-9,Alcohol-Associated Liver Disease: Evolving Concepts and Treatments,David Stephen Prince; Emily Nash; Ken Liu,2023,10.1007/s40265-023-01939-9,Drugs,included,Sem abstract; recuperado por string forte (Springer-Nature-Link/S2) que já restringe a endoscopia alta + IA/DL e exclui colorretal — confiável.,Springer Nature Link/S2,não
Springer Nature Link,S2,Springer S2 — Lesões e alterações gástricas,sp_10.1007_978-3-030-29964-4_5-1,Management of Barrett’s Esophagus: State of the Art,Nour Hamade; Prateek Sharma,2020,10.1007/978-3-030-29964-4_5-1,Gastrointestinal and Pancreatico-Biliary Diseases: Advanced Diagnostic and Therapeutic Endoscopy,included,Sem abstract; recuperado por string forte (Springer-Nature-Link/S2) que já restringe a endoscopia alta + IA/DL e exclui colorretal — confiável.,Springer Nature Link/S2,não
Springer Nature Link,S2,Springer S2 — Lesões e alterações gástricas,sp_10.1186_s13223-023-00845-9,13th C1-inhibitor deficiency and angioedema workshop—2023,,2023,10.1186/s13223-023-00845-9,"Allergy, Asthma & Clinical Immunology",included,Sem abstract; recuperado por string forte (Springer-Nature-Link/S2) que já restringe a endoscopia alta + IA/DL e exclui colorretal — confiável.,Springer Nature Link/S2; Springer Nature Link/S4,não
Springer Nature Link,S2,Springer S2 — Lesões e alterações gástricas,sp_10.1007_s00464-021-08666-w,A prospective multicenter study of the magnifying endoscopic evaluation of the invasion depth of superficial esophageal cancers,Tatsuhiro Gotoda; Keisuke Hori; Masahiro Nakagawa; Sayo Kobayashi; Tatsuya Toyokawa; Shuhei Ishiyama; Atsushi Imagawa; Makoto Abe; Yoshiyasu Kono; Hiromitsu Kanzaki; Masaya Iwamuro; Seiji Kawano; Yoshiro Kawahara; Hiroyuki Okada,2021,10.1007/s00464-021-08666-w,Surgical Endoscopy,included,Título/keywords indicam endoscopia + achado GI alto; presume-se CAD/análise de imagem.,Springer Nature Link/S2,não
Springer Nature Link,S2,Springer S2 — Lesões e alterações gástricas,sp_10.1007_978-3-030-88334-8_18,Perioperative and Anaesthetic Care in Head and Neck Cancer Surgery,Su S. Thon,2022,10.1007/978-3-030-88334-8_18,Atlas of Extreme Facial  Cancer,included,Sem abstract; recuperado por string forte (Springer-Nature-Link/S2) que já restringe a endoscopia alta + IA/DL e exclui colorretal — confiável.,Springer Nature Link/S2,não
Springer Nature Link,S2,Springer S2 — Lesões e alterações gástricas,sp_10.1007_s00261-021-03287-2,Comparison of clinical-computed tomography model with 2D and 3D radiomics models to predict occult peritoneal metastases in advanced gastric cancer,Jiang Huang; Yidi Chen; Yuying Zhang; Jinhuan Xie; Yiqiong Liang; Wenzhao Yuan; Ting Zhou; Ruizhi Gao; Rong Wen; Yuwei Xia; Liling Long,2021,10.1007/s00261-021-03287-2,Abdominal Radiology,included,"Título/keywords indicam DL/CV em endoscopia digestiva alta ou achado GI, mesmo sem abstract.",Springer Nature Link/S2,não
Springer Nature Link,S2,Springer S2 — Lesões e alterações gástricas,sp_10.1007_978-3-030-29832-6_7,Radiologic Assessment of Esophageal Cancer,Valeria M. Moncayo; A. Tuba Kendi; David M. Schuster,2020,10.1007/978-3-030-29832-6_7,Esophageal Cancer,included,Sem abstract; recuperado por string forte (Springer-Nature-Link/S2) que já restringe a endoscopia alta + IA/DL e exclui colorretal — confiável.,Springer Nature Link/S2,não
Springer Nature Link,S2,Springer S2 — Lesões e alterações gástricas,sp_10.1038_s41415-021-2947-6,Diagnostic intervals in oropharyngeal cancers from a primary care perspective: a ten-year case note review,Jane Wilcock; Ciaran Grafton-Clarke,2021,10.1038/s41415-021-2947-6,British Dental Journal,included,"Sinais ambíguos no abstract, mas recuperado por string forte (Springer-Nature-Link/S2) com filtro endoscopia alta + IA — confiável.",Springer Nature Link/S2,sim
Springer Nature Link,S2,Springer S2 — Lesões e alterações gástricas,sp_10.1007_s42398-021-00204-7,"Novel coronavirus disease (COVID-19): origin, transmission through the environment, health effects, and mitigation strategies—a review",Anshu Singh; Izharul Haq,2021,10.1007/s42398-021-00204-7,Environmental Sustainability,included,Sem abstract; recuperado por string forte (Springer-Nature-Link/S2) que já restringe a endoscopia alta + IA/DL e exclui colorretal — confiável.,Springer Nature Link/S2,não
Springer Nature Link,S2,Springer S2 — Lesões e alterações gástricas,sp_10.1007_s13181-021-00832-9,2021 ACMT Annual Scientific Meeting Abstracts—Virtual,,2021,10.1007/s13181-021-00832-9,Journal of Medical Toxicology,included,Sem abstract; recuperado por string forte (Springer-Nature-Link/S2) que já restringe a endoscopia alta + IA/DL e exclui colorretal — confiável.,Springer Nature Link/S2; Springer Nature Link/S4,não
Springer Nature Link,S2,Springer S2 — Lesões e alterações gástricas,sp_10.1007_s10620-020-06463-4,Dysplasia in Random Biopsies from Barrett’s Surveillance Is an Important Marker for More Severe Pathology,I. C. Noordzij; M. C. M. Van Loon van de Ende; W. L. Curvers; G. van Lijnschoten; C. J. Huysentruyt; E. J. Schoon,2020,10.1007/s10620-020-06463-4,Digestive Diseases and Sciences,included,Sem abstract; recuperado por string forte (Springer-Nature-Link/S2) que já restringe a endoscopia alta + IA/DL e exclui colorretal — confiável.,Springer Nature Link/S2,não
Springer Nature Link,S2,Springer S2 — Lesões e alterações gástricas,sp_10.1007_s12288-020-01384-8,61st Annual Conference of Indian Society of Hematology & Blood Transfusion (ISHBT) November 2020,,2020,10.1007/s12288-020-01384-8,Indian Journal of Hematology and Blood Transfusion,included,Sem abstract; recuperado por string forte (Springer-Nature-Link/S2) que já restringe a endoscopia alta + IA/DL e exclui colorretal — confiável.,Springer Nature Link/S2; Springer Nature Link/S4,não
Springer Nature Link,S2,Springer S2 — Lesões e alterações gástricas,sp_10.1007_978-3-030-00979-3_20,Vision-Based Driver’s Attention Monitoring System for Smart Vehicles,Lamia Alam; Mohammed Moshiul Hoque,2019,10.1007/978-3-030-00979-3_20,Intelligent Computing & Optimization,included,Sem abstract; recuperado por string forte (Springer-Nature-Link/S2) que já restringe a endoscopia alta + IA/DL e exclui colorretal — confiável.,Springer Nature Link/S2,não
Springer Nature Link,S2,Springer S2 — Lesões e alterações gástricas,sp_10.1186_s13613-021-00862-0,"Proceedings of Reanimation 2021, the French Intensive Care Society International Congress",,2021,10.1186/s13613-021-00862-0,Annals of Intensive Care,included,Sem abstract; recuperado por string forte (Springer-Nature-Link/S2) que já restringe a endoscopia alta + IA/DL e exclui colorretal — confiável.,Springer Nature Link/S2,não
Springer Nature Link,S2,Springer S2 — Lesões e alterações gástricas,sp_10.1007_s11606-018-4759-1,Subgroups of High-Cost Medicare Advantage Patients: an Observational Study,Brian W. Powers; Jiali Yan; Jingsan Zhu; Kristin A. Linn; Sachin H. Jain; Jennifer L. Kowalski; Amol S. Navathe,2018,10.1007/s11606-018-4759-1,Journal of General Internal Medicine,included,Sem abstract; recuperado por string forte (Springer-Nature-Link/S2) que já restringe a endoscopia alta + IA/DL e exclui colorretal — confiável.,Springer Nature Link/S2,não
Springer Nature Link,S2,Springer S2 — Lesões e alterações gástricas,sp_10.1007_978-981-15-2205-5_8,An Architecture for e-Health Recommender Systems Based on Similarity of Patients’ Symptoms,Valerio Frittelli; Mario José Diván,2020,10.1007/978-981-15-2205-5_8,Blockchain Technology for Smart Cities,included,Sem abstract; recuperado por string forte (Springer-Nature-Link/S2) que já restringe a endoscopia alta + IA/DL e exclui colorretal — confiável.,Springer Nature Link/S2,não
Springer Nature Link,S2,Springer S2 — Lesões e alterações gástricas,sp_10.1007_s12055-020-00948-7,"              <Emphasis Type=""BoldItalic"">Abstracts of the 66th Annual Conference of IACTS, February 2020</Emphasis>            ",,2020,10.1007/s12055-020-00948-7,Indian Journal of Thoracic and Cardiovascular Surgery,included,Sem abstract; recuperado por string forte (Springer-Nature-Link/S2) que já restringe a endoscopia alta + IA/DL e exclui colorretal — confiável.,Springer Nature Link/S2,não
Springer Nature Link,S2,Springer S2 — Lesões e alterações gástricas,sp_10.1007_s11548-019-01993-3,Computer-aided diagnosis of gastrointestinal stromal tumors: a radiomics method on endoscopic ultrasound image,Xinyi Li; Fei Jiang; Yi Guo; Zhendong Jin; Yuanyuan Wang,2019,10.1007/s11548-019-01993-3,International Journal of Computer Assisted Radiology and Surgery,included,"Título/keywords indicam DL/CV em endoscopia digestiva alta ou achado GI, mesmo sem abstract.",Springer Nature Link/S2,não
Springer Nature Link,S2,Springer S2 — Lesões e alterações gástricas,sp_10.1007_978-3-030-00018-9_62,Research on Syndrome Classification and Risk Factors Extraction of Tibetan Medicine Based on Clustering,Chaoyi Liu; Lei Zhang; Lu Wang; Xiaolan Zhu; Xiaoying Wang,2018,10.1007/978-3-030-00018-9_62,Cloud Computing and Security,included,Sem abstract; recuperado por string forte (Springer-Nature-Link/S2) que já restringe a endoscopia alta + IA/DL e exclui colorretal — confiável.,Springer Nature Link/S2,não
Springer Nature Link,S2,Springer S2 — Lesões e alterações gástricas,sp_10.1186_s13054-019-2358-0,39th International Symposium on Intensive Care and Emergency Medicine,,2019,10.1186/s13054-019-2358-0,Critical Care,included,Sem abstract; recuperado por string forte (Springer-Nature-Link/S2) que já restringe a endoscopia alta + IA/DL e exclui colorretal — confiável.,Springer Nature Link/S2; Springer Nature Link/S4,não
Springer Nature Link,S2,Springer S2 — Lesões e alterações gástricas,sp_10.1007_978-3-030-21481-4_2,Flexible Endoscopy: Early Detection of Dysplasia in Barrett’s Oesophagus,Dale Jonathan Waterhouse,2019,10.1007/978-3-030-21481-4_2,Novel Optical Endoscopes for Early Cancer Diagnosis and Therapy,included,Título/keywords indicam endoscopia + achado GI alto; presume-se CAD/análise de imagem.,Springer Nature Link/S2,não
Springer Nature Link,S2,Springer S2 — Lesões e alterações gástricas,sp_10.1007_s12028-017-0465-9,Abstracts Presented at the Neurocritical Care Society (NCS) 15th Annual Meeting,,2017,10.1007/s12028-017-0465-9,Neurocritical Care,included,Sem abstract; recuperado por string forte (Springer-Nature-Link/S2) que já restringe a endoscopia alta + IA/DL e exclui colorretal — confiável.,Springer Nature Link/S2; Springer Nature Link/S4,não
Springer Nature Link,S2,Springer S2 — Lesões e alterações gástricas,sp_10.1186_s12969-017-0185-x,Proceedings of the 24<sup>th</sup> Paediatric Rheumatology European Society Congress: Part one,,2017,10.1186/s12969-017-0185-x,Pediatric Rheumatology,included,Sem abstract; recuperado por string forte (Springer-Nature-Link/S2) que já restringe a endoscopia alta + IA/DL e exclui colorretal — confiável.,Springer Nature Link/S2; Springer Nature Link/S4,não
Springer Nature Link,S2,Springer S2 — Lesões e alterações gástricas,sp_10.1007_s10620-015-3999-8,Endoscopic Ultrasonography: From the Origins to Routine EUS,Eugene P. Di; Magno; Matthew J. Di; Magno,2015,10.1007/s10620-015-3999-8,Digestive Diseases and Sciences,included,Sem abstract; recuperado por string forte (Springer-Nature-Link/S2) que já restringe a endoscopia alta + IA/DL e exclui colorretal — confiável.,Springer Nature Link/S2,não
Springer Nature Link,S2,Springer S2 — Lesões e alterações gástricas,sp_10.1007_978-3-319-13117-7_99,A New Approach Based on Local Binary Patterns Histogram and Fourier Descriptors as a Support Tool in Presumptive Diagnosis of Gastritis,L. Serpa-Andrade; V. Robles-Bykbaev; L. Gonzalez-Delgado; G. Guevara-Segarra,2015,10.1007/978-3-319-13117-7_99,"VI Latin American Congress on Biomedical Engineering CLAIB 2014, Paraná, Argentina 29, 30 & 31 October 2014",included,Sem abstract; recuperado por string forte (Springer-Nature-Link/S2) que já restringe a endoscopia alta + IA/DL e exclui colorretal — confiável.,Springer Nature Link/S2,não
Springer Nature Link,S2,Springer S2 — Lesões e alterações gástricas,sp_10.1007_978-3-319-13545-8_5,3D Shape Recovery from Endoscope Image Based on Both Photometric and Geometric Constraints,Yuji Iwahori; Keita Tatematsu; Tsuyoshi Nakamura; Shinji Fukui; Robert J. Woodham; Kunio Kasugai,2015,10.1007/978-3-319-13545-8_5,Knowledge-Based Information Systems in Practice,included,Sem abstract; recuperado por string forte (Springer-Nature-Link/S2) que já restringe a endoscopia alta + IA/DL e exclui colorretal — confiável.,Springer Nature Link/S2,não
Springer Nature Link,S2,Springer S2 — Lesões e alterações gástricas,sp_10.1007_978-94-017-9579-1_25,On the Nature of Medicine,Kazem Sadegh-Zadeh,2015,10.1007/978-94-017-9579-1_25,Handbook of Analytic Philosophy of Medicine,included,Sem abstract; recuperado por string forte (Springer-Nature-Link/S2) que já restringe a endoscopia alta + IA/DL e exclui colorretal — confiável.,Springer Nature Link/S2,não
Springer Nature Link,S2,Springer S2 — Lesões e alterações gástricas,sp_10.1007_978-94-017-9579-1_6,Fundamentals of Medical Concept Formation,Kazem Sadegh-Zadeh,2015,10.1007/978-94-017-9579-1_6,Handbook of Analytic Philosophy of Medicine,included,Sem abstract; recuperado por string forte (Springer-Nature-Link/S2) que já restringe a endoscopia alta + IA/DL e exclui colorretal — confiável.,Springer Nature Link/S2,não
Springer Nature Link,S2,Springer S2 — Lesões e alterações gástricas,sp_10.1007_978-94-017-9579-1_12,The Semantics and Pragmatics of Medical Knowledge,Kazem Sadegh-Zadeh,2015,10.1007/978-94-017-9579-1_12,Handbook of Analytic Philosophy of Medicine,included,Sem abstract; recuperado por string forte (Springer-Nature-Link/S2) que já restringe a endoscopia alta + IA/DL e exclui colorretal — confiável.,Springer Nature Link/S2,não
Springer Nature Link,S2,Springer S2 — Lesões e alterações gástricas,sp_10.1007_978-94-017-9579-1_7,The Patient,Kazem Sadegh-Zadeh,2015,10.1007/978-94-017-9579-1_7,Handbook of Analytic Philosophy of Medicine,included,Sem abstract; recuperado por string forte (Springer-Nature-Link/S2) que já restringe a endoscopia alta + IA/DL e exclui colorretal — confiável.,Springer Nature Link/S2,não
Springer Nature Link,S2,Springer S2 — Lesões e alterações gástricas,sp_10.1007_s12028-013-9895-1,Neurocritical Care Society 11th Annual Meeting,,2013,10.1007/s12028-013-9895-1,Neurocritical Care,included,Sem abstract; recuperado por string forte (Springer-Nature-Link/S2) que já restringe a endoscopia alta + IA/DL e exclui colorretal — confiável.,Springer Nature Link/S2; Springer Nature Link/S4,não
Springer Nature Link,S2,Springer S2 — Lesões e alterações gástricas,sp_10.1007_978-94-007-2260-6_21,On the Nature of Medicine,Kazem Sadegh-Zadeh,2012,10.1007/978-94-007-2260-6_21,Handbook of Analytic Philosophy of Medicine,included,Sem abstract; recuperado por string forte (Springer-Nature-Link/S2) que já restringe a endoscopia alta + IA/DL e exclui colorretal — confiável.,Springer Nature Link/S2,não
Springer Nature Link,S2,Springer S2 — Lesões e alterações gástricas,sp_10.1007_978-94-007-2260-6_5,Fundamentals of Medical Concept Formation,Kazem Sadegh-Zadeh,2012,10.1007/978-94-007-2260-6_5,Handbook of Analytic Philosophy of Medicine,included,Sem abstract; recuperado por string forte (Springer-Nature-Link/S2) que já restringe a endoscopia alta + IA/DL e exclui colorretal — confiável.,Springer Nature Link/S2,não
Springer Nature Link,S2,Springer S2 — Lesões e alterações gástricas,sp_10.1007_978-94-007-2260-6_6,The Patient,Kazem Sadegh-Zadeh,2012,10.1007/978-94-007-2260-6_6,Handbook of Analytic Philosophy of Medicine,included,Sem abstract; recuperado por string forte (Springer-Nature-Link/S2) que já restringe a endoscopia alta + IA/DL e exclui colorretal — confiável.,Springer Nature Link/S2,não
Springer Nature Link,S2,Springer S2 — Lesões e alterações gástricas,sp_10.1007_978-94-007-2260-6_11,The Semantics and Pragmatics of Medical Knowledge,Kazem Sadegh-Zadeh,2012,10.1007/978-94-007-2260-6_11,Handbook of Analytic Philosophy of Medicine,included,Sem abstract; recuperado por string forte (Springer-Nature-Link/S2) que já restringe a endoscopia alta + IA/DL e exclui colorretal — confiável.,Springer Nature Link/S2,não
Springer Nature Link,S2,Springer S2 — Lesões e alterações gástricas,sp_10.1007_978-3-642-21219-2_19,An Intelligent Automated Recognition System of Abnormal Structures in WCE Images,Piotr Szczypiński; Artur Klepaczko; Michał Strzelecki,2011,10.1007/978-3-642-21219-2_19,Hybrid Artificial Intelligent Systems,included,Sem abstract; recuperado por string forte (Springer-Nature-Link/S2) que já restringe a endoscopia alta + IA/DL e exclui colorretal — confiável.,Springer Nature Link/S2,não
Springer Nature Link,S2,Springer S2 — Lesões e alterações gástricas,sp_10.1007_978-3-642-04268-3_61,Biopsy Site Re-localisation Based on the Computation of Epipolar Lines from Two Previous Endoscopic Images,Baptiste Allain; Mingxing Hu; Laurence B. Lovat; Richard Cook; Sebastien Ourselin; David Hawkes,2009,10.1007/978-3-642-04268-3_61,Medical Image Computing and Computer-Assisted Intervention – MICCAI 2009,included,Sem abstract; recuperado por string forte (Springer-Nature-Link/S2) que já restringe a endoscopia alta + IA/DL e exclui colorretal — confiável.,Springer Nature Link/S2,não
Springer Nature Link,S2,Springer S2 — Lesões e alterações gástricas,sp_10.1007_978-3-642-03882-2_581,Automated Diagnosis of Barrett’s Esophagus with Endoscopic Images,P. Rajan; M. Canto; E. Gorospe; A. Almario; A. Kage; C. Winter; G. Hager; T. Wittenberg; C. Münzenmayer,2009,10.1007/978-3-642-03882-2_581,"World Congress on Medical Physics and Biomedical Engineering, September 7 - 12, 2009, Munich, Germany",included,Título/keywords indicam endoscopia + achado GI alto; presume-se CAD/análise de imagem.,Springer Nature Link/S2,não
Springer Nature Link,S2,Springer S2 — Lesões e alterações gástricas,sp_10.1007_s10620-006-9202-5,Applying Data Mining Techniques in the Development of a Diagnostics Questionnaire for GERD,Noya Horowitz; Menachem Moshkowitz; Zamir Halpern; Moshe Leshno,2007,10.1007/s10620-006-9202-5,Digestive Diseases and Sciences,included,Sem abstract; recuperado por string forte (Springer-Nature-Link/S2) que já restringe a endoscopia alta + IA/DL e exclui colorretal — confiável.,Springer Nature Link/S2,não
Springer Nature Link,S2,Springer S2 — Lesões e alterações gástricas,sp_10.1007_11867661_49,Analysis System of Endoscopic Image of Early Gastric Cancer,Kwang-Baek Kim; Sungshin Kim; Gwang-Ha Kim,2006,10.1007/11867661_49,Image Analysis and Recognition,included,Título/keywords indicam endoscopia + achado GI alto; presume-se CAD/análise de imagem.,Springer Nature Link/S2,não
Springer Nature Link,S2,Springer S2 — Lesões e alterações gástricas,sp_10.1007_s10545-006-9995-6,Contents,,2006,10.1007/s10545-006-9995-6,Journal of Inherited Metabolic Disease,included,Sem abstract; recuperado por string forte (Springer-Nature-Link/S2) que já restringe a endoscopia alta + IA/DL e exclui colorretal — confiável.,Springer Nature Link/S2; Springer Nature Link/S4,não
Springer Nature Link,S2,Springer S2 — Lesões e alterações gástricas,sp_10.1007_978-0-306-48603-6_5,E,André Heck,2004,10.1007/978-0-306-48603-6_5,StarBriefs Plus,included,Sem abstract; recuperado por string forte (Springer-Nature-Link/S2) que já restringe a endoscopia alta + IA/DL e exclui colorretal — confiável.,Springer Nature Link/S2; Springer Nature Link/S4,não
Springer Nature Link,S2,Springer S2 — Lesões e alterações gástricas,sp_10.1007_978-3-540-30547-7_22,Selective Classifiers Can Be Too Restrictive: A Case-Study in Oesophageal Cancer,Rosa Blanco; Linda C. van der Gaag; Iñaki Inza; Pedro Larrañaga,2004,10.1007/978-3-540-30547-7_22,Biological and Medical Data Analysis,included,Sem abstract; recuperado por string forte (Springer-Nature-Link/S2) que já restringe a endoscopia alta + IA/DL e exclui colorretal — confiável.,Springer Nature Link/S2,não
Springer Nature Link,S2,Springer S2 — Lesões e alterações gástricas,sp_10.1007_978-1-4471-0119-2_18,A Case Study in Ontologies for Probabilistic Networks,Eveline M. Helsper; Linda C. van der Gaag,2002,10.1007/978-1-4471-0119-2_18,Research and Development in Intelligent Systems XVIII,included,Sem abstract; recuperado por string forte (Springer-Nature-Link/S2) que já restringe a endoscopia alta + IA/DL e exclui colorretal — confiável.,Springer Nature Link/S2,não
Springer Nature Link,S2,Springer S2 — Lesões e alterações gástricas,sp_10.1007_3-540-60025-6_122,Coordinating taxonomies: Key to re-usable concept representations,A. L. Rector,1995,10.1007/3-540-60025-6_122,Artificial Intelligence in Medicine,included,Sem abstract; recuperado por string forte (Springer-Nature-Link/S2) que já restringe a endoscopia alta + IA/DL e exclui colorretal — confiável.,Springer Nature Link/S2,não
Springer Nature Link,S2,Springer S2 — Lesões e alterações gástricas,sp_10.1007_3-540-57868-4_81,Early screening for gastric cancer using machine learning techniques,W. Z. Liu; A. P. White; M. T. Hallissey,1994,10.1007/3-540-57868-4_81,Machine Learning: ECML-94,included,"Título/keywords indicam DL/CV em endoscopia digestiva alta ou achado GI, mesmo sem abstract.",Springer Nature Link/S2; Springer Nature Link/S3,não
Springer Nature Link,S2,Springer S2 — Lesões e alterações gástricas,sp_10.1007_BF03216312,Pediatrics II. Miscellanea,X. Pastor; J. Jaurégulzar; A. Palomeque; C. Sierra; M. L. Sonnet; D. Floret; D. Perrot; D. Stamm; I. A. Murdoch; A. Mitchell; S. Parsons; S. A. Qureshi; R. Brangenberg; M. Bodensohn; U. Bürger; J. H. Reeves; W. W. Butt; A. -L. Kuusela; T. Ruuska; R. Karikoski-Leo; V. Lautamatti,1992,10.1007/BF03216312,Intensive Care Medicine,included,Sem abstract; recuperado por string forte (Springer-Nature-Link/S2) que já restringe a endoscopia alta + IA/DL e exclui colorretal — confiável.,Springer Nature Link/S2,não
Springer Nature Link,S2,Springer S2 — Lesões e alterações gástricas,sp_10.1007_978-3-662-35152-9_3,L,Otto Spamer’s,1879,10.1007/978-3-662-35152-9_3,Illustrirtes Handels-Lexikon,included,Sem abstract; recuperado por string forte (Springer-Nature-Link/S2) que já restringe a endoscopia alta + IA/DL e exclui colorretal — confiável.,Springer Nature Link/S2,não
Springer Nature Link,S2,Springer S2 — Lesões e alterações gástricas,sp_10.1007_978-3-642-99193-6_2,Praktischer Teil,H. Müller,1919,10.1007/978-3-642-99193-6_2,Westermeiers Leitfaden für die Försterprüfungen,included,Sem abstract; recuperado por string forte (Springer-Nature-Link/S2) que já restringe a endoscopia alta + IA/DL e exclui colorretal — confiável.,Springer Nature Link/S2,não
Springer Nature Link,S3,Springer S3 — Pólipos gástricos,sp_10.1007_s00535-024-02209-5,Multistage deep learning for classification of <i>Helicobacter pylori</i> infection status using endoscopic images,Guang Li; Ren Togo; Katsuhiro Mabe; Shunpei Nishida; Yoshihiro Tomoda; Fumiyuki Shiratani; Masashi Hirota; Takahiro Ogawa; Miki Haseyama,2025,10.1007/s00535-024-02209-5,Journal of Gastroenterology,included,"Título/keywords indicam DL/CV em endoscopia digestiva alta ou achado GI, mesmo sem abstract.",Springer Nature Link/S3,não
Springer Nature Link,S3,Springer S3 — Pólipos gástricos,sp_10.1007_978-981-19-5845-8_9,A Comprehending Deep Learning Approach for Disease Classification,Ankita Nainwal; Bhaskar Pant; Garima Sharma,2023,10.1007/978-981-19-5845-8_9,IoT Based Control Networks and Intelligent Systems,included,Sem abstract; recuperado por string forte (Springer-Nature-Link/S3) que já restringe a endoscopia alta + IA/DL e exclui colorretal — confiável.,Springer Nature Link/S3,não
Springer Nature Link,S3,Springer S3 — Pólipos gástricos,sp_10.1007_s11701-025-02555-3,"AI-driven robotic surgery in oncology: advancing precision, personalization, and patient outcomes",Jack Ng Kok Wah,2025,10.1007/s11701-025-02555-3,Journal of Robotic Surgery,included,Sem abstract; recuperado por string forte (Springer-Nature-Link/S3) que já restringe a endoscopia alta + IA/DL e exclui colorretal — confiável.,Springer Nature Link/S3,não
Springer Nature Link,S3,Springer S3 — Pólipos gástricos,sp_10.1186_s12859-018-2477-7,"pyHIVE, a health-related image visualization and engineering system using Python",Ruochi Zhang; Ruixue Zhao; Xinyang Zhao; Di Wu; Weiwei Zheng; Xin Feng; Fengfeng Zhou,2018,10.1186/s12859-018-2477-7,BMC Bioinformatics,included,Sem abstract; recuperado por string forte (Springer-Nature-Link/S3) que já restringe a endoscopia alta + IA/DL e exclui colorretal — confiável.,Springer Nature Link/S3,não
Springer Nature Link,S5,Springer S5 — Datasets de endoscopia gástrica,sp_10.1007_978-3-030-59710-8_5,An Effective Data Refinement Approach for Upper Gastrointestinal Anatomy Recognition,Li Quan; Yan Li; Xiaoyi Chen; Ni Zhang,2020,10.1007/978-3-030-59710-8_5,Medical Image Computing and Computer Assisted Intervention – MICCAI 2020,included,Título/keywords indicam endoscopia + achado GI alto; presume-se CAD/análise de imagem.,Springer Nature Link/S5,não
Scopus (VLM/FMs),S1,S6-VLM S1 — FMs/VLMs em endoscopia (conceitual),Peng2025,HADepth: Highlight-aware monocular depth estimation for endoscopy,"Peng, Xiaoyuan; Wang, Shigang; Wei, Jian; Zhao, Yan",2025,10.1007/s11760-025-04389-w,"Signal, Image and Video Processing",included,"Sinais ambíguos no abstract, mas recuperado por string forte (Scopus-VLM-FMs/S1) com filtro endoscopia alta + IA — confiável.",Scopus (VLM/FMs)/S1,sim
Scopus (VLM/FMs),S1,S6-VLM S1 — FMs/VLMs em endoscopia (conceitual),Sun2025,AI-powered three-category Helicobacter pylori diagnosis via magnetic controlled capsule endoscopy: a multicenter validation of a vision-language model,"Sun, Xi; Liu, Jing; Wu, Lili; Chen, Xiao; Ma, Xiaona; Teng, Fei; Zhang, Ting; Su, Hui; Fan, Xin; Li, Jiaxin; Xu, Shiping; Jin, Peng; Jiao, Hongmei",2025,10.3389/fmicb.2025.1687021,Frontiers in Microbiology,included,DL/CV em endoscopia com achado do trato GI alto.,Scopus (VLM/FMs)/S1; Scopus (VLM/FMs)/S3; Web of Science/S1,sim
Scopus (VLM/FMs),S1,S6-VLM S1 — FMs/VLMs em endoscopia (conceitual),Rafiee_Sevyeri202616,"Foundation Models in Medicine, Gastroenterology, and Endoscopy: The Next Frontier?","Rafiee Sevyeri, Laya; von Renteln, Daniel",2026,10.1053/j.gastro.2025.10.001,Gastroenterology,included,"Título/keywords indicam DL/CV em endoscopia digestiva alta ou achado GI, mesmo sem abstract.",Scopus (VLM/FMs)/S1,não
Scopus (VLM/FMs),S1,S6-VLM S1 — FMs/VLMs em endoscopia (conceitual),Nouman2024301,Rethinking MedSAM: Performance Discrepancies in Clinical Applications,"Nouman, Muhammad; Khoriba, Ghada; Rashed, Essam A.",2024,10.1109/FMLDS63805.2024.00061,"Proceedings - 2024 IEEE International Conference on Future Machine Learning and Data Science, FMLDS 2024",included,"Sinais ambíguos no abstract, mas recuperado por string forte (Scopus-VLM-FMs/S1) com filtro endoscopia alta + IA — confiável.",Scopus (VLM/FMs)/S1; Scopus (VLM/FMs)/S2,sim
Scopus (VLM/FMs),S1,S6-VLM S1 — FMs/VLMs em endoscopia (conceitual),2026,"1st International Workshop on Collaborative Intelligence and Autonomy in Image-Guided Surgery, COLAS 2025, Held in Conjunction with MICCAI 2025",,2026,,Lecture Notes in Computer Science,included,"Sinais ambíguos no abstract, mas recuperado por string forte (Scopus-VLM-FMs/S1) com filtro endoscopia alta + IA — confiável.",Scopus (VLM/FMs)/S1,sim
Scopus (VLM/FMs),S1,S6-VLM S1 — FMs/VLMs em endoscopia (conceitual),Yang2025425,RSG-SAM2: Robust Semantics-Guided SAM2 for Multi-Class Surgical Instruments Semantic Segmentation,"Yang, Dewei; Jiang, Chunyang; Le, Shuo; Liu, Jieming; Li, Xi; Li, Zhangyong",2025,10.1109/FTCS68006.2025.11405741,"2025 International Conference on Frontiers Technology in Circuits and Systems, FTCS 2025",included,"Endoscopia com contribuição metodológica relevante (multilabel, desbalanceamento, explicabilidade ou artefatos).",Scopus (VLM/FMs)/S1; Scopus (VLM/FMs)/S2,sim
Scopus (VLM/FMs),S1,S6-VLM S1 — FMs/VLMs em endoscopia (conceitual),Chaitanya2025201,Arges: Spatio-Temporal Transformer for Ulcerative Colitis Severity Assessment in Endoscopy Videos,"Chaitanya, Krishna; Damasceno, Pablo F.; Fadnavis, Shreyas; Mobadersany, Pooya; Parmar, Chaitanya; Scherer, Emily; Zemlianskaia, Natalia; Surace, Lindsey; Ghanem, Louis R.; Cula, Oana Gabriela; Mansi, Tommaso; Standish, Kristopher",2025,10.1007/978-3-031-73290-4_20,Lecture Notes in Computer Science (including subseries Lecture Notes in Artificial Intelligence and Lecture Notes in Bioinformatics) ,included,DL/CV em endoscopia com achado do trato GI alto.,Scopus (VLM/FMs)/S1,sim
Scopus (VLM/FMs),S1,S6-VLM S1 — FMs/VLMs em endoscopia (conceitual),Liu2026,Artificial intelligence models: transforming early diagnosis and precise treatment of gastrointestinal cancers,"Liu, Kaijie; Luo, Zeyu; Zhang, Wenjie; Pan, Qiyuan; Su, Xiaotan; Yang, Zhouyu; Zhang, Qiaoqiao; Wang, Bin; Tang, Bo; He, Zongsheng; Guo, Jinjun",2026,10.1186/s12943-026-02589-7,Molecular Cancer,included,DL/CV em endoscopia com achado do trato GI alto.,Scopus (VLM/FMs)/S1,sim
Scopus (VLM/FMs),S1,S6-VLM S1 — FMs/VLMs em endoscopia (conceitual),Liu2025383,Surgical Action Triplet Recognition Assisted by Foundation Models-Based Instrument Localization,"Liu, Junyan; Qiao, Peng; Dou, Yong; Liu, Sidun; Shen, Lu; Wang, Xi; Li, Wenyu",2025,10.1007/978-981-96-6969-1_26,Communications in Computer and Information Science,included,"Sinais ambíguos no abstract, mas recuperado por string forte (Scopus-VLM-FMs/S1) com filtro endoscopia alta + IA — confiável.",Scopus (VLM/FMs)/S1; Scopus (VLM/FMs)/S2,sim
Scopus (VLM/FMs),S1,S6-VLM S1 — FMs/VLMs em endoscopia (conceitual),Krumb2026195,eNCApsulate: neural cellular automata for precision diagnosis on capsule endoscopes,"Krumb, Henry John; Mukhopadhyay, Anirban",2026,10.1007/s11548-025-03425-x,International Journal of Computer Assisted Radiology and Surgery ,included,DL/CV em endoscopia com achado do trato GI alto.,PubMed/S2; Scopus (VLM/FMs)/S1,sim
Scopus (VLM/FMs),S1,S6-VLM S1 — FMs/VLMs em endoscopia (conceitual),Hu20247104,Prompting to Adapt Foundational Segmentation Models,"Hu, Jie; Li, Jie; Ma, Yue; Cao, Liujuan; Zhang, Songan; Zhang, Wei; Jiang, Guannan; Ji, Rongrong",2024,10.1145/3664647.3680884,MM 2024 - Proceedings of the 32nd ACM International Conference on Multimedia,included,"Sinais ambíguos no abstract, mas recuperado por string forte (Scopus-VLM-FMs/S1) com filtro endoscopia alta + IA — confiável.",Scopus (VLM/FMs)/S1,sim
Scopus (VLM/FMs),S1,S6-VLM S1 — FMs/VLMs em endoscopia (conceitual),Muppidi2025513,Medical Vision Language Models as Policies for Robotic Surgery,"Muppidi, Akshay; Radfar, Martin",2025,10.1109/CAI64502.2025.00094,"Proceedings - 2025 IEEE Conference on Artificial Intelligence, CAI 2025",included,"Sinais ambíguos no abstract, mas recuperado por string forte (Scopus-VLM-FMs/S1) com filtro endoscopia alta + IA — confiável.",Scopus (VLM/FMs)/S1,sim
Scopus (VLM/FMs),S1,S6-VLM S1 — FMs/VLMs em endoscopia (conceitual),Sengupta2025,Is SAM 2 Better than SAM in Medical Image Segmentation?,"Sengupta, Sourya; Chakrabarty, Satrajit; Soni, Ravi",2025,10.1117/12.3047370,Progress in Biomedical Optics and Imaging - Proceedings of SPIE,included,"Sinais ambíguos no abstract, mas recuperado por string forte (Scopus-VLM-FMs/S1) com filtro endoscopia alta + IA — confiável.",Scopus (VLM/FMs)/S1; Scopus (VLM/FMs)/S2,sim
Scopus (VLM/FMs),S1,S6-VLM S1 — FMs/VLMs em endoscopia (conceitual),Liu2026,"Visual perception technologies for micro- and nanorobots: Principles, methods, and applications (invited); [微纳机器人视觉感知技术：原理、方法与应 用 (特邀)]","Liu, Qiang; Han, Mingyang; Ma, Zhuochen; Wang, Hesheng; Han, Bing",2026,10.3788/IRLA20260063,Infrared and Laser Engineering,included,"Endoscopia com contribuição metodológica relevante (multilabel, desbalanceamento, explicabilidade ou artefatos).",Scopus (VLM/FMs)/S1,sim
Scopus (VLM/FMs),S1,S6-VLM S1 — FMs/VLMs em endoscopia (conceitual),Awasthi2025,Collaborative Integration of AI and Human Expertise to Improve Detection of Chest Radiograph Abnormalities,"Awasthi, Akash; Le, Ngan; Deng, Zhigang; Wu, Carol C.; Van Nguyen, Hien",2025,10.1148/ryai.240277,Radiology: Artificial Intelligence,included,Visão computacional/DL aplicada a endoscopia digestiva alta (contexto: dataset/benchmark).,Scopus (VLM/FMs)/S1; Web of Science/S1,sim
Scopus (VLM/FMs),S1,S6-VLM S1 — FMs/VLMs em endoscopia (conceitual),Zhang2024188,Learning to Adapt Foundation Model DINOv2 for Capsule Endoscopy Diagnosis,"Zhang, Bowen; Chen, Ying; Bai, Long; Zhao, Yan; Sun, Yuxiang; Yuan, Yixuan; Zhang, Jianhua; Ren, Hongliang",2024,10.1016/j.procs.2024.11.024,Procedia Computer Science,included,"Sinais ambíguos no abstract, mas recuperado por string forte (Scopus-VLM-FMs/S1) com filtro endoscopia alta + IA — confiável.",Scopus (VLM/FMs)/S1,sim
Scopus (VLM/FMs),S1,S6-VLM S1 — FMs/VLMs em endoscopia (conceitual),Adjali20252264,Towards Better Gastrointestinal Diagnosis: Evaluating Vision-Language Models For GI VQA,"Adjali, Omar",2025,,CEUR Workshop Proceedings,included,DL/CV em endoscopia com achado do trato GI alto.,Scopus (VLM/FMs)/S1,sim
Scopus (VLM/FMs),S1,S6-VLM S1 — FMs/VLMs em endoscopia (conceitual),Chen2024317,Vision Language Model Empowered Surgical Planning,"Chen, Yihe; Yu, Runsheng; Wang, Xin; Wang, Wensheng; Tan, Ning; Zhang, Youzhi",2024,10.1109/IRAC63143.2024.10871844,"2024 International Conference on Intelligent Robotics and Automatic Control, IRAC 2024",included,"Sinais ambíguos no abstract, mas recuperado por string forte (Scopus-VLM-FMs/S1) com filtro endoscopia alta + IA — confiável.",Scopus (VLM/FMs)/S1,sim
Scopus (VLM/FMs),S1,S6-VLM S1 — FMs/VLMs em endoscopia (conceitual),Sheikh_Zeinoddin2026117,Endo-FASt3r: Endoscopic Foundation Model Adaptation for Structure from Motion,"Sheikh Zeinoddin, Mona; Hoque, Mobarak I.; Tandogdu, Zafer; Shaw, Greg L.; Clarkson, Matthew J.; Mazomenos, Evangelos B.; Stoyanov, Danail",2026,10.1007/978-3-032-05141-7_12,Lecture Notes in Computer Science,included,"Sinais ambíguos no abstract, mas recuperado por string forte (Scopus-VLM-FMs/S1) com filtro endoscopia alta + IA — confiável.",Scopus (VLM/FMs)/S1,sim
Scopus (VLM/FMs),S1,S6-VLM S1 — FMs/VLMs em endoscopia (conceitual),Liang2025,MedFMIT: A Foundation Model-Driven Multimodal Fusion Method for Image-Text Disease Diagnosis,"Liang, Shuyu; Fu, Junhu; Li, Wutong; Ma, Chen; Wang, Yuanyuan; Guo, Yi",2025,10.1109/EMBC58623.2025.11252735,"Proceedings of the Annual International Conference of the IEEE Engineering in Medicine and Biology Society, EMBS",included,"Sinais ambíguos no abstract, mas recuperado por string forte (Scopus-VLM-FMs/S1) com filtro endoscopia alta + IA — confiável.",Scopus (VLM/FMs)/S1,sim
Scopus (VLM/FMs),S1,S6-VLM S1 — FMs/VLMs em endoscopia (conceitual),Awasthi2025,Modeling radiologists’ cognitive processes using a digital gaze twin to enhance radiology training,"Awasthi, Akash; Vu, Anh Mai; Le, Ngan; Deng, Zhigang; Maulik, Supratik; Agrawal, Rishi; Wu, Carol C.; Van Nguyen, Hien",2025,10.1038/s41598-025-97935-y,Scientific Reports,included,"Endoscopia sem CV explícito no abstract, mas recuperado por string forte (Scopus-VLM-FMs/S1) que filtra IA/DL — confiável.",Scopus (VLM/FMs)/S1; Springer Nature Link/S1,sim
Scopus (VLM/FMs),S1,S6-VLM S1 — FMs/VLMs em endoscopia (conceitual),Awasthi2024711,Bridging human and machine intelligence: Reverse-engineering radiologist intentions for clinical trust and adoption,"Awasthi, Akash; Le, Ngan; Deng, Zhigang; Agrawal, Rishi; Wu, Carol C.; Van Nguyen, Hien",2024,10.1016/j.csbj.2024.11.012,Computational and Structural Biotechnology Journal,included,Visão computacional/DL aplicada a endoscopia digestiva alta (contexto: dataset/benchmark).,Scopus (VLM/FMs)/S1; Scopus (VLM/FMs)/S3; Web of Science/S1,sim
Scopus (VLM/FMs),S1,S6-VLM S1 — FMs/VLMs em endoscopia (conceitual),Cheng2026,"A confidence-based, artificial intelligence pathology model for diagnosis of intrahepatic cholangiocarcinoma","Cheng, Y.; Azouzi, N.; Laurent-Bellue, A.; Guo, Z.; Chung, T.; Zeng, Q.; Ghodsifard, A.; Albrecht, T.; Roessler, S.; Boulagnon-Rombi, C.; Vij, M.; Rela, M.; Akpinar, R.; Augustin, J.; Bazille, C.; Xu, S.; Kong, S.; Lechapt-Zalcman, E.; Tournigand, C.; Kempf, E.; Brustia, R.; Pawlotsky, J.-M.; Braconi, C.; Caruso, S.; Ziol, M.; Goeppert, B.; Di Tommaso, L.; Park, Y.N.; Calderaro, J.",2026,10.1016/j.annonc.2026.02.018,Annals of Oncology,included,DL/CV em endoscopia com achado do trato GI alto.,Scopus (VLM/FMs)/S1,sim
Scopus (VLM/FMs),S1,S6-VLM S1 — FMs/VLMs em endoscopia (conceitual),Ma2025,Development and validation of an AI foundation model for endoscopic diagnosis of esophagogastric junction adenocarcinoma: a cohort and deep learning study,"Ma, Yikun; Li, Bo; Chen, Ying; Yue, Zijie; Xu, Shuchang; Li, Jingyao; Ma, Lei; Zhong, Liang; Zou, Duowu; Xu, Leiming; Zhong, Yunshi; Li, Xiaobo; Ding, Weiqun; Zhang, Minmin; He, Dongli; Li, Zhenghong; Chen, Ye; Zhao, Ye; Zhuo, Jialong; Wu, Xiaofen; Yi, Lisha; Shi, Miaojing; Sun, Huihui",2025,10.1016/j.eclinm.2025.103524,eClinicalMedicine,included,DL/CV em endoscopia com achado do trato GI alto.,ScienceDirect/S3; ScienceDirect/S4; Scopus (VLM/FMs)/S1,sim
Scopus (VLM/FMs),S1,S6-VLM S1 — FMs/VLMs em endoscopia (conceitual),Soliman2025,ColonEye: Towards Colonoscopy Automation Through Wireless Robotic Control and Automated Reporting Using Vision Language Models,"Soliman, Abdulrahman; Yaacoub, Elias; Mohamed, Amr; Erbad, Aiman",2025,10.1109/SmartNets65254.2025.11106784,"2025 7th International Conference on Smart Applications, Communications and Networking, SmartNets 2025",included,DL/CV em endoscopia com achado do trato GI alto.,Scopus (VLM/FMs)/S1,sim
Scopus (VLM/FMs),S1,S6-VLM S1 — FMs/VLMs em endoscopia (conceitual),Ercan2024426,Predicting DNA Content Abnormalities in Barrett’s Esophagus: A Weakly Supervised Learning Paradigm,"Ercan, Caner; Pan, Xiaoxi; Paulson, Thomas G.; Stachler, Matthew D.; Maley, Carlo C.; Grady, William M.; Yuan, Yinyin",2024,,Proceedings of Machine Learning Research,included,DL/CV em endoscopia com achado do trato GI alto.,Scopus (VLM/FMs)/S1,sim
Scopus (VLM/FMs),S1,S6-VLM S1 — FMs/VLMs em endoscopia (conceitual),Wang202512636,CoPESD: A Multi-Level Surgical Motion Dataset for Training Large Vision-Language Models to Co-Pilot Endoscopic Submucosal Dissection,"Wang, Guankun; Xiao, Han; Zhang, Renrui; Gao, Huxin; Bai, Long; Yang, Xiaoxiao; Li, Zhen; Li, Hongsheng; Ren, Hongliang",2025,10.1145/3746027.3758200,"MM 2025 - Proceedings of the 33rd ACM International Conference on Multimedia, Co-Located with MM 2025",included,"Sinais ambíguos no abstract, mas recuperado por string forte (Scopus-VLM-FMs/S1) com filtro endoscopia alta + IA — confiável.",Scopus (VLM/FMs)/S1; Scopus (VLM/FMs)/S3,sim
Scopus (VLM/FMs),S1,S6-VLM S1 — FMs/VLMs em endoscopia (conceitual),Li2026,Attribute-driven prompt learning with vision–language models for few-shot gastrointestinal disease classification,"Li, Weiheng; Tang, Suigu; Liu, Huazhu; Cheang, Chak Fong; Liang, Yanyan; Zhao, Xiaofang; Nong, Jian",2026,10.1016/j.bspc.2026.110337,Biomedical Signal Processing and Control,included,DL/CV em endoscopia com achado do trato GI alto.,Scopus (VLM/FMs)/S1; Scopus (VLM/FMs)/S3,sim
Scopus (VLM/FMs),S1,S6-VLM S1 — FMs/VLMs em endoscopia (conceitual),Wang2025,NaMA-Mamba: Foundation model for generalizable nasal disease detection using masked autoencoder with Mamba on endoscopic images,"Wang, Wensheng; Jin, Zewen; Liu, Xueli; Chen, Xinrong",2025,10.1016/j.compmedimag.2025.102524,Computerized Medical Imaging and Graphics,included,"Sinais ambíguos no abstract, mas recuperado por string forte (Scopus-VLM-FMs/S1) com filtro endoscopia alta + IA — confiável.",Scopus (VLM/FMs)/S1,sim
Scopus (VLM/FMs),S1,S6-VLM S1 — FMs/VLMs em endoscopia (conceitual),Taha2025592,Where Semantics Meets Space: A Layer-Wise Analysis of Frozen Encoders for Efficient Polyp Segmentation,"Taha, A.; Lukmanov, R.",2025,10.1134/S1064562425700541,Doklady Mathematics,included,"Sinais ambíguos no abstract, mas recuperado por string forte (Scopus-VLM-FMs/S1) com filtro endoscopia alta + IA — confiável.",Scopus (VLM/FMs)/S1,sim
Scopus (VLM/FMs),S1,S6-VLM S1 — FMs/VLMs em endoscopia (conceitual),Zhang2024,Potential of multimodal large language models for data mining of medical images and free-text reports,"Zhang, Yutong; Pan, Yi; Zhong, Tianyang; Dong, Peixin; Xie, Kangni; Liu, Yuxiao; Jiang, Hanqi; Wu, Zihao; Liu, Zhengliang; Zhao, Wei; Zhang, Wei; Zhao, Shijie; Zhang, Tuo; Jiang, Xi; Shen, Dinggang; Liu, Tianming; Zhang, Xin",2024,10.1016/j.metrad.2024.100103,Meta-Radiology,included,"Sinais ambíguos no abstract, mas recuperado por string forte (Scopus-VLM-FMs/S1) com filtro endoscopia alta + IA — confiável.",Scopus (VLM/FMs)/S1; Scopus (VLM/FMs)/S3,sim
Scopus (VLM/FMs),S1,S6-VLM S1 — FMs/VLMs em endoscopia (conceitual),Toussaint2026115,Zero-Shot Monocular Metric Depth for Endoscopic Images,"Toussaint, Nicolas; Colleoni, Emanuele; Sanchez-Matilla, Ricardo; Sutcliffe, Joshua; Thompson, Vanessa; Asad, Muhammad; Luengo, Imanol; Stoyanov, Danail",2026,10.1007/978-3-032-08009-7_12,Lecture Notes in Computer Science,included,"Sinais ambíguos no abstract, mas recuperado por string forte (Scopus-VLM-FMs/S1) com filtro endoscopia alta + IA — confiável.",Scopus (VLM/FMs)/S1,sim
Scopus (VLM/FMs),S1,S6-VLM S1 — FMs/VLMs em endoscopia (conceitual),Shi2025,Foundation models: Insights and implications for gastrointestinal cancer,"Shi, Lei; Huang, Rui; Guo, An-Jie; Zhao, Li-Ling",2025,10.3748/wjg.v31.i47.112921,World Journal of Gastroenterology,included,DL/CV em endoscopia com achado do trato GI alto.,Scopus (VLM/FMs)/S1; Scopus (VLM/FMs)/S3,sim
Scopus (VLM/FMs),S1,S6-VLM S1 — FMs/VLMs em endoscopia (conceitual),Yuan202585,MEN-AD: Multimodal Zero-Shot Detection of Mucus Anomalies in Endoscopy,"Yuan, Xinpan; Huang, Mingzhu; Hua, Liujie; Zhang, Changhong; Ju, Jianuo; Xie, Shaomin; Gan, Wenguang",2025,10.1007/978-981-95-0017-8_8,Communications in Computer and Information Science,included,"Sinais ambíguos no abstract, mas recuperado por string forte (Scopus-VLM-FMs/S1) com filtro endoscopia alta + IA — confiável.",Scopus (VLM/FMs)/S1,sim
Scopus (VLM/FMs),S1,S6-VLM S1 — FMs/VLMs em endoscopia (conceitual),Celis-Ar_mbula2025,Characterization of complete and incomplete Gastric Intestinal Metaplasia (GIM) by a hamiltonian approach,"Celis-Arámbula, Juan S.; Cano-Ramirez, Fabian; Romero, Eduardo",2025,10.1109/SIPAIM67325.2025.11283377,"Proceedings of the 21st International Symposium on Medical Information Processing and Analysis, SIPAIM 2025",included,DL/CV aplicado a achados do trato GI alto — presume-se imagens endoscópicas/histopatológicas.,Scopus (VLM/FMs)/S1,sim
Scopus (VLM/FMs),S1,S6-VLM S1 — FMs/VLMs em endoscopia (conceitual),Oliva-Maza2026331,KidneyDepth: A Synthetic Kidney Dataset for Metric Depth Estimation in Ureteroscopy,"Oliva-Maza, Laura; Steidle, Florian; Klodmann, Julian; Strobl, Klaus; Miernik, Arkadiusz; Triebel, Rudolph",2026,10.1007/978-3-032-05114-1_32,Lecture Notes in Computer Science,included,"Sinais ambíguos no abstract, mas recuperado por string forte (Scopus-VLM-FMs/S1) com filtro endoscopia alta + IA — confiável.",Scopus (VLM/FMs)/S1,sim
Scopus (VLM/FMs),S1,S6-VLM S1 — FMs/VLMs em endoscopia (conceitual),Mohammed2026,From Narrow Convolutional Neural Networks to Endoscopic Foundation Models: Implications for Sessile Serrated Lesion Detection,"Mohammed, Fahad S.; Silva, Sadie De; Mohammed, Suneel",2026,10.1053/j.gastro.2026.01.044,Gastroenterology,included,"Título/keywords indicam DL/CV em endoscopia digestiva alta ou achado GI, mesmo sem abstract.",Scopus (VLM/FMs)/S1,não
Scopus (VLM/FMs),S1,S6-VLM S1 — FMs/VLMs em endoscopia (conceitual),Soberanis-Mukul20242388,GSAM+Cutie: Text-Promptable Tool Mask Annotation for Endoscopic Video,"Soberanis-Mukul, Roger D.; Cheng, Jiahuan; Mangulabnan, Jan Emily; Vedula, S. Swaroop; Ishii, Masaru; Hager, Gregory; Taylor, Russell H.; Unberath, Mathias",2024,10.1109/CVPRW63382.2024.00245,IEEE Computer Society Conference on Computer Vision and Pattern Recognition Workshops,included,"Sinais ambíguos no abstract, mas recuperado por string forte (Scopus-VLM-FMs/S1) com filtro endoscopia alta + IA — confiável.",Scopus (VLM/FMs)/S1,sim
Scopus (VLM/FMs),S1,S6-VLM S1 — FMs/VLMs em endoscopia (conceitual),Sheikh_Zeinoddin20251,DARES: Depth Anything in Robotic Endoscopic Surgery with Self-supervised Vector-LoRA of the Foundation Model,"Sheikh Zeinoddin, Mona; Lena, Chiara; Qu, Jiongqi; Carlini, Luca; Magro, Mattia; Kim, Seunghoi; De Momi, Elena; Bano, Sophia; Grech-Sollars, Matthew; Mazomenos, Evangelos; Alexander, Daniel C.; Stoyanov, Danail; Clarkson, Matthew J.; Islam, Mobarakol",2025,10.1007/978-3-031-91979-4_1,Lecture Notes in Computer Science,included,"Sinais ambíguos no abstract, mas recuperado por string forte (Scopus-VLM-FMs/S1) com filtro endoscopia alta + IA — confiável.",Scopus (VLM/FMs)/S1,sim
Scopus (VLM/FMs),S1,S6-VLM S1 — FMs/VLMs em endoscopia (conceitual),Kim202575,3D Reconstruction of Endoscopic Images Using Depth Anything Model v2,"Kim, Thai Dinh; Bui, Duc-Manh",2025,10.1007/978-3-032-00267-9_7,Lecture Notes in Networks and Systems,included,"Sinais ambíguos no abstract, mas recuperado por string forte (Scopus-VLM-FMs/S1) com filtro endoscopia alta + IA — confiável.",Scopus (VLM/FMs)/S1,sim
Scopus (VLM/FMs),S1,S6-VLM S1 — FMs/VLMs em endoscopia (conceitual),Wang20253526,Improving Foundation Model for Endoscopy Video Analysis via Representation Learning on Long Sequences,"Wang, Zhao; Liu, Chang; Zhu, Lingting; Wang, Tongtong; Zhang, Shaoting; Dou, Qi",2025,10.1109/JBHI.2025.3532311,IEEE Journal of Biomedical and Health Informatics,included,"Sinais ambíguos no abstract, mas recuperado por string forte (Scopus-VLM-FMs/S1) com filtro endoscopia alta + IA — confiável.",Scopus (VLM/FMs)/S1; Scopus (VLM/FMs)/S2,sim
Scopus (VLM/FMs),S1,S6-VLM S1 — FMs/VLMs em endoscopia (conceitual),Lam2024,Foundation models: the future of surgical artificial intelligence?,"Lam, Kyle; Qiu, Jianing",2024,10.1093/bjs/znae090,British Journal of Surgery,included,"Título/keywords indicam DL/CV em endoscopia digestiva alta ou achado GI, mesmo sem abstract.",Scopus (VLM/FMs)/S1,não
Scopus (VLM/FMs),S1,S6-VLM S1 — FMs/VLMs em endoscopia (conceitual),2026,"1st International Workshop on Efficient Medical Artificial Intelligence, EMA4MICCAI 2025, held in conjunction with MICCAI 2025",,2026,,Lecture Notes in Computer Science,included,"Endoscopia com contribuição metodológica relevante (multilabel, desbalanceamento, explicabilidade ou artefatos).",Scopus (VLM/FMs)/S1; Scopus (VLM/FMs)/S3,sim
Scopus (VLM/FMs),S1,S6-VLM S1 — FMs/VLMs em endoscopia (conceitual),Meyer202693,Ultrasam: a foundation model for ultrasound using large open-access segmentation datasets,"Meyer, Adrien; Murali, Aditya; Zarin, Farahdiba; Mutter, Didier; Padoy, Nicolas",2026,10.1007/s11548-025-03517-8,International Journal of Computer Assisted Radiology and Surgery ,included,"Sinais ambíguos no abstract, mas recuperado por string forte (Scopus-VLM-FMs/S1) com filtro endoscopia alta + IA — confiável.",Scopus (VLM/FMs)/S1,sim
Scopus (VLM/FMs),S1,S6-VLM S1 — FMs/VLMs em endoscopia (conceitual),Bhardwaj20251255,L3Seg: Lean Linear Layers for Language-Guided Vision Transformer in Medical Image Segmentation,"Bhardwaj, Rahul; Tambe, Utkarsh Yashwant; Neog, Debanga Raj",2025,10.1109/ICCVW69036.2025.00134,"Proceedings - 2025 IEEE/CVF International Conference on Computer Vision Workshops, ICCV-W 2025",included,"Sinais ambíguos no abstract, mas recuperado por string forte (Scopus-VLM-FMs/S1) com filtro endoscopia alta + IA — confiável.",Scopus (VLM/FMs)/S1,sim
Scopus (VLM/FMs),S1,S6-VLM S1 — FMs/VLMs em endoscopia (conceitual),Wang2026,EndoChat: Grounded multimodal large language model for endoscopic surgery,"Wang, Guankun; Bai, Long; Wang, Junyi; Yuan, Kun; Li, Zhen; Jiang, Tianxu; He, Xiting; Wu, Jinlin; Chen, Zhen; Lei, Zhen; Liu, Hongbin; Wang, Jiazheng; Zhang, Fan; Padoy, Nicolas; Navab, Nassir; Ren, Hongliang",2026,10.1016/j.media.2025.103789,Medical Image Analysis,included,"Sinais ambíguos no abstract, mas recuperado por string forte (Scopus-VLM-FMs/S1) com filtro endoscopia alta + IA — confiável.",Scopus (VLM/FMs)/S1; Scopus (VLM/FMs)/S3,sim
Scopus (VLM/FMs),S1,S6-VLM S1 — FMs/VLMs em endoscopia (conceitual),Yang20243499,A Medical Data-Effective Learning Benchmark for Highly Efficient Pre-training of Foundation Models,"Yang, Wenxuan; Tan, Weimin; Sun, Yuqi; Yan, Bo",2024,10.1145/3664647.3681313,MM 2024 - Proceedings of the 32nd ACM International Conference on Multimedia,included,"Sinais ambíguos no abstract, mas recuperado por string forte (Scopus-VLM-FMs/S1) com filtro endoscopia alta + IA — confiável.",Scopus (VLM/FMs)/S1,sim
Scopus (VLM/FMs),S1,S6-VLM S1 — FMs/VLMs em endoscopia (conceitual),Zhang2026299,EndoSfM3D: Learning to 3D Reconstruct Any Endoscopic Surgery Scene Using Self-supervised Foundation Model,"Zhang, Changhao; Clarkson, Matthew J.; Hoque, Mobarak I.",2026,10.1007/978-3-032-13961-0_30,Lecture Notes in Computer Science,included,"Sinais ambíguos no abstract, mas recuperado por string forte (Scopus-VLM-FMs/S1) com filtro endoscopia alta + IA — confiável.",Scopus (VLM/FMs)/S1,sim
Scopus (VLM/FMs),S1,S6-VLM S1 — FMs/VLMs em endoscopia (conceitual),Yao2025,LLaVA-Endo: a large language-and-vision assistant for gastrointestinal endoscopy,"Yao, Jieru; Li, Xueran; Xie, Qiang; Han, Longfei; Jia, Yiwen; Liu, Nian; Zhang, Dingwen; Han, Junwei",2025,10.1007/s11704-024-40319-8,Frontiers of Computer Science,included,DL/CV em endoscopia com achado do trato GI alto.,Scopus (VLM/FMs)/S1; Scopus (VLM/FMs)/S2,sim
Scopus (VLM/FMs),S1,S6-VLM S1 — FMs/VLMs em endoscopia (conceitual),Khalil2025173334,Self-Supervised Depth Estimation and 3D Reconstruction With Layer-Wise LoRA of Foundation Model in Endoscopy,"Khalil, Saad; Kim, Sol; Lee, Bo-In; Hwang, Youngbae",2025,10.1109/ACCESS.2025.3617567,IEEE Access,included,"Sinais ambíguos no abstract, mas recuperado por string forte (Scopus-VLM-FMs/S1) com filtro endoscopia alta + IA — confiável.",Scopus (VLM/FMs)/S1,sim
Scopus (VLM/FMs),S1,S6-VLM S1 — FMs/VLMs em endoscopia (conceitual),Noh20255825,A narrative review of foundation models for medical image segmentation: zero-shot performance evaluation on diverse modalities,"Noh, Seungha; Lee, Byoung-Dai",2025,10.21037/qims-2024-2826,Quantitative Imaging in Medicine and Surgery,included,"Sinais ambíguos no abstract, mas recuperado por string forte (Scopus-VLM-FMs/S1) com filtro endoscopia alta + IA — confiável.",Scopus (VLM/FMs)/S1,sim
Scopus (VLM/FMs),S1,S6-VLM S1 — FMs/VLMs em endoscopia (conceitual),Tian2026127,Harnessing Foundation Models for Robust and Generalizable 6-DOF Bronchoscopy Localization,"Tian, Qingyao; Liao, Huai; Huang, Xinyan; Yang, Bingyu; Liu, Hongbin",2026,10.1007/978-3-032-06004-4_13,Lecture Notes in Computer Science,included,"Endoscopia com contribuição metodológica relevante (multilabel, desbalanceamento, explicabilidade ou artefatos).",Scopus (VLM/FMs)/S1,sim
Scopus (VLM/FMs),S1,S6-VLM S1 — FMs/VLMs em endoscopia (conceitual),Tian20256869,A Medical Multimodal Large Language Model for Pediatric Pneumonia,"Tian, Weiwei; Huang, Xinyu; Cheng, Tianhao; He, Wen; Fang, Jinwu; Feng, Rui; Geng, Daoying; Zhang, Xiaobo",2025,10.1109/JBHI.2025.3569361,IEEE Journal of Biomedical and Health Informatics,included,"Sinais ambíguos no abstract, mas recuperado por string forte (Scopus-VLM-FMs/S1) com filtro endoscopia alta + IA — confiável.",Scopus (VLM/FMs)/S1; Scopus (VLM/FMs)/S3,sim
Scopus (VLM/FMs),S1,S6-VLM S1 — FMs/VLMs em endoscopia (conceitual),Gu20246031,LeSAM: Adapt Segment Anything Model for Medical Lesion Segmentation,"Gu, Yunbo; Wu, Qianyu; Tang, Hui; Mai, Xiaoli; Shu, Huazhong; Li, Baosheng; Chen, Yang",2024,10.1109/JBHI.2024.3406871,IEEE Journal of Biomedical and Health Informatics,included,"Sinais ambíguos no abstract, mas recuperado por string forte (Scopus-VLM-FMs/S1) com filtro endoscopia alta + IA — confiável.",Scopus (VLM/FMs)/S1; Scopus (VLM/FMs)/S2,sim
Scopus (VLM/FMs),S1,S6-VLM S1 — FMs/VLMs em endoscopia (conceitual),Cui20241013,Surgical-DINO: adapter learning of foundation models for depth estimation in endoscopic surgery,"Cui, Beilei; Islam, Mobarakol; Bai, Long; Ren, Hongliang",2024,10.1007/s11548-024-03083-5,International Journal of Computer Assisted Radiology and Surgery,included,"Sinais ambíguos no abstract, mas recuperado por string forte (Scopus-VLM-FMs/S1) com filtro endoscopia alta + IA — confiável.",Scopus (VLM/FMs)/S1,sim
Scopus (VLM/FMs),S1,S6-VLM S1 — FMs/VLMs em endoscopia (conceitual),Wang2026,Semba: A semantic–visual fusion method based on MLLM and Mamba for IBD subtype identification,"Wang, Jinping; Ruan, Guangcong; Li, Hualong; Nian, Yongjian; Wei, Yanling; Lei, Yan",2026,10.1016/j.bspc.2026.110358,Biomedical Signal Processing and Control,included,DL/CV em endoscopia com achado do trato GI alto.,Scopus (VLM/FMs)/S1; Scopus (VLM/FMs)/S3,sim
Scopus (VLM/FMs),S1,S6-VLM S1 — FMs/VLMs em endoscopia (conceitual),Jong2026174,GastroNet-5M: A Multicenter Dataset for Developing Foundation Models in Gastrointestinal Endoscopy,"Jong, Martijn R.; Boers, Tim G.W.; Fockens, Kiki N.; Jukema, Jelmer B.; Kusters, Carolus H.J.; Jaspers, Tim J.M.; van Eijck van Heslinga, Rixta A.H.; Slooter, Floor C.; Struyvenberg, Maarten R.; Bisschops, Raf; van der Putten, Joost A.; de With, Peter H.N.; van der Sommen, Fons; de Groof, Albert J.; Bergman, Jacques J.G.H.M.",2026,10.1053/j.gastro.2025.07.030,Gastroenterology,included,DL/CV em endoscopia com achado do trato GI alto.,PubMed/S2; Scopus (VLM/FMs)/S1; Scopus (VLM/FMs)/S2,sim
Scopus (VLM/FMs),S1,S6-VLM S1 — FMs/VLMs em endoscopia (conceitual),Johri202642,A Clinician-Guided Framework for Endoscopic AI: Developing PanEndoAtlas and Benchmarking Foundation Models Across the Full GI Spectrum,"Johri, Shreya; Luo, Luyang; Zhou, Hong-Yu; Brenner, Todd; Elamin, Sami; Geissler, Mark Enrik; Berzin, Tyler M.; Rajpurkar, Pranav",2026,10.1142/9789819824755_0004,Pacific Symposium on Biocomputing. Pacific Symposium on Biocomputing,included,DL/CV em endoscopia com achado do trato GI alto.,Scopus (VLM/FMs)/S1; Scopus (VLM/FMs)/S2,sim
Scopus (VLM/FMs),S1,S6-VLM S1 — FMs/VLMs em endoscopia (conceitual),Liu20252672,Foundation Model-Guided Gaussian Splatting for 4D Reconstruction of Deformable Tissues,"Liu, Yifan; Li, Chenxin; Liu, Hengyu; Yang, Chen; Yuan, Yixuan",2025,10.1109/TMI.2025.3545183,IEEE Transactions on Medical Imaging,included,"Sinais ambíguos no abstract, mas recuperado por string forte (Scopus-VLM-FMs/S1) com filtro endoscopia alta + IA — confiável.",Scopus (VLM/FMs)/S1,sim
Scopus (VLM/FMs),S1,S6-VLM S1 — FMs/VLMs em endoscopia (conceitual),Liu2025,Vision-language foundation model for generalizable nasal disease diagnosis using unlabeled endoscopic records,"Liu, Xueli; Gong, Wentao; Chen, Xiao; Li, Zhen; Liu, Yinlong; Wang, Li; Liu, Quan; Sun, Xicai; Liu, Xiaofeng; Chen, Xinrong; Shi, Yuxuan; Yu, Hongmeng",2025,10.1016/j.patcog.2025.111646,Pattern Recognition,included,"Sinais ambíguos no abstract, mas recuperado por string forte (Scopus-VLM-FMs/S1) com filtro endoscopia alta + IA — confiável.",Scopus (VLM/FMs)/S1,sim
Scopus (VLM/FMs),S1,S6-VLM S1 — FMs/VLMs em endoscopia (conceitual),Seenivasan2026140,EndoTracker: Robustly Tracking Any Point in Endoscopic Surgical Scene,"Seenivasan, Lalithkumar; Cheng, Joanna; Fang, Jin; Bai, Jin; Soberanis-Mukul, Roger D.; Mangulabnan, Jan Emily; Vedula, S. Swaroop; Ishii, Masaru; Hager, Gregory; Taylor, Russell H.; Unberath, Mathias",2026,10.1007/978-3-032-07845-2_14,Lecture Notes in Computer Science,included,"Sinais ambíguos no abstract, mas recuperado por string forte (Scopus-VLM-FMs/S1) com filtro endoscopia alta + IA — confiável.",Scopus (VLM/FMs)/S1,sim
Scopus (VLM/FMs),S1,S6-VLM S1 — FMs/VLMs em endoscopia (conceitual),Iacucci2025,Endo-Histo foundational fusion model: a novel artificial intelligence for assessing histologic remission and response to therapy in ulcerative colitis clinical trial,"Iacucci, Marietta; Santacroce, Giovanni; Meseguer, Pablo; Diéguez, Alejandro; Amor, Rocio Del; Kolawole, Bisi Bode; Chaudhari, Ujwala; Zammarchi, Irene; Hayes, Brian; Crotty, Rory; Zardo, Davide; Maeda, Yasuharu; Puga-Tejada, Miguel; Ditonno, Ilaria; Vadori, Valentina; Burke, Louise; D’Amico, Ferdinando; Ghosh, Subrata; Grisan, Enrico; Naranjo, Valery",2025,10.1093/ecco-jcc/jjaf108,Journal of Crohn's and Colitis,included,DL/CV em endoscopia com achado do trato GI alto.,Scopus (VLM/FMs)/S1; Scopus (VLM/FMs)/S2,sim
Scopus (VLM/FMs),S1,S6-VLM S1 — FMs/VLMs em endoscopia (conceitual),Li2026,Semi-MedSAM: Adapting SAM-assisted semi-supervised multi-modality learning for medical endoscopic image segmentation,"Li, Junhao; Li, Yun; Wu, Junhao; Ji, Chaojie; Chen, Zhijie; Lei, Wenbin; Wang, Ruxin",2026,10.1016/j.patcog.2026.113206,Pattern Recognition,included,"Sinais ambíguos no abstract, mas recuperado por string forte (Scopus-VLM-FMs/S1) com filtro endoscopia alta + IA — confiável.",Scopus (VLM/FMs)/S1; Scopus (VLM/FMs)/S2,sim
Scopus (VLM/FMs),S1,S6-VLM S1 — FMs/VLMs em endoscopia (conceitual),Li2026,The application of pre-trained large visual-language models for preliminary diagnosis of esophageal whitish plaques in large-scale esophageal cancer screening,"Li, Yilin; Li, Xin; Zhang, Di; Zhu, Wenwen; Hu, Yuan; Zhao, Zijian; Zhao, Qi",2026,10.1038/s41698-026-01301-8,npj Precision Oncology,included,DL/CV em endoscopia com achado do trato GI alto.,Scopus (VLM/FMs)/S1; Scopus (VLM/FMs)/S2; Scopus (VLM/FMs)/S3; Springer Nature Link/S1,sim
Scopus (VLM/FMs),S1,S6-VLM S1 — FMs/VLMs em endoscopia (conceitual),Zhang2026542,Graph-Dynamics Augmented Foundation Model for Surgical Instrument Segmentation,"Zhang, Tianyun; Zou, Binfeng; Zhang, Xiaoshuai; Zhang, Guangyuan; Huang, Zhao; Liu, Jin; Zheng, Zhiwen; Huang, Xingru",2026,10.1007/978-981-95-6960-1_39,Lecture Notes in Computer Science,included,"Endoscopia com contribuição metodológica relevante (multilabel, desbalanceamento, explicabilidade ou artefatos).",Scopus (VLM/FMs)/S1,sim
Scopus (VLM/FMs),S1,S6-VLM S1 — FMs/VLMs em endoscopia (conceitual),Wang2026546,Adaptive Mixture of Experts for Cross-Domain Medical Image Segmentation with Vision Foundation Models,"Wang, Qifei; Zhao, Yuefeng; Chen, Bolin; Zhou, Nai; Tao, Qianqian; Hu, Nannan",2026,10.1007/978-981-95-5764-6_37,Lecture Notes in Computer Science,included,"Sinais ambíguos no abstract, mas recuperado por string forte (Scopus-VLM-FMs/S1) com filtro endoscopia alta + IA — confiável.",Scopus (VLM/FMs)/S1; Scopus (VLM/FMs)/S2,sim
Scopus (VLM/FMs),S1,S6-VLM S1 — FMs/VLMs em endoscopia (conceitual),2026,"3rd International Workshop on Data Engineering in Medical Imaging, DEMI 2025, Held in conjunction with the 28th International Conference on Medical Image Computing and Computer Assisted Intervention, MICCAI 2025",,2026,,Lecture Notes in Computer Science,included,DL/CV em endoscopia com achado do trato GI alto.,Scopus (VLM/FMs)/S1,sim
Scopus (VLM/FMs),S1,S6-VLM S1 — FMs/VLMs em endoscopia (conceitual),Mineo2025,Conditional Visuo-Textual Prompt Learning for Medical Image Analysis,"Mineo, Raffaele; Bellitto, Giovanni; Salanitri, Federica Proietto; Hendrix, Rutger; Bagci, Ulas; Giordano, Daniela; Spampinato, Concetto; Palazzo, Simone",2025,10.1109/ISBI60581.2025.10980870,Proceedings - International Symposium on Biomedical Imaging,included,DL/CV em endoscopia com achado do trato GI alto.,Scopus (VLM/FMs)/S1,sim
Scopus (VLM/FMs),S1,S6-VLM S1 — FMs/VLMs em endoscopia (conceitual),Liu2026,Long-text caption generation for surgical image with a concept retrieval augmented large multimodal model,"Liu, Jiquan; Zhu, Yichen; Feng, Jingyi; Zhang, Xiaoyan; Zhou, Ziyu; Tao, Ye; Duan, Huilong",2026,10.1371/journal.pone.0343823,PLOS ONE,included,"Sinais ambíguos no abstract, mas recuperado por string forte (Scopus-VLM-FMs/S1) com filtro endoscopia alta + IA — confiável.",Scopus (VLM/FMs)/S1; Scopus (VLM/FMs)/S3,sim
Scopus (VLM/FMs),S1,S6-VLM S1 — FMs/VLMs em endoscopia (conceitual),Rabasco_Meneghetti20261149,Detection of esophageal varices and prediction of hepatic decompensation in unresectable hepatocellular carcinoma using AI,"Rabasco Meneghetti, Asier; Campani, Claudia; Roux, Charles; I. Carrero, Zunamys; Popica, Dan-Adrian; Amaddeo, Giuliana; Lequoy, Marie; Hollande, Clémence; Mouri, Sarah; Wagner, Mathilde; Plaforet, Vincent; Sidali, Sabrina; Ronot, Maxime; Rudler, Marika; Luciani, Alain; Sutter, Olivier; Spitzer, Eleonore; Regnault, Hélène; El Mouhadi, Sanaâ; Ozenne, Violaine; Ganne-Carrié, Nathalie; Bouattour, Mohamed; Nault, Jean Charles; Thabut, Dominique; Kather, Jakob Nikolas; Allaire, Manon",2026,10.1016/j.jhep.2026.01.021,Journal of Hepatology,included,Visão computacional/DL aplicada a endoscopia digestiva alta.,Scopus (VLM/FMs)/S1,sim
Scopus (VLM/FMs),S1,S6-VLM S1 — FMs/VLMs em endoscopia (conceitual),Paranjape2024187,AdaptiveSAM: Towards Efficient Tuning of SAM for Surgical Scene Segmentation,"Paranjape, Jay N.; Nair, Nithin Gopalakrishnan; Sikder, Shameema; Vedula, S. Swaroop; Patel, Vishal M.",2024,10.1007/978-3-031-66958-3_14,Lecture Notes in Computer Science (including subseries Lecture Notes in Artificial Intelligence and Lecture Notes in Bioinformatics),included,"Sinais ambíguos no abstract, mas recuperado por string forte (Scopus-VLM-FMs/S1) com filtro endoscopia alta + IA — confiável.",Scopus (VLM/FMs)/S1; Scopus (VLM/FMs)/S2,sim
Scopus (VLM/FMs),S1,S6-VLM S1 — FMs/VLMs em endoscopia (conceitual),Gong2025,"Postoperative outcome analysis of chronic rhinosinusitis using transfer learning with pre-trained foundation models based on endoscopic images: a multicenter, observational study","Gong, Wentao; Chen, Keguang; Chen, Xiao; Liu, Xueli; Li, Zhen; Wang, Li; Shi, Yuxuan; Liu, Quan; Sun, Xicai; Huang, Xinsheng; Luo, Xu; Yu, Hongmeng",2025,10.1186/s12938-025-01428-y,BioMedical Engineering Online,included,"Sinais ambíguos no abstract, mas recuperado por string forte (Scopus-VLM-FMs/S1) com filtro endoscopia alta + IA — confiável.",PubMed/S5; Scopus (VLM/FMs)/S1,sim
Scopus (VLM/FMs),S1,S6-VLM S1 — FMs/VLMs em endoscopia (conceitual),Zhou20257184,Open-Vocabulary Endoscopic Scene Understanding via 4D Language Gaussian Splatting,"Zhou, Wenxu; Yin, Dong",2025,10.1109/BIBM66473.2025.11356947,"Proceedings - 2025 IEEE International Conference on Bioinformatics and Biomedicine, BIBM 2025",included,"Sinais ambíguos no abstract, mas recuperado por string forte (Scopus-VLM-FMs/S1) com filtro endoscopia alta + IA — confiável.",Scopus (VLM/FMs)/S1,sim
Scopus (VLM/FMs),S1,S6-VLM S1 — FMs/VLMs em endoscopia (conceitual),Nouman2025,Evaluating Segmentation Accuracy with Diverse Prompt Strategies in Medsam,"Nouman, Muhammad; Khoriba, Ghada; Rashed, Essam A.",2025,10.1109/ISBI60581.2025.10980865,Proceedings - International Symposium on Biomedical Imaging,included,"Sinais ambíguos no abstract, mas recuperado por string forte (Scopus-VLM-FMs/S1) com filtro endoscopia alta + IA — confiável.",Scopus (VLM/FMs)/S1; Scopus (VLM/FMs)/S2,sim
Scopus (VLM/FMs),S1,S6-VLM S1 — FMs/VLMs em endoscopia (conceitual),Li2025,Computer-Aided Diagnosis Using the Large-Scale Visual Language Models in Screening of Digestive Endoscopy,"Li, Yilin; Du, Zhonghua; Li, Renbo; Gong, Yansheng; Zhao, Zijian; Fengyu, Gao",2025,10.1007/s10278-025-01560-0,Journal of Imaging Informatics in Medicine,included,"Sinais ambíguos no abstract, mas recuperado por string forte (Scopus-VLM-FMs/S1) com filtro endoscopia alta + IA — confiável.",Scopus (VLM/FMs)/S1,sim
Scopus (VLM/FMs),S1,S6-VLM S1 — FMs/VLMs em endoscopia (conceitual),Xu20261751,Vision-Language Learning for Wireless Capsule Endoscopy: Diagnostic Captioning with CLIP,"Xu, Lu; Vats, Anuja; Pedersen, Marius; Raja, Kiran",2026,10.2352/EI.2026.38.12.GENAI-175,IS and T International Symposium on Electronic Imaging Science and Technology,included,DL/CV em endoscopia com achado do trato GI alto.,Scopus (VLM/FMs)/S1,sim
Scopus (VLM/FMs),S1,S6-VLM S1 — FMs/VLMs em endoscopia (conceitual),Xu20252335,PDZSeg: adapting the foundation model for dissection zone segmentation with visual prompts in robot-assisted endoscopic submucosal dissection,"Xu, Mengya; Mo, Wenjin; Wang, Guankun; Gao, Huxin; Wang, An; Zhong, Ning; Li, Zhen; Yang, Xiaoxiao; Ren, Hongliang",2025,10.1007/s11548-025-03437-7,International Journal of Computer Assisted Radiology and Surgery ,included,"Sinais ambíguos no abstract, mas recuperado por string forte (Scopus-VLM-FMs/S1) com filtro endoscopia alta + IA — confiável.",Scopus (VLM/FMs)/S1,sim
Scopus (VLM/FMs),S1,S6-VLM S1 — FMs/VLMs em endoscopia (conceitual),Liu2025,SISAM: An Enhanced Promptable Segmentation Model with Expanded Dataset for Surgical Instruments,"Liu, Yuchu; Xiao, Jing",2025,10.1109/IJCNN64981.2025.11227665,Proceedings of the International Joint Conference on Neural Networks,included,"Sinais ambíguos no abstract, mas recuperado por string forte (Scopus-VLM-FMs/S1) com filtro endoscopia alta + IA — confiável.",Scopus (VLM/FMs)/S1; Scopus (VLM/FMs)/S2,sim
Scopus (VLM/FMs),S1,S6-VLM S1 — FMs/VLMs em endoscopia (conceitual),Tran202514190,Enhancing Endoscopic Image Retrieval via Self-Supervised Learning and Large VLM-Based Re-ranking,"Tran, Khoa; Ly, Linh; Ho, Duy Khanh; Luong, Ngoc Hoang",2025,10.1145/3746027.3762082,"MM 2025 - Proceedings of the 33rd ACM International Conference on Multimedia, Co-Located with MM 2025",included,"Sinais ambíguos no abstract, mas recuperado por string forte (Scopus-VLM-FMs/S1) com filtro endoscopia alta + IA — confiável.",Scopus (VLM/FMs)/S1; Scopus (VLM/FMs)/S3,sim
Scopus (VLM/FMs),S1,S6-VLM S1 — FMs/VLMs em endoscopia (conceitual),Ding2024109,Digital twins as a unifying framework for surgical data science: the enabling role of geometric scene understanding,"Ding, Hao; Seenivasan, Lalithkumar; Killeen, Benjamin D.; Cho, Sue Min; Unberath, Mathias",2024,10.20517/ais.2024.16,Artificial Intelligence Surgery,included,"Sinais ambíguos no abstract, mas recuperado por string forte (Scopus-VLM-FMs/S1) com filtro endoscopia alta + IA — confiável.",Scopus (VLM/FMs)/S1,sim
Scopus (VLM/FMs),S1,S6-VLM S1 — FMs/VLMs em endoscopia (conceitual),Liu2026,Adaptive multi-teacher knowledge distillation framework with foundation models for medical image analysis,"Liu, Dudu; Gao, Yuan; Zhang, Ningyi; Wang, Xin; Zhang, Tianyu; Fan, Ming; Sun, Yue; Li, Shuo; Tan, Tao",2026,10.1016/j.compmedimag.2026.102739,Computerized Medical Imaging and Graphics,included,"Sinais ambíguos no abstract, mas recuperado por string forte (Scopus-VLM-FMs/S1) com filtro endoscopia alta + IA — confiável.",Scopus (VLM/FMs)/S1,sim
Scopus (VLM/FMs),S1,S6-VLM S1 — FMs/VLMs em endoscopia (conceitual),Dong2025,Full fine-tuning strategy for endoscopic foundation models with expanded learnable offset parameters,"Dong, Minghan; Zheng, Xiangwei; Zhang, Xia; Zhang, Xingyu; Zhang, Mingzhe",2025,10.1088/2057-1976/adaec3,Biomedical Physics and Engineering Express,included,DL/CV em endoscopia com achado do trato GI alto.,Scopus (VLM/FMs)/S1; Scopus (VLM/FMs)/S2,sim
Scopus (VLM/FMs),S1,S6-VLM S1 — FMs/VLMs em endoscopia (conceitual),Bieck2025,Using deep vision-language models improves multi-task performance in assistance applications for endoscopic ENT surgery,"Bieck, Richard; Sorge, Martin; Heuermann, Katharina; Kunz, Viktor; Pirlich, Markus; Neumuth, Thomas",2025,10.1007/s11548-025-03512-z,International Journal of Computer Assisted Radiology and Surgery ,included,"Endoscopia com contribuição metodológica relevante (multilabel, desbalanceamento, explicabilidade ou artefatos).",Scopus (VLM/FMs)/S1,sim
Scopus (VLM/FMs),S1,S6-VLM S1 — FMs/VLMs em endoscopia (conceitual),You2026,Real-world readiness: Evaluating AI model performance in degraded photographic imaging for cancer detection,"You, Ruilin; Chen, Jiabin; Wang, Yihan; Hong, Zhihan; Wink, Cherie; Wilder-Smith, Petra; Liang, Rongguang; Song, Bofan",2026,10.1016/j.eswa.2025.130569,Expert Systems with Applications,included,DL/CV em endoscopia com achado do trato GI alto.,Scopus (VLM/FMs)/S1,sim
Scopus (VLM/FMs),S1,S6-VLM S1 — FMs/VLMs em endoscopia (conceitual),Gaihre20252432,Multimodal AI for Gastrointestinal Diagnostics: Tackling VQA in MEDVQA-GI 2025,"Gaihre, Sujata; Magar, Amir Thapa; Pokharel, Prasuna; Tiwari, Laxmi",2025,,CEUR Workshop Proceedings,included,DL/CV em endoscopia com achado do trato GI alto.,Scopus (VLM/FMs)/S1,sim
Scopus (VLM/FMs),S1,S6-VLM S1 — FMs/VLMs em endoscopia (conceitual),Lee20259781,AI-Assisted Triage and Decision Support of Head and Neck Cancer Screening and Diagnosis in Low-Resourced Settings,"Lee, Min Hun; Lam, Sean Shao Wei; Liew, Shaun Xin Hong; Dorosan, Michael; Graves, Nicholas; Karlström, Jonas; Tan, Hiang Khoon; Lee, Walter Tsong",2025,10.24963/ijcai.2025/1087,IJCAI International Joint Conference on Artificial Intelligence,included,"Sinais ambíguos no abstract, mas recuperado por string forte (Scopus-VLM-FMs/S1) com filtro endoscopia alta + IA — confiável.",Scopus (VLM/FMs)/S1,sim
Scopus (VLM/FMs),S1,S6-VLM S1 — FMs/VLMs em endoscopia (conceitual),Guo2026170,Endo3R: Unified Online Reconstruction from Dynamic Monocular Endoscopic Video,"Guo, Jiaxin; Dong, Wenzhen; Huang, Tianyu; Ding, Hao; Wang, Ziyi; Kuang, Haomin; Dou, Qi; Liu, Yun-Hui",2026,10.1007/978-3-032-05114-1_17,Lecture Notes in Computer Science,included,"Sinais ambíguos no abstract, mas recuperado por string forte (Scopus-VLM-FMs/S1) com filtro endoscopia alta + IA — confiável.",Scopus (VLM/FMs)/S1,sim
Scopus (VLM/FMs),S1,S6-VLM S1 — FMs/VLMs em endoscopia (conceitual),Asiimwe2024166,EfficientMedSAM: Accelerating Medical Image Segmentation via Neural Architecture Search and Knowledge Distillation,"Asiimwe, Arnold Caleb; Das, William; Benmeziane, Hadjer; Maghraoui, Kaoutar El",2024,10.1109/EDGE62653.2024.00030,Proceedings - IEEE International Conference on Edge Computing,included,"Endoscopia com contribuição metodológica relevante (multilabel, desbalanceamento, explicabilidade ou artefatos).",Scopus (VLM/FMs)/S1; Scopus (VLM/FMs)/S2,sim
Scopus (VLM/FMs),S1,S6-VLM S1 — FMs/VLMs em endoscopia (conceitual),Wang2023101,Foundation Model for Endoscopy Video Analysis via Large-Scale Self-supervised Pre-train,"Wang, Zhao; Liu, Chang; Zhang, Shaoting; Dou, Qi",2023,10.1007/978-3-031-43996-4_10,Lecture Notes in Computer Science (including subseries Lecture Notes in Artificial Intelligence and Lecture Notes in Bioinformatics),included,"Sinais ambíguos no abstract, mas recuperado por string forte (Scopus-VLM-FMs/S1) com filtro endoscopia alta + IA — confiável.",Scopus (VLM/FMs)/S1; Scopus (VLM/FMs)/S2,sim
Scopus (VLM/FMs),S1,S6-VLM S1 — FMs/VLMs em endoscopia (conceitual),Massimi2026,Large Language Model-Driven Analysis and Report Generation of Endoscopy Videos—A Pilot Study,"Massimi, Davide; Stefano, Luca Di; Rizkala, Tommy; Spadaccini, Marco; Mori, Yuichi; Menini, Maddalena; Antonelli, Giulio; Khalaf, Kareem; Bisschops, Raf; von Renteln, Daniel; Sharma, Prateek; Rex, Douglas K.; Bretthauer, Michael; Castoro, Carlo; De Sire, Roberto; Alfarone, Ludovico; D’Aprano, Alessandro; Carrara, Silvia; Maselli, Roberta; Vadalà, Vincenzo; Menini, Francesco; Elsaman, Abdelrahman Ashraf Alawdy; Fugazza, Alessandro; Colombo, Matteo; de Martino, Renato; Capogreco, Antonio; Franchelucci, Gianluca; Savevski, Victor; De Momi, Elena; Carlini, Luca; Lena, Chiara; Parasa, Sravanthi; O’Reilly, Susanne; Dibitetto, Simone; Spertino, Matteo; Repici, Alessandro; Hassan, Cesare",2026,10.1111/den.70134,Digestive Endoscopy,included,Visão computacional/DL aplicada a endoscopia digestiva alta (contexto: dataset/benchmark).,Scopus (VLM/FMs)/S1; Scopus (VLM/FMs)/S3; Web of Science/S1,sim
Scopus (VLM/FMs),S1,S6-VLM S1 — FMs/VLMs em endoscopia (conceitual),Fang2026562,Structure-Aware Cross-Modal Prompt Tuning for Autonomous Bronchoscopic Navigation,"Fang, Hao; Zeng, Zhuo; Yang, Jianwei; Fan, Wenkang; Luo, Xiongbiao",2026,10.1007/978-3-032-05141-7_54,Lecture Notes in Computer Science,included,"Sinais ambíguos no abstract, mas recuperado por string forte (Scopus-VLM-FMs/S1) com filtro endoscopia alta + IA — confiável.",Scopus (VLM/FMs)/S1; Scopus (VLM/FMs)/S2,sim
Scopus (VLM/FMs),S1,S6-VLM S1 — FMs/VLMs em endoscopia (conceitual),Li20254355,Advancing Depth Anything Model for Unsupervised Monocular Depth Estimation in Endoscopy,"Li, Bojian; Liu, Bo; Yao, Xinning; Yue, Jinghua; Zhou, Fugen",2025,10.1109/IROS60139.2025.11246587,IEEE International Conference on Intelligent Robots and Systems ,included,"Sinais ambíguos no abstract, mas recuperado por string forte (Scopus-VLM-FMs/S1) com filtro endoscopia alta + IA — confiável.",Scopus (VLM/FMs)/S1,sim
Scopus (VLM/FMs),S1,S6-VLM S1 — FMs/VLMs em endoscopia (conceitual),Chen2024,Self-supervised visual–textual prompt learning for few-shot grading of gastric intestinal metaplasia,"Chen, Xuanchi; Zheng, Xiangwei; Li, Zhen; Ma, Mingjun; Zhang, Mingzhe",2024,10.1016/j.knosys.2024.112303,Knowledge-Based Systems,included,DL/CV em endoscopia com achado do trato GI alto.,ScienceDirect/S1; ScienceDirect/S2; ScienceDirect/S8; Scopus (VLM/FMs)/S1,sim
Scopus (VLM/FMs),S1,S6-VLM S1 — FMs/VLMs em endoscopia (conceitual),Troya2026,Gastrointestinal endoscopic image style transfer using EndoStyle to improve artificial intelligence prediction models,"Troya, Joel; Kafetzis, Ioannis; Weber, Ronja; Chiang, Yun; Parayitam, Venkatesh; Sodmann, Philipp; Ziegler, Dieter; Puppe, Frank; Nüchter, Andreas; Meining, Alexander; Hann, Alexander",2026,10.1038/s41746-026-02693-4,npj Digital Medicine,included,DL/CV em endoscopia com achado do trato GI alto.,Scopus (VLM/FMs)/S1,sim
Scopus (VLM/FMs),S1,S6-VLM S1 — FMs/VLMs em endoscopia (conceitual),2025,"Medical Imaging 2025: Image-Guided Procedures, Robotic Interventions, and Modeling",,2025,,Progress in Biomedical Optics and Imaging - Proceedings of SPIE,included,DL/CV em endoscopia com achado do trato GI alto.,Scopus (VLM/FMs)/S1; Scopus (VLM/FMs)/S2,sim
Scopus (VLM/FMs),S1,S6-VLM S1 — FMs/VLMs em endoscopia (conceitual),Kerdegari2024,Foundational Models for Pathology and Endoscopy Images: Application for Gastric Inflammation,"Kerdegari, Hamideh; Higgins, Kyle; Veselkov, Dennis; Laponogov, Ivan; Polaka, Inese; Coimbra, Miguel; Pescino, Junior Andrea; Leja, Mārcis; Dinis-Ribeiro, Mário; Fleitas Kanonnikoff, Tania; Veselkov, Kirill",2024,10.3390/diagnostics14171912,Diagnostics,included,Visão computacional/DL aplicada a endoscopia digestiva alta.,Scopus (VLM/FMs)/S1,sim
Scopus (VLM/FMs),S1,S6-VLM S1 — FMs/VLMs em endoscopia (conceitual),Paderno20244535,Computer Vision Foundation Models in Endoscopy: Proof of Concept in Oropharyngeal Cancer,"Paderno, Alberto; Rau, Anita; Bedi, Nikita; Bossi, Paolo; Mercante, Giuseppe; Piazza, Cesare; Holsinger, Floyd Christopher",2024,10.1002/lary.31534,Laryngoscope,included,DL/CV em endoscopia com achado do trato GI alto.,Scopus (VLM/FMs)/S1,sim
Scopus (VLM/FMs),S1,S6-VLM S1 — FMs/VLMs em endoscopia (conceitual),Zu2024,Embedded prompt tuning: Towards enhanced calibration of pretrained models for medical images,"Zu, Wenqiang; Xie, Shenghao; Zhao, Qing; Li, Guoqi; Ma, Lei",2024,10.1016/j.media.2024.103258,Medical Image Analysis,included,"Endoscopia com contribuição metodológica relevante (multilabel, desbalanceamento, explicabilidade ou artefatos).",Scopus (VLM/FMs)/S1,sim
Scopus (VLM/FMs),S1,S6-VLM S1 — FMs/VLMs em endoscopia (conceitual),Ejiga_Peter2025,Parameter-Efficient VLMs for Gastrointestinal Endoscopy: Medical Image Generation and Clinical Visual Question Answering,"Ejiga Peter, Ojonugwa Oluwafemi; Akor Ejiga, Frederick; Khalifa, Fahmi; Rahman, Md Mahmudur",2025,10.1109/BHI67747.2025.11269532,"BHI 2025 - IEEE-EMBS International Conference on Biomedical and Health Informatics, Conference Proceedings",included,DL/CV em endoscopia com achado do trato GI alto.,Scopus (VLM/FMs)/S1; Scopus (VLM/FMs)/S2,sim
Scopus (VLM/FMs),S1,S6-VLM S1 — FMs/VLMs em endoscopia (conceitual),Liu20253898,Swin-UMamba†: Adapting Mamba-Based Vision Foundation Models for Medical Image Segmentation,"Liu, Jiarun; Yang, Hao; Zhou, Hong-Yu; Yu, Lequan; Liang, Yong; Yu, Yizhou; Zhang, Shaoting; Zheng, Hairong; Wang, Shanshan",2025,10.1109/TMI.2024.3508698,IEEE Transactions on Medical Imaging,included,"Sinais ambíguos no abstract, mas recuperado por string forte (Scopus-VLM-FMs/S1) com filtro endoscopia alta + IA — confiável.",Scopus (VLM/FMs)/S1,sim
Scopus (VLM/FMs),S1,S6-VLM S1 — FMs/VLMs em endoscopia (conceitual),Nguyen202514197,Multi-Level CLS Token Fusion for Contrastive Learning in Endoscopy Image Classification,"Nguyen, Y Hop; Phan Huu, Doan Anh; Tran, Trung Thai; Mai, Nhat Nam; Giap, Van Toi; Dao, Thao Thi Phuong; Le, Trung-Nghia",2025,10.1145/3746027.3762093,"MM 2025 - Proceedings of the 33rd ACM International Conference on Multimedia, Co-Located with MM 2025",included,"Sinais ambíguos no abstract, mas recuperado por string forte (Scopus-VLM-FMs/S1) com filtro endoscopia alta + IA — confiável.",Scopus (VLM/FMs)/S1,sim
Scopus (VLM/FMs),S1,S6-VLM S1 — FMs/VLMs em endoscopia (conceitual),Gao20252025,SMMILe enables accurate spatial quantification in digital pathology using multiple-instance learning,"Gao, Zeyu; Mao, Anyu; Dong, Yuxing; Clayton, Hannah; Wu, Jialun; Liu, Jiashuai; Wang, ChunBao; He, Kai; Gong, Tieliang; Li, Chen; Crispin-Ortuzar, Mireia",2025,10.1038/s43018-025-01060-8,Nature Cancer,included,"Sinais ambíguos no abstract, mas recuperado por string forte (Scopus-VLM-FMs/S1) com filtro endoscopia alta + IA — confiável.",Scopus (VLM/FMs)/S1,sim
Scopus (VLM/FMs),S1,S6-VLM S1 — FMs/VLMs em endoscopia (conceitual),Boers2024,"Foundation models in gastrointestinal endoscopic AI: Impact of architecture, pre-training approach and data efficiency","Boers, Tim G.W.; Fockens, Kiki N.; van der Putten, Joost A.; Jaspers, Tim J.M.; Kusters, Carolus H.J.; Jukema, Jelmer B.; Jong, Martijn R.; Struyvenberg, Maarten R.; de Groof, Jeroen; Bergman, Jacques J.; de With, Peter H.N.; van der Sommen, Fons",2024,10.1016/j.media.2024.103298,Medical Image Analysis,included,DL/CV em endoscopia com achado do trato GI alto.,PubMed/S2; Scopus (VLM/FMs)/S1; Scopus (VLM/FMs)/S2,sim
Scopus (VLM/FMs),S1,S6-VLM S1 — FMs/VLMs em endoscopia (conceitual),Li2026,SGBA-Net: Semantic-guided bleeding-aware segmentation network for spinal endoscopy,"Li, Guoliang; Meng, Fanxu; Li, Qianqian; Li, Yibin; Qi, Lei; Song, Rui",2026,10.1016/j.neucom.2026.133547,Neurocomputing,included,DL/CV em endoscopia com achado do trato GI alto.,Scopus (VLM/FMs)/S1; Scopus (VLM/FMs)/S3,sim
Scopus (VLM/FMs),S1,S6-VLM S1 — FMs/VLMs em endoscopia (conceitual),Shu2026,BronchOpt: vision-based pose optimization with fine-tuned foundation models for accurate bronchoscopy navigation,"Shu, Hongchao; Soberanis-Mukul, Roger D.; Xu, Jiru; Ding, Hao; Ringel, Morgan; Shen, Mali; Sayed, Saif Iftekar; Rafii-Tari, Hedyeh; Unberath, Mathias",2026,10.1007/s11548-026-03629-9,International Journal of Computer Assisted Radiology and Surgery ,included,"Sinais ambíguos no abstract, mas recuperado por string forte (Scopus-VLM-FMs/S1) com filtro endoscopia alta + IA — confiável.",Scopus (VLM/FMs)/S1,sim
Scopus (VLM/FMs),S1,S6-VLM S1 — FMs/VLMs em endoscopia (conceitual),Zhang2025343,Combining Segment Anything Model with Domain-Specific Knowledge for Semi-Supervised Learning in Medical Image Segmentation,"Zhang, Yizhe; Zhou, Tao; Wu, Ye; Gu, Pengfei; Wang, Shuo",2025,10.1007/978-981-97-8496-7_24,Lecture Notes in Computer Science (including subseries Lecture Notes in Artificial Intelligence and Lecture Notes in Bioinformatics) ,included,"Sinais ambíguos no abstract, mas recuperado por string forte (Scopus-VLM-FMs/S1) com filtro endoscopia alta + IA — confiável.",Scopus (VLM/FMs)/S1; Scopus (VLM/FMs)/S2,sim
Scopus (VLM/FMs),S1,S6-VLM S1 — FMs/VLMs em endoscopia (conceitual),Zhou2026192,EndoDAV: Depth Any Video in Endoscopy with Spatiotemporal Accuracy,"Zhou, Zanwei; Yang, Chen; Yang, Piao; Yang, Xiaokang; Shen, Wei",2026,10.1007/978-3-032-05114-1_19,Lecture Notes in Computer Science,included,"Sinais ambíguos no abstract, mas recuperado por string forte (Scopus-VLM-FMs/S1) com filtro endoscopia alta + IA — confiável.",Scopus (VLM/FMs)/S1,sim
Scopus (VLM/FMs),S1,S6-VLM S1 — FMs/VLMs em endoscopia (conceitual),Farahani2026259,FoundBioNet: A Foundation-Based Model for IDH Genotyping of Glioma from Multi-parametric MRI,"Farahani, Somayeh; Hejazi, Marjaneh; Di Ieva, Antonio; Liu, Sidong",2026,10.1007/978-3-032-04981-0_25,Lecture Notes in Computer Science,included,Visão computacional/DL aplicada a endoscopia digestiva alta (contexto: dataset/benchmark).,Scopus (VLM/FMs)/S1,sim
Scopus (VLM/FMs),S1,S6-VLM S1 — FMs/VLMs em endoscopia (conceitual),Ayzenberg2025,ProtoSAM for automated one shot medical image segmentation using foundational models,"Ayzenberg, Lev; Giryes, Raja; Greenspan, Hayit",2025,10.1038/s41598-025-06643-0,Scientific Reports,included,"Sinais ambíguos no abstract, mas recuperado por string forte (Scopus-VLM-FMs/S1) com filtro endoscopia alta + IA — confiável.",Scopus (VLM/FMs)/S1; Scopus (VLM/FMs)/S2,sim
Scopus (VLM/FMs),S1,S6-VLM S1 — FMs/VLMs em endoscopia (conceitual),Huy2025298,KGER: A Knowledge-Grounded Endoscopic Retrieval Framework with a Fused Bi-Encoder and Gemini Re-ranking Pipeline,"Huy, Hoang Pham Duc; Pham, Nguyen Hoang-Le; Nhat, Hien Thai Dinh; Minh, Hoang Thach",2025,10.1109/RIVF68649.2025.11365229,"Proceedings - 2025 RIVF International Conference on Computing and Communication Technologies, RIVF 2025",included,"Sinais ambíguos no abstract, mas recuperado por string forte (Scopus-VLM-FMs/S1) com filtro endoscopia alta + IA — confiável.",Scopus (VLM/FMs)/S1; Scopus (VLM/FMs)/S3,sim
Scopus (VLM/FMs),S1,S6-VLM S1 — FMs/VLMs em endoscopia (conceitual),Kim2025,Improving image-retrieval performance of foundation models in gastrointestinal endoscopic images,"Kim, Kangsan; Park, Junseok; Kim, Sang Hyun; Hwang, Youngbae",2025,10.3389/fmed.2025.1727884,Frontiers in Medicine,included,Visão computacional/DL aplicada a endoscopia digestiva alta (contexto: dataset/benchmark).,Scopus (VLM/FMs)/S1,sim
Scopus (VLM/FMs),S1,S6-VLM S1 — FMs/VLMs em endoscopia (conceitual),Deng2026,Detection-driven two-stage framework for intraoperative ROSE WSI classification,"Deng, Yingjiao; Zhang, Qing; Zhou, Chunhua; Gao, Lili; Qin, Xianzheng; Lu, Hui; Wang, Jiansheng; Sun, Li; Wang, Yan; Zou, Duowu; Xiong, Hongkai; Li, Qingli",2026,10.1016/j.cmpb.2025.109084,Computer Methods and Programs in Biomedicine,included,DL/CV em endoscopia com achado do trato GI alto.,Scopus (VLM/FMs)/S1,sim
Scopus (VLM/FMs),S1,S6-VLM S1 — FMs/VLMs em endoscopia (conceitual),Mangulabnan202642,A Training-Free Approach for 3D Reconstruction from Monocular Sinus Endoscopy,"Mangulabnan, Jan Emily; Soberanis-Mukul, Roger D.; Seenivasan, Lalithkumar; Vedula, S. Swaroop; Ishii, Masaru; Hager, Gregory; Taylor, Russell H.; Unberath, Mathias",2026,10.1007/978-3-032-09784-2_5,Lecture Notes in Computer Science,included,"Sinais ambíguos no abstract, mas recuperado por string forte (Scopus-VLM-FMs/S1) com filtro endoscopia alta + IA — confiável.",Scopus (VLM/FMs)/S1,sim
Scopus (VLM/FMs),S1,S6-VLM S1 — FMs/VLMs em endoscopia (conceitual),Huang2025645,High-Quality Gaussian Surface Mesh Reconstruction for Endoscopic Deformable Tissue,"Huang, Wenyuan; Zhang, Qian; Gu, Jia; Li, Ling; Huang, Lishen; Qin, Wenjian",2025,10.1109/ISBDAS64762.2025.11116944,"2025 8th International Symposium on Big Data and Applied Statistics, ISBDAS 2025",included,"Sinais ambíguos no abstract, mas recuperado por string forte (Scopus-VLM-FMs/S1) com filtro endoscopia alta + IA — confiável.",Scopus (VLM/FMs)/S1,sim
Scopus (VLM/FMs),S1,S6-VLM S1 — FMs/VLMs em endoscopia (conceitual),Spiegler2025959,TextSAM-EUS: Text Prompt Learning for SAM to Accurately Segment Pancreatic Tumor in Endoscopic Ultrasound,"Spiegler, Pascal; Koleilat, Taha; Harirpoush, Arash; Miller, Corey S.; Rivaz, Hassan; Kersten-Oertel, Marta; Xiao, Yiming",2025,10.1109/ICCVW69036.2025.00104,"Proceedings - 2025 IEEE/CVF International Conference on Computer Vision Workshops, ICCV-W 2025",included,"Sinais ambíguos no abstract, mas recuperado por string forte (Scopus-VLM-FMs/S1) com filtro endoscopia alta + IA — confiável.",Scopus (VLM/FMs)/S1; Scopus (VLM/FMs)/S2,sim
Scopus (VLM/FMs),S1,S6-VLM S1 — FMs/VLMs em endoscopia (conceitual),Gao2026349,Prompt-Aware Adaptive Elastic Weight Consolidation for Continual Learning in Medical Vision-Language Models,"Gao, Ziyuan; Morel, Philippe",2026,10.1007/978-981-95-6950-2_25,Lecture Notes in Computer Science,included,"Sinais ambíguos no abstract, mas recuperado por string forte (Scopus-VLM-FMs/S1) com filtro endoscopia alta + IA — confiável.",Scopus (VLM/FMs)/S1,sim
Scopus (VLM/FMs),S1,S6-VLM S1 — FMs/VLMs em endoscopia (conceitual),He20256671,Foundational Multi-Task Multimodal Model for Upper GI Endoscopy,"He, Yuxuan; Chen, Qilei; Liu, Benyuan; Cao, Yu",2025,10.1109/ICCVW69036.2025.00689,"Proceedings - 2025 IEEE/CVF International Conference on Computer Vision Workshops, ICCV-W 2025",included,Visão computacional/DL aplicada a endoscopia digestiva alta (contexto: dataset/benchmark).,IEEE/S1; Scopus (VLM/FMs)/S1,sim
Scopus (VLM/FMs),S1,S6-VLM S1 — FMs/VLMs em endoscopia (conceitual),Zhu2025,Enhancing Self-Supervised Monocular Depth Estimation in Endoscopy via Feature-Based Perceptual Loss,"Zhu, Kejin; Cui, Li",2025,10.1049/ipr2.70035,IET Image Processing,included,"Sinais ambíguos no abstract, mas recuperado por string forte (Scopus-VLM-FMs/S1) com filtro endoscopia alta + IA — confiável.",Scopus (VLM/FMs)/S1,sim
Scopus (VLM/FMs),S1,S6-VLM S1 — FMs/VLMs em endoscopia (conceitual),Li2024122,An Improved Prototypical Network for Endoscopic Grading of Intestinal Metaplasia,"Li, Rui; Yu, Xiaomei; Chen, Xuanchi; Zheng, Xiangwei",2024,10.1007/978-981-99-9788-6_10,Lecture Notes in Computer Science (including subseries Lecture Notes in Artificial Intelligence and Lecture Notes in Bioinformatics),included,DL/CV em endoscopia com achado do trato GI alto.,Scopus (VLM/FMs)/S1; Springer Nature Link/S1; Springer Nature Link/S2,sim
Scopus (VLM/FMs),S1,S6-VLM S1 — FMs/VLMs em endoscopia (conceitual),Tian2026224,EndoMamba: An Efficient Foundation Model for Endoscopic Videos via Hierarchical Pre-training,"Tian, Qingyao; Liao, Huai; Huang, Xinyan; Yang, Bingyu; Lei, Dongdong; Ourselin, Sebastien; Liu, Hongbin",2026,10.1007/978-3-032-05114-1_22,Lecture Notes in Computer Science,included,"Sinais ambíguos no abstract, mas recuperado por string forte (Scopus-VLM-FMs/S1) com filtro endoscopia alta + IA — confiável.",Scopus (VLM/FMs)/S1,sim
Scopus (VLM/FMs),S1,S6-VLM S1 — FMs/VLMs em endoscopia (conceitual),Wang2023,A Real-world Dataset and Benchmark For Foundation Model Adaptation in Medical Image Classification,"Wang, Dequan; Wang, Xiaosong; Wang, Lilong; Li, Mengzhang; Da, Qian; Liu, Xiaoqiang; Gao, Xiangyu; Shen, Jun; He, Junjun; Shen, Tian; Duan, Qi; Zhao, Jie; Li, Kang; Qiao, Yu; Zhang, Shaoting",2023,10.1038/s41597-023-02460-0,Scientific Data,included,"Sinais ambíguos no abstract, mas recuperado por string forte (Scopus-VLM-FMs/S1) com filtro endoscopia alta + IA — confiável.",Scopus (VLM/FMs)/S1,sim
Scopus (VLM/FMs),S1,S6-VLM S1 — FMs/VLMs em endoscopia (conceitual),Soberanis-Mukul2026,Global region reidentification for camera relocalization in video-based surgical navigation,"Soberanis-Mukul, Roger D.; Chou, Ryan; Chan, Chin Hang Ryan; Mangulabnan, Jan Emily; Seenivasan, Lalithkumar; Ertlmaier, Simon Bonaventura; Vedula, S. Swaroop; Taylor, Russell H.; Ishii, Masaru; Hager, Gregory; Unberath, Mathias",2026,10.1007/s11548-026-03650-y,International Journal of Computer Assisted Radiology and Surgery ,included,"Sinais ambíguos no abstract, mas recuperado por string forte (Scopus-VLM-FMs/S1) com filtro endoscopia alta + IA — confiável.",Scopus (VLM/FMs)/S1,sim
Scopus (VLM/FMs),S1,S6-VLM S1 — FMs/VLMs em endoscopia (conceitual),Shen2025,Performance and Non-adversarial Robustness of the Segment Anything Model 2 in Surgical Video Segmentation,"Shen, Yiqing; Ding, Hao; Shao, Xinyuan; Unberath, Mathias",2025,10.1117/12.3047383,Progress in Biomedical Optics and Imaging - Proceedings of SPIE,included,"Sinais ambíguos no abstract, mas recuperado por string forte (Scopus-VLM-FMs/S1) com filtro endoscopia alta + IA — confiável.",Scopus (VLM/FMs)/S1; Scopus (VLM/FMs)/S2,sim
Scopus (VLM/FMs),S1,S6-VLM S1 — FMs/VLMs em endoscopia (conceitual),Kumari2025,A Comprehensive Review on Computer-Based Endoscopic Image Processing Using Machine Learning Application,"Kumari, T. Swetha; Vasuki, R.; Kanna, R. Kishore; Raju, S.",2025,10.1109/ICE367573.2025.11448910,"2025 International Conference on Electrical and Electronics Engineering, ICE3 2025",included,DL/CV em endoscopia com achado do trato GI alto.,Scopus (VLM/FMs)/S1,sim
Scopus (VLM/FMs),S1,S6-VLM S1 — FMs/VLMs em endoscopia (conceitual),Hu20251692,EndoCADx: A Real-Time LVLM-Based CADx System for Multimodal Diagnosis of Gastric Lesions in White-Light Endoscopy,"Hu, Shan; Jiang, Yuhan; Xiong, Tingshun; Xiao, Changhong; Jiang, Ruiqing; Chen, Yiyun; Mei, Bin; Wu, Lianlian; Wang, Zhongyuan",2025,10.1109/BIBM66473.2025.11356517,"Proceedings - 2025 IEEE International Conference on Bioinformatics and Biomedicine, BIBM 2025",included,DL/CV em endoscopia com achado do trato GI alto.,IEEE/S1; IEEE/S3; Scopus (VLM/FMs)/S1,sim
Scopus (VLM/FMs),S1,S6-VLM S1 — FMs/VLMs em endoscopia (conceitual),He2024125654,Dual-Branch Fully Convolutional Segment Anything Model for Lesion Segmentation in Endoscopic Images,"He, Dongzhi; Ma, Zeyuan; Li, Chenxi; Li, Yunqi",2024,10.1109/ACCESS.2024.3449428,IEEE Access,included,"Sinais ambíguos no abstract, mas recuperado por string forte (Scopus-VLM-FMs/S1) com filtro endoscopia alta + IA — confiável.",Scopus (VLM/FMs)/S1; Scopus (VLM/FMs)/S2,sim
Scopus (VLM/FMs),S1,S6-VLM S1 — FMs/VLMs em endoscopia (conceitual),Paranjape2025187,Low-Rank Adaptation of Segment Anything Model for Surgical Scene Segmentation,"Paranjape, Jay N.; Sikder, Shameema; Vedula, S. Swaroop; Patel, Vishal M.",2025,10.1007/978-3-031-78198-8_13,Lecture Notes in Computer Science (including subseries Lecture Notes in Artificial Intelligence and Lecture Notes in Bioinformatics) ,included,"Sinais ambíguos no abstract, mas recuperado por string forte (Scopus-VLM-FMs/S1) com filtro endoscopia alta + IA — confiável.",Scopus (VLM/FMs)/S1; Scopus (VLM/FMs)/S2,sim
Scopus (VLM/FMs),S1,S6-VLM S1 — FMs/VLMs em endoscopia (conceitual),Gautam2025415,"Point, Detect, Count: Multi-Task Medical Image Understanding with Instruction-Tuned Vision-Language Models","Gautam, Sushant; Riegler, Michael A.; Halvorsen, Pal",2025,10.1109/CBMS65348.2025.00090,Proceedings - IEEE Symposium on Computer-Based Medical Systems,included,"Endoscopia com contribuição metodológica relevante (multilabel, desbalanceamento, explicabilidade ou artefatos).",Scopus (VLM/FMs)/S1,sim
Scopus (VLM/FMs),S1,S6-VLM S1 — FMs/VLMs em endoscopia (conceitual),Sabariram202465,"An End-to-End Pipeline Integrating Segmentation, Anomaly Detection, and Report Generation for Medical Imaging Analysis","Sabariram, M.Sachin; Vikram, C.B. Sanjay; Kavin, M.; Monieesh, S.; Saravanan, G.; Kumar, M.Senthil",2024,10.1109/ICDCC62744.2024.10960883,"2024 1st International Conference on Data, Computation and Communication, ICDCC 2024",included,"Endoscopia com contribuição metodológica relevante (multilabel, desbalanceamento, explicabilidade ou artefatos).",Scopus (VLM/FMs)/S1; Scopus (VLM/FMs)/S3,sim
Scopus (VLM/FMs),S1,S6-VLM S1 — FMs/VLMs em endoscopia (conceitual),Wang2025,EndoARSS: Adapting Spatially Aware Foundation Model for Efficient Activity Recognition and Semantic Segmentation in Endoscopic Surgery,"Wang, Guankun; Tang, Rui; Xu, Mengya; Bai, Long; Gao, Huxin; Ren, Hongliang",2025,10.1002/aisy.202500288,Advanced Intelligent Systems,included,"Sinais ambíguos no abstract, mas recuperado por string forte (Scopus-VLM-FMs/S1) com filtro endoscopia alta + IA — confiável.",Scopus (VLM/FMs)/S1,sim
Scopus (VLM/FMs),S1,S6-VLM S1 — FMs/VLMs em endoscopia (conceitual),Fan2026,Optimizing medical image analysis with prompt-guided pseudo-labeling,"Fan, Lin; Gong, Xun; Zheng, Cenyang; Li, Xinxin; Li, Jiao; Ou, Yafei",2026,10.1016/j.bspc.2026.109867,Biomedical Signal Processing and Control,included,"Sinais ambíguos no abstract, mas recuperado por string forte (Scopus-VLM-FMs/S1) com filtro endoscopia alta + IA — confiável.",Scopus (VLM/FMs)/S1,sim
Scopus (VLM/FMs),S1,S6-VLM S1 — FMs/VLMs em endoscopia (conceitual),Hu2026993,SPA: Leveraging the SAM With Spatial Priors Adapter for Enhanced Medical Image Segmentation,"Hu, Jihong; Li, Yinhao; Jain, Rahul Kumar; Lin, Lanfen; Chen, Yen-Wei",2026,10.1109/JBHI.2025.3526174,IEEE Journal of Biomedical and Health Informatics,included,DL/CV em endoscopia com achado do trato GI alto.,Scopus (VLM/FMs)/S1; Scopus (VLM/FMs)/S2,sim
Scopus (VLM/FMs),S1,S6-VLM S1 — FMs/VLMs em endoscopia (conceitual),Lou2025,Zero-Shot Surgical Tool Segmentation in Monocular Video Using Segment Anything Model 2,"Lou, Ange; Li, Yamin; Zhang, Yike; Labadie, Robert F.; Noble, Jack",2025,10.1117/12.3047479,Progress in Biomedical Optics and Imaging - Proceedings of SPIE,included,"Sinais ambíguos no abstract, mas recuperado por string forte (Scopus-VLM-FMs/S1) com filtro endoscopia alta + IA — confiável.",Scopus (VLM/FMs)/S1; Scopus (VLM/FMs)/S2,sim
Scopus (VLM/FMs),S1,S6-VLM S1 — FMs/VLMs em endoscopia (conceitual),Khan202615464,Unifying Scale-Aware Depth Prediction and Perceptual Priors for Monocular Endoscope Pose Estimation and Tissue Reconstruction,"Khan, Muzammil; Kerkhof, Enzo; Fusaglia, Matteo; Kuhlmann, Koert; Ruers, Theo; Siepel, Françoise J.",2026,10.1109/ACCESS.2026.3658399,IEEE Access,included,"Endoscopia com contribuição metodológica relevante (multilabel, desbalanceamento, explicabilidade ou artefatos).",Scopus (VLM/FMs)/S1,sim
Scopus (VLM/FMs),S1,S6-VLM S1 — FMs/VLMs em endoscopia (conceitual),Zhang202675,BREA-Depth: Bronchoscopy Realistic Airway-Geometric Depth Estimation,"Zhang, Francis Xiatian; Mackute, Emile; Kasaei, Mohammadreza; Dhaliwal, Kevin; Thomson, Robert; Khadem, Mohsen",2026,10.1007/978-3-032-05114-1_8,Lecture Notes in Computer Science,included,"Sinais ambíguos no abstract, mas recuperado por string forte (Scopus-VLM-FMs/S1) com filtro endoscopia alta + IA — confiável.",Scopus (VLM/FMs)/S1,sim
Scopus (VLM/FMs),S1,S6-VLM S1 — FMs/VLMs em endoscopia (conceitual),Soberanis-Mukul2025,Monocular Vision-Based Endoscopic Sinus Navigation: A SLAM Driven Approach With CT Integration,"Soberanis-Mukul, Roger D.; Chan, Chin Hang Ryan; Chou, Ryan; Mangulabnan, Jan Emily; Seenivasan, Lalithkumar; Chen, Xingyu; Salehizadeh, Mohammad; Vedula, S. Swaroop; Taylor, Russell H.; Ishii, Masaru; Hager, Gregory; Unberath, Mathias",2025,10.1049/htl2.70046,Healthcare Technology Letters,included,"Sinais ambíguos no abstract, mas recuperado por string forte (Scopus-VLM-FMs/S1) com filtro endoscopia alta + IA — confiável.",Scopus (VLM/FMs)/S1,sim
Scopus (VLM/FMs),S1,S6-VLM S1 — FMs/VLMs em endoscopia (conceitual),2026,"3rd International Workshop on Foundation Models for Medical Artificial General Intelligence, MedAGI 2025, Held in Conjunction with the 28th International conference on Medical Image Computing and Computer Assisted Intervention, MICCAI 2025",,2026,,Lecture Notes in Computer Science,included,"Sinais ambíguos no abstract, mas recuperado por string forte (Scopus-VLM-FMs/S1) com filtro endoscopia alta + IA — confiável.",Scopus (VLM/FMs)/S1,sim
Scopus (VLM/FMs),S2,S6-VLM S2 — Modelos nomeados em endoscopia,Camalan2024,Tympanic Membrane Segmentation of Video Frames to Create Composite Images using SAM,"Camalan, Seda; Niazi, Muhammad Khalid Khan; Elmaraghy, Charles; Moberly, Aaron C.; Gurcan, Metin N.",2024,10.1117/12.3006926,Progress in Biomedical Optics and Imaging - Proceedings of SPIE,included,"Sinais ambíguos no abstract, mas recuperado por string forte (Scopus-VLM-FMs/S2) com filtro endoscopia alta + IA — confiável.",Scopus (VLM/FMs)/S2,sim
Scopus (VLM/FMs),S2,S6-VLM S2 — Modelos nomeados em endoscopia,Leng2024748,Development of UroSAM: A Machine Learning Model to Automatically Identify Kidney Stone Composition from Endoscopic Video,"Leng, Jixuan; Liu, Junfei; Cheng, Galen; Wang, Haohan; Quarrier, Scott; Luo, Jiebo; Jain, Rajat",2024,10.1089/end.2023.0740,Journal of Endourology,included,"Sinais ambíguos no abstract, mas recuperado por string forte (Scopus-VLM-FMs/S2) com filtro endoscopia alta + IA — confiável.",Scopus (VLM/FMs)/S2,sim
Scopus (VLM/FMs),S2,S6-VLM S2 — Modelos nomeados em endoscopia,Yuan2026565,TGSAM-2: Text-Guided Medical Image Segmentation Using Segment Anything Model 2,"Yuan, Runtian; Zhou, Ling; Xu, Jilan; Li, Qingqiu; Chen, Mohan; Zhang, Yuejie; Feng, Rui; Zhang, Tao; Gao, Shang",2026,10.1007/978-3-032-05127-1_54,Lecture Notes in Computer Science,included,"Sinais ambíguos no abstract, mas recuperado por string forte (Scopus-VLM-FMs/S2) com filtro endoscopia alta + IA — confiável.",Scopus (VLM/FMs)/S2,sim
Scopus (VLM/FMs),S2,S6-VLM S2 — Modelos nomeados em endoscopia,Liang2025,STAR: Empowering semi-supervised medical image segmentation with SAM-based teacher-student architecture and contrastive consistency regularization,"Liang, Qiwei; Zhou, Rulin; Zhou, Yijing; Wang, Guankun; Peng, Peng; Zhong, Xiaopin",2025,10.1016/j.eswa.2025.128650,Expert Systems with Applications,included,"Sinais ambíguos no abstract, mas recuperado por string forte (Scopus-VLM-FMs/S2) com filtro endoscopia alta + IA — confiável.",Scopus (VLM/FMs)/S2,sim
Scopus (VLM/FMs),S2,S6-VLM S2 — Modelos nomeados em endoscopia,Adethya2026360,Domain-Incremental Continual Learning for Robust Surgical Tool Segmentation,"Adethya, Gokul; Nitish, N.; Balanathan, Raghavan; Sitara, K.",2026,10.1007/978-3-032-13961-0_36,Lecture Notes in Computer Science,included,"Sinais ambíguos no abstract, mas recuperado por string forte (Scopus-VLM-FMs/S2) com filtro endoscopia alta + IA — confiável.",Scopus (VLM/FMs)/S2,sim
Scopus (VLM/FMs),S2,S6-VLM S2 — Modelos nomeados em endoscopia,Kim2025616,TECIS: TEXT-ENHANCED CROSS-MODAL INSTRUMENT SEGMENTATION IN SURGICAL VIDEO,"Kim, Hyeon Bae; Cho, Eunki; Kim, Jung Uk; Kim, Seong Tae",2025,10.1109/ICIPW68931.2025.11386280,"2025 IEEE International Conference on Image Processing Workshops, ICIPW 2025 - Proceedings",included,"Sinais ambíguos no abstract, mas recuperado por string forte (Scopus-VLM-FMs/S2) com filtro endoscopia alta + IA — confiável.",Scopus (VLM/FMs)/S2,sim
Scopus (VLM/FMs),S2,S6-VLM S2 — Modelos nomeados em endoscopia,Chen20251633,Semi-Supervised Instrument Segmentation for Endoscopic Spinal Surgery,"Chen, Wenxin; Duan, Xingguang; Yuan, Ye; Chen, Pu; Cui, Tengfei; Li, Changsheng",2025,10.1049/cit2.70043,CAAI Transactions on Intelligence Technology,included,"Sinais ambíguos no abstract, mas recuperado por string forte (Scopus-VLM-FMs/S2) com filtro endoscopia alta + IA — confiável.",Scopus (VLM/FMs)/S2,sim
Scopus (VLM/FMs),S2,S6-VLM S2 — Modelos nomeados em endoscopia,Paranjape2024720,S-SAM: SVD-Based Fine-Tuning of Segment Anything Model for Medical Image Segmentation,"Paranjape, Jay N.; Sikder, Shameema; Vedula, S. Swaroop; Patel, Vishal M.",2024,10.1007/978-3-031-72390-2_67,Lecture Notes in Computer Science (including subseries Lecture Notes in Artificial Intelligence and Lecture Notes in Bioinformatics) ,included,"Sinais ambíguos no abstract, mas recuperado por string forte (Scopus-VLM-FMs/S2) com filtro endoscopia alta + IA — confiável.",Scopus (VLM/FMs)/S2,sim
Scopus (VLM/FMs),S2,S6-VLM S2 — Modelos nomeados em endoscopia,Li20241203,EndoSRR: a comprehensive multi-stage approach for endoscopic specular reflection removal,"Li, Wei; Jia, Fucang; Liu, Wenjian",2024,10.1007/s11548-024-03137-8,International Journal of Computer Assisted Radiology and Surgery,included,"Sinais ambíguos no abstract, mas recuperado por string forte (Scopus-VLM-FMs/S2) com filtro endoscopia alta + IA — confiável.",Scopus (VLM/FMs)/S2,sim
Scopus (VLM/FMs),S2,S6-VLM S2 — Modelos nomeados em endoscopia,Liu2025,Neural Radiance Fields for High-Fidelity Soft Tissue Reconstruction in Endoscopy,"Liu, Jinhua; Shi, Yongsheng; Huang, Dongjin; Qu, Jiantao",2025,10.3390/s25020565,Sensors,included,"Sinais ambíguos no abstract, mas recuperado por string forte (Scopus-VLM-FMs/S2) com filtro endoscopia alta + IA — confiável.",Scopus (VLM/FMs)/S2,sim
Scopus (VLM/FMs),S2,S6-VLM S2 — Modelos nomeados em endoscopia,Oguine2024,From Generalization to Precision: Exploring SAM for Tool Segmentation in Surgical Environments,"Oguine, Kanyifeechukwu J.; Soberanis-Mukul, Roger D.; Drenkow, Nathan; Unberath, Mathias",2024,10.1117/12.3006981,Progress in Biomedical Optics and Imaging - Proceedings of SPIE,included,"Endoscopia com contribuição metodológica relevante (multilabel, desbalanceamento, explicabilidade ou artefatos).",Scopus (VLM/FMs)/S2,sim
Scopus (VLM/FMs),S2,S6-VLM S2 — Modelos nomeados em endoscopia,Cho2026,High-Speed Instance Segmentation for Endoscopic Spine Surgery: Multicenter Validation and Inference Speed Evaluation,"Cho, Yoon Jae; Cho, Yong Jae; Park, Yong Geon; Youn, Myung Soo; Kim, Yun Hak; Pak, Kyoungjune; Kim, Hong Jin; Lee, Jung Sub; Goh, Tae Sik",2026,10.1177/21925682261435502,Global Spine Journal,included,"Endoscopia com contribuição metodológica relevante (multilabel, desbalanceamento, explicabilidade ou artefatos).",Scopus (VLM/FMs)/S2,sim
Scopus (VLM/FMs),S2,S6-VLM S2 — Modelos nomeados em endoscopia,Cheng202515,Research Progress and Prospects of Minimally Invasive Surgical Instrument Segmentation Methods Based on Artificial Intelligence,"Cheng, Weimin; Wu, Xiaohua; Xiong, Jing",2025,10.12455/j.issn.1671-7104.240436,Zhongguo yi liao qi xie za zhi = Chinese journal of medical instrumentation,included,"Sinais ambíguos no abstract, mas recuperado por string forte (Scopus-VLM-FMs/S2) com filtro endoscopia alta + IA — confiável.",Scopus (VLM/FMs)/S2,sim
Scopus (VLM/FMs),S2,S6-VLM S2 — Modelos nomeados em endoscopia,Liu2025,Research on Tongue Image Segmentation and Classification Methods Based on Deep Learning and Machine Learning,"Liu, Bin; Wang, Zeya; Yu, Kang; Wang, Yunfeng; Zhang, Haiying; Song, Tingting; Yang, Hao",2025,10.3390/info16050357,Information (Switzerland),included,"Sinais ambíguos no abstract, mas recuperado por string forte (Scopus-VLM-FMs/S2) com filtro endoscopia alta + IA — confiável.",Scopus (VLM/FMs)/S2,sim
Scopus (VLM/FMs),S2,S6-VLM S2 — Modelos nomeados em endoscopia,Chen2026246,F2PASeg: Feature Fusion for Pituitary Anatomy Segmentation in Endoscopic Surgery,"Chen, Lumin; Wu, Zhiying; Lei, Tianye; Bai, Xuexue; Feng, Ming; Wang, Yuxi; Meng, Gaofeng; Lei, Zhen; Liu, Hongbin",2026,10.1007/978-3-032-05114-1_24,Lecture Notes in Computer Science,included,"Endoscopia com contribuição metodológica relevante (multilabel, desbalanceamento, explicabilidade ou artefatos).",Scopus (VLM/FMs)/S2,sim
Scopus (VLM/FMs),S2,S6-VLM S2 — Modelos nomeados em endoscopia,2024,"EG VCBM 2024 - Eurographics Workshop on Visual Computing for Biology and Medicine, Short Paper Proceedings",,2024,,Eurographics Workshop on Visual Computing for Biomedicine,included,"Sinais ambíguos no abstract, mas recuperado por string forte (Scopus-VLM-FMs/S2) com filtro endoscopia alta + IA — confiável.",Scopus (VLM/FMs)/S2,sim
Scopus (VLM/FMs),S2,S6-VLM S2 — Modelos nomeados em endoscopia,Hu2024,Multi-view Masked Contrastive Representation Learning for Endoscopic Video Analysis,"Hu, Kai; Xiao, Ye; Zhang, Yuan; Gao, Xieping",2024,,Advances in Neural Information Processing Systems,included,"Sinais ambíguos no abstract, mas recuperado por string forte (Scopus-VLM-FMs/S2) com filtro endoscopia alta + IA — confiável.",Scopus (VLM/FMs)/S2,sim
Scopus (VLM/FMs),S2,S6-VLM S2 — Modelos nomeados em endoscopia,Ren2025,Prompt-based polyp segmentation during endoscopy,"Ren, Xinzhen; Zhou, Wenju; Yuan, Naitong; Li, Fang; Ruan, Yetian; Zhou, Huiyu",2025,10.1016/j.media.2025.103510,Medical Image Analysis,included,DL/CV em endoscopia com achado do trato GI alto.,Scopus (VLM/FMs)/S2,sim
Scopus (VLM/FMs),S2,S6-VLM S2 — Modelos nomeados em endoscopia,Lou2024,SAMSNeRF: Segment anything model (SAM) guides dynamic surgical scene reconstruction by neural radiance field (NeRF),"Lou, Ange; Li, Yamin; Yao, Xing; Zhang, Yike; Noble, Jack",2024,10.1117/12.3008392,Progress in Biomedical Optics and Imaging - Proceedings of SPIE,included,"Sinais ambíguos no abstract, mas recuperado por string forte (Scopus-VLM-FMs/S2) com filtro endoscopia alta + IA — confiável.",Scopus (VLM/FMs)/S2,sim
Scopus (VLM/FMs),S2,S6-VLM S2 — Modelos nomeados em endoscopia,Wei20242667,SAM-FNet: SAM-Guided Fusion Network for Laryngo-Pharyngeal Tumor Detection,"Wei, Jia; Li, Yun; Qiu, Meiyu; Chen, Hongyu; Fan, Xiaomao; Lei, Wenbin",2024,10.1109/BIBM62325.2024.10822832,"Proceedings - 2024 IEEE International Conference on Bioinformatics and Biomedicine, BIBM 2024",included,"Sinais ambíguos no abstract, mas recuperado por string forte (Scopus-VLM-FMs/S2) com filtro endoscopia alta + IA — confiável.",Scopus (VLM/FMs)/S2,sim
Scopus (VLM/FMs),S2,S6-VLM S2 — Modelos nomeados em endoscopia,Zhang202421,Surgical Instrument Segmentation Network by SAM and Gradient Feature,"Zhang, Penglong; Zhang, Ziyang; Tao, Yongze",2024,10.1109/MedAI62885.2024.00010,"Proceedings - 2024 IEEE International Conference on Medical Artificial Intelligence, MedAI 2024",included,"Sinais ambíguos no abstract, mas recuperado por string forte (Scopus-VLM-FMs/S2) com filtro endoscopia alta + IA — confiável.",Scopus (VLM/FMs)/S2,sim
Scopus (VLM/FMs),S2,S6-VLM S2 — Modelos nomeados em endoscopia,Xu2023723,Laryngeal image dataset automatic annotation and classification of laryngeal disease,"Xu, Xinxin; Zhao, Xinyu; Xu, Weichen; Cao, Jian; Zhang, Xing",2023,10.1109/IAECST60924.2023.10502675,"2023 5th International Academic Exchange Conference on Science and Technology Innovation, IAECST 2023",included,"Sinais ambíguos no abstract, mas recuperado por string forte (Scopus-VLM-FMs/S2) com filtro endoscopia alta + IA — confiável.",Scopus (VLM/FMs)/S2,sim
Scopus (VLM/FMs),S2,S6-VLM S2 — Modelos nomeados em endoscopia,Chan2026,Artificial Intelligence for Computer-Aided Detection in Biomedical Applications,"Chan, Lawrence Wing Chi",2026,10.3390/bioengineering13040448,Bioengineering,included,"Endoscopia com contribuição metodológica relevante (multilabel, desbalanceamento, explicabilidade ou artefatos).",Scopus (VLM/FMs)/S2,sim
Scopus (VLM/FMs),S2,S6-VLM S2 — Modelos nomeados em endoscopia,Ueno202512386,Surgical instrument segmentation and classification in transcanal endoscopic ear surgery video using Segment Anything Model 2,"Ueno, Ryunosuke; Fujita, Takeshi; Matsui, Kazuhiro; Atsuumi, Keita; Uehara, Natsumi; Yamashita, Toshihiko; Hirai, Hiroaki; Kawai, Toshikazu; Suzuki, Hisashi; Nishikawa, Atsushi",2025,10.21037/qims-2025-1469,Quantitative Imaging in Medicine and Surgery,included,"Sinais ambíguos no abstract, mas recuperado por string forte (Scopus-VLM-FMs/S2) com filtro endoscopia alta + IA — confiável.",Scopus (VLM/FMs)/S2,sim
Scopus (VLM/FMs),S3,S6-VLM S3 — Modelos comerciais multimodais em endoscopia,Kang2026,Machine learning prediction of common bile duct stones using synthetic data to guide emergency ERCP decisions,"Kang, Sungmin; Park, Namyoung; Shin, Il Sang; Lee, Eunsoo; Choi, Sieun; Jung, Jiyun; Lee, Jun Kyu; Lee, Yun Nah; Moon, Jong Ho; Joo, Kwang Ro; Kim, Jihie; Kim, Joo Seong",2026,10.1038/s41598-026-45014-1,Scientific Reports,included,"Sinais ambíguos no abstract, mas recuperado por string forte (Scopus-VLM-FMs/S3) com filtro endoscopia alta + IA — confiável.",Scopus (VLM/FMs)/S3,sim
Scopus (VLM/FMs),S3,S6-VLM S3 — Modelos comerciais multimodais em endoscopia,Hack2026,Artificial Intelligence in Rhinology: A State-of-the-Art Review of Clinical Readiness and Implementation Pathways,"Hack, Sholem; Takashima, Masayoshi",2026,10.1002/ohn.70262,Otolaryngology - Head and Neck Surgery (United States),included,"Sinais ambíguos no abstract, mas recuperado por string forte (Scopus-VLM-FMs/S3) com filtro endoscopia alta + IA — confiável.",Scopus (VLM/FMs)/S3,sim
Scopus (VLM/FMs),S3,S6-VLM S3 — Modelos comerciais multimodais em endoscopia,Iyizoba-Ebozue2022,Accuracy of Response Assessment FDG PET-CT Post (Chemo)Radiotherapy in HPV Negative Oropharynx Squamous Cell Carcinoma,"Iyizoba-Ebozue, Zsuzsanna; Billingsley, Sarah; Frood, Russell; Vaidyanathan, Sriram; Scarsbrook, Andrew; Prestwich, Robin J. D.",2022,10.3390/cancers14194680,Cancers,included,"Sinais ambíguos no abstract, mas recuperado por string forte (Scopus-VLM-FMs/S3) com filtro endoscopia alta + IA — confiável.",Scopus (VLM/FMs)/S3,sim
Scopus (VLM/FMs),S3,S6-VLM S3 — Modelos comerciais multimodais em endoscopia,Ukashi2025685,Inter-Rater Disagreements in Applying the Montreal Classification for Crohn's Disease: The Five-Nations Survey Study,"Ukashi, Offir; Amiot, Aurelien; Laharie, David; Menchén, Luis; Gutiérrez, Ana; Fernandes, Samuel; Pessarelli, Tommaso; Correia, Fábio; Gonzalez-Muñoza, Carlos; López-Cardona, Julia; Calabrese, Giulio; Ferreiro-Iglesias, Rocio; Tamir-Degabli, Natalie; Dussias, Nikolas Konstantine; Mousa, Amjad; Oliveira, Raquel; Richard, Nicolas; Veisman, Ido; Sharif, Kassem; Ben-Horin, Shomron; Soutullo-Castiñeiras, Carlos; Dragoni, Gabriele; Rotulo, Silvia; Favale, Agnese; Calméjane, Louis; Bazin, Thomas; Elosua, Alfonso; Lopes, Sara; Felice, Carla; Mauriz, Violeta; Rodrigues, Inês Coelho; Jougon, Julia; Botto, Inês; Tavares de Sousa, Helena; Bertani, Lorenzo; Abadía, Paula Ripoll; Bernardi, Alice De; Zabana, Yamile; Serra-Ruiz, Xavier; Viola, Anna; Barreiro-de Acosta, Manuel; Yanai, Henit; Armuzzi, Alessandro; Magro, Fernando; Kopylov, Uri",2025,10.1002/ueg2.12757,United European Gastroenterology Journal,included,Visão computacional/DL aplicada a endoscopia digestiva alta.,Scopus (VLM/FMs)/S3,sim
Scopus (VLM/FMs),S3,S6-VLM S3 — Modelos comerciais multimodais em endoscopia,Wang2026,The Power of Modality: Improving Polyp Segmentation With Multimodal Information,"Wang, Fang; Wang, Pu; Zhao, Meng; Shan, Chenggang; Yang, Zhen",2026,10.1049/ipr2.70305,IET Image Processing,included,"Sinais ambíguos no abstract, mas recuperado por string forte (Scopus-VLM-FMs/S3) com filtro endoscopia alta + IA — confiável.",Scopus (VLM/FMs)/S3,sim
Scopus (VLM/FMs),S3,S6-VLM S3 — Modelos comerciais multimodais em endoscopia,Gorelik2026,Automatic processing of gastrointestinal endoscopy referrals and patient instructions using large language models,"Gorelik, Yuri; Awawdeh, Eyas; Fistel, Shiri; Gralnek, Ariel; Klein, Amir",2026,10.1186/s12876-026-04636-5,BMC Gastroenterology,included,Visão computacional/DL aplicada a endoscopia digestiva alta (contexto: dataset/benchmark).,Scopus (VLM/FMs)/S3,sim
Scopus (VLM/FMs),S3,S6-VLM S3 — Modelos comerciais multimodais em endoscopia,2024,"15th International Conference on Intelligent Human Computer Interaction, IHCI 2023",,2024,,Lecture Notes in Computer Science (including subseries Lecture Notes in Artificial Intelligence and Lecture Notes in Bioinformatics),included,DL/CV em endoscopia com achado do trato GI alto.,Scopus (VLM/FMs)/S3,sim
Scopus (VLM/FMs),S3,S6-VLM S3 — Modelos comerciais multimodais em endoscopia,Xi20235007,Chain-of-Look Prompting for Verb-centric Surgical Triplet Recognition in Endoscopic Videos,"Xi, Nan; Meng, Jingjing; Yuan, Junsong",2023,10.1145/3581783.3611898,MM 2023 - Proceedings of the 31st ACM International Conference on Multimedia,included,"Sinais ambíguos no abstract, mas recuperado por string forte (Scopus-VLM-FMs/S3) com filtro endoscopia alta + IA — confiável.",Scopus (VLM/FMs)/S3,sim
Scopus (VLM/FMs),S3,S6-VLM S3 — Modelos comerciais multimodais em endoscopia,2026,"IS and T International Symposium on Electronic Imaging 2026: Human Vision and Electronic Imaging, HVEI 2026",,2026,,IS and T International Symposium on Electronic Imaging Science and Technology,included,"Sinais ambíguos no abstract, mas recuperado por string forte (Scopus-VLM-FMs/S3) com filtro endoscopia alta + IA — confiável.",Scopus (VLM/FMs)/S3,sim
Scopus (VLM/FMs),S3,S6-VLM S3 — Modelos comerciais multimodais em endoscopia,Acharya2025,Use of Large Language Models to Determine the Surveillance Colonoscopy Interval: A Bi-institutional Validation Study,"Acharya, Vedant; Mehta, Shivan J; Sussman, Daniel A; Kumaresan, Vignesh; England, Jonathan; Cook, Tessa S; Issenberg, S Barry; Deshpande, Amar R",2025,10.14309/ajg.0000000000003864,American Journal of Gastroenterology,included,Visão computacional/DL aplicada a endoscopia digestiva alta (contexto: dataset/benchmark).,Scopus (VLM/FMs)/S3,sim
Scopus (VLM/FMs),S3,S6-VLM S3 — Modelos comerciais multimodais em endoscopia,Stidham2025432,Artificial Intelligence–Enabled Clinical Trials in Inflammatory Bowel Disease: Automating and Enhancing Disease Assessment and Study Management,"Stidham, Ryan W.; Ghanem, Louis R.; Fletcher, Joel G.; Bruining, David H.",2025,10.1053/j.gastro.2025.02.039,Gastroenterology,included,DL/CV em endoscopia com achado do trato GI alto.,Scopus (VLM/FMs)/S3,sim
Scopus (VLM/FMs),S3,S6-VLM S3 — Modelos comerciais multimodais em endoscopia,Maniaci20246133,Can chatbots enhance the management of pediatric sialadenitis in clinical practice?,"Maniaci, Antonino; Lazzeroni, Matteo; Cozzi, Anna; Fraccaroli, Francesca; Gaffuri, Michele; Chiesa-Estomba, Carlos; Capaccio, Pasquale",2024,10.1007/s00405-024-08798-4,European Archives of Oto-Rhino-Laryngology,included,"Sinais ambíguos no abstract, mas recuperado por string forte (Scopus-VLM-FMs/S3) com filtro endoscopia alta + IA — confiável.",Scopus (VLM/FMs)/S3,sim
Scopus (VLM/FMs),S3,S6-VLM S3 — Modelos comerciais multimodais em endoscopia,Gao2025,Application of artificial intelligence in the diagnosis of malignant digestive tract tumors: focusing on opportunities and challenges in endoscopy and pathology,"Gao, Yinhu; Wen, Peizhen; Liu, Yuan; Sun, Yahuang; Qian, Hui; Zhang, Xin; Peng, Huan; Gao, Yanli; Li, Cuiyu; Gu, Zhangyuan; Zeng, Huajin; Hong, Zhijun; Wang, Weijun; Yan, Ronglin; Hu, Zunqi; Fu, Hongbing",2025,10.1186/s12967-025-06428-z,Journal of Translational Medicine,included,DL/CV em endoscopia com achado do trato GI alto.,Scopus (VLM/FMs)/S3,sim
Scopus (VLM/FMs),S3,S6-VLM S3 — Modelos comerciais multimodais em endoscopia,2026,"IS and T International Symposium on Electronic Imaging 2026: 24th Image Processing: Algorithms and Systems, IPAS 2026",,2026,,IS and T International Symposium on Electronic Imaging Science and Technology,included,"Sinais ambíguos no abstract, mas recuperado por string forte (Scopus-VLM-FMs/S3) com filtro endoscopia alta + IA — confiável.",Scopus (VLM/FMs)/S3,sim
Scopus (VLM/FMs),S3,S6-VLM S3 — Modelos comerciais multimodais em endoscopia,Horesh2026227,AI Clinical Decision Tools in Multidisciplinary Team Discussions for Colorectal Cancer,"Horesh, Nir; Wignakumar, Anjelli; Emile, Sameh Hany",2026,10.1055/a-2769-1363,Clinics in Colon and Rectal Surgery,included,"Endoscopia com contribuição metodológica relevante (multilabel, desbalanceamento, explicabilidade ou artefatos).",Scopus (VLM/FMs)/S3,sim
Scopus (VLM/FMs),S3,S6-VLM S3 — Modelos comerciais multimodais em endoscopia,2026,IS and T International Symposium on Electronic Imaging 2026: Visualization and Data Analysis 2026,,2026,,IS and T International Symposium on Electronic Imaging Science and Technology,included,"Sinais ambíguos no abstract, mas recuperado por string forte (Scopus-VLM-FMs/S3) com filtro endoscopia alta + IA — confiável.",Scopus (VLM/FMs)/S3,sim
Scopus (VLM/FMs),S3,S6-VLM S3 — Modelos comerciais multimodais em endoscopia,Ahmed2024137,Artificial Intelligence and IBD: Where are We Now and Where Will We Be in the Future?,"Ahmed, Mehwish; Stone, Molly L.; Stidham, Ryan W.",2024,10.1007/s11894-024-00918-8,Current Gastroenterology Reports,included,DL/CV em endoscopia com achado do trato GI alto.,Scopus (VLM/FMs)/S3,sim
Scopus (VLM/FMs),S3,S6-VLM S3 — Modelos comerciais multimodais em endoscopia,2026,"7th International Conference on Blockchain, Artificial Intelligence, and Trustworthy Systems, BlockSys 2025",,2026,,Communications in Computer and Information Science,included,"Sinais ambíguos no abstract, mas recuperado por string forte (Scopus-VLM-FMs/S3) com filtro endoscopia alta + IA — confiável.",Scopus (VLM/FMs)/S3,sim
Scopus (VLM/FMs),S3,S6-VLM S3 — Modelos comerciais multimodais em endoscopia,K2026,Integration of artificial intelligence into ENT practice: a comparative study of real time clinical and operative scenarios,"K, Ramya; Kumar N, Manoj; S, Sowmya; Channaveeradevaru, Chandrakala",2026,10.1186/s43163-026-01055-x,Egyptian Journal of Otolaryngology,included,"Sinais ambíguos no abstract, mas recuperado por string forte (Scopus-VLM-FMs/S3) com filtro endoscopia alta + IA — confiável.",Scopus (VLM/FMs)/S3,sim
Scopus (VLM/FMs),S3,S6-VLM S3 — Modelos comerciais multimodais em endoscopia,Katsimperis2026753,Artificial intelligence in urology training: practical benefits and real-world limits,"Katsimperis, Stamatios; Kyriazis, Ioannis; Neofytou, Panagiotis; Kapsalos, Sotirios; Arseniou, Polyvios",2026,10.1111/bju.70205,BJU International,included,"Título/keywords indicam DL/CV em endoscopia digestiva alta ou achado GI, mesmo sem abstract.",Scopus (VLM/FMs)/S3,não
Scopus (VLM/FMs),S3,S6-VLM S3 — Modelos comerciais multimodais em endoscopia,Suri2026,Artificial intelligence and machine learning-driven advancements in gastrointestinal cancer: Paving the way for precision medicine,"Suri, Chahat; Ratre, Yashwant K.; Pande, Babita; Bhaskar, L.V.K.S.; Verma, Henu K.",2026,10.3748/wjg.v32.i1.111428,World Journal of Gastroenterology,included,DL/CV em endoscopia com achado do trato GI alto.,Scopus (VLM/FMs)/S3,sim
Scopus (VLM/FMs),S3,S6-VLM S3 — Modelos comerciais multimodais em endoscopia,2026,"9th International Conference on Computer Vision and Image Processing, CVIP 2024",,2026,,Communications in Computer and Information Science,included,"Endoscopia com contribuição metodológica relevante (multilabel, desbalanceamento, explicabilidade ou artefatos).",Scopus (VLM/FMs)/S3,sim
Scopus (VLM/FMs),S3,S6-VLM S3 — Modelos comerciais multimodais em endoscopia,Clusmann20251410,The barriers to uptake of artificial intelligence in hepatology and how to overcome them,"Clusmann, Jan; Balaguer-Montero, Maria; Bassegoda, Octavi; Schneider, Carolin V.; Seraphin, Tobias; Paintsil, Ellis; Luedde, Tom; Lopez, Raquel Perez; Calderaro, Julien; Gilbert, Stephen; Marjot, Thomas; Spann, Ashley; Shawcross, Debbie L.; Lens, Sabela; Trépo, Eric; Kather, Jakob Nikolas",2025,10.1016/j.jhep.2025.07.003,Journal of Hepatology,included,"Sinais ambíguos no abstract, mas recuperado por string forte (Scopus-VLM-FMs/S3) com filtro endoscopia alta + IA — confiável.",Scopus (VLM/FMs)/S3,sim
Scopus (VLM/FMs),S3,S6-VLM S3 — Modelos comerciais multimodais em endoscopia,Chkolnaia2026,A descriptive comparison of phase 3 results and head-to-head trials in inflammatory bowel diseases,"Chkolnaia, Zlata; Peyrin-Biroulet, Laurent; Uzzan, Mathieu",2026,10.1093/ecco-jcc/jjag009,Journal of Crohn's and Colitis,included,"Sinais ambíguos no abstract, mas recuperado por string forte (Scopus-VLM-FMs/S3) com filtro endoscopia alta + IA — confiável.",Scopus (VLM/FMs)/S3,sim
Scopus (VLM/FMs),S3,S6-VLM S3 — Modelos comerciais multimodais em endoscopia,Wittlinger2025,How machine learning on real world clinical data improves adverse event recording for endoscopy,"Wittlinger, Stefan; Wiest, Isabella C.; Ladani, Mahboubeh Jannesari; Kather, Jakob Nikolas; Ebert, Matthias P.; Siegel, Fabian; Belle, Sebastian",2025,10.1038/s41746-025-01826-5,npj Digital Medicine,included,DL/CV em endoscopia com achado do trato GI alto.,Scopus (VLM/FMs)/S3,sim
Scopus (VLM/FMs),S3,S6-VLM S3 — Modelos comerciais multimodais em endoscopia,Yu2025,Evaluating large language models for information extraction from gastroscopy and colonoscopy reports through multi-strategy prompting,"Yu, Zhengqiu; Fang, Lexin; Ding, Yueping; Shen, Yan; Xu, Lei; Cai, Yaozheng; Liu, Xiangrong",2025,10.1016/j.jbi.2025.104844,Journal of Biomedical Informatics,included,Visão computacional/DL aplicada a endoscopia digestiva alta (contexto: dataset/benchmark).,Scopus (VLM/FMs)/S3,sim
Scopus (VLM/FMs),S3,S6-VLM S3 — Modelos comerciais multimodais em endoscopia,Patel2024,Deep Learning Applications in Pancreatic Cancer,"Patel, Hardik; Zanos, Theodoros; Hewitt, D. Brock",2024,10.3390/cancers16020436,Cancers,included,DL/CV em endoscopia com achado do trato GI alto.,Scopus (VLM/FMs)/S3,sim
Scopus (VLM/FMs),S3,S6-VLM S3 — Modelos comerciais multimodais em endoscopia,Kamba2026,From Automation to Collaboration: The Emerging Role of Artificial Intelligence in Endoscopic Reporting,"Kamba, Shunsuke; Sumiyama, Kazuki",2026,10.1111/den.70126,Digestive Endoscopy,included,"Título/keywords indicam DL/CV em endoscopia digestiva alta ou achado GI, mesmo sem abstract.",Scopus (VLM/FMs)/S3,não
Scopus (VLM/FMs),S3,S6-VLM S3 — Modelos comerciais multimodais em endoscopia,2025,"3rd International Workshop on Applications of Medical Artificial Intelligence, AMAI 2024 held in conjunction with the 27th International Conference on Medical Image Computing and Computer Assisted Intervention, MICCAI 2024",,2025,,Lecture Notes in Computer Science (including subseries Lecture Notes in Artificial Intelligence and Lecture Notes in Bioinformatics) ,included,"Sinais ambíguos no abstract, mas recuperado por string forte (Scopus-VLM-FMs/S3) com filtro endoscopia alta + IA — confiável.",Scopus (VLM/FMs)/S3,sim
Scopus (VLM/FMs),S3,S6-VLM S3 — Modelos comerciais multimodais em endoscopia,Choi20242294,"Characterizing the burden of biliary tract cancers across 28 hospitals in Ontario, Canada","Choi, Woo Jin; Roberts, Surain; Verma, Amol; Razak, Fahad; O’Kane, Grainne M.; Gallinger, Steven; Hirschfield, Gideon; Hansen, Bettina; Sapisochin, Gonzalo",2024,10.1002/cncr.35249,Cancer,included,"Sinais ambíguos no abstract, mas recuperado por string forte (Scopus-VLM-FMs/S3) com filtro endoscopia alta + IA — confiável.",Scopus (VLM/FMs)/S3,sim
Scopus (VLM/FMs),S3,S6-VLM S3 — Modelos comerciais multimodais em endoscopia,Seenivasan2023281,SurgicalGPT: End-to-End Language-Vision GPT for Visual Question Answering in Surgery,"Seenivasan, Lalithkumar; Islam, Mobarakol; Kannan, Gokul; Ren, Hongliang",2023,10.1007/978-3-031-43996-4_27,Lecture Notes in Computer Science (including subseries Lecture Notes in Artificial Intelligence and Lecture Notes in Bioinformatics),included,"Sinais ambíguos no abstract, mas recuperado por string forte (Scopus-VLM-FMs/S3) com filtro endoscopia alta + IA — confiável.",Scopus (VLM/FMs)/S3,sim
Scopus (VLM/FMs),S3,S6-VLM S3 — Modelos comerciais multimodais em endoscopia,Ibrahim20261041,Artificial Intelligence in Gastroenterology Education: DeepSeek Passes the Gastroenterology Board Examination and Outperforms Legacy ChatGPT Models,"Ibrahim, Andrew F.; Danpanichkul, Pojsakorn; Hayek, Alexander; Paul, Edwin; Farag, Annmarie; Mansoor, Masab; Thongprayoon, Charat; Cheungpasitporn, Wisit; Othman, Mohamed O.",2026,10.14309/ajg.0000000000003552,American Journal of Gastroenterology,included,"Sinais ambíguos no abstract, mas recuperado por string forte (Scopus-VLM-FMs/S3) com filtro endoscopia alta + IA — confiável.",Scopus (VLM/FMs)/S3,sim
Scopus (VLM/FMs),S3,S6-VLM S3 — Modelos comerciais multimodais em endoscopia,Wong20231050,Predictors of Placebo Induction Response and Remission in Ulcerative Colitis,"Wong, Emily C.L.; Dulai, Parambir S.; Marshall, John K.; Jairath, Vipul; Reinisch, Walter; Narula, Neeraj",2023,10.1016/j.cgh.2022.08.015,Clinical Gastroenterology and Hepatology,included,"Sinais ambíguos no abstract, mas recuperado por string forte (Scopus-VLM-FMs/S3) com filtro endoscopia alta + IA — confiável.",Scopus (VLM/FMs)/S3,sim
Scopus (VLM/FMs),S3,S6-VLM S3 — Modelos comerciais multimodais em endoscopia,Laqui_re20251041,Artificial intelligence in digestive endoscopy: evolution or revolution?; [L’intelligence artificielle en endoscopie digestive: évolution ou révolution ?],"Laquière, Arthur; Peyret, Dysmas; Boustière, Christian; Coron, Emmanuel; Karsenti, David",2025,10.1684/hpg.2025.3068,Hepato-Gastro et Oncologie Digestive,included,Visão computacional/DL aplicada a endoscopia digestiva alta.,Scopus (VLM/FMs)/S3,sim
Scopus (VLM/FMs),S3,S6-VLM S3 — Modelos comerciais multimodais em endoscopia,Suarez2026,Artificial intelligence and digital transformation of gastroenterology and hepatology: A critical review of clinical applications and future challenges,"Suarez, Miguel; Martínez, Raquel; González-Martínez, Félix; Torres, Ana María; Mateo, Jorge",2026,10.4254/wjh.v18.i2.114834,World Journal of Hepatology,included,"Sinais ambíguos no abstract, mas recuperado por string forte (Scopus-VLM-FMs/S3) com filtro endoscopia alta + IA — confiável.",Scopus (VLM/FMs)/S3,sim
Scopus (VLM/FMs),S3,S6-VLM S3 — Modelos comerciais multimodais em endoscopia,Pradhan2024,Artificial intelligence compared with human-derived patient educational materials on cirrhosis,"Pradhan, Faruq; Fiedler, Alexandra; Samson, Kaeli; Olivera-Martinez, Marco; Manatsathit, Wuttiporn; Peeraphatdit, Thoetchai",2024,10.1097/HC9.0000000000000367,Hepatology Communications,included,"Sinais ambíguos no abstract, mas recuperado por string forte (Scopus-VLM-FMs/S3) com filtro endoscopia alta + IA — confiável.",Scopus (VLM/FMs)/S3,sim
Scopus (VLM/FMs),S3,S6-VLM S3 — Modelos comerciais multimodais em endoscopia,Eilo2026,Slow AI,"Eilo, M.; Chang, Vanessa; Dalgleish, Mat; Lee, Kuo-Ying; Valyi-Nagy, Zsofi; Stern, Abram; Morales, Lucia Grossberger; Jain, Puneet; Duarte, Yesica; Bayerlein, Christian",2026,10.1162/LEON.a.2683,Leonardo,included,"Sinais ambíguos no abstract, mas recuperado por string forte (Scopus-VLM-FMs/S3) com filtro endoscopia alta + IA — confiável.",Scopus (VLM/FMs)/S3,sim
Scopus (VLM/FMs),S3,S6-VLM S3 — Modelos comerciais multimodais em endoscopia,Jin2025,Aerodigestive Sequelae and Triple Endoscopy after Congenital Tracheoesophageal Fistula Repair in Children,"Jin, Whitney; Chiou, Eric H.; Das, Shailendra; Hosek, Kathleen E.; Lambert, Elton M.",2025,10.1002/oto2.70059,OTO Open,included,"Sinais ambíguos no abstract, mas recuperado por string forte (Scopus-VLM-FMs/S3) com filtro endoscopia alta + IA — confiável.",Scopus (VLM/FMs)/S3,sim
Scopus (VLM/FMs),S3,S6-VLM S3 — Modelos comerciais multimodais em endoscopia,Omar2024,Emerging applications of NLP and large language models in gastroenterology and hepatology: a systematic review,"Omar, Mahmud; Nassar, Salih; SharIf, Kassem; Glicksberg, Benjamin S.; Nadkarni, Girish N.; Klang, Eyal",2024,10.3389/fmed.2024.1512824,Frontiers in Medicine,included,"Sinais ambíguos no abstract, mas recuperado por string forte (Scopus-VLM-FMs/S3) com filtro endoscopia alta + IA — confiável.",Scopus (VLM/FMs)/S3,sim
Scopus (VLM/FMs),S3,S6-VLM S3 — Modelos comerciais multimodais em endoscopia,Huang20261846,Surgical AI Copilot: Energy-Based Fourier Gradient Low-Rank Adaptation for Surgical LLM Agent Reasoning and Planning,"Huang, Jiayuan; He, Runlong; Khan, Danyal Zaman; Mazomenos, Evangelos B.; Stoyanov, Danail; Marcus, Hani; Jiang, Linzhe; Clarkson, Matthew John; Hoque, Mobarak I.",2026,10.1609/aaai.v40i3.37164,Proceedings of the AAAI Conference on Artificial Intelligence,included,"Sinais ambíguos no abstract, mas recuperado por string forte (Scopus-VLM-FMs/S3) com filtro endoscopia alta + IA — confiável.",Scopus (VLM/FMs)/S3,sim
Scopus (VLM/FMs),S3,S6-VLM S3 — Modelos comerciais multimodais em endoscopia,Lixandru-Petre2025,"Machine Learning for Thyroid Cancer Detection, Presence of Metastasis, and Recurrence Predictions—A Scoping Review","Lixandru-Petre, Irina-Oana; Dima, Alexandru; Musat, Madalina; Dascalu, Mihai; Gradisteanu Pircalabioru, Gratiela; Iliescu, Florina Silvia; Iliescu, Ciprian",2025,10.3390/cancers17081308,Cancers,included,"Sinais ambíguos no abstract, mas recuperado por string forte (Scopus-VLM-FMs/S3) com filtro endoscopia alta + IA — confiável.",Scopus (VLM/FMs)/S3,sim
Scopus (VLM/FMs),S3,S6-VLM S3 — Modelos comerciais multimodais em endoscopia,Zhang2026,A Fine-tuning Multimodal Large Language Model for Endoscopic Report Generation,"Zhang, Xingyu; Zheng, Xiangwei; Li, Zhen; Ma, Mingjun; Liang, Xiao; Ren, Xiuxiu; Zhang, Mingzhe",2026,10.1016/j.bspc.2026.109737,Biomedical Signal Processing and Control,included,"Sinais ambíguos no abstract, mas recuperado por string forte (Scopus-VLM-FMs/S3) com filtro endoscopia alta + IA — confiável.",Scopus (VLM/FMs)/S3,sim
Scopus (VLM/FMs),S3,S6-VLM S3 — Modelos comerciais multimodais em endoscopia,2024583,"Correction to: Thank you to Reviewers* (Veterinary Surgery, (2024), 53, 2, (221-223), 10.1111/vsu.14072)",,2024,10.1111/vsu.14097,Veterinary Surgery,included,"Endoscopia sem CV explícito no abstract, mas recuperado por string forte (Scopus-VLM-FMs/S3) que filtra IA/DL — confiável.",Scopus (VLM/FMs)/S3,sim
Scopus (VLM/FMs),S3,S6-VLM S3 — Modelos comerciais multimodais em endoscopia,Nagano2026364,Estimation of esophageal involvement length in esophagogastric junction tumors using PET-CT,"Nagano, Shinnosuke; Kurokawa, Yukinori; Hagi, Takaomi; Saito, Takuro; Takahashi, Tsuyoshi; Nakai, Shigeto; Momose, Kota; Yamashita, Kotaro; Tanaka, Koji; Makino, Tomoki; Nakajima, Kiyokazu; Eguchi, Hidetoshi; Doki, Yuichiro",2026,10.1007/s10388-026-01183-6,Esophagus,included,"Sinais ambíguos no abstract, mas recuperado por string forte (Scopus-VLM-FMs/S3) com filtro endoscopia alta + IA — confiável.",Scopus (VLM/FMs)/S3,sim
Scopus (VLM/FMs),S3,S6-VLM S3 — Modelos comerciais multimodais em endoscopia,Sewell2026,How I Approach It: A Roadmap for AI in GI Fellowship Training,"Sewell, Justin L.; Shah, Neeral L.; Gupta, Amit; Strauss, Alexandra T.",2026,10.14309/ajg.0000000000003901,American Journal of Gastroenterology,included,"Título/keywords indicam DL/CV em endoscopia digestiva alta ou achado GI, mesmo sem abstract.",Scopus (VLM/FMs)/S3,não
Scopus (VLM/FMs),S3,S6-VLM S3 — Modelos comerciais multimodais em endoscopia,Heston2024,ChatGPT provides inconsistent risk-stratification of patients with atraumatic chest pain,"Heston, Thomas F.; Lewis, Lawrence M.",2024,10.1371/journal.pone.0301854,PLoS ONE,included,"Sinais ambíguos no abstract, mas recuperado por string forte (Scopus-VLM-FMs/S3) com filtro endoscopia alta + IA — confiável.",Scopus (VLM/FMs)/S3,sim
Scopus (VLM/FMs),S3,S6-VLM S3 — Modelos comerciais multimodais em endoscopia,Huang20262428,Patient and lesion characteristics associated with follow-up completion for pancreatic cystic lesions detected on MRI,"Huang, Chenchan; Thakore, Nitya L.; Shen, Yiqiu; Rasromani, Ebrahim K.; Saba, Bryce A.; Levine, Jonah M.; Jacobi, Sophia M.; Chen, Runhan; Pan, Hengkai; Kang, Stella K.",2026,10.1007/s00261-025-05230-1,Abdominal Radiology,included,"Sinais ambíguos no abstract, mas recuperado por string forte (Scopus-VLM-FMs/S3) com filtro endoscopia alta + IA — confiável.",Scopus (VLM/FMs)/S3,sim
Scopus (VLM/FMs),S3,S6-VLM S3 — Modelos comerciais multimodais em endoscopia,Zheng2025111,Detection of Gastrointestinal Bleeding With Large Language Models to Aid Quality Improvement and Appropriate Reimbursement,"Zheng, Neil S.; Keloth, Vipina K.; You, Kisung; Kats, Daniel; Li, Darrick K.; Deshpande, Ohm; Sachar, Hamita; Xu, Hua; Laine, Loren; Shung, Dennis L.",2025,10.1053/j.gastro.2024.09.014,Gastroenterology,included,DL/CV em endoscopia com achado do trato GI alto.,Scopus (VLM/FMs)/S3,sim
Scopus (VLM/FMs),S3,S6-VLM S3 — Modelos comerciais multimodais em endoscopia,Wang2025165,Research on Lightweight Transformer Medical Image Segmentation with Multi-Scale Feature Fusion; [多尺度特征融合的轻量化Transformer医学图像分割研究],"Wang, Xiaowei; Xing, Shuli; Mao, Guojun",2025,10.3969/j.issn.0258-8021.2025.02.004,Chinese Journal of Biomedical Engineering,included,"Sinais ambíguos no abstract, mas recuperado por string forte (Scopus-VLM-FMs/S3) com filtro endoscopia alta + IA — confiável.",Scopus (VLM/FMs)/S3,sim
Scopus (VLM/FMs),S3,S6-VLM S3 — Modelos comerciais multimodais em endoscopia,Qin2025,Enhancing gastroenterology with multimodal learning: the role of large language model chatbots in digestive endoscopy,"Qin, Yuanyuan; Chang, Jianming; Li, Li; Wu, Mianhua",2025,10.3389/fmed.2025.1583514,Frontiers in Medicine,included,DL/CV em endoscopia com achado do trato GI alto.,Scopus (VLM/FMs)/S3,sim
Scopus (VLM/FMs),S3,S6-VLM S3 — Modelos comerciais multimodais em endoscopia,Wu2025,Diagnosis assistant for liver cancer utilizing a large language model with three types of knowledge,"Wu, Xuzhou; Li, Guangxin; Wang, Xing; Xu, Zeyu; Wang, Yingni; Lei, Shuge; Xian, Jianming; Wang, Xueyu; Zhang, Yibao; Li, Gong; Yuan, Kehong",2025,10.1088/1361-6560/adcb17,Physics in Medicine and Biology,included,"Sinais ambíguos no abstract, mas recuperado por string forte (Scopus-VLM-FMs/S3) com filtro endoscopia alta + IA — confiável.",Scopus (VLM/FMs)/S3,sim
Scopus (VLM/FMs),S3,S6-VLM S3 — Modelos comerciais multimodais em endoscopia,Stammers2025,A foundation systematic review of natural language processing applied to gastroenterology & hepatology,"Stammers, Matthew; Ramgopal, Balasubramanian; Owusu Nimako, Abigail; Vyas, Anand; Nouraei, Reza; Metcalf, Cheryl; Batchelor, James; Shepherd, Jonathan; Gwiggner, Markus",2025,10.1186/s12876-025-03608-5,BMC Gastroenterology,included,Visão computacional/DL aplicada a endoscopia digestiva alta (contexto: dataset/benchmark).,Scopus (VLM/FMs)/S3,sim
Scopus (VLM/FMs),S3,S6-VLM S3 — Modelos comerciais multimodais em endoscopia,Dulai2023456,Prognostic Value of Fecal Calprotectin to Inform Treat-to-Target Monitoring in Ulcerative Colitis,"Dulai, Parambir S.; Feagan, Brian G.; Sands, Bruce E.; Chen, Jingjing; Lasch, Karen; Lirio, Richard A.",2023,10.1016/j.cgh.2022.07.027,Clinical Gastroenterology and Hepatology,included,DL/CV em endoscopia com achado do trato GI alto.,Scopus (VLM/FMs)/S3,sim
Scopus (VLM/FMs),S3,S6-VLM S3 — Modelos comerciais multimodais em endoscopia,Chatziisaak2025,Concordance of ChatGPT artificial intelligence decision-making in colorectal cancer multidisciplinary meetings: retrospective study,"Chatziisaak, Dimitrios; Burri, Pascal; Sparn, Moritz; Hahnloser, Dieter; Steffen, Thomas; Bischofberger, Stephan",2025,10.1093/bjsopen/zraf040,BJS Open,included,Visão computacional/DL aplicada a endoscopia digestiva alta.,Scopus (VLM/FMs)/S3,sim
Scopus (VLM/FMs),S3,S6-VLM S3 — Modelos comerciais multimodais em endoscopia,Parasa2025309,Natural Language Processing in Gastroenterology: Current Applications and Future Directions,"Parasa, Sravanthi; Sridhar, Arun R.",2025,10.1016/j.giec.2024.09.005,Gastrointestinal Endoscopy Clinics of North America,included,"Título/keywords indicam DL/CV em endoscopia digestiva alta ou achado GI, mesmo sem abstract.",Scopus (VLM/FMs)/S3,não
Scopus (VLM/FMs),S3,S6-VLM S3 — Modelos comerciais multimodais em endoscopia,2026,"IS and T International Symposium on Electronic Imaging 2026: 23rd Computational Imaging, COIMNG 2026",,2026,,IS and T International Symposium on Electronic Imaging Science and Technology,included,"Sinais ambíguos no abstract, mas recuperado por string forte (Scopus-VLM-FMs/S3) com filtro endoscopia alta + IA — confiável.",Scopus (VLM/FMs)/S3,sim
Scopus (VLM/FMs),S3,S6-VLM S3 — Modelos comerciais multimodais em endoscopia,Wiest2024447,Deep sight: enhancing periprocedural adverse event recording in endoscopy by structuring text documentation with privacy-preserving large language models,"Wiest, Isabella C.; Ferber, Dyke; Wittlinger, Stefan; Ebert, Matthias P.; Belle, Sebastian; Kather, Jakob Nikolas",2024,10.1016/j.igie.2024.08.001,iGIE,included,DL/CV em endoscopia com achado do trato GI alto.,Scopus (VLM/FMs)/S3,sim
Scopus (VLM/FMs),S3,S6-VLM S3 — Modelos comerciais multimodais em endoscopia,Vrdoljak2025,Evaluating large language and large reasoning models as decision support tools in emergency internal medicine,"Vrdoljak, Josip; Boban, Zvonimir; Males, Ivan; Skrabic, Roko; Kumric, Marko; Ottosen, Anna; Clemencau, Alexander; Bozic, Josko; Völker, Sebastian",2025,10.1016/j.compbiomed.2025.110351,Computers in Biology and Medicine,included,"Sinais ambíguos no abstract, mas recuperado por string forte (Scopus-VLM-FMs/S3) com filtro endoscopia alta + IA — confiável.",Scopus (VLM/FMs)/S3,sim
Scopus (VLM/FMs),S3,S6-VLM S3 — Modelos comerciais multimodais em endoscopia,2026,"13th International Conference on Ubi-Media Computing, Ubi-Media 2025 and 17th International Symposium on Pervasive Systems, Algorithms, and Networks, I-SPAN 2025",,2026,,Communications in Computer and Information Science,included,Visão computacional/DL aplicada a endoscopia digestiva alta.,Scopus (VLM/FMs)/S3,sim
Scopus (VLM/FMs),S3,S6-VLM S3 — Modelos comerciais multimodais em endoscopia,Shah2025253,Leveraging Data Pipeline and LLM to Advance Patient Safety Event Studies,"Shah, Fagun; Yu, Yue; Shi, Yuheng; Gong, Yang",2025,10.3233/SHTI250323,Studies in Health Technology and Informatics,included,"Sinais ambíguos no abstract, mas recuperado por string forte (Scopus-VLM-FMs/S3) com filtro endoscopia alta + IA — confiável.",Scopus (VLM/FMs)/S3,sim
Scopus (VLM/FMs),S3,S6-VLM S3 — Modelos comerciais multimodais em endoscopia,2026,"IS and T International Symposium on Electronic Imaging 2026: Generative AI, GenAI 2026",,2026,,IS and T International Symposium on Electronic Imaging Science and Technology,included,"Sinais ambíguos no abstract, mas recuperado por string forte (Scopus-VLM-FMs/S3) com filtro endoscopia alta + IA — confiável.",Scopus (VLM/FMs)/S3,sim
Scopus (VLM/FMs),S3,S6-VLM S3 — Modelos comerciais multimodais em endoscopia,Saraiva2025,Evaluating ChatGPT-4 for the Interpretation of Images from Several Diagnostic Techniques in Gastroenterology,"Saraiva, Miguel Mascarenhas; Ribeiro, Tiago; Agudo, Belén; Afonso, João; Mendes, Francisco; Martins, Miguel; Cardoso, Pedro; Mota, Joana; Almeida, Maria Joao; Costa, António; Gonzalez Haba Ruiz, Mariano; Widmer, Jessica; Moura, Eduardo; Javed, Ahsan; Manzione, Thiago; Nadal, Sidney; Barroso, Luis F.; de Parades, Vincent; Ferreira, João; Macedo, Guilherme",2025,10.3390/jcm14020572,Journal of Clinical Medicine,included,"Sinais ambíguos no abstract, mas recuperado por string forte (Scopus-VLM-FMs/S3) com filtro endoscopia alta + IA — confiável.",Scopus (VLM/FMs)/S3,sim
Scopus (VLM/FMs),S3,S6-VLM S3 — Modelos comerciais multimodais em endoscopia,Toiv2024e00765,Digesting Digital Health: A Study of Appropriateness and Readability of ChatGPT-Generated Gastroenterological Information,"Toiv, Avi; Saleh, Zachary; Ishak, Angela; Alsheik, Eva; Venkat, Deepak; Nandi, Neilanjan; Zuchelli, Tobias E.",2024,10.14309/ctg.0000000000000765,Clinical and Translational Gastroenterology,included,DL/CV em endoscopia com achado do trato GI alto.,Scopus (VLM/FMs)/S3,sim
Scopus (VLM/FMs),S3,S6-VLM S3 — Modelos comerciais multimodais em endoscopia,Fedulova2024,The Model of Crohn’s Disease on Large Laboratory Animals — Pigs,"Fedulova, E.N.; Saralov, S.N.; Shumilova, O.V.; Shirokova, N.Yu.; Ilyina, K.N.; Farafontova, E.A.; Rubtsova, Yu. P.; Egorikhina, Marfa N.",2024,10.17691/stm2024.16.6.04,Sovremennye Tehnologii v Medicine,included,"Sinais ambíguos no abstract, mas recuperado por string forte (Scopus-VLM-FMs/S3) com filtro endoscopia alta + IA — confiável.",Scopus (VLM/FMs)/S3,sim
Scopus (VLM/FMs),S3,S6-VLM S3 — Modelos comerciais multimodais em endoscopia,Gong2025,Role of artificial intelligence in gastric diseases,"Gong, Eun Jeong; Woo, Jieun; Lee, Jae Jun; Bang, Chang Seok",2025,10.3748/wjg.v31.i37.111327,World Journal of Gastroenterology,included,DL/CV em endoscopia com achado do trato GI alto.,Scopus (VLM/FMs)/S3; Web of Science/S1; Web of Science/S2,sim
Scopus (VLM/FMs),S3,S6-VLM S3 — Modelos comerciais multimodais em endoscopia,Ladabaum2026300,All Aboard the All-Exam Adenoma Detection Rate,"Ladabaum, Uri",2026,10.14309/ajg.0000000000003536,American Journal of Gastroenterology,included,"Título/keywords indicam DL/CV em endoscopia digestiva alta ou achado GI, mesmo sem abstract.",Scopus (VLM/FMs)/S3,não
Scopus (VLM/FMs),S3,S6-VLM S3 — Modelos comerciais multimodais em endoscopia,Zhang2026,Switch-UMamba: Dynamic scanning vision Mamba UNet for medical image segmentation,"Zhang, Ziyao; Ma, Qiankun; Zhang, Tong; Chen, Jie; Zheng, Hairong; Gao, Wen",2026,10.1016/j.media.2025.103792,Medical Image Analysis,included,"Sinais ambíguos no abstract, mas recuperado por string forte (Scopus-VLM-FMs/S3) com filtro endoscopia alta + IA — confiável.",Scopus (VLM/FMs)/S3,sim
Scopus (VLM/FMs),S3,S6-VLM S3 — Modelos comerciais multimodais em endoscopia,Carlini2026854,Large language models for detecting colorectal polyps in endoscopic images,"Carlini, Luca; Massimi, Davide; Mori, Yuichi; Antonelli, Giulio; Rizkala, Tommy; Spadaccini, Marco; Lena, Chiara; Parasa, Sravanthi; Bisschops, Raf; von Renteln, Daniel; O’Reilly, Susanne; Sharma, Prateek; Rex, Douglas K; Bretthauer, Michael; Repici, Alessandro; De Momi, Elena; Hassan, Cesare",2026,10.1136/gutjnl-2025-335091,Gut,included,"Título/keywords indicam DL/CV em endoscopia digestiva alta ou achado GI, mesmo sem abstract.",Scopus (VLM/FMs)/S3,não
Scopus (VLM/FMs),S3,S6-VLM S3 — Modelos comerciais multimodais em endoscopia,Simsek2025510,Ascending the “Hill” of Artificial Intelligence in Upper Gastrointestinal Endoscopy,"Simsek, Cem; Parsa, Nasim; Kunovsky, Lumir",2025,10.1002/ueg2.12730,United European Gastroenterology Journal,included,"Título/keywords indicam DL/CV em endoscopia digestiva alta ou achado GI, mesmo sem abstract.",Scopus (VLM/FMs)/S3,não
Scopus (VLM/FMs),S3,S6-VLM S3 — Modelos comerciais multimodais em endoscopia,Iacucci2026,"Artificial intelligence in inflammatory bowel disease: bridging innovation, implementation and impact","Iacucci, Marietta; Santacroce, Giovanni; Maeda, Yasuharu; Majumder, Snehali; Hassan, Cesare; Shung, Dennis L.; Stidham, Ryan W.; Bisschops, Raf; Naranjo, Valery; Grisan, Enrico; Ghosh, Subrata",2026,10.1038/s41575-026-01190-z,Nature Reviews Gastroenterology and Hepatology,included,"Endoscopia com contribuição metodológica relevante (multilabel, desbalanceamento, explicabilidade ou artefatos).",Scopus (VLM/FMs)/S3,sim
Scopus (VLM/FMs),S3,S6-VLM S3 — Modelos comerciais multimodais em endoscopia,Levartovsky20252449,Performance of gastroenterologists and multimodal LLMs in endoscopic EREFS scoring of Eosinophilic Esophagitis,"Levartovsky, Asaf; Dar, Lior; Fay, Shmuel; Ukashi, Offir; Shachar, Eyal; Engel, Tal; Ben-Horin, Shomron; Savarino, Edoardo V.; Ungar, Bella",2025,10.1016/j.dld.2025.11.009,Digestive and Liver Disease,included,DL/CV em endoscopia com achado do trato GI alto.,Scopus (VLM/FMs)/S3,sim
Scopus (VLM/FMs),S3,S6-VLM S3 — Modelos comerciais multimodais em endoscopia,Russotto2026,"Patient safety incidents in the psychiatric inpatient setting: determinants, consequences, and strategies. A systematic review","Russotto, Sophia; Conti, Andrea; Masini, Alice; Tempia Valenta, Silvia; Vanhaecht, Kris; Mira, José Joaquin; Panella, Massimiliano",2026,10.3389/fpsyt.2025.1703768,Frontiers in Psychiatry,included,"Sinais ambíguos no abstract, mas recuperado por string forte (Scopus-VLM-FMs/S3) com filtro endoscopia alta + IA — confiável.",Scopus (VLM/FMs)/S3,sim
Scopus (VLM/FMs),S3,S6-VLM S3 — Modelos comerciais multimodais em endoscopia,2026,"24th Mexican International Conference on Artificial Intelligence, MICAI 2025",,2026,,Lecture Notes in Computer Science,included,"Endoscopia com contribuição metodológica relevante (multilabel, desbalanceamento, explicabilidade ou artefatos).",Scopus (VLM/FMs)/S3,sim
Scopus (VLM/FMs),S3,S6-VLM S3 — Modelos comerciais multimodais em endoscopia,Gong2024,Large Language Models in Gastroenterology: Systematic Review,"Gong, Eun Jeong; Bang, Chang Seok; Lee, Jae Jun; Park, Jonghyung; Kim, Eunsil; Kim, Subeen; Kimm, Minjae; Choi, Seoung-Ho",2024,10.2196/66648,Journal of Medical Internet Research,included,Visão computacional/DL aplicada a endoscopia digestiva alta (contexto: dataset/benchmark).,Scopus (VLM/FMs)/S3,sim
Scopus (VLM/FMs),S3,S6-VLM S3 — Modelos comerciais multimodais em endoscopia,Wallace2026,Emerging Diagnostic Indications for Endoscopic Ultrasound,"Wallace, Michael B.; Majumder, Shounak; Storz, Peter; van Hooft, Jeanin E.",2026,10.1053/j.gastro.2025.07.028,Gastroenterology,included,DL/CV em endoscopia com achado do trato GI alto.,Scopus (VLM/FMs)/S3,sim
Scopus (VLM/FMs),S3,S6-VLM S3 — Modelos comerciais multimodais em endoscopia,2026,"IS and T International Symposium on Electronic Imaging 2026: Engineering Reality of Virtual Reality, ERVR 2026",,2026,,IS and T International Symposium on Electronic Imaging Science and Technology,included,"Sinais ambíguos no abstract, mas recuperado por string forte (Scopus-VLM-FMs/S3) com filtro endoscopia alta + IA — confiável.",Scopus (VLM/FMs)/S3,sim
Scopus (VLM/FMs),S3,S6-VLM S3 — Modelos comerciais multimodais em endoscopia,Nemati2024,"Improvement of esophageal cancer survival in Northeast Iran: A two-decade journey in a high-risk, low- resource region","Nemati, Saeed; Islami, Farhad; Kamangar, Farin; Poustchi, Hossein; Roshandel, Gholamreza; Shakeri, Ramin; Domingues, Allison; Khoshnia, Masoud; Gharavi, Abdolsamad; Brennan, Paul; Abnet, Christian C.; Dawsey, Sanford M.; Boffetta, Paolo; Malekzadeh, Reza; Sheikh, Mahdi",2024,10.1371/journal.pone.0310842,PLoS ONE,included,"Sinais ambíguos no abstract, mas recuperado por string forte (Scopus-VLM-FMs/S3) com filtro endoscopia alta + IA — confiável.",Scopus (VLM/FMs)/S3,sim
Scopus (VLM/FMs),S3,S6-VLM S3 — Modelos comerciais multimodais em endoscopia,Shrestha2025,Emerging role of artificial intelligence in gastroenterology and hepatology,"Shrestha, Umid K.",2025,10.3748/wjg.v31.i39.111495,World Journal of Gastroenterology,included,DL/CV em endoscopia com achado do trato GI alto.,Scopus (VLM/FMs)/S3,sim
Scopus (VLM/FMs),S3,S6-VLM S3 — Modelos comerciais multimodais em endoscopia,Gautam202653,Kvasir-VQA-x1:A Multimodal Dataset for Medical Reasoning and Robust MedVQA in Gastrointestinal Endoscopy,"Gautam, Sushant; Riegler, Michael; Halvorsen, Pål",2026,10.1007/978-3-032-08009-7_6,Lecture Notes in Computer Science,included,DL/CV em endoscopia com achado do trato GI alto.,Scopus (VLM/FMs)/S3,sim
Scopus (VLM/FMs),S3,S6-VLM S3 — Modelos comerciais multimodais em endoscopia,Staartjes2024383,Machine Intelligence in Cerebrovascular and Endovascular Neurosurgery,"Staartjes, Victor E.; Zanier, Olivier; da Mutten, Raffaele; Serra, Carlo; Regli, Luca",2024,10.1007/978-3-031-64892-2_23,Advances in Experimental Medicine and Biology,included,DL/CV em endoscopia com achado do trato GI alto.,Scopus (VLM/FMs)/S3,sim
Scopus (VLM/FMs),S3,S6-VLM S3 — Modelos comerciais multimodais em endoscopia,Yazarkan2026,Artificial intelligence in gastroenterology clinical practice: Scoping review of large language model applications,"Yazarkan, Yigit; Sonmez, Gamze; Simsek, Cem",2026,10.1016/j.ijmedinf.2026.106413,International Journal of Medical Informatics,included,DL/CV em endoscopia com achado do trato GI alto.,Scopus (VLM/FMs)/S3,sim
Scopus (VLM/FMs),S3,S6-VLM S3 — Modelos comerciais multimodais em endoscopia,Fuchs2025,Augmenting Patient Education in Hand Surgery—Evaluation of ChatGPT as an Informational Tool in Carpal Tunnel Syndrome,"Fuchs, Benedikt; Thierfelder, Nikolaus; Aranda, Irene Mesas; Alt, Verena; Kuhlmann, Constanze; Haas-Lützenberger, Elisabeth M.; Koban, Konstantin C.; Giunta, Riccardo E.; Mert, Sinan",2025,10.3390/medicina61091677,Medicina (Lithuania),included,"Sinais ambíguos no abstract, mas recuperado por string forte (Scopus-VLM-FMs/S3) com filtro endoscopia alta + IA — confiável.",Scopus (VLM/FMs)/S3,sim
Scopus (VLM/FMs),S3,S6-VLM S3 — Modelos comerciais multimodais em endoscopia,Li20252039,ChatGPT Develops a Natural Language Processing Algorithm for Automated Calculation of Colonoscopy Quality Metrics,"Li, Thomas Y.; Mansour, Nabil M.",2025,10.1016/j.cgh.2025.02.029,Clinical Gastroenterology and Hepatology,included,"Título/keywords indicam DL/CV em endoscopia digestiva alta ou achado GI, mesmo sem abstract.",Scopus (VLM/FMs)/S3,não
Scopus (VLM/FMs),S3,S6-VLM S3 — Modelos comerciais multimodais em endoscopia,Shi202596,Unveiling Endoscopic Procedures in MAUDE: An ETL-LLM Method,"Shi, Yuheng; Yang, Eric; Gong, Yang",2025,10.3233/SHTI250680,Studies in Health Technology and Informatics,included,"Sinais ambíguos no abstract, mas recuperado por string forte (Scopus-VLM-FMs/S3) com filtro endoscopia alta + IA — confiável.",Scopus (VLM/FMs)/S3,sim
Scopus (VLM/FMs),S3,S6-VLM S3 — Modelos comerciais multimodais em endoscopia,Sedano2025,Artificial intelligence to revolutionize IBD clinical trials: a comprehensive review,"Sedano, Rocio; Solitano, Virginia; Vuyyuru, Sudheer K.; Yuan, Yuhong; Hanžel, Jurij; Ma, Christopher; Nardone, Olga Maria; Jairath, Vipul",2025,10.1177/17562848251321915,Therapeutic Advances in Gastroenterology,included,"Sinais ambíguos no abstract, mas recuperado por string forte (Scopus-VLM-FMs/S3) com filtro endoscopia alta + IA — confiável.",Scopus (VLM/FMs)/S3,sim
Scopus (VLM/FMs),S3,S6-VLM S3 — Modelos comerciais multimodais em endoscopia,Qiu2024,The application of multimodal large language models in medicine,"Qiu, Jianing; Yuan, Wu; Lam, Kyle",2024,10.1016/j.lanwpc.2024.101048,The Lancet Regional Health - Western Pacific,included,"Título/keywords indicam DL/CV em endoscopia digestiva alta ou achado GI, mesmo sem abstract.",Scopus (VLM/FMs)/S3,não
Scopus (VLM/FMs),S3,S6-VLM S3 — Modelos comerciais multimodais em endoscopia,Hack20262353,Retrieval-augmented generative AI enhances clinical reasoning in odontogenic sinusitis versus maxillary sinus mucositis,"Hack, Sholem; Craig, John R.; Lin, Chih-Feng; Fu, Chia-Hsiang; Kwiatkowska, Marta Aleksandra; Kocum, Petr; Allevi, Fabiana; Saibene, Alberto Maria",2026,10.1007/s00405-026-10040-2,European Archives of Oto-Rhino-Laryngology,included,"Sinais ambíguos no abstract, mas recuperado por string forte (Scopus-VLM-FMs/S3) com filtro endoscopia alta + IA — confiável.",Scopus (VLM/FMs)/S3,sim
Scopus (VLM/FMs),S3,S6-VLM S3 — Modelos comerciais multimodais em endoscopia,Zhang2026,Non-contrast CT esophageal varices grading through clinical prior-enhanced multi-organ analysis,"Zhang, Xiaoming; Li, Chunli; Hao, Jiacheng; Gao, Yuan; Tu, Danyang; Qiao, Jianyi; Yin, Xiaoli; Lu, Le; Zhang, Ling; Yan, Ke; Hou, Yang; Shi, Yu",2026,10.1016/j.media.2025.103924,Medical Image Analysis,included,DL/CV em endoscopia com achado do trato GI alto.,Scopus (VLM/FMs)/S3,sim
Scopus (VLM/FMs),S3,S6-VLM S3 — Modelos comerciais multimodais em endoscopia,Bryant2024,Artificial intelligence to unlock real-world evidence in clinical oncology: A primer on recent advances,"Bryant, Alex K.; Zamora-Resendiz, Rafael; Dai, Xin; Morrow, Destinee; Lin, Yuewei; Jungles, Kassidy M.; Rae, James M.; Tate, Akshay; Pearson, Ashley N.; Jiang, Ralph; Fritsche, Lars; Lawrence, Theodore S.; Zou, Weiping; Schipper, Matthew; Ramnath, Nithya; Yoo, Shinjae; Crivelli, Silvia; Green, Michael D.",2024,10.1002/cam4.7253,Cancer Medicine,included,"Sinais ambíguos no abstract, mas recuperado por string forte (Scopus-VLM-FMs/S3) com filtro endoscopia alta + IA — confiável.",Scopus (VLM/FMs)/S3,sim
Scopus (VLM/FMs),S3,S6-VLM S3 — Modelos comerciais multimodais em endoscopia,Khanna2024,Artificial Intelligence in Multilingual Interpretation and Radiology Assessment for Clinical Language Evaluation (AI-MIRACLE),"Khanna, Praneet; Dhillon, Gagandeep; Buddhavarapu, Venkata; Verma, Ram; Kashyap, Rahul; Grewal, Harpreet",2024,10.3390/jpm14090923,Journal of Personalized Medicine,included,"Sinais ambíguos no abstract, mas recuperado por string forte (Scopus-VLM-FMs/S3) com filtro endoscopia alta + IA — confiável.",Scopus (VLM/FMs)/S3,sim
Scopus (VLM/FMs),S3,S6-VLM S3 — Modelos comerciais multimodais em endoscopia,Liu2025,The Reliability and Quality of Videos as Guidance for Gastrointestinal Endoscopy: Cross-Sectional Study,"Liu, Jinpei; Qiu, Yifan; Liu, Yilong; Xu, Wenping; Ning, Weichen; Shi, Peimei; Yuan, Zongli; Wang, Fang; Shi, Yihai",2025,10.2196/58855,Journal of Medical Internet Research,included,Visão computacional/DL aplicada a endoscopia digestiva alta.,Scopus (VLM/FMs)/S3,sim
Scopus (VLM/FMs),S3,S6-VLM S3 — Modelos comerciais multimodais em endoscopia,2026,"IS and T International Symposium on Electronic Imaging 2026: High Performance Computing for Imaging, HPCI 2026",,2026,,IS and T International Symposium on Electronic Imaging Science and Technology,included,"Sinais ambíguos no abstract, mas recuperado por string forte (Scopus-VLM-FMs/S3) com filtro endoscopia alta + IA — confiável.",Scopus (VLM/FMs)/S3,sim
Scopus (VLM/FMs),S3,S6-VLM S3 — Modelos comerciais multimodais em endoscopia,Au20251,Cost vs clinical utility on application of large language models in clinical practice: A double-edged sword,"Au, Sunny Chi Lik",2025,10.4251/wjgo.v17.i12.114341,World Journal of Gastrointestinal Oncology,included,"Sinais ambíguos no abstract, mas recuperado por string forte (Scopus-VLM-FMs/S3) com filtro endoscopia alta + IA — confiável.",Scopus (VLM/FMs)/S3,sim
Scopus (VLM/FMs),S3,S6-VLM S3 — Modelos comerciais multimodais em endoscopia,Rugge2026147,Pathologists emphasize diagnostic consistency in colorectal early neoplasia,"Rugge, Massimo; Fraschini, Matteo; Faa, Gavino",2026,10.1016/j.dld.2025.10.014,Digestive and Liver Disease,included,"Título/keywords indicam DL/CV em endoscopia digestiva alta ou achado GI, mesmo sem abstract.",Scopus (VLM/FMs)/S3,não
Scopus (VLM/FMs),S3,S6-VLM S3 — Modelos comerciais multimodais em endoscopia,Qiao2025715,Artificial Intelligence in Pituitary Disease,"Qiao, Nidan",2025,10.1016/j.ecl.2025.06.004,Endocrinology and Metabolism Clinics of North America,included,"Título/keywords indicam DL/CV em endoscopia digestiva alta ou achado GI, mesmo sem abstract.",Scopus (VLM/FMs)/S3,não
Scopus (VLM/FMs),S3,S6-VLM S3 — Modelos comerciais multimodais em endoscopia,2026,"IS and T International Symposium on Electronic Imaging 2026: 37th Stereoscopic Displays and Applications, SDA 2026",,2026,,IS and T International Symposium on Electronic Imaging Science and Technology,included,"Sinais ambíguos no abstract, mas recuperado por string forte (Scopus-VLM-FMs/S3) com filtro endoscopia alta + IA — confiável.",Scopus (VLM/FMs)/S3,sim
Scopus (VLM/FMs),S3,S6-VLM S3 — Modelos comerciais multimodais em endoscopia,2025,"2nd International Conference on Applied Algorithms, ICAA 2025",,2025,,Lecture Notes in Computer Science,included,"Endoscopia com contribuição metodológica relevante (multilabel, desbalanceamento, explicabilidade ou artefatos).",Scopus (VLM/FMs)/S3,sim
Scopus (VLM/FMs),S3,S6-VLM S3 — Modelos comerciais multimodais em endoscopia,Hu2026,Automated Tumor and Node Staging from Esophageal Cancer Endoscopic Ultrasound Reports: A Benchmark of Advanced Reasoning Models with Prompt Engineering and Cross-Lingual Evaluation,"Hu, Xudong; Feng, Lingde; Jing, Bingzhong; Luo, Linna; Tan, Wencheng; Li, Yin; Zheng, Xinyi; Huang, Xinxin; Lin, Shiyong; Wu, Huiling; He, Longjun",2026,10.3390/diagnostics16020215,Diagnostics,included,DL/CV em endoscopia com achado do trato GI alto.,Scopus (VLM/FMs)/S3,sim
Scopus (VLM/FMs),S3,S6-VLM S3 — Modelos comerciais multimodais em endoscopia,2026,"IS and T International Symposium on Electronic Imaging 2026: 23rd Image Quality and System Performance, IQSP 2026",,2026,,IS and T International Symposium on Electronic Imaging Science and Technology,included,"Sinais ambíguos no abstract, mas recuperado por string forte (Scopus-VLM-FMs/S3) com filtro endoscopia alta + IA — confiável.",Scopus (VLM/FMs)/S3,sim
Scopus (VLM/FMs),S3,S6-VLM S3 — Modelos comerciais multimodais em endoscopia,2026,"IS and T International Symposium on Electronic Imaging 2026: Imaging Sensors and Systems, ISS 2026",,2026,,IS and T International Symposium on Electronic Imaging Science and Technology,included,"Sinais ambíguos no abstract, mas recuperado por string forte (Scopus-VLM-FMs/S3) com filtro endoscopia alta + IA — confiável.",Scopus (VLM/FMs)/S3,sim
Scopus (VLM/FMs),S3,S6-VLM S3 — Modelos comerciais multimodais em endoscopia,Rizkala20252070,Artificial Intelligence in Gastroenterology,"Rizkala, Tommy; Hassan, Cesare",2025,10.1016/j.dld.2025.09.001,Digestive and Liver Disease,included,"Título/keywords indicam DL/CV em endoscopia digestiva alta ou achado GI, mesmo sem abstract.",Scopus (VLM/FMs)/S3,não
Scopus (VLM/FMs),S3,S6-VLM S3 — Modelos comerciais multimodais em endoscopia,2026,"IS and T International Symposium on Electronic Imaging 2026: Imaging and Multimedia Analytics at the Edge, IMAGE 2026",,2026,,IS and T International Symposium on Electronic Imaging Science and Technology,included,"Sinais ambíguos no abstract, mas recuperado por string forte (Scopus-VLM-FMs/S3) com filtro endoscopia alta + IA — confiável.",Scopus (VLM/FMs)/S3,sim
Scopus (VLM/FMs),S3,S6-VLM S3 — Modelos comerciais multimodais em endoscopia,Gonzalez-Zapata2024,A metric learning approach for endoscopic kidney stone identification,"Gonzalez-Zapata, Jorge; Lopez-Tiro, Francisco; Villalvazo-Avila, Elias; Flores-Araiza, Daniel; Hubert, Jacques; Ochoa-Ruiz, Gilberto; Daul, Christian; Mendez-Vazquez, Andres",2024,10.1016/j.eswa.2024.124711,Expert Systems with Applications,included,"Sinais ambíguos no abstract, mas recuperado por string forte (Scopus-VLM-FMs/S3) com filtro endoscopia alta + IA — confiável.",Scopus (VLM/FMs)/S3,sim
Scopus (VLM/FMs),S3,S6-VLM S3 — Modelos comerciais multimodais em endoscopia,2026,"IS and T International Symposium on Electronic Imaging 2026: Autonomous Vehicles and Machines, AVM 2026",,2026,,IS and T International Symposium on Electronic Imaging Science and Technology,included,"Sinais ambíguos no abstract, mas recuperado por string forte (Scopus-VLM-FMs/S3) com filtro endoscopia alta + IA — confiável.",Scopus (VLM/FMs)/S3,sim
Scopus (VLM/FMs),S3,S6-VLM S3 — Modelos comerciais multimodais em endoscopia,Gorelik2026,High accuracy of large language models in delivering recommendations for Barrett’s esophagus management using real-world multilingual data—proof of concept study,"Gorelik, Yuri; Mazzawi, Fares; Beany, Andrawus; Klein, Amir",2026,10.1093/dote/doaf136,Diseases of the Esophagus,included,Visão computacional/DL aplicada a endoscopia digestiva alta.,Scopus (VLM/FMs)/S3,sim
Scopus (VLM/FMs),S3,S6-VLM S3 — Modelos comerciais multimodais em endoscopia,La2025163,LViTES: Leveraging Vision and Text for Enhancing Segmentation of Endoscopic Images,"La, Thang; Tran, Minh-Hanh; Dao, Viet-Hang; Tran, Thanh-Hai",2025,10.1007/978-981-96-2644-1_12,Lecture Notes in Computer Science,included,DL/CV em endoscopia com achado do trato GI alto.,Scopus (VLM/FMs)/S3,sim
Scopus (VLM/FMs),S3,S6-VLM S3 — Modelos comerciais multimodais em endoscopia,Zheng2025,Adapting the ChatGPT architecture for efficient AI representation and modelling of optical fibre transmission matrices,"Zheng, Yijie; Kilpatrick, Robert J.; Yang, Qing; Phillips, David B.; Gordon, George S. D.",2025,10.1109/ICTON67126.2025.11125157,International Conference on Transparent Optical Networks,included,"Sinais ambíguos no abstract, mas recuperado por string forte (Scopus-VLM-FMs/S3) com filtro endoscopia alta + IA — confiável.",Scopus (VLM/FMs)/S3,sim
Scopus (VLM/FMs),S3,S6-VLM S3 — Modelos comerciais multimodais em endoscopia,Dronkers2025871,Evaluating the Potential of AI Chatbots in Treatment Decision-making for Acquired Bilateral Vocal Fold Paralysis in Adults,"Dronkers, Emilie A.C.; Geneid, Ahmed; al Yaghchi, Chadwan; Lechien, Jerome R.",2025,10.1016/j.jvoice.2024.02.020,Journal of Voice,included,DL/CV em endoscopia com achado do trato GI alto.,Scopus (VLM/FMs)/S3,sim
Scopus (VLM/FMs),S3,S6-VLM S3 — Modelos comerciais multimodais em endoscopia,Huo20242320,The performance of artificial intelligence large language model-linked chatbots in surgical decision-making for gastroesophageal reflux disease,"Huo, Bright; Calabrese, Elisa; Sylla, Patricia; Kumar, Sunjay; Ignacio, Romeo C.; Oviedo, Rodolfo; Hassan, Imran; Slater, Bethany J.; Kaiser, Andreas; Walsh, Danielle S.; Vosburg, Wesley",2024,10.1007/s00464-024-10807-w,Surgical Endoscopy,included,DL/CV em endoscopia com achado do trato GI alto.,Scopus (VLM/FMs)/S3,sim
Scopus (VLM/FMs),S3,S6-VLM S3 — Modelos comerciais multimodais em endoscopia,Shi2025194,Leveraging LLMs to Understand Narratives in Maude Reports,"Shi, Yuheng; Gong, Yang",2025,10.3233/SHTI250076,Studies in Health Technology and Informatics,included,"Sinais ambíguos no abstract, mas recuperado por string forte (Scopus-VLM-FMs/S3) com filtro endoscopia alta + IA — confiável.",Scopus (VLM/FMs)/S3,sim
Scopus (VLM/FMs),S3,S6-VLM S3 — Modelos comerciais multimodais em endoscopia,Hernandez2025382,Redefining the endoscopic retrograde cholangiopancreatography endpoint: a 30-day perspective on patient care,"Hernandez, Lyndon V.",2025,10.1016/j.gie.2025.03.645,Gastrointestinal Endoscopy,included,"Título/keywords indicam DL/CV em endoscopia digestiva alta ou achado GI, mesmo sem abstract.",Scopus (VLM/FMs)/S3,não
Scopus (VLM/FMs),S3,S6-VLM S3 — Modelos comerciais multimodais em endoscopia,Alharthi20261,Updated evidence on the accuracy of 18F-fluorodeoxyglucose positron emission tomography/computed tomography in esophageal cancer staging: a systematic review of studies published between 2017 and 2024,"Alharthi, Omar Abdulaziz; Esailan, Muhanad Mohammad; Tammar, Rahaf Sameer; Alsaif, Ahmed Khalifah; Alammar, Juman Omar; Alharbi, Latifh Madallah; Alghamdi, Shatha K.; Shuayl, Mohammed Khalid Bin",2026,10.21037/qims-2025-1486,Quantitative Imaging in Medicine and Surgery,included,DL/CV em endoscopia com achado do trato GI alto.,Scopus (VLM/FMs)/S3,sim
Scopus (VLM/FMs),S3,S6-VLM S3 — Modelos comerciais multimodais em endoscopia,Tan2024183,Clinical use cases in artificial intelligence: Current trends and future opportunities,"Tan, Cher Heng; Goh, Wilson Wen Bin; So, Jimmy Bok Yan; Sung, Joseph J Y",2024,10.4103/singaporemedj.SMJ-2023-193,Singapore Medical Journal,included,"Título/keywords indicam DL/CV em endoscopia digestiva alta ou achado GI, mesmo sem abstract.",Scopus (VLM/FMs)/S3,não
Scopus (VLM/FMs),S3,S6-VLM S3 — Modelos comerciais multimodais em endoscopia,Chhibba20252088,Generalizability of Randomized Controlled Trials to Routine Clinical Care in Ulcerative Colitis,"Chhibba, Tarun; Frolkis, Alexandra; Stein, Levi R; Lee, Sangmin; Schill, Kaela; Mitevska, Elena; Judge, Allap K; Martin, Marie-Louise; Martin, Meaghan; Novak, Kerri L; Lu, Cathy; Ingram, Richard J. M; Chan, Melissa M; Shukla, Tushar; Seow, Cynthia H; Kaplan, Gilaad G; Ananthakrishnan, Ashwin N; Panaccione, Remo; Ma, Christopher",2025,10.1093/ibd/izaf012,Inflammatory Bowel Diseases,included,"Sinais ambíguos no abstract, mas recuperado por string forte (Scopus-VLM-FMs/S3) com filtro endoscopia alta + IA — confiável.",Scopus (VLM/FMs)/S3,sim
Scopus (VLM/FMs),S3,S6-VLM S3 — Modelos comerciais multimodais em endoscopia,Tian2025,Human beta defensin-2 protects the epithelial barrier during methicillin-resistant Staphylococcus aureus infection in chronic rhinosinusitis with nasal polyps,"Tian, Tengfei; Hsu, Szuyao; Sun, Qin; Shi, Yang; Hu, Xianyang; Wu, Yang; Zhao, Keqing; Zheng, Chunquan",2025,10.3389/fcimb.2025.1551080,Frontiers in Cellular and Infection Microbiology,included,"Endoscopia sem CV explícito no abstract, mas recuperado por string forte (Scopus-VLM-FMs/S3) que filtra IA/DL — confiável.",Scopus (VLM/FMs)/S3,sim
Scopus (VLM/FMs),S3,S6-VLM S3 — Modelos comerciais multimodais em endoscopia,2026,"IS and T International Symposium on Electronic Imaging 2026: Media Watermarking, Security, and Forensics, MWSF 2026",,2026,,IS and T International Symposium on Electronic Imaging Science and Technology,included,"Sinais ambíguos no abstract, mas recuperado por string forte (Scopus-VLM-FMs/S3) com filtro endoscopia alta + IA — confiável.",Scopus (VLM/FMs)/S3,sim
Scopus (VLM/FMs),S3,S6-VLM S3 — Modelos comerciais multimodais em endoscopia,Uekado2026,ChatGPT-Assisted Image Interpretation for Inflammatory Bowel Diseases: Ulcerative Colitis and Crohn's Disease,"Uekado, Hiroki; Watanabe, Daisuke; Aoyama, Yuichiro; Kawase, Hina; Ikeda, Sayaka; Shiraki, Aya; Pajimna, Jessica; Agawa, Misaki; Nakamura, Hirotaka; Ito, Yuki; Okamoto, Norihiro; Miyazaki, Haruka; Ku, Yuna; Ooi, Makoto; Hoshi, Namiko; Kodama, Yuzo",2026,10.1002/jgh3.70396,JGH Open,included,DL/CV em endoscopia com achado do trato GI alto.,Scopus (VLM/FMs)/S3,sim
Scopus (VLM/FMs),S3,S6-VLM S3 — Modelos comerciais multimodais em endoscopia,Cimenoglu2023235,Foreign Body Reaction Mimicking Lymph Node Metastasis is Not Rare After Lung Cancer Resection,"Cimenoglu, Berk; Dogruyol, Talha; Ozdemir, Attila; Buz, Mesut; Ece, Dilek; Comert, Sevda Sener; Demirhan, Recep",2023,10.1055/a-2161-0690,Thoracic and Cardiovascular Surgeon,included,"Sinais ambíguos no abstract, mas recuperado por string forte (Scopus-VLM-FMs/S3) com filtro endoscopia alta + IA — confiável.",Scopus (VLM/FMs)/S3,sim
