base,string_id,titulo_interpretativo_string,bibtex_key_original,title,authors,year,doi,venue,status,motivo,origens,tem_abstract
IEEE,S1,IEEE S1 — Principal: IA/DL em endoscopia digestiva alta,11378939,Spatio-Temporal Deep Learning for GERD Severity Classification in Endoscopic Videos,"R, Kabilesh Kumar; Shyni, I Domilin; S, Manish Dutt",2025,10.1109/IDICAIHEI65991.2025.11378939,"2025 3rd DMIHER International Conference on Artificial Intelligence in Healthcare, Education and Industry (IDICAIHEI)",duplicate,Duplicata de 'Spatio-Temporal Deep Learning for GERD Severity Classification in Endoscopic Vid…' já presente em Scopus/S1.,IEEE/S1,sim
IEEE,S1,IEEE S1 — Principal: IA/DL em endoscopia digestiva alta,10200950,Gastric Endoscopy Image Classification Based on MobileSiT-SimAM,"Xia, Xin; Luo, WenJie; Li, Tan; Liu, ZeMin",2023,10.1109/ICEIEC58029.2023.10200950,2023 IEEE 13th International Conference on Electronics Information and Emergency Communication (ICEIEC),duplicate,Duplicata de 'Gastric Endoscopy Image Classification Based on MobileSiT-SimAM…' já presente em Scopus/S1.,IEEE/S1,sim
IEEE,S1,IEEE S1 — Principal: IA/DL em endoscopia digestiva alta,8657018,Automatic Analysis of Endoscopic Images for Polyps Detection and Segmentation,"Pozdeev, Alexandr A.; Obukhova, Nataliia A.; Motyko, Alexandr A.",2019,10.1109/EIConRus.2019.8657018,2019 IEEE Conference of Russian Young Researchers in Electrical and Electronic Engineering (EIConRus),duplicate,Duplicata de 'Automatic analysis of endoscopic images for polyps detection and segmentation…' já presente em Scopus/S1.,IEEE/S1,sim
IEEE,S1,IEEE S1 — Principal: IA/DL em endoscopia digestiva alta,8513274,Automatic detection of early gastric cancer in endoscopic images using a transferring convolutional neural network,"Sakai, Y.; Takemoto, S.; Hori, K.; Nishimura, M.; Ikematsu, H.; Yano, T.; Yokota, H.",2018,10.1109/EMBC.2018.8513274,2018 40th Annual International Conference of the IEEE Engineering in Medicine and Biology Society (EMBC),duplicate,Duplicata de 'Automatic detection of early gastric cancer in endoscopic images using a transfe…' já presente em Scopus/S1.,IEEE/S1,sim
IEEE,S1,IEEE S1 — Principal: IA/DL em endoscopia digestiva alta,7407907,Lesion detection of endoscopy images based on convolutional neural network features,"Zhu, Rongsheng; Zhang, Rong; Xue, Dixiu",2015,10.1109/CISP.2015.7407907,2015 8th International Congress on Image and Signal Processing (CISP),duplicate,Duplicata de 'Lesion detection of endoscopy images based on convolutional neural network featu…' já presente em Scopus/S1.,IEEE/S1,sim
IEEE,S1,IEEE S1 — Principal: IA/DL em endoscopia digestiva alta,10742420,Simultaneous Segmentation and Classification of Esophageal Lesions Using Attention Gating Pyramid Vision Transformer,"Ge, Peixuan; Yan, Tao; Wong, Pak Kin; Li, Zheng; Chan, In Neng; Yu, Hon Ho; Chan, Chon In; Yao, Liang; Hu, Ying; Gao, Shan",2025,10.1109/TETCI.2024.3485704,IEEE Transactions on Emerging Topics in Computational Intelligence,duplicate,Duplicata de 'Simultaneous Segmentation and Classification of Esophageal Lesions Using Attenti…' já presente em Scopus/S1.,IEEE/S1,sim
IEEE,S1,IEEE S1 — Principal: IA/DL em endoscopia digestiva alta,10394686,Segmentation and Classification of Gastric Cancer from Endoscopic Image Dataset with the Aid of Artificial Intelligence,"Anitha, Cuddapah; Srinivas Rao, Vemu; R, Ramyadevi.; R, Maya.; Debroy, Subhasish; R, Mahaveerakannan",2023,10.1109/ICECA58529.2023.10394686,"2023 7th International Conference on Electronics, Communication and Aerospace Technology (ICECA)",duplicate,Duplicata de 'Segmentation and Classification of Gastric Cancer from Endoscopic Image Dataset …' já presente em Scopus/S1.,IEEE/S1,sim
IEEE,S1,IEEE S1 — Principal: IA/DL em endoscopia digestiva alta,8359121,Detecting and Locating Gastrointestinal Anomalies Using Deep Learning and Iterative Cluster Unification,"Iakovidis, Dimitris K.; Georgakopoulos, Spiros V.; Vasilakakis, Michael; Koulaouzidis, Anastasios; Plagianakos, Vassilis P.",2018,10.1109/TMI.2018.2837002,IEEE Transactions on Medical Imaging,duplicate,Duplicata de 'Detecting and Locating Gastrointestinal Anomalies Using Deep Learning and Iterat…' já presente em Scopus/S1.,IEEE/S1,sim
IEEE,S1,IEEE S1 — Principal: IA/DL em endoscopia digestiva alta,8962033,Non-Local Attention and Densely-Connected Convolutional Neural Networks for Malignancy Suspiciousness Classification of Gastric Ulcer,"Sun, Muyi; Liang, Kaiyi; Zhang, Wenbao; Chang, Qing; Zhou, Xiaoguang",2020,10.1109/ACCESS.2020.2967350,IEEE Access,duplicate,Duplicata de 'Non-Local attention and Densely-Connected Convolutional Neural Networks for Mali…' já presente em Scopus/S1.,IEEE/S1,sim
IEEE,S1,IEEE S1 — Principal: IA/DL em endoscopia digestiva alta,11356517,EndoCADx: A Real-Time LVLM-Based CADx System for Multimodal Diagnosis of Gastric Lesions in White-Light Endoscopy,"Hu, Shan; Jiang, Yuhan; Xiong, Tingshun; Xiao, Changhong; Jiang, Ruiqing; Chen, Yiyun; Mei, Bin; Wu, Lianlian; Wang, Zhongyuan",2025,10.1109/BIBM66473.2025.11356517,2025 IEEE International Conference on Bioinformatics and Biomedicine (BIBM),duplicate,Duplicata de 'EndoCADx: A Real-Time LVLM-Based CADx System for Multimodal Diagnosis of Gastric…' já presente em Scopus (VLM/FMs)/S1.,IEEE/S1,sim
IEEE,S1,IEEE S1 — Principal: IA/DL em endoscopia digestiva alta,10872498,Research on Gastritis Endoscopic Images Classification Based on SE-RepLKNet,"Jin, Xinao; Zhao, Yining; Cao, Yuqi; Zhang, Gangzhi; Zhang, Guangxin; Han, Yuehua",2024,10.1109/ICCVIT63928.2024.10872498,"2024 2nd International Conference on Computer, Vision and Intelligent Technology (ICCVIT)",duplicate,Duplicata de 'Research on Gastritis Endoscopic Images Classification Based on SE-RepLKNet…' já presente em Scopus/S1.,IEEE/S1,sim
IEEE,S1,IEEE S1 — Principal: IA/DL em endoscopia digestiva alta,11416192,"A Lesion-Based Attention Mechanism for Real-Time, Lightweight, and Performance-Enhanced Endoscopic Image Analysis","Yoon, Namkyung; Joo, Hyeontae; Kim, Hwangnam",2025,10.1109/AIoT66900.2025.00089,2025 IEEE Annual Congress on Artificial Intelligence of Things (AIoT),duplicate,"Duplicata de 'A Lesion-Based Attention Mechanism for Real-Time, Lightweight, and Performance-E…' já presente em Scopus/S1.",IEEE/S1,sim
IEEE,S1,IEEE S1 — Principal: IA/DL em endoscopia digestiva alta,9701513,Classification of anatomical landmarks from upper gastrointestinal endoscopic images⋆,"Tran, Thanh-Hai; Nguyen, Phuong-Thao; Tran, Duc-Huy; Manh, Xuan-Huy; Vu, Danh-Huy; Ho, Nguyen-Khang; Do, Khanh-Linh; Nguyen, Van-Tuan; Nguyen, Long-Thuy; Dao, Viet-Hang; Vu, Hai",2021,10.1109/NICS54270.2021.9701513,2021 8th NAFOSTED Conference on Information and Computer Science (NICS),duplicate,Duplicata de 'Classification of anatomical landmarks from upper gastrointestinal endoscopic im…' já presente em Scopus/S1.,IEEE/S1,sim
IEEE,S1,IEEE S1 — Principal: IA/DL em endoscopia digestiva alta,11374532,Foundational Multi-Task Multimodal Model for Upper GI Endoscopy*,"He, Yuxuan; Chen, Qilei; Liu, Benyuan; Cao, Yu",2025,10.1109/ICCVW69036.2025.00689,2025 IEEE/CVF International Conference on Computer Vision Workshops (ICCVW),duplicate,Duplicata de 'Foundational Multi-Task Multimodal Model for Upper GI Endoscopy…' já presente em Scopus (VLM/FMs)/S1.,IEEE/S1,sim
IEEE,S1,IEEE S1 — Principal: IA/DL em endoscopia digestiva alta,10230483,Automatic Classification of Esophagogastroduodenoscopy Sub-Anatomical Regions,"Bravo, Diego; Ruano, Josué; Jaramillo, María; Gallego, Daniel; Gómez, Martín; González, Fabio A.; Romero, Eduardo",2023,10.1109/ISBI53787.2023.10230483,2023 IEEE 20th International Symposium on Biomedical Imaging (ISBI),duplicate,Duplicata de 'Automatic Classification of Esophagogastroduodenoscopy Sub-Anatomical Regions…' já presente em Scopus/S1.,IEEE/S1,sim
IEEE,S1,IEEE S1 — Principal: IA/DL em endoscopia digestiva alta,10128879,Gastric Section Correlation Network for Gastric Precancerous Lesion Diagnosis,"Jhang, Jyun-Yao; Tsai, Yu-Ching; Hsu, Tzu-Chun; Huang, Chun-Rong; Cheng, Hsiu-Chi; Sheu, Bor-Shyang",2024,10.1109/OJEMB.2023.3277219,IEEE Open Journal of Engineering in Medicine and Biology,duplicate,Duplicata de 'Gastric Section Correlation Network for Gastric Precancerous Lesion Diagnosis…' já presente em Scopus/S1.,IEEE/S1,sim
IEEE,S1,IEEE S1 — Principal: IA/DL em endoscopia digestiva alta,10581445,Segmentation of Gastric Cancer Pathological Slice Cancerous Region Based on Lightweight Improved SAM,"Li, Lanlan; Geng, Yi; Huang, Liqin; Li, Juan; Niu, Decao",2024,10.1109/AINIT61980.2024.10581445,"2024 5th International Seminar on Artificial Intelligence, Networking and Information Technology (AINIT)",duplicate,Duplicata de 'Segmentation of Gastric Cancer Pathological Slice Cancerous Region Based on Ligh…' já presente em Scopus/S1.,IEEE/S1,sim
IEEE,S1,IEEE S1 — Principal: IA/DL em endoscopia digestiva alta,10635860,Automated Detection and Segmentation of Glioblastoma in MRI Using Multi-Level Diffusion Transformer U-Net,"Masood, Anum; Naseem, Usman; Rashid, Junaid; Razzak, Imran",2024,10.1109/ISBI56570.2024.10635860,2024 IEEE International Symposium on Biomedical Imaging (ISBI),duplicate,"Duplicata de 'AUTOMATED DETECTION AND SEGMENTATION OF GLIOBLASTOMA IN MRI USING
MULTI-LEVEL DI…' já presente em Web of Science/S1.",IEEE/S1,sim
IEEE,S2,IEEE S2 — DL/CNN específico para endoscopia alta,8919015,Gastric Section Detection Based on Decision Fusion of Convolutional Neural Networks,"Lin, Ting-Hsuan; Huang, Chun-Rong; Cheng, Hsiu-Chi; Sheu, Bor-Shyang",2019,10.1109/BIOCAS.2019.8919015,2019 IEEE Biomedical Circuits and Systems Conference (BioCAS),duplicate,Duplicata de 'Gastric Section Detection Based on Decision Fusion of Convolutional Neural Netwo…' já presente em IEEE/S1.,IEEE/S2,sim
IEEE,S2,IEEE S2 — DL/CNN específico para endoscopia alta,11378939,Spatio-Temporal Deep Learning for GERD Severity Classification in Endoscopic Videos,"R, Kabilesh Kumar; Shyni, I Domilin; S, Manish Dutt",2025,10.1109/IDICAIHEI65991.2025.11378939,"2025 3rd DMIHER International Conference on Artificial Intelligence in Healthcare, Education and Industry (IDICAIHEI)",duplicate,Duplicata de 'Spatio-Temporal Deep Learning for GERD Severity Classification in Endoscopic Vid…' já presente em Scopus/S1.,IEEE/S2,sim
IEEE,S2,IEEE S2 — DL/CNN específico para endoscopia alta,10200950,Gastric Endoscopy Image Classification Based on MobileSiT-SimAM,"Xia, Xin; Luo, WenJie; Li, Tan; Liu, ZeMin",2023,10.1109/ICEIEC58029.2023.10200950,2023 IEEE 13th International Conference on Electronics Information and Emergency Communication (ICEIEC),duplicate,Duplicata de 'Gastric Endoscopy Image Classification Based on MobileSiT-SimAM…' já presente em Scopus/S1.,IEEE/S2,sim
IEEE,S2,IEEE S2 — DL/CNN específico para endoscopia alta,8657018,Automatic Analysis of Endoscopic Images for Polyps Detection and Segmentation,"Pozdeev, Alexandr A.; Obukhova, Nataliia A.; Motyko, Alexandr A.",2019,10.1109/EIConRus.2019.8657018,2019 IEEE Conference of Russian Young Researchers in Electrical and Electronic Engineering (EIConRus),duplicate,Duplicata de 'Automatic analysis of endoscopic images for polyps detection and segmentation…' já presente em Scopus/S1.,IEEE/S2,sim
IEEE,S2,IEEE S2 — DL/CNN específico para endoscopia alta,9871776,Malignancy Suspicious Region Guided Deep Neural Networks for Gastric Ulcer Classification,"Zheng, Xiaoyan; Zeng, Zeng; Ma, Can; Chang, Qing; Zhao, Ziyuan; Yang, Xulei",2022,10.1109/EMBC48229.2022.9871776,2022 44th Annual International Conference of the IEEE Engineering in Medicine & Biology Society (EMBC),duplicate,Duplicata de 'Malignancy Suspicious Region Guided Deep Neural Networks for Gastric Ulcer Class…' já presente em IEEE/S1.,IEEE/S2,sim
IEEE,S2,IEEE S2 — DL/CNN específico para endoscopia alta,9852098,CNN quantization for anatomical landmarks classification from upper gastrointestinal endoscopic images on Edge Devices,"Le, Minh Quan; Nguyen, Quang Tung; Dao, Viet Hang; Tran, Thanh-Hai",2022,10.1109/ICCE55644.2022.9852098,2022 IEEE Ninth International Conference on Communications and Electronics (ICCE),duplicate,Duplicata de 'CNN quantization for anatomical landmarks classification from upper gastrointest…' já presente em IEEE/S1.,IEEE/S2,sim
IEEE,S2,IEEE S2 — DL/CNN específico para endoscopia alta,9396379,The Automatic Method of Endoscopic Images Analysis for Differential Diagnosis,"Xin, Yang; Obukhova, Nataliia A.; Titov, Ivan P.",2021,10.1109/ElConRus51938.2021.9396379,2021 IEEE Conference of Russian Young Researchers in Electrical and Electronic Engineering (ElConRus),duplicate,Duplicata de 'The Automatic Method of Endoscopic Images Analysis for Differential Diagnosis…' já presente em IEEE/S1.,IEEE/S2,sim
IEEE,S2,IEEE S2 — DL/CNN específico para endoscopia alta,7407907,Lesion detection of endoscopy images based on convolutional neural network features,"Zhu, Rongsheng; Zhang, Rong; Xue, Dixiu",2015,10.1109/CISP.2015.7407907,2015 8th International Congress on Image and Signal Processing (CISP),duplicate,Duplicata de 'Lesion detection of endoscopy images based on convolutional neural network featu…' já presente em Scopus/S1.,IEEE/S2,sim
IEEE,S2,IEEE S2 — DL/CNN específico para endoscopia alta,8513274,Automatic detection of early gastric cancer in endoscopic images using a transferring convolutional neural network,"Sakai, Y.; Takemoto, S.; Hori, K.; Nishimura, M.; Ikematsu, H.; Yano, T.; Yokota, H.",2018,10.1109/EMBC.2018.8513274,2018 40th Annual International Conference of the IEEE Engineering in Medicine and Biology Society (EMBC),duplicate,Duplicata de 'Automatic detection of early gastric cancer in endoscopic images using a transfe…' já presente em Scopus/S1.,IEEE/S2,sim
IEEE,S2,IEEE S2 — DL/CNN específico para endoscopia alta,9107452,Deep Ensemble Feature Network for Gastric Section Classification,"Lin, Ting-Hsuan; Jhang, Jyun-Yao; Huang, Chun-Rong; Tsai, Yu-Ching; Cheng, Hsiu-Chi; Sheu, Bor-Shyang",2021,10.1109/JBHI.2020.2999731,IEEE Journal of Biomedical and Health Informatics,duplicate,Duplicata de 'Deep Ensemble Feature Network for Gastric Section Classification…' já presente em IEEE/S1.,IEEE/S2,sim
IEEE,S2,IEEE S2 — DL/CNN específico para endoscopia alta,9871040,Analysis of classification tradeoff in deep learning for gastric cancer detection,"Lima, Gabriel; Coimbra, Miguel; Dinis-Ribeiro, Mário; Libânio, Diogo; Renna, Francesco",2022,10.1109/EMBC48229.2022.9871040,2022 44th Annual International Conference of the IEEE Engineering in Medicine & Biology Society (EMBC),duplicate,Duplicata de 'Analysis of classification tradeoff in deep learning for gastric cancer detectio…' já presente em IEEE/S1.,IEEE/S2,sim
IEEE,S2,IEEE S2 — DL/CNN específico para endoscopia alta,9066514,Computer-Aided WCE Diagnosis Using Convolutional Neural Network and Label Transfer,"Wang, Qiang; Fan, Huijie; Tang, Yandong",2019,10.1109/CYBER46603.2019.9066514,"2019 IEEE 9th Annual International Conference on CYBER Technology in Automation, Control, and Intelligent Systems (CYBER)",duplicate,Duplicata de 'Computer-Aided WCE Diagnosis Using Convolutional Neural Network and Label Transf…' já presente em IEEE/S1.,IEEE/S2,sim
IEEE,S2,IEEE S2 — DL/CNN específico para endoscopia alta,9895254,Improvement of Gastroscopy Classification Performance Through Image Augmentation Using a Gradient-Weighted Class Activation Map,"Ham, Hyun-Sik; Lee, Han-Sung; Chae, Jung-Woo; Cho, Hyun Chin; Cho, Hyun-Chong",2022,10.1109/ACCESS.2022.3207839,IEEE Access,duplicate,Duplicata de 'Improvement of Gastroscopy Classification Performance Through Image Augmentation…' já presente em IEEE/S1.,IEEE/S2,sim
IEEE,S2,IEEE S2 — DL/CNN específico para endoscopia alta,10742420,Simultaneous Segmentation and Classification of Esophageal Lesions Using Attention Gating Pyramid Vision Transformer,"Ge, Peixuan; Yan, Tao; Wong, Pak Kin; Li, Zheng; Chan, In Neng; Yu, Hon Ho; Chan, Chon In; Yao, Liang; Hu, Ying; Gao, Shan",2025,10.1109/TETCI.2024.3485704,IEEE Transactions on Emerging Topics in Computational Intelligence,duplicate,Duplicata de 'Simultaneous Segmentation and Classification of Esophageal Lesions Using Attenti…' já presente em Scopus/S1.,IEEE/S2,sim
IEEE,S2,IEEE S2 — DL/CNN específico para endoscopia alta,8359121,Detecting and Locating Gastrointestinal Anomalies Using Deep Learning and Iterative Cluster Unification,"Iakovidis, Dimitris K.; Georgakopoulos, Spiros V.; Vasilakakis, Michael; Koulaouzidis, Anastasios; Plagianakos, Vassilis P.",2018,10.1109/TMI.2018.2837002,IEEE Transactions on Medical Imaging,duplicate,Duplicata de 'Detecting and Locating Gastrointestinal Anomalies Using Deep Learning and Iterat…' já presente em Scopus/S1.,IEEE/S2,sim
IEEE,S2,IEEE S2 — DL/CNN específico para endoscopia alta,10394686,Segmentation and Classification of Gastric Cancer from Endoscopic Image Dataset with the Aid of Artificial Intelligence,"Anitha, Cuddapah; Srinivas Rao, Vemu; R, Ramyadevi.; R, Maya.; Debroy, Subhasish; R, Mahaveerakannan",2023,10.1109/ICECA58529.2023.10394686,"2023 7th International Conference on Electronics, Communication and Aerospace Technology (ICECA)",duplicate,Duplicata de 'Segmentation and Classification of Gastric Cancer from Endoscopic Image Dataset …' já presente em Scopus/S1.,IEEE/S2,sim
IEEE,S2,IEEE S2 — DL/CNN específico para endoscopia alta,11199511,A Radiomics-Based Approach to Gastric Imaging Biomarker Extraction in Upper GI Endoscopy,"Teixeira, Nuno; Almeida, Eduarda; Dinis-Ribeiro, Mario; Coimbra, Miguel",2025,10.1109/ENBENG67130.2025.11199511,2025 IEEE 8th Portuguese Meeting on Bioengineering (ENBENG),duplicate,Duplicata de 'A Radiomics-Based Approach to Gastric Imaging Biomarker Extraction in Upper GI E…' já presente em IEEE/S1.,IEEE/S2,sim
IEEE,S2,IEEE S2 — DL/CNN específico para endoscopia alta,9701513,Classification of anatomical landmarks from upper gastrointestinal endoscopic images⋆,"Tran, Thanh-Hai; Nguyen, Phuong-Thao; Tran, Duc-Huy; Manh, Xuan-Huy; Vu, Danh-Huy; Ho, Nguyen-Khang; Do, Khanh-Linh; Nguyen, Van-Tuan; Nguyen, Long-Thuy; Dao, Viet-Hang; Vu, Hai",2021,10.1109/NICS54270.2021.9701513,2021 8th NAFOSTED Conference on Information and Computer Science (NICS),duplicate,Duplicata de 'Classification of anatomical landmarks from upper gastrointestinal endoscopic im…' já presente em Scopus/S1.,IEEE/S2,sim
IEEE,S2,IEEE S2 — DL/CNN específico para endoscopia alta,8962033,Non-Local Attention and Densely-Connected Convolutional Neural Networks for Malignancy Suspiciousness Classification of Gastric Ulcer,"Sun, Muyi; Liang, Kaiyi; Zhang, Wenbao; Chang, Qing; Zhou, Xiaoguang",2020,10.1109/ACCESS.2020.2967350,IEEE Access,duplicate,Duplicata de 'Non-Local attention and Densely-Connected Convolutional Neural Networks for Mali…' já presente em Scopus/S1.,IEEE/S2,sim
IEEE,S2,IEEE S2 — DL/CNN específico para endoscopia alta,9095753,Image Classification to Diagnose Chronic Atrophic Gastritis Based on Squeeze-and-Excitation Block,"Gong, Jiamin; Ma, Doudou; Zhang, Yaqiong; Jiang, Jiewei; Pei, Mengjie",2020,10.1109/ICCCBDA49378.2020.9095753,2020 IEEE 5th International Conference on Cloud Computing and Big Data Analytics (ICCCBDA),duplicate,Duplicata de 'Image Classification to Diagnose Chronic Atrophic Gastritis Based on Squeeze-and…' já presente em IEEE/S1.,IEEE/S2,sim
IEEE,S2,IEEE S2 — DL/CNN específico para endoscopia alta,9842519,Application of Improved Mask R-CNN Algorithm Based on Gastroscopic Image in Detection of Early Gastric Cancer,"Cui, Zhi-Heng; Zhang, Qin-Yan; Zhang, Jing-Wei; Sun, Xue; Wang, Qing; Lei, Yi; Zang, Lin; Zhao, Li; Yang, Ji-Jiang",2022,10.1109/COMPSAC54236.2022.00221,"2022 IEEE 46th Annual Computers, Software, and Applications Conference (COMPSAC)",duplicate,Duplicata de 'Application of Improved Mask R-CNN Algorithm Based on Gastroscopic Image in Dete…' já presente em IEEE/S1.,IEEE/S2,sim
IEEE,S2,IEEE S2 — DL/CNN específico para endoscopia alta,10872498,Research on Gastritis Endoscopic Images Classification Based on SE-RepLKNet,"Jin, Xinao; Zhao, Yining; Cao, Yuqi; Zhang, Gangzhi; Zhang, Guangxin; Han, Yuehua",2024,10.1109/ICCVIT63928.2024.10872498,"2024 2nd International Conference on Computer, Vision and Intelligent Technology (ICCVIT)",duplicate,Duplicata de 'Research on Gastritis Endoscopic Images Classification Based on SE-RepLKNet…' já presente em Scopus/S1.,IEEE/S2,sim
IEEE,S2,IEEE S2 — DL/CNN específico para endoscopia alta,11134015,OSNet-DCN: Integrating Deformable Feature Learning for Tracking Lesion in Endoscopic Videos,"Cao, Thanh-Tung; Nguyen, Thi-Thu-Huong; Manh, Xuan-Huy; Kieu, Anh-Hao; Nguyen, Thanh-Tung; Dao, Viet-Hang; Vu, Hai",2025,10.1109/MAPR67746.2025.11134015,2025 International Conference on Multimedia Analysis and Pattern Recognition (MAPR),duplicate,Duplicata de 'OSNet-DCN: Integrating Deformable Feature Learning for Tracking Lesion in Endosc…' já presente em IEEE/S1.,IEEE/S2,sim
IEEE,S2,IEEE S2 — DL/CNN específico para endoscopia alta,11200389,Automatic Segmentation of Metaplasia in an Endoscopic Decision Support System,"Obukhova, N.; Motyko, A.; Savelev, A.; Saveleva, O.; Samarin, A.; Sigaeva, J.",2025,10.1109/ICIVC66358.2025.11200389,"2025 10th International Conference on Image, Vision and Computing (ICIVC)",duplicate,Duplicata de 'Automatic Segmentation of Metaplasia in an Endoscopic Decision Support System…' já presente em IEEE/S1.,IEEE/S2,sim
IEEE,S2,IEEE S2 — DL/CNN específico para endoscopia alta,11416192,"A Lesion-Based Attention Mechanism for Real-Time, Lightweight, and Performance-Enhanced Endoscopic Image Analysis","Yoon, Namkyung; Joo, Hyeontae; Kim, Hwangnam",2025,10.1109/AIoT66900.2025.00089,2025 IEEE Annual Congress on Artificial Intelligence of Things (AIoT),duplicate,"Duplicata de 'A Lesion-Based Attention Mechanism for Real-Time, Lightweight, and Performance-E…' já presente em Scopus/S1.",IEEE/S2,sim
IEEE,S3,IEEE S3 — Lesões e alterações gástricas por IA,9871776,Malignancy Suspicious Region Guided Deep Neural Networks for Gastric Ulcer Classification,"Zheng, Xiaoyan; Zeng, Zeng; Ma, Can; Chang, Qing; Zhao, Ziyuan; Yang, Xulei",2022,10.1109/EMBC48229.2022.9871776,2022 44th Annual International Conference of the IEEE Engineering in Medicine & Biology Society (EMBC),duplicate,Duplicata de 'Malignancy Suspicious Region Guided Deep Neural Networks for Gastric Ulcer Class…' já presente em IEEE/S1.,IEEE/S3,sim
IEEE,S3,IEEE S3 — Lesões e alterações gástricas por IA,8657018,Automatic Analysis of Endoscopic Images for Polyps Detection and Segmentation,"Pozdeev, Alexandr A.; Obukhova, Nataliia A.; Motyko, Alexandr A.",2019,10.1109/EIConRus.2019.8657018,2019 IEEE Conference of Russian Young Researchers in Electrical and Electronic Engineering (EIConRus),duplicate,Duplicata de 'Automatic analysis of endoscopic images for polyps detection and segmentation…' já presente em Scopus/S1.,IEEE/S3,sim
IEEE,S3,IEEE S3 — Lesões e alterações gástricas por IA,9396379,The Automatic Method of Endoscopic Images Analysis for Differential Diagnosis,"Xin, Yang; Obukhova, Nataliia A.; Titov, Ivan P.",2021,10.1109/ElConRus51938.2021.9396379,2021 IEEE Conference of Russian Young Researchers in Electrical and Electronic Engineering (ElConRus),duplicate,Duplicata de 'The Automatic Method of Endoscopic Images Analysis for Differential Diagnosis…' já presente em IEEE/S1.,IEEE/S3,sim
IEEE,S3,IEEE S3 — Lesões e alterações gástricas por IA,11356517,EndoCADx: A Real-Time LVLM-Based CADx System for Multimodal Diagnosis of Gastric Lesions in White-Light Endoscopy,"Hu, Shan; Jiang, Yuhan; Xiong, Tingshun; Xiao, Changhong; Jiang, Ruiqing; Chen, Yiyun; Mei, Bin; Wu, Lianlian; Wang, Zhongyuan",2025,10.1109/BIBM66473.2025.11356517,2025 IEEE International Conference on Bioinformatics and Biomedicine (BIBM),duplicate,Duplicata de 'EndoCADx: A Real-Time LVLM-Based CADx System for Multimodal Diagnosis of Gastric…' já presente em Scopus (VLM/FMs)/S1.,IEEE/S3,sim
IEEE,S3,IEEE S3 — Lesões e alterações gástricas por IA,9871040,Analysis of classification tradeoff in deep learning for gastric cancer detection,"Lima, Gabriel; Coimbra, Miguel; Dinis-Ribeiro, Mário; Libânio, Diogo; Renna, Francesco",2022,10.1109/EMBC48229.2022.9871040,2022 44th Annual International Conference of the IEEE Engineering in Medicine & Biology Society (EMBC),duplicate,Duplicata de 'Analysis of classification tradeoff in deep learning for gastric cancer detectio…' já presente em IEEE/S1.,IEEE/S3,sim
IEEE,S3,IEEE S3 — Lesões e alterações gástricas por IA,9895254,Improvement of Gastroscopy Classification Performance Through Image Augmentation Using a Gradient-Weighted Class Activation Map,"Ham, Hyun-Sik; Lee, Han-Sung; Chae, Jung-Woo; Cho, Hyun Chin; Cho, Hyun-Chong",2022,10.1109/ACCESS.2022.3207839,IEEE Access,duplicate,Duplicata de 'Improvement of Gastroscopy Classification Performance Through Image Augmentation…' já presente em IEEE/S1.,IEEE/S3,sim
IEEE,S3,IEEE S3 — Lesões e alterações gástricas por IA,10667897,Early Cancer Diagnosis and Ulcer Classifications In Endoscopy Videos Using Deep Learning Approach,"Ramamoorthy, M.; GnanaJeyaraman, R.; Belinda M J, Carmel Mary; Manimaran, A; Kannan, K Nattar; Thangarasu, Gunasekar",2024,10.1109/ISCI62787.2024.10667897,2024 IEEE 6th Symposium on Computers & Informatics (ISCI),duplicate,Duplicata de 'Early Cancer Diagnosis and Ulcer Classifications In Endoscopy Videos Using Deep …' já presente em IEEE/S1.,IEEE/S3,sim
IEEE,S3,IEEE S3 — Lesões e alterações gástricas por IA,10230483,Automatic Classification of Esophagogastroduodenoscopy Sub-Anatomical Regions,"Bravo, Diego; Ruano, Josué; Jaramillo, María; Gallego, Daniel; Gómez, Martín; González, Fabio A.; Romero, Eduardo",2023,10.1109/ISBI53787.2023.10230483,2023 IEEE 20th International Symposium on Biomedical Imaging (ISBI),duplicate,Duplicata de 'Automatic Classification of Esophagogastroduodenoscopy Sub-Anatomical Regions…' já presente em Scopus/S1.,IEEE/S3,sim
IEEE,S3,IEEE S3 — Lesões e alterações gástricas por IA,9668225,Evaluation of U-Net and Its Variants in Solving Upper Gastrointestinal Endoscopy Segmentation,"Do, Hong-Quan; Nguyen, Thi-Ha; Vu, Viet-Vu; Hoang, Thi-Mai; Nguyen, Hai-Minh; Nguyen, T. Thuy-Duong",2021,10.1109/ACOMP53746.2021.00016,2021 15th International Conference on Advanced Computing and Applications (ACOMP),duplicate,Duplicata de 'Evaluation of U-Net and Its Variants in Solving Upper Gastrointestinal Endoscopy…' já presente em IEEE/S1.,IEEE/S3,sim
IEEE,S3,IEEE S3 — Lesões e alterações gástricas por IA,10822068,Artificial intelligence assisted recognition and diagnosis of Magnetically controlled capsule gastroscopy,"Chen, Susu; Wei, Chuyu; Li, Dongqi; Borchert, Glen M.; Yu, Zhong; Lin, Jiawen; Huang, Jingshan",2024,10.1109/BIBM62325.2024.10822068,2024 IEEE International Conference on Bioinformatics and Biomedicine (BIBM),duplicate,Duplicata de 'Artificial intelligence assisted recognition and diagnosis of Magnetically contr…' já presente em Scopus/S1.,IEEE/S3,sim
IEEE,S3,IEEE S3 — Lesões e alterações gástricas por IA,8513274,Automatic detection of early gastric cancer in endoscopic images using a transferring convolutional neural network,"Sakai, Y.; Takemoto, S.; Hori, K.; Nishimura, M.; Ikematsu, H.; Yano, T.; Yokota, H.",2018,10.1109/EMBC.2018.8513274,2018 40th Annual International Conference of the IEEE Engineering in Medicine and Biology Society (EMBC),duplicate,Duplicata de 'Automatic detection of early gastric cancer in endoscopic images using a transfe…' já presente em Scopus/S1.,IEEE/S3,sim
IEEE,S3,IEEE S3 — Lesões e alterações gástricas por IA,10435544,Mask R-CNN with R-D Net: A Detection and Segmentation Model for Early Gastric Cancer Gastroscopy Images,"Liang, Tao; Lei, Yi; Song, Wenai; Sun, Xue; Du, Jun; Wang, Qing; Zhao, Li",2023,10.1109/EIECS59936.2023.10435544,2023 3rd International Conference on Electronic Information Engineering and Computer Science (EIECS),duplicate,Duplicata de 'Mask R-CNN with R-D Net: A Detection and Segmentation Model for Early Gastric Ca…' já presente em IEEE/S1.,IEEE/S3,sim
IEEE,S3,IEEE S3 — Lesões e alterações gástricas por IA,11416192,"A Lesion-Based Attention Mechanism for Real-Time, Lightweight, and Performance-Enhanced Endoscopic Image Analysis","Yoon, Namkyung; Joo, Hyeontae; Kim, Hwangnam",2025,10.1109/AIoT66900.2025.00089,2025 IEEE Annual Congress on Artificial Intelligence of Things (AIoT),duplicate,"Duplicata de 'A Lesion-Based Attention Mechanism for Real-Time, Lightweight, and Performance-E…' já presente em Scopus/S1.",IEEE/S3,sim
IEEE,S3,IEEE S3 — Lesões e alterações gástricas por IA,9842519,Application of Improved Mask R-CNN Algorithm Based on Gastroscopic Image in Detection of Early Gastric Cancer,"Cui, Zhi-Heng; Zhang, Qin-Yan; Zhang, Jing-Wei; Sun, Xue; Wang, Qing; Lei, Yi; Zang, Lin; Zhao, Li; Yang, Ji-Jiang",2022,10.1109/COMPSAC54236.2022.00221,"2022 IEEE 46th Annual Computers, Software, and Applications Conference (COMPSAC)",duplicate,Duplicata de 'Application of Improved Mask R-CNN Algorithm Based on Gastroscopic Image in Dete…' já presente em IEEE/S1.,IEEE/S3,sim
IEEE,S3,IEEE S3 — Lesões e alterações gástricas por IA,11134015,OSNet-DCN: Integrating Deformable Feature Learning for Tracking Lesion in Endoscopic Videos,"Cao, Thanh-Tung; Nguyen, Thi-Thu-Huong; Manh, Xuan-Huy; Kieu, Anh-Hao; Nguyen, Thanh-Tung; Dao, Viet-Hang; Vu, Hai",2025,10.1109/MAPR67746.2025.11134015,2025 International Conference on Multimedia Analysis and Pattern Recognition (MAPR),duplicate,Duplicata de 'OSNet-DCN: Integrating Deformable Feature Learning for Tracking Lesion in Endosc…' já presente em IEEE/S1.,IEEE/S3,sim
IEEE,S3,IEEE S3 — Lesões e alterações gástricas por IA,10872498,Research on Gastritis Endoscopic Images Classification Based on SE-RepLKNet,"Jin, Xinao; Zhao, Yining; Cao, Yuqi; Zhang, Gangzhi; Zhang, Guangxin; Han, Yuehua",2024,10.1109/ICCVIT63928.2024.10872498,"2024 2nd International Conference on Computer, Vision and Intelligent Technology (ICCVIT)",duplicate,Duplicata de 'Research on Gastritis Endoscopic Images Classification Based on SE-RepLKNet…' já presente em Scopus/S1.,IEEE/S3,sim
IEEE,S3,IEEE S3 — Lesões e alterações gástricas por IA,10128879,Gastric Section Correlation Network for Gastric Precancerous Lesion Diagnosis,"Jhang, Jyun-Yao; Tsai, Yu-Ching; Hsu, Tzu-Chun; Huang, Chun-Rong; Cheng, Hsiu-Chi; Sheu, Bor-Shyang",2024,10.1109/OJEMB.2023.3277219,IEEE Open Journal of Engineering in Medicine and Biology,duplicate,Duplicata de 'Gastric Section Correlation Network for Gastric Precancerous Lesion Diagnosis…' já presente em Scopus/S1.,IEEE/S3,sim
IEEE,S3,IEEE S3 — Lesões e alterações gástricas por IA,11138896,DwinTMIL: An Innovative Approach for Helicobacter Pylori Infection Classification,"Jiang, Su; Lv, Zehui",2025,10.1109/ICIPCA65645.2025.11138896,2025 IEEE 3rd International Conference on Image Processing and Computer Applications (ICIPCA),duplicate,Duplicata de 'DwinTMIL: An Innovative Approach for Helicobacter Pylori Infection Classificatio…' já presente em IEEE/S1.,IEEE/S3,sim
IEEE,S4,IEEE S4 — Pólipos gástricos em endoscopia com IA,9727723,An Efficient Approach for Gastric Polyps Detection Based on Improved SSD,"Cao, Chanting; Yu, Yao; Xie, Yun; Sun, Changyin",2021,10.1109/CAC53003.2021.9727723,2021 China Automation Congress (CAC),duplicate,Duplicata de 'An Efficient Approach for Gastric Polyps Detection Based on Improved SSD…' já presente em IEEE/S3.,IEEE/S4,sim
IEEE,S4,IEEE S4 — Pólipos gástricos em endoscopia com IA,10943118,A Hybrid Attention-Based Fuzzy Pooling Network Model for Locating Polyp Positions in Gastroscopic Image in Internet of Medical Things,"Ma, Xiaoyu; Wang, Honghu; Ren, Xiaoxue; Ma, Yu",2025,10.1109/JIOT.2025.3555427,IEEE Internet of Things Journal,duplicate,Duplicata de 'A Hybrid Attention-Based Fuzzy Pooling Network Model for Locating Polyp Position…' já presente em IEEE/S1.,IEEE/S4,sim
IEEE,S6,IEEE S6 — Datasets brasileiros/latino-americanos de endoscopia,11253109,Block-Level Genetic Algorithm Optimization for ResNet Endoscopic Image Classification,"De Souza Júnior, Gilberto R.; De Sousa Filho, Gilberto F.; Cabral, Lucídio Dos Anjos F.",2025,10.1109/EMBC58623.2025.11253109,2025 47th Annual International Conference of the IEEE Engineering in Medicine and Biology Society (EMBC),duplicate,Duplicata de 'Block-Level Genetic Algorithm Optimization for ResNet Endoscopic Image Classific…' já presente em IEEE/S5.,IEEE/S6,sim
IEEE,S6,IEEE S6 — Datasets brasileiros/latino-americanos de endoscopia,10373486,Identification of Digestive Tract Abnormalities on Endoscopic Images,"Torres, L. M.; Pessoa, O. N.; Correa, I. V.; Soares, E. M. S.; Oliveira, A. S.; Costa, M. G. F.; Costa Filho, C. F.F.",2023,10.1109/SIPAIM56729.2023.10373486,2023 19th International Symposium on Medical Information Processing and Analysis (SIPAIM),duplicate,Duplicata de 'Identification of Digestive Tract Abnormalities on Endoscopic Images…' já presente em IEEE/S5.,IEEE/S6,sim
IEEE,S6,IEEE S6 — Datasets brasileiros/latino-americanos de endoscopia,9926791,Classification of Video Capsule Endoscopy Images Using Visual Transformers,"Soares Lima, Daniel Lopes; Pinto Pessoa, Alexandre César; De Paiva, Anselmo Cardoso; Trigueiros da Silva Cunha, António Manuel; Júnior, Geraldo Braz; De Almeida, João Dallyson S.",2022,10.1109/BHI56158.2022.9926791,2022 IEEE-EMBS International Conference on Biomedical and Health Informatics (BHI),duplicate,Duplicata de 'Classification of Video Capsule Endoscopy Images Using Visual Transformers…' já presente em IEEE/S5.,IEEE/S6,sim
IEEE,S6,IEEE S6 — Datasets brasileiros/latino-americanos de endoscopia,10235970,DeepPoly: Deep Learning-Based Polyps Segmentation and Classification for Autonomous Colonoscopy Examination,"Hossain, Md Shakhawat; Rahman, Md. Mahmudur; Syeed, M. Mahbubul; Uddin, Mohammad Faisal; Hasan, Mahady; Hossain, Md. Aulad; Ksibi, Amel; Jamjoom, Mona M.; Ullah, Zahid; Samad, Md Abdus",2023,10.1109/ACCESS.2023.3310541,IEEE Access,duplicate,Duplicata de 'DeepPoly: Deep Learning-Based Polyps Segmentation and Classification for Autonom…' já presente em IEEE/S5.,IEEE/S6,sim
IEEE,S6,IEEE S6 — Datasets brasileiros/latino-americanos de endoscopia,8614325,Barrett's Esophagus Identification Using Color Co-Occurrence Matrices,"Souza, Luis; Ebigbo, Alanna; Probst, Andreas; Messmann, Helmut; Papa, João Paulo; Mendel, Robert; Palm, Christoph",2018,10.1109/SIBGRAPI.2018.00028,"2018 31st SIBGRAPI Conference on Graphics, Patterns and Images (SIBGRAPI)",duplicate,Duplicata de 'Barrett's Esophagus Identification Using Color Co-Occurrence Matrices…' já presente em IEEE/S5.,IEEE/S6,sim
IEEE,S6,IEEE S6 — Datasets brasileiros/latino-americanos de endoscopia,8097327,Barrett's Esophagus Identification Using Optimum-Path Forest,"Souza, Luis Antonio De; Afonso, Luis Cláudio Sugi; Palm, Christoph; Papa, João Paulo",2017,10.1109/SIBGRAPI.2017.47,"2017 30th SIBGRAPI Conference on Graphics, Patterns and Images (SIBGRAPI)",duplicate,Duplicata de 'Barrett's Esophagus Identification Using Optimum-Path Forest…' já presente em IEEE/S5.,IEEE/S6,sim
IEEE,S6,IEEE S6 — Datasets brasileiros/latino-americanos de endoscopia,10374674,Polyp Detection in Colonoscopy Images Using a Vision Transformer Classifier,"De Souza, João Pedro Busnardo; Lima, Jader Tavares; Simm, Vinicius Sylvestre; Mello, Murilo Moreira; Costa, Mateus Dalla; Seixas, Monique Borges; De Figueiredo, Maria Fernanda Oliveira; Premebida, Sthefanie Monica; Dos Santos, Paulo Victor; Pacheco, Wesley; Dos Santos Lima, Heron Oliveira; Scoczynski, Marcella",2023,10.1109/INDUSCON58041.2023.10374674,2023 15th IEEE International Conference on Industry Applications (INDUSCON),duplicate,Duplicata de 'Polyp Detection in Colonoscopy Images Using a Vision Transformer Classifier…' já presente em IEEE/S5.,IEEE/S6,sim
IEEE,S6,IEEE S6 — Datasets brasileiros/latino-americanos de endoscopia,10385358,BTCN: Bridging the Gap Between Pre-trained and Downstream Models for Endoscopic Caries Detection,"Gao, Nan; Li, Yukai; Liang, Ronghua; Chen, Peng; Tang, Jijun; Liu, Tianshuang",2023,10.1109/BIBM58861.2023.10385358,2023 IEEE International Conference on Bioinformatics and Biomedicine (BIBM),duplicate,Duplicata de 'BTCN: Bridging the Gap Between Pre-trained and Downstream Models for Endoscopic …' já presente em IEEE/S5.,IEEE/S6,sim
IEEE,S6,IEEE S6 — Datasets brasileiros/latino-americanos de endoscopia,8489576,Snore Sounds Excitation Localization by Using Scattering Transform and Deep Neural Networks,"Vesperini, Fabio; Galli, Andrea; Gabrielli, Leonardo; Principi, Emanuele; Squartini, Stefano",2018,10.1109/IJCNN.2018.8489576,2018 International Joint Conference on Neural Networks (IJCNN),duplicate,Duplicata de 'Snore Sounds Excitation Localization by Using Scattering Transform and Deep Neur…' já presente em IEEE/S5.,IEEE/S6,sim
Scopus,S1,Scopus S1 — Principal: IA/DL em endoscopia digestiva alta,Wang2018198,Deep learning–based endoscopic image recognition for detection of early gastric cancer: a Chinese perspective,"Wang, Zhijie; Meng, Qianqian; Wang, Shuling; Li, Zhaoshen; Bai, Yu; Wang, Dong",2018,10.1016/j.gie.2018.01.029,Gastrointestinal Endoscopy,duplicate,Duplicata de 'Deep learning-based endoscopic image recognition for detection of early gastric …' já presente em PubMed/S2.,Scopus/S1,não
Scopus,S1,Scopus S1 — Principal: IA/DL em endoscopia digestiva alta,Yumii2024417,Artificial intelligence-based diagnosis of the depth of laryngopharyngeal cancer,"Yumii, Kohei; Ueda, Tsutomu; Kawahara, Daisuke; Chikuie, Nobuyuki; Taruya, Takayuki; Hamamoto, Takao; Takeno, Sachio",2024,10.1016/j.anl.2023.09.001,Auris Nasus Larynx,duplicate,"Duplicata de 'Artificial intelligence-based diagnosis of the depth of
laryngopharyngeal cancer…' já presente em Web of Science/S1.",Scopus/S1,sim
Scopus,S1,Scopus S1 — Principal: IA/DL em endoscopia digestiva alta,Yang2022787,Identification of upper GI diseases during screening gastroscopy using a deep convolutional neural network algorithm,"Yang, Hang; Wu, Yu; Yang, Bo; Wu, Min; Zhou, Jun; Liu, Qin; Lin, Yifei; Li, Shilin; Li, Xue; Zhang, Jie; Wang, Rui; Xie, Qianrong; Li, Jingqi; Luo, Yue; Tu, Mengjie; Wang, Xiao; Lan, Haitao; Bai, Xuesong; Wu, Huaping; Zeng, Fanwei; Zhao, Hong; Yi, Zhang; Zeng, Fanxin",2022,10.1016/j.gie.2022.06.011,Gastrointestinal Endoscopy,duplicate,Duplicata de 'Identification of upper GI diseases during screening gastroscopy using a deep co…' já presente em PubMed/S2.,Scopus/S1,sim
Scopus,S1,Scopus S1 — Principal: IA/DL em endoscopia digestiva alta,Inoue2020e00154,Application of Convolutional Neural Networks for Detection of Superficial Nonampullary Duodenal Epithelial Tumors in Esophagogastroduodenoscopic Images,"Inoue, Shuntaro; Shichijo, Satoki; Aoyama, Kazuharu; Kono, Mitsuhiro; Fukuda, Hiromu; Shimamoto, Yusaku; Nakagawa, Kentaro; Ohmori, Masayasu; Iwagami, Hiroyoshi; Matsuno, Kenshi; Iwatsubo, Taro; Nakahira, Hiroko; Matsuura, Noriko; Maekawa, Akira; Kanesaka, Takashi; Yamamoto, Sachiko; Takeuchi, Yoji; Higashino, Koji; Uedo, Noriya; Ishihara, Ryu; Tada, Tomohiro",2020,10.14309/ctg.0000000000000154,Clinical and translational gastroenterology,duplicate,"Duplicata de 'Application of Convolutional Neural Networks for Detection of
Superficial Nonamp…' já presente em Web of Science/S1.",Scopus/S1,sim
Scopus,S1,Scopus S1 — Principal: IA/DL em endoscopia digestiva alta,Li2021216,Intelligent detection endoscopic assistant: An artificial intelligence-based system for monitoring blind spots during esophagogastroduodenoscopy in real-time,"Li, Yan-Dong; Zhu, Shu-Wen; Yu, Jiang-Ping; Ruan, Rong-Wei; Cui, Zhao; Li, Yi-Ting; Lv, Mei-Chao; Wang, Huo-Gen; Chen, Ming; Jin, Chao-Hui; Wang, Shi",2021,10.1016/j.dld.2020.11.017,Digestive and Liver Disease,duplicate,"Duplicata de 'Intelligent detection endoscopic assistant: An artificial
intelligence-based sys…' já presente em Web of Science/S1.",Scopus/S1,sim
Scopus,S1,Scopus S1 — Principal: IA/DL em endoscopia digestiva alta,2026,"29th Annual Conference on Medical Image Understanding and Analysis, MIUA 2025",,2026,,Lecture Notes in Computer Science,duplicate,"Duplicata de '29th Annual Conference on Medical Image Understanding and Analysis, MIUA 2025…' já presente em Scopus/S1.",Scopus/S1,sim
Scopus,S1,Scopus S1 — Principal: IA/DL em endoscopia digestiva alta,Su2023313,Evaluation of deep learning methods for early gastric cancer detection using gastroscopic images,"Su, Xiufeng; Liu, Qingshan; Gao, Xiaozhong; Ma, Liyong",2023,10.3233/THC-236027,Technology and health care : official journal of the European Society for Engineering and Medicine,duplicate,Duplicata de 'Evaluation of deep learning methods for early gastric cancer detection using gas…' já presente em PubMed/S2.,Scopus/S1,sim
Scopus,S1,Scopus S1 — Principal: IA/DL em endoscopia digestiva alta,2026,"29th Annual Conference on Medical Image Understanding and Analysis, MIUA 2025",,2026,,Lecture Notes in Computer Science,duplicate,"Duplicata de '29th Annual Conference on Medical Image Understanding and Analysis, MIUA 2025…' já presente em Scopus/S1.",Scopus/S1,sim
Scopus,S1,Scopus S1 — Principal: IA/DL em endoscopia digestiva alta,Li2023649,Assessment of Helicobacter pylori infection by deep learning based on endoscopic videos in real time,"Li, Yan-Dong; Wang, Huo-Gen; Chen, Sheng-Sen; Yu, Jiang-Ping; Ruan, Rong-Wei; Jin, Chao-Hui; Chen, Ming; Jin, Jia-Yan; Wang, Shi",2023,10.1016/j.dld.2023.02.010,Digestive and Liver Disease,duplicate,"Duplicata de 'Assessment of Helicobacter pylori infection by deep
learning based on endoscopic…' já presente em Web of Science/S1.",Scopus/S1,sim
Scopus,S2,Scopus S2 — Lesões e alterações gástricas por IA,2026,"29th Annual Conference on Medical Image Understanding and Analysis, MIUA 2025",,2026,,Lecture Notes in Computer Science,duplicate,"Duplicata de '29th Annual Conference on Medical Image Understanding and Analysis, MIUA 2025…' já presente em Scopus/S1.",Scopus/S2,sim
Scopus,S2,Scopus S2 — Lesões e alterações gástricas por IA,Pooja20241,Analyzing the evaluation metrics of detecting gastrointestinal tumor using segmentation techniques in endoscopic images,"Pooja, K.; Jerritta, S.",2024,,Onkologia i Radioterapia,duplicate,Duplicata de 'Analyzing the evaluation metrics of detecting gastrointestinal tumor using segme…' já presente em Scopus/S1.,Scopus/S2,sim
Scopus,S2,Scopus S2 — Lesões e alterações gástricas por IA,2026,"29th Annual Conference on Medical Image Understanding and Analysis, MIUA 2025",,2026,,Lecture Notes in Computer Science,duplicate,"Duplicata de '29th Annual Conference on Medical Image Understanding and Analysis, MIUA 2025…' já presente em Scopus/S1.",Scopus/S2,sim
Scopus,S2,Scopus S2 — Lesões e alterações gástricas por IA,2026,"29th Annual Conference on Medical Image Understanding and Analysis, MIUA 2025",,2026,,Lecture Notes in Computer Science,duplicate,"Duplicata de '29th Annual Conference on Medical Image Understanding and Analysis, MIUA 2025…' já presente em Scopus/S1.",Scopus/S2,sim
Scopus,S3,Scopus S3 — Pólipos gástricos em endoscopia com IA,He2025,A unified framework harnessing multi-scale feature ensemble and attention mechanism for gastric polyp and protrusion identification in gastroscope imaging,"He, Chunyou; Zhang, Jingda; Liang, Yunxiao; Li, Hao",2025,,Scientific Reports,duplicate,Duplicata de 'A unified framework harnessing multi-scale feature ensemble and attention mechan…' já presente em Scopus/S2.,Scopus/S3,sim
Scopus,S3,Scopus S3 — Pólipos gástricos em endoscopia com IA,An2024173,Application value of an artificial intelligence-based diagnosis and recognition system in gastroscopy training for graduate students in gastroenterology: a preliminary study,"An, Peng; Wang, Zhongqiu",2024,,Wiener Medizinische Wochenschrift,duplicate,Duplicata de 'Application value of an artificial intelligence-based diagnosis and recognition …' já presente em Scopus/S2.,Scopus/S3,sim
Scopus,S3,Scopus S3 — Pólipos gástricos em endoscopia com IA,Yanqi2020413,Precancerous Diseases Classification Based on Fusion of Shallow and Deep Features,"Yanqi, Pan; Rui, Chen; Xu, Zhang; Xinsen, Zhang; Jiquana, Liu; Weiling, Hu; Huilong, Duan; Jianmin, Si",2020,,Chinese Journal of Biomedical Engineering,duplicate,Duplicata de 'Precancerous Diseases Classification Based on Fusion of Shallow and Deep Feature…' já presente em Scopus/S2.,Scopus/S3,sim
Scopus,S3,Scopus S3 — Pólipos gástricos em endoscopia com IA,Pooja20241,Analyzing the evaluation metrics of detecting gastrointestinal tumor using segmentation techniques in endoscopic images,"Pooja, K.; Jerritta, S.",2024,,Onkologia i Radioterapia,duplicate,Duplicata de 'Analyzing the evaluation metrics of detecting gastrointestinal tumor using segme…' já presente em Scopus/S1.,Scopus/S3,sim
Scopus,S3,Scopus S3 — Pólipos gástricos em endoscopia com IA,Wu20211735,Application of artificial intelligence technology based on convolutional neural network in early gastric cancer recognition; [基于卷积神经网络的人工智能技术在早期胃癌识别中的应用],"Wu, Hongbo; Yao, Xingyu; Zeng, Lisha; Huang, Fang; Chen, Lei",2021,,Journal of Third Military Medical University,duplicate,Duplicata de 'Application of artificial intelligence technology based on convolutional neural …' já presente em Scopus/S2.,Scopus/S3,sim
Scopus,S3,Scopus S3 — Pólipos gástricos em endoscopia com IA,Krenzer2026276,Classification of Gastroscopy Images Under Extreme Class Imbalance: A Deep Learning Pipeline,"Krenzer, Adrian; Friedetzki, Tobias; Dietsch, Max; Puppe, Frank",2026,,Lecture Notes in Computer Science,duplicate,Duplicata de 'Classification of Gastroscopy Images Under Extreme Class Imbalance: A Deep Learn…' já presente em Scopus/S2.,Scopus/S3,sim
Scopus,S3,Scopus S3 — Pólipos gástricos em endoscopia com IA,Ma202545985,A Hybrid Attention-Based Fuzzy Pooling Network Model for Locating Polyp Positions in Gastroscopic Image in Internet of Medical Things,"Ma, Xiaoyu; Wang, Honghu; Ren, Xiaoxue; Ma, Yu",2025,,IEEE Internet of Things Journal,duplicate,Duplicata de 'A Hybrid Attention-Based Fuzzy Pooling Network Model for Locating Polyp Position…' já presente em Scopus/S2.,Scopus/S3,sim
Scopus,S3,Scopus S3 — Pólipos gástricos em endoscopia com IA,Shi2019,Gastroscopic Panoramic View: Application to Automatic Polyps Detection under Gastroscopy,"Shi, Chenfei; Xue, Yan; Jiang, Chuan; Tian, Hui; Liu, Bei",2019,,Computational and Mathematical Methods in Medicine,duplicate,Duplicata de 'Gastroscopic Panoramic View: Application to Automatic Polyps Detection under Gas…' já presente em Scopus/S2.,Scopus/S3,sim
Scopus,S3,Scopus S3 — Pólipos gástricos em endoscopia com IA,Yoshii202074,Validity of endoscopic features for the diagnosis of Helicobacter pylori infection status based on the Kyoto classification of gastritis,"Yoshii, Shinji; Mabe, Katsuhiro; Watano, Keiko; Ohno, Masayoshi; Matsumoto, Mio; Ono, Shoko; Kudo, Takahiko; Nojima, Masanori; Kato, Mototsugu; Sakamoto, Naoya",2020,,Digestive Endoscopy,duplicate,Duplicata de 'Validity of endoscopic features for the diagnosis of Helicobacter pylori infecti…' já presente em Scopus/S2.,Scopus/S3,sim
Scopus,S3,Scopus S3 — Pólipos gástricos em endoscopia com IA,Cao2021,Gastric polyp detection in gastroscopic images using deep neural network,"Cao, Chanting; Wang, Ruilin; Yu, Yao; Zhang, Hui; Yu, Ying; Sun, Changyin",2021,,PLoS ONE,duplicate,Duplicata de 'Gastric polyp detection in gastroscopic images using deep neural network…' já presente em Scopus/S2.,Scopus/S3,sim
Scopus,S3,Scopus S3 — Pólipos gástricos em endoscopia com IA,Mushtaq2023866,An automatic gastric polyp detection technique using deep learning,"Mushtaq, Dania; Madni, Tahir Mustafa; Janjua, Uzair Iqbal; Anwar, Fozia; Kakakhail, Ahmad",2023,,International Journal of Imaging Systems and Technology,duplicate,Duplicata de 'An automatic gastric polyp detection technique using deep learning…' já presente em Scopus/S2.,Scopus/S3,sim
Scopus,S3,Scopus S3 — Pólipos gástricos em endoscopia com IA,Qin2024,A reconstruction and convolution operations enabled variant vision transformer with gastroscopic images for automatic locating of polyps in Internet of Medical Things,"Qin, Zhe; Zhang, Yaqiong; Li, Jian; Li, Deming; Mo, Yanqing; Wang, Liyang; Qian, Peiyu; Feng, Li",2024,,Information Fusion,duplicate,Duplicata de 'A reconstruction and convolution operations enabled variant vision transformer w…' já presente em Scopus/S2.,Scopus/S3,sim
Scopus,S3,Scopus S3 — Pólipos gástricos em endoscopia com IA,Liu2025,Toward autonomous robotic gastroscopy with a novel interventional keypoint and polyp detection system,"Liu, Yuying; Feng, Guang; He, Qi; Chen, Xin; Li, Jinhua; Wang, Bangmao; Zuo, Siyang",2025,,Computer Methods and Programs in Biomedicine,duplicate,Duplicata de 'Toward autonomous robotic gastroscopy with a novel interventional keypoint and p…' já presente em Scopus/S2.,Scopus/S3,sim
Scopus,S3,Scopus S3 — Pólipos gástricos em endoscopia com IA,Cao2021852,An Efficient Approach for Gastric Polyps Detection Based on Improved SSD,"Cao, Chanting; Yu, Yao; Xie, Yun; Sun, Changyin",2021,,"Proceeding - 2021 China Automation Congress, CAC 2021",duplicate,Duplicata de 'An Efficient Approach for Gastric Polyps Detection Based on Improved SSD…' já presente em Scopus/S2.,Scopus/S3,sim
Scopus,S3,Scopus S3 — Pólipos gástricos em endoscopia com IA,Zhou2023,Classification of precancerous lesions based on fusion of multiple hierarchical features,"Zhou, Huijun; Liu, Zhenyang; Li, Ting; Chen, Yifei; Huang, Wei; Zhang, Zijian",2023,,Computer Methods and Programs in Biomedicine,duplicate,Duplicata de 'Classification of precancerous lesions based on fusion of multiple hierarchical …' já presente em Scopus/S2.,Scopus/S3,sim
Scopus,S3,Scopus S3 — Pólipos gástricos em endoscopia com IA,Xie2023,Gastric polyp detection module based on improved attentional feature fusion,"Xie, Yun; Yu, Yao; Liao, Mingchao; Sun, Changyin",2023,,BioMedical Engineering Online,duplicate,Duplicata de 'Gastric polyp detection module based on improved attentional feature fusion…' já presente em Scopus/S2.,Scopus/S3,sim
Scopus,S3,Scopus S3 — Pólipos gástricos em endoscopia com IA,Zhai2022,RETRACTED: Construction of Stomach Cancer Lesion Detection Combined with Drug Therapy Based on Artificial Intelligence,"Zhai, Shengyong; Yu, Lihong; Li, Jing",2022,,Contrast Media and Molecular Imaging,duplicate,Duplicata de 'RETRACTED: Construction of Stomach Cancer Lesion Detection Combined with Drug Th…' já presente em Scopus/S2.,Scopus/S3,sim
Scopus,S3,Scopus S3 — Pólipos gástricos em endoscopia com IA,Huang2023,A masked graph neural network model for real-time gastric polyp detection in Healthcare 4.0,"Huang, Junjun; Saw, Shier Nee; He, Tianran; Feng, Wei; Loo, Chu Kiong",2023,,Journal of Industrial Information Integration,duplicate,Duplicata de 'A masked graph neural network model for real-time gastric polyp detection in Hea…' já presente em Scopus/S2.,Scopus/S3,sim
Scopus,S3,Scopus S3 — Pólipos gástricos em endoscopia com IA,Huang2021,Impact of Computer-Assisted System on the Learning Curve and Quality in Esophagogastroduodenoscopy: Randomized Controlled Trial,"Huang, Li; Liu, Jun; Wu, Lianlian; Xu, Ming; Yao, Liwen; Zhang, Lihui; Shang, Renduo; Zhang, Mengjiao; Xiong, Qiutang; Wang, Dawei; Dong, Zehua; Xu, Youming; Li, Jia; Zhu, Yijie; Gong, Dexin; Wu, Huiling; Yu, Honggang",2021,,Frontiers in Medicine,duplicate,Duplicata de 'Impact of Computer-Assisted System on the Learning Curve and Quality in Esophago…' já presente em Scopus/S2.,Scopus/S3,sim
Scopus,S3,Scopus S3 — Pólipos gástricos em endoscopia com IA,Ishioka2023483,Performance of an artificial intelligence-based diagnostic support tool for early gastric cancers: Retrospective study,"Ishioka, Mitsuaki; Osawa, Hiroyuki; Hirasawa, Toshiaki; Kawachi, Hiroshi; Nakano, Kaoru; Fukushima, Noriyoshi; Sakaguchi, Mio; Tada, Tomohiro; Kato, Yusuke; Shibata, Junichi; Ozawa, Tsuyoshi; Tajiri, Hisao; Fujisaki, Junko",2023,,Digestive Endoscopy,duplicate,Duplicata de 'Performance of an artificial intelligence-based diagnostic support tool for earl…' já presente em Scopus/S2.,Scopus/S3,sim
Scopus,S3,Scopus S3 — Pólipos gástricos em endoscopia com IA,Durak20211563,Deep neural network approaches for detecting gastric polyps in endoscopic images,"Durak, Serdar; Bayram, Bülent; Bakırman, Tolga; Erkut, Murat; Doğan, Metehan; Gürtürk, Mert; Akpınar, Burak",2021,,Medical and Biological Engineering and Computing,duplicate,Duplicata de 'Deep neural network approaches for detecting gastric polyps in endoscopic images…' já presente em Scopus/S2.,Scopus/S3,sim
Scopus,S3,Scopus S3 — Pólipos gástricos em endoscopia com IA,Zhang2023181,Effect of a deep learning–based automatic upper GI endoscopic reporting system: a randomized crossover study (with video),"Zhang, Lihui; Lu, Zihua; Yao, Liwen; Dong, Zehua; Zhou, Wei; He, Chunping; Luo, Renquan; Zhang, Mengjiao; Wang, Jing; Li, Yanxia; Deng, Yunchao; Zhang, Chenxia; Li, Xun; Shang, Renduo; Xu, Ming; Wang, Junxiao; Zhao, Yu; Wu, Lianlian; Yu, Honggang",2023,,Gastrointestinal Endoscopy,duplicate,Duplicata de 'Effect of a deep learning–based automatic upper GI endoscopic reporting system: …' já presente em Scopus/S2.,Scopus/S3,sim
Scopus,S3,Scopus S3 — Pólipos gástricos em endoscopia com IA,Li2025,Factors influencing the incidence of early gastric cancer: a bayesian network analysis,"Li, Ruiyu; Yang, Taiming; Dong, Zi; Gao, Yin; Li, Nan; Song, Ting; Sun, Jinshu; Chen, Ying",2025,,BMC Gastroenterology,duplicate,Duplicata de 'Factors influencing the incidence of early gastric cancer: a bayesian network an…' já presente em Scopus/S2.,Scopus/S3,sim
Scopus,S3,Scopus S3 — Pólipos gástricos em endoscopia com IA,Wang2019128,Gastric polyps detection by improved faster r-cnn,"Wang, Ruilin; Zhang, Wei; Nie, Wenbo; Yu, Yao",2019,,ACM International Conference Proceeding Series,duplicate,Duplicata de 'Gastric polyps detection by improved faster r-cnn…' já presente em Scopus/S2.,Scopus/S3,sim
Scopus,S3,Scopus S3 — Pólipos gástricos em endoscopia com IA,Tian2025,Investigating the relationship between tongue diagnosis features and gastric cancer: A machine learning-based prediction model,"Tian, Pengfei; Chen, Zonglin; Fang, Biaojie; Wang, Xintian; Yu, Xin; Lu, Mingdian",2025,,European Journal of Surgical Oncology,duplicate,Duplicata de 'Investigating the relationship between tongue diagnosis features and gastric can…' já presente em Scopus/S2.,Scopus/S3,sim
Scopus,S5,Scopus S5 — Datasets brasileiros/latino-americanos de endoscopia,Braverman-Jaiven2024,Advancements in the use of AI in the diagnosis and management of inflammatory bowel disease,"Braverman-Jaiven, Dalia; Manfredi, Luigi",2024,,Frontiers in Robotics and AI,duplicate,Duplicata de 'Advancements in the use of AI in the diagnosis and management of inflammatory bo…' já presente em Scopus/S4.,Scopus/S5,sim
Web of Science,S1,WoS S1 — Principal: IA/DL em endoscopia digestiva alta,WOS:000469452600289,"Automatic Analysis of Endoscopic Images for Polyps Detection and
Segmentation","Pozdeev, Alexandr A.; Obukhova, Nataliia A.; Motyko, Alexandr A.",2019,10.1109/eiconrus.2019.8657018,"PROCEEDINGS OF THE 2019 IEEE CONFERENCE OF RUSSIAN YOUNG RESEARCHERS IN
ELECTRICAL AND ELECTRONIC ENGINEERING (EICONRUS)",duplicate,Duplicata de 'Automatic analysis of endoscopic images for polyps detection and segmentation…' já presente em Scopus/S1.,Web of Science/S1,sim
Web of Science,S1,WoS S1 — Principal: IA/DL em endoscopia digestiva alta,WOS:000446342100004,"Detecting and Locating Gastrointestinal Anomalies Using Deep Learning
and Iterative Cluster Unification","Iakovidis, Dimitris K.; Georgakopoulos, Spiros V.; Vasilakakis, Michael; Koulaouzidis, Anastasios; Plagianakos, Vassilis P.",2018,10.1109/TMI.2018.2837002,IEEE TRANSACTIONS ON MEDICAL IMAGING,duplicate,Duplicata de 'Detecting and Locating Gastrointestinal Anomalies Using Deep Learning and Iterat…' já presente em Scopus/S1.,Web of Science/S1,sim
Web of Science,S1,WoS S1 — Principal: IA/DL em endoscopia digestiva alta,WOS:001182135600001,"Artificial intelligence-assisted system for the assessment of Forrest
classification of peptic ulcer bleeding: a multicenter diagnostic study","He, Xiao-Jian; Wang, Xiao-Ling; Su, Tian-Kang; Yao, Li-Jia; Zheng, Jing; Wen, Xiao-Dong; Xu, Qin-Wei; Huang, Qian-Rong; Chen, Li-Bin; Chen, Chang-Xin; Lin, Hai-Fan; Chen, Yi-Qun; hu, Yan-Xing; Zhang, Kai-Hua; Jiang, Chuan-Shen; Liu, Gang; Li, Da-Zhou; Li, Dong-Liang; Wen, Wang",2024,10.1055/a-2252-4874,ENDOSCOPY,duplicate,Duplicata de 'Artificial intelligence-assisted system for the assessment of Forrest classifica…' já presente em Scopus/S1.,Web of Science/S1,sim
Web of Science,S1,WoS S1 — Principal: IA/DL em endoscopia digestiva alta,WOS:000735199000001,"Automated Detection of Gastric Cancer by Retrospective Endoscopic Image
Dataset Using U-Net R-CNN","Teramoto, Atsushi; Shibata, Tomoyuki; Yamada, Hyuga; Hirooka, Yoshiki; Saito, Kuniaki; Fujita, Hiroshi",2021,10.3390/app112311275,APPLIED SCIENCES-BASEL,duplicate,Duplicata de 'Automated detection of gastric cancer by retrospective endoscopic image dataset …' já presente em Scopus/S1.,Web of Science/S1,sim
Web of Science,S1,WoS S1 — Principal: IA/DL em endoscopia digestiva alta,WOS:000468463000005,"Application of convolutional neural networks for evaluating
Helicobacter pylori infection status on the basis of endoscopic
images","Shichijo, Satoki; Endo, Yuma; Aoyama, Kazuharu; Takeuchi, Yoshinori; Ozawa, Tsuyoshi; Takiyama, Hirotoshi; Matsuo, Keigo; Fujishiro, Mitsuhiro; Ishihara, Soichiro; Ishihara, Ryu; Tada, Tomohiro",2019,10.1080/00365521.2019.1577486,SCANDINAVIAN JOURNAL OF GASTROENTEROLOGY,duplicate,Duplicata de 'Application of convolutional neural networks for evaluating Helicobacter pylori …' já presente em Scopus/S1.,Web of Science/S1,sim
Web of Science,S1,WoS S1 — Principal: IA/DL em endoscopia digestiva alta,WOS:001344686800001,"Use of artificial intelligence for the detection of Helicobacter pylori
infection from upper gastrointestinal endoscopy images: an updated
systematic review and meta-analysis","Parkash, Om; Lal, Abhishek; Subash, Tushar; Sultan, Ujala; Tahir, Hasan Nawaz; Hoodbhoy, Zahra; Sundar, Shiyam; Das, Jai Kumar",2024,10.20524/aog.2024.0913,ANNALS OF GASTROENTEROLOGY,duplicate,Duplicata de 'Use of artificial intelligence for the detection of Helicobacter pylori infectio…' já presente em Scopus/S1.,Web of Science/S1,sim
Web of Science,S1,WoS S1 — Principal: IA/DL em endoscopia digestiva alta,WOS:000639562100079,"Ability of artificial intelligence to detect T1 esophageal squamous cell
carcinoma from endoscopic videos and the effects of real-time assistance","Shiroma, Sho; Yoshio, Toshiyuki; Kato, Yusuke; Horie, Yoshimasa; Namikawa, Ken; Tokai, Yoshitaka; Yoshimizu, Shoichi; Yoshizawa, Natsuko; Horiuchi, Yusuke; Ishiyama, Akiyoshi; Hirasawa, Toshiaki; Tsuchida, Tomohiro; Akazawa, Naoki; Akiyama, Junichi; Tada, Tomohiro; Fujisaki, Junko",2021,10.1038/s41598-021-87405-6,SCIENTIFIC REPORTS,duplicate,Duplicata de 'Ability of artificial intelligence to detect T1 esophageal squamous cell carcino…' já presente em Scopus/S1.,Web of Science/S1,sim
Web of Science,S1,WoS S1 — Principal: IA/DL em endoscopia digestiva alta,WOS:000704940200001,"Channel separation-based network for the automatic anatomical site
recognition using endoscopic images","Sun, Mingjian; Ma, Lingyu; Su, Xiufeng; Gao, Xiaozhong; Liu, Zichao; Ma, Liyong",2022,10.1016/j.bspc.2021.103167,BIOMEDICAL SIGNAL PROCESSING AND CONTROL,duplicate,Duplicata de 'Channel separation-based network for the automatic anatomical site recognition u…' já presente em Scopus/S1.,Web of Science/S1,sim
Web of Science,S1,WoS S1 — Principal: IA/DL em endoscopia digestiva alta,WOS:000435391300008,"Application of artificial intelligence using a convolutional neural
network for detecting gastric cancer in endoscopic images","Hirasawa, Toshiaki; Aoyama, Kazuharu; Tanimoto, Tetsuya; Ishihara, Soichiro; Shichijo, Satoki; Ozawa, Tsuyoshi; Ohnishi, Tatsuya; Fujishiro, Mitsuhiro; Matsuo, Keigo; Fujisaki, Junko; Tada, Tomohiro",2018,10.1007/s10120-018-0793-2,GASTRIC CANCER,duplicate,Duplicata de 'Application of artificial intelligence using a convolutional neural network for …' já presente em PubMed/S3.,Web of Science/S1,sim
Web of Science,S1,WoS S1 — Principal: IA/DL em endoscopia digestiva alta,WOS:001172580300001,"Computer-aided diagnosis in real-time endoscopy for all stages of
gastric carcinogenesis: Development and validation study","Gong, Eun Jeong; Bang, Chang Seok; Lee, Jae Jun",2024,10.1002/ueg2.12551,UNITED EUROPEAN GASTROENTEROLOGY JOURNAL,duplicate,Duplicata de 'Computer-aided diagnosis in real-time endoscopy for all stages of gastric carcin…' já presente em PubMed/S2.,Web of Science/S1,sim
Web of Science,S1,WoS S1 — Principal: IA/DL em endoscopia digestiva alta,WOS:000685667600001,"Endoscopic image recognition method of gastric cancer based on deep
learning model","Qiu, Wengang; Xie, Jun; Shen, Yi; Xu, Jiang; Liang, Jun",2022,10.1111/exsy.12758,EXPERT SYSTEMS,duplicate,Duplicata de 'Endoscopic image recognition method of gastric cancer based on deep learning mod…' já presente em Scopus/S1.,Web of Science/S1,sim
Web of Science,S1,WoS S1 — Principal: IA/DL em endoscopia digestiva alta,WOS:000752662400001,"Construction and Multicenter Diagnostic Verification of Intelligent
Recognition System for Endoscopic Images From Early Gastric Cancer Based
on YOLO-V3 Algorithm","Yao, Zhendong; Jin, Tao; Mao, Boneng; Lu, Bo; Zhang, Yefei; Li, Sisi; Chen, Weichang",2022,10.3389/fonc.2022.815951,FRONTIERS IN ONCOLOGY,duplicate,Duplicata de 'Construction and Multicenter Diagnostic Verification of Intelligent Recognition …' já presente em Scopus/S1.,Web of Science/S1,sim
Web of Science,S1,WoS S1 — Principal: IA/DL em endoscopia digestiva alta,WOS:001047024900080,"Implementation of artificial intelligence in upper gastrointestinal
endoscopy","Nagao, Sayaka; Tani, Yasuhiro; Shibata, Junichi; Tsuji, Yosuke; Tada, Tomohiro; Ishihara, Ryu; Fujishiro, Mitsuhiro",2022,10.1002/deo2.72,DEN OPEN,duplicate,Duplicata de 'Implementation of artificial intelligence in upper gastrointestinal endoscopy…' já presente em PubMed/S3.,Web of Science/S1,sim
Web of Science,S1,WoS S1 — Principal: IA/DL em endoscopia digestiva alta,WOS:000669998400008,Usefulness of artificial intelligence in gastric neoplasms,"Kim, Ji Hyun; Nam, Seung-Joo; Park, Sung Chul",2021,10.3748/wjg.v27.i24.3543,WORLD JOURNAL OF GASTROENTEROLOGY,duplicate,Duplicata de 'Usefulness of artificial intelligence in gastric neoplasms…' já presente em Scopus/S1.,Web of Science/S1,sim
Web of Science,S1,WoS S1 — Principal: IA/DL em endoscopia digestiva alta,WOS:000429816800003,"Deep learning analyzes Helicobacter pylori infection by upper
gastrointestinal endoscopy images","Itoh, Takumi; Kawahira, Hiroshi; Nakashima, Hirotaka; Yata, Noriko",2018,10.1055/s-0043-120830,ENDOSCOPY INTERNATIONAL OPEN,duplicate,Duplicata de 'Deep learning analyzes Helicobacter pylori infection by upper gastrointestinal e…' já presente em PubMed/S2.,Web of Science/S1,sim
Web of Science,S1,WoS S1 — Principal: IA/DL em endoscopia digestiva alta,WOS:000522757900001,"Artificial intelligence-based detection of pharyngeal cancer using
convolutional neural networks","Tamashiro, Atsuko; Yoshio, Toshiyuki; Ishiyama, Akiyoshi; Tsuchida, Tomohiro; Hijikata, Kazunori; Yoshimizu, Shoichi; Horiuchi, Yusuke; Hirasawa, Toshiaki; Seto, Akira; Sasaki, Toru; Fujisaki, Junko; Tada, Tomohiro",2020,10.1111/den.13653,DIGESTIVE ENDOSCOPY,duplicate,Duplicata de 'Artificial intelligence-based detection of pharyngeal cancer using convolutional…' já presente em Scopus/S1.,Web of Science/S1,sim
Web of Science,S1,WoS S1 — Principal: IA/DL em endoscopia digestiva alta,WOS:001091752000001,"A Temporal Learning Approach to Inpainting Endoscopic Specularities and
Its Effect on Image Correspondence","Daher, Rema; Vasconcelos, Francisco; Stoyanov, Danail",2023,10.1016/j.media.2023.102994,MEDICAL IMAGE ANALYSIS,duplicate,Duplicata de 'A Temporal Learning Approach to Inpainting Endoscopic Specularities and Its Effe…' já presente em Scopus/S1.,Web of Science/S1,sim
Web of Science,S1,WoS S1 — Principal: IA/DL em endoscopia digestiva alta,WOS:001062050500161,"AUTOMATIC CLASSIFICATION OF ESOPHAGOGASTRODUODENOSCOPY SUB-ANATOMICAL
REGIONS","Bravo, Diego; Ruano, Josue; Jaramillo, Maria; Gallego, Daniel; Gomez, Martin; Gonzalez, Fabio A.; Romero, Eduardo",2023,10.1109/ISBI53787.2023.10230483,"2023 IEEE 20TH INTERNATIONAL SYMPOSIUM ON BIOMEDICAL IMAGING, ISBI",duplicate,Duplicata de 'Automatic Classification of Esophagogastroduodenoscopy Sub-Anatomical Regions…' já presente em Scopus/S1.,Web of Science/S1,sim
Web of Science,S1,WoS S1 — Principal: IA/DL em endoscopia digestiva alta,WOS:001377693400001,"Artificial Intelligence-Based Classification of Anatomical Sites in
Esophagogastroduodenoscopy Images","Yuan, Peng; Ma, Zhong-Hua; Yan, Yan; Li, Shi-Jie; Wang, Jing; Wu, Qi",2024,10.2147/IJGM.S481127,INTERNATIONAL JOURNAL OF GENERAL MEDICINE,duplicate,Duplicata de 'Artificial Intelligence-Based Classification of Anatomical Sites in Esophagogast…' já presente em PubMed/S2.,Web of Science/S1,sim
Web of Science,S1,WoS S1 — Principal: IA/DL em endoscopia digestiva alta,WOS:001496729800001,A Multitask Network for the Diagnosis of Autoimmune Gastritis,"Cao, Yuqi; Zhao, Yining; Jin, Xinao; Zhang, Jiayuan; Zhang, Gangzhi; Huang, Pingjie; Zhang, Guangxin; Han, Yuehua",2025,10.3390/jimaging11050154,JOURNAL OF IMAGING,duplicate,Duplicata de 'A Multitask Network for the Diagnosis of Autoimmune Gastritis…' já presente em Scopus/S1.,Web of Science/S1,sim
Web of Science,S1,WoS S1 — Principal: IA/DL em endoscopia digestiva alta,WOS:000437882300009,"Artificial intelligence diagnosis of Helicobacter pylori
infection using blue laser imaging-bright and linked color imaging: a
single-center prospective study","Nakashima, Hirotaka; Kawahira, Hiroshi; Kawachi, Hiroshi; Sakaki, Nobuhiro",2018,10.20524/aog.2018.0269,ANNALS OF GASTROENTEROLOGY,duplicate,Duplicata de 'Artificial intelligence diagnosis of helicobacter pylori infection using blue la…' já presente em Scopus/S1.,Web of Science/S1,sim
Web of Science,S1,WoS S1 — Principal: IA/DL em endoscopia digestiva alta,WOS:001304539800056,Application of MRI-based Deep Learning Models in Gastric Cancer,"Yuan, Letian",2024,10.1145/3662739.3670218,"PROCEEDINGS OF 2024 INTERNATIONAL CONFERENCE ON MACHINE INTELLIGENCE AND
DIGITAL APPLICATIONS, MIDA2024",duplicate,Duplicata de 'Application of MRI-based Deep Learning Models in Gastric Cancer…' já presente em Scopus/S1.,Web of Science/S1,sim
Web of Science,S1,WoS S1 — Principal: IA/DL em endoscopia digestiva alta,WOS:000898811500011,"Identification of upper GI diseases during screening gastroscopy using a
deep convolutional neural network algorithm","Yang, Hang; Wu, Yu; Yang, Bo; Wu, Min; Zhou, Jun; Liu, Qin; Lin, Yifei; Li, Shilin; Li, Xue; Zhang, Jie; Wang, Rui; Xie, Qianrong; Li, Jingqi; Luo, Yue; Tu, Mengjie; Wang, Xiao; Lan, Haitao; Bai, Xuesong; Wu, Huaping; Zeng, Fanwei; Zhao, Hong; Yi, Zhang; Zeng, Fanxin",2022,10.1016/j.gie.2022.06.011,GASTROINTESTINAL ENDOSCOPY,duplicate,Duplicata de 'Identification of upper GI diseases during screening gastroscopy using a deep co…' já presente em PubMed/S2.,Web of Science/S1,sim
Web of Science,S1,WoS S1 — Principal: IA/DL em endoscopia digestiva alta,WOS:000548118100054,"Labelling Stomach Anatomical Locations In Upper Gastrointestinal
Endoscopic Images Using a CNN",Hai Vu; Xuan Huy Manh; Bach Quan Duc; Van Kien Ha; Viet Hang Dao; Phuc Binh Nguyen; Bao Long Hoang; Thanh Hai Vu,2019,10.1145/3368926.3369704,"SOICT 2019: PROCEEDINGS OF THE TENTH INTERNATIONAL SYMPOSIUM ON
INFORMATION AND COMMUNICATION TECHNOLOGY",duplicate,Duplicata de 'Labelling stomach anatomical locations in upper gastrointestinal endoscopic imag…' já presente em Scopus/S1.,Web of Science/S1,sim
Web of Science,S1,WoS S1 — Principal: IA/DL em endoscopia digestiva alta,WOS:000987286600028,"Evaluation of deep learning methods for early gastric cancer detection
using gastroscopic images","Su, Xiufeng; Liu, Qingshan; Gao, Xiaozhong; Ma, Liyong",2023,10.3233/THC-236027,TECHNOLOGY AND HEALTH CARE,duplicate,Duplicata de 'Evaluation of deep learning methods for early gastric cancer detection using gas…' já presente em PubMed/S2.,Web of Science/S1,sim
Web of Science,S1,WoS S1 — Principal: IA/DL em endoscopia digestiva alta,WOS:001325811800004,"Development and application of an artificial intelligence-assisted
endoscopy system for diagnosis of Helicobacter pylori infection:
a multicenter randomized controlled study","Zou, Pei-Ying; Zhu, Jian-Ru; Zhao, Zhe; Mei, Hao; Zhao, Jing-Tao; Sun, Wen-Jing; Wang, Guo-Hua; Chen, Dong-Feng; Fan, Li-Lin; Lan, Chun-Hui",2024,10.1186/s12876-024-03389-3,BMC GASTROENTEROLOGY,duplicate,Duplicata de 'Development and application of an artificial intelligence-assisted endoscopy sys…' já presente em Scopus/S1.,Web of Science/S1,sim
Web of Science,S1,WoS S1 — Principal: IA/DL em endoscopia digestiva alta,WOS:000826494000002,"A deep learning network based on multi-scale and attention for the
diagnosis of chronic atrophic gastritis","Chong, Yanwen; Xie, Ningdi; Liu, Xin; Zhang, Meng; Huang, Fengxing; Fang, Jun; Wang, Fan; Pan, Shaoming; Nie, Haihang; Zhao, Qiu",2022,10.1055/a-1828-1441,ZEITSCHRIFT FUR GASTROENTEROLOGIE,duplicate,Duplicata de 'A deep learning network based on multi-scale and attention for the diagnosis of …' já presente em Scopus/S1.,Web of Science/S1,sim
Web of Science,S1,WoS S1 — Principal: IA/DL em endoscopia digestiva alta,WOS:001583164800007,Role of artificial intelligence in gastric diseases,"Gong, Eun Jeong; Woo, Jieun; Lee, Jae Jun; Bang, Chang Seok",2025,10.3748/wjg.v31.i37.111327,WORLD JOURNAL OF GASTROENTEROLOGY,duplicate,Duplicata de 'Role of artificial intelligence in gastric diseases…' já presente em Scopus (VLM/FMs)/S3.,Web of Science/S1,sim
Web of Science,S1,WoS S1 — Principal: IA/DL em endoscopia digestiva alta,WOS:001246168200005,"Gastric Section Correlation Network for Gastric Precancerous Lesion
Diagnosis","Jhang, Jyun-Yao; Tsai, Yu-Ching; Hsu, Tzu-Chun; Huang, Chun-Rong; Cheng, Hsiu-Chi; Sheu, Bor-Shyang",2024,10.1109/OJEMB.2023.3277219,IEEE OPEN JOURNAL OF ENGINEERING IN MEDICINE AND BIOLOGY,duplicate,Duplicata de 'Gastric Section Correlation Network for Gastric Precancerous Lesion Diagnosis…' já presente em Scopus/S1.,Web of Science/S1,sim
Web of Science,S1,WoS S1 — Principal: IA/DL em endoscopia digestiva alta,WOS:000743747500009,"Real-time artificial intelligence for detecting focal lesions and
diagnosing neoplasms of the stomach by white-light endoscopy (with
videos)","Wu, Lianlian; Xu, Ming; Jiang, Xiaoda; He, Xinqi; Zhang, Heng; Ai, Yaowei; Tong, Qiaoyun; Lv, Peihua; Lu, Bin; Guo, Mingwen; Huang, Manling; Ye, Liping; Shen, Lei; Yu, Honggang",2022,10.1016/j.gie.2021.09.017,GASTROINTESTINAL ENDOSCOPY,duplicate,Duplicata de 'Real-time artificial intelligence for detecting focal lesions and diagnosing neo…' já presente em Scopus/S1.,Web of Science/S1,sim
Web of Science,S1,WoS S1 — Principal: IA/DL em endoscopia digestiva alta,WOS:000390993205124,WiLD: Widening View Angle for Lesion Detection with Gastroscopic Images,"Sohn, Soo Yeon; Lee, Dongkyu R.; Lee, Suk Kyu; Kim, Hwangnam; Suh, Yun Suhk; Kong, Seong Ho; Lee, Hyuk Joon; Yang, Han Kwang",2016,10.1109/ICC.2016.7511600,2016 IEEE INTERNATIONAL CONFERENCE ON COMMUNICATIONS (ICC),duplicate,Duplicata de 'WiLD: Widening view angle for lesion detection with gastroscopic images…' já presente em IEEE/S1.,Web of Science/S1,sim
Web of Science,S1,WoS S1 — Principal: IA/DL em endoscopia digestiva alta,WOS:000605923700001,"Development of artificial intelligence system for quality control of
photo documentation in esophagogastroduodenoscopy","Choi, Seong Ji; Khan, Mohammad Azam; Choi, Hyuk Soon; Choo, Jaegul; Lee, Jae Min; Kwon, Soonwook; Keum, Bora; Chun, Hoon Jai",2022,10.1007/s00464-020-08236-6,SURGICAL ENDOSCOPY AND OTHER INTERVENTIONAL TECHNIQUES,duplicate,Duplicata de 'Development of artificial intelligence system for quality control of photo docum…' já presente em Scopus/S1.,Web of Science/S1,sim
Web of Science,S1,WoS S1 — Principal: IA/DL em endoscopia digestiva alta,WOS:001588996200003,"Gastric Anatomical Sites Recognition in Gastroscopic Images Based on
Dual-branch Perception and Multi-scale Semantic Aggregation","Gao, Shujun; Yu, Xiaomei; Liang, Xiao; Chen, Xuanchi; Zheng, Xiangwei",2026,10.1016/j.displa.2025.103234,DISPLAYS,duplicate,Duplicata de 'Gastric Anatomical Sites Recognition in Gastroscopic Images Based on Dual-branch…' já presente em Scopus/S1.,Web of Science/S1,sim
Web of Science,S1,WoS S1 — Principal: IA/DL em endoscopia digestiva alta,WOS:000990632100001,"Detection of duodenal villous atrophy on endoscopic images using a deep
learning algorithm","Scheppach, Markus W.; Rauber, David; Stallhofer, Johannes; Muzalyova, Anna; Otten, Vera; Manzeneder, Carolin; Schwamberger, Tanja; Wanzl, Julia; Schlottmann, Jakob; Tadic, Vidan; Probst, Andreas; Schnoy, Elisabeth; Roemmele, Christoph; Fleischmann, Carola; Meinikheim, Michael; Miller, Silvia; Maerkl, Bruno; Stallmach, Andreas; Palm, Christoph; Messmann, Helmut; Ebigbo, Alanna",2023,10.1016/j.gie.2023.01.006,GASTROINTESTINAL ENDOSCOPY,duplicate,Duplicata de 'Detection of duodenal villous atrophy on endoscopic images using a deep learning…' já presente em Scopus/S1.,Web of Science/S1,sim
Web of Science,S1,WoS S1 — Principal: IA/DL em endoscopia digestiva alta,WOS:000571891000005,"Anatomical classification of upper gastrointestinal organs under various
image capture conditions using AlexNet","Igarashi, Shohei; Sasaki, Yoshihiro; Mikami, Tatsuya; Sakuraba, Hirotake; Fukuda, Shinsaku",2020,10.1016/j.compbiomed.2020.103950,COMPUTERS IN BIOLOGY AND MEDICINE,duplicate,Duplicata de 'Anatomical classification of upper gastrointestinal organs under various image c…' já presente em Scopus/S1.,Web of Science/S1,sim
Web of Science,S1,WoS S1 — Principal: IA/DL em endoscopia digestiva alta,WOS:000701363700001,"Deep learning-based endoscopic anatomy classification: an accelerated
approach for data preparation and model validation","Chang, Yuan-Yen; Li, Pai-Chi; Chang, Ruey-Feng; Yao, Chih-Da; Chen, Yang-Yuan; Chang, Wen-Yen; Yen, Hsu-Heng",2022,10.1007/s00464-021-08698-2,SURGICAL ENDOSCOPY AND OTHER INTERVENTIONAL TECHNIQUES,duplicate,Duplicata de 'Deep learning-based endoscopic anatomy classification: an accelerated approach f…' já presente em Scopus/S1.,Web of Science/S1,sim
Web of Science,S1,WoS S1 — Principal: IA/DL em endoscopia digestiva alta,WOS:000788097600003,"Optical biopsy mapping on endoscopic image mosaics with a marker-free
probe","Zenteno, Omar; Trinh, Dinh-Hoan; Treuillet, Sylvie; Lucas, Yves; Bazin, Thomas; Lamarque, Dominique; Daul, Christian",2022,10.1016/j.compbiomed.2022.105234,COMPUTERS IN BIOLOGY AND MEDICINE,duplicate,Duplicata de 'Optical biopsy mapping on endoscopic image mosaics with a marker-free probe…' já presente em Scopus/S1.,Web of Science/S1,sim
Web of Science,S1,WoS S1 — Principal: IA/DL em endoscopia digestiva alta,WOS:001218293800001,Curative criteria for endoscopic treatment of gastric cancer,"Neves, Joa A. Cunha; Delgado-Guillena, Pedro G.; Queiros, Patricia; Libanio, Diogo; de Santiago, Enrique Rodriguez",2024,10.1016/j.bpg.2024.101884,BEST PRACTICE & RESEARCH CLINICAL GASTROENTEROLOGY,duplicate,Duplicata de 'Curative criteria for endoscopic treatment of gastric cancer…' já presente em PubMed/S3.,Web of Science/S1,sim
Web of Science,S1,WoS S1 — Principal: IA/DL em endoscopia digestiva alta,WOS:001398291700008,"GastroHUN an Endoscopy Dataset of Complete Systematic Screening Protocol
for the Stomach","Bravo, Diego; Frias, Juan; Vera, Felipe; Trejos, Juan; Martinez, Carlos; Gomez, Martin; Gonzalez, Fabio; Romero, Eduardo",2025,10.1038/s41597-025-04401-5,SCIENTIFIC DATA,duplicate,Duplicata de 'GastroHUN an Endoscopy Dataset of Complete Systematic Screening Protocol for the…' já presente em Springer Nature Link/S1.,Web of Science/S1,sim
Web of Science,S1,WoS S1 — Principal: IA/DL em endoscopia digestiva alta,WOS:000992750400001,"Improving Classification Performance in Gastric Disease through
Realistic Data Augmentation Technique Based on Poisson Blending","Lee, Han-sung; Cho, Hyun-chong",2023,10.1007/s42835-023-01543-7,JOURNAL OF ELECTRICAL ENGINEERING & TECHNOLOGY,duplicate,Duplicata de 'Improving Classification Performance in Gastric Disease through Realistic Data A…' já presente em Scopus/S1.,Web of Science/S1,sim
Web of Science,S1,WoS S1 — Principal: IA/DL em endoscopia digestiva alta,WOS:001442977500046,"Research on Gastritis Endoscopic Images Classification Based on
SE-RepLKNet","Jin, Xinao; Zhao, Yining; Cao, Yuqi; Zhang, Gangzhi; Zhang, Guangxin; Han, Yuehua",2024,10.1109/ICCVIT63928.2024.10872498,"2024 2ND INTERNATIONAL CONFERENCE ON COMPUTER, VISION AND INTELLIGENT
TECHNOLOGY, ICCVIT",duplicate,Duplicata de 'Research on Gastritis Endoscopic Images Classification Based on SE-RepLKNet…' já presente em Scopus/S1.,Web of Science/S1,sim
Web of Science,S1,WoS S1 — Principal: IA/DL em endoscopia digestiva alta,WOS:001511695400007,"Task-specific prompting SAM for multi-task gastric cancer diagnosis in
endoscopic images","Wang, Bilin; Lei, Changda; Guo, Yunbo; Hong, Kaicheng; Kan, Xiuji; Ouyang, Yifan; Li, Junbo; Li, Rui",2025,10.1016/j.eswa.2025.128329,EXPERT SYSTEMS WITH APPLICATIONS,duplicate,Duplicata de 'Task-specific prompting SAM for multi-task gastric cancer diagnosis in endoscopi…' já presente em Scopus/S1.,Web of Science/S1,sim
Web of Science,S1,WoS S1 — Principal: IA/DL em endoscopia digestiva alta,WOS:000490412500013,"Smart connected electronic gastroscope system for gastric cancer
screening using multi-column convolutional neural networks","Wang, Hao; Ding, Shuai; Wu, Desheng; Zhang, Youtao; Yang, Shanlin",2019,10.1080/00207543.2018.1464232,INTERNATIONAL JOURNAL OF PRODUCTION RESEARCH,duplicate,Duplicata de 'Smart connected electronic gastroscope system for gastric cancer screening using…' já presente em Scopus/S1.,Web of Science/S1,sim
Web of Science,S1,WoS S1 — Principal: IA/DL em endoscopia digestiva alta,WOS:000531313500001,"Deep learning-based anatomical site classification for upper
gastrointestinal endoscopy","He, Qi; Bano, Sophia; Ahmad, Omer F.; Yang, Bo; Chen, Xin; Valdastri, Pietro; Lovat, Laurence B.; Stoyanov, Danail; Zuo, Siyang",2020,10.1007/s11548-020-02148-5,INTERNATIONAL JOURNAL OF COMPUTER ASSISTED RADIOLOGY AND SURGERY,duplicate,Duplicata de 'Deep learning-based anatomical site classification for upper gastrointestinal en…' já presente em Scopus/S1.,Web of Science/S1,sim
Web of Science,S1,WoS S1 — Principal: IA/DL em endoscopia digestiva alta,WOS:000610989000001,"Deep Learning-Based Computer-Aided Diagnosis System for Gastroscopy
Image Classification Using Synthetic Data","Kim, Yun-ji; Cho, Hyun Chin; Cho, Hyun-chong",2021,10.3390/app11020760,APPLIED SCIENCES-BASEL,duplicate,Duplicata de 'Deep learning‐based computer‐aided diagnosis system for gastroscopy image classi…' já presente em Scopus/S1.,Web of Science/S1,sim
Web of Science,S1,WoS S1 — Principal: IA/DL em endoscopia digestiva alta,WOS:000685503100009,"A multi-feature fusion method for image recognition of gastrointestinal
metaplasia (GIM)","Li, Hongyan; Vong, Chi Man; Wong, Pak Kin; Ip, Weng Fai; Yan, Tao; Choi, I. Cheong; Yu, Hon Ho",2021,10.1016/j.bspc.2021.102909,BIOMEDICAL SIGNAL PROCESSING AND CONTROL,duplicate,Duplicata de 'A multi-feature fusion method for image recognition of gastrointestinal metaplas…' já presente em Scopus/S1.,Web of Science/S1,sim
Web of Science,S1,WoS S1 — Principal: IA/DL em endoscopia digestiva alta,WOS:001265603200009,"Real-World Application of Artificial Intelligence for Detecting
Pathologic Gastric Atypia and Neoplastic Lesions","Chang, Young Hoon; Shin, Cheol Min; Lee, Hae Dong; Park, Jinbae; Jeon, Jiwoon; Cho, Soo-Jeong; Kang, Seung Joo; Chung, Jae -Yong; Jun, Yu Kyung; Choi, Yonghoon; Yoon, Hyuk; Park, Young Soo; Kim, Nayoung; Lee, Dong Ho",2024,10.5230/jgc.2024.24.e28,JOURNAL OF GASTRIC CANCER,duplicate,Duplicata de 'Real-World Application of Artificial Intelligence for Detecting Pathologic Gastr…' já presente em PubMed/S3.,Web of Science/S1,sim
Web of Science,S1,WoS S1 — Principal: IA/DL em endoscopia digestiva alta,WOS:001692488200001,"A Benchmark Dataset of Endoscopic Images and a Novel Deep Learning
Method to Segment Gastric Intestinal Metaplasia Under Linked Color
Imaging","Zhang, Mingya; Wang, Liang; Yu, Yue; Liu, Ling; Tao, Xianping; Gu, Limei; Ling, Tingsheng",2026,10.1111/coin.70177,COMPUTATIONAL INTELLIGENCE,duplicate,Duplicata de 'A Benchmark Dataset of Endoscopic Images and a Novel Deep Learning Method to Seg…' já presente em Scopus/S1.,Web of Science/S1,sim
Web of Science,S1,WoS S1 — Principal: IA/DL em endoscopia digestiva alta,WOS:001349859400001,"A deep learning approach for gastroscopic manifestation recognition
based on Kyoto Gastritis Score","Liu, Ao; Zhang, Xilin; Zhong, Jiaxin; Wang, Zilu; Ge, Zhenyang; Wang, Zhong; Fan, Xiaoya; Zhang, Jing",2024,10.1080/07853890.2024.2418963,ANNALS OF MEDICINE,duplicate,Duplicata de 'A deep learning approach for gastroscopic manifestation recognition based on Kyo…' já presente em Scopus/S1.,Web of Science/S1,sim
Web of Science,S1,WoS S1 — Principal: IA/DL em endoscopia digestiva alta,WOS:000600548600018,"Use of artificial intelligence for detection of gastric lesions by
magnetically controlled capsule endoscopy","Xia, Ji; Xia, Tian; Pan, Jun; Gao, Fei; Wang, Shuang; Qian, Yang-Yang; Wang, Heng; Zhao, Jie; Jiang, Xi; Zou, Wen-Bin; Wang, Yuan-Chen; Zhou, Wei; Li, Zhao-Shen; Liao, Zhuan",2021,10.1016/j.gie.2020.05.027,GASTROINTESTINAL ENDOSCOPY,duplicate,Duplicata de 'Use of artificial intelligence for detection of gastric lesions by magnetically …' já presente em PubMed/S3.,Web of Science/S1,sim
Web of Science,S1,WoS S1 — Principal: IA/DL em endoscopia digestiva alta,WOS:001440077200154,Research of Deep Learning on Gastric Cancer Diagnosis,"Li, Lanlan; Chen, Mengni; YingZhou; Wang, Jianping; Wang, Dabiao",2020,10.1109/CSRSWTC50769.2020.9372583,"2020 CROSS STRAIT RADIO SCIENCE & WIRELESS TECHNOLOGY CONFERENCE,
CSRSWTC",duplicate,Duplicata de 'Research of Deep Learning on Gastric Cancer Diagnosis…' já presente em IEEE/S3.,Web of Science/S1,sim
Web of Science,S1,WoS S1 — Principal: IA/DL em endoscopia digestiva alta,WOS:000652587200005,"EFFICIENT TRANSFER LAERNING USED IN THE CLASSIFICATION OF GASTROSCOPIC
IMAGES WITH SMALL DATASET",Du Wenju; Rao Nini; Wang Yingchun; Hu Dingcan; Yong Jiaha,2020,10.1109/ICCWAMTIP51612.2020.9317450,"2020 17TH INTERNATIONAL COMPUTER CONFERENCE ON WAVELET ACTIVE MEDIA
TECHNOLOGY AND INFORMATION PROCESSING (ICCWAMTIP)",duplicate,Duplicata de 'Efficient Transfer Laerning Used in the Classification of Gastroscopic Images wi…' já presente em IEEE/S1.,Web of Science/S1,sim
Web of Science,S1,WoS S1 — Principal: IA/DL em endoscopia digestiva alta,WOS:000861306100001,"Improvement of Gastroscopy Classification Performance Through Image
Augmentation Using a Gradient-Weighted Class Activation Map","Ham, Hyun-Sik; Lee, Han-Sung; Chae, Jung-Woo; Cho, Hyun Chin; Cho, Hyun-Chong",2022,10.1109/ACCESS.2022.3207839,IEEE ACCESS,duplicate,Duplicata de 'Improvement of Gastroscopy Classification Performance Through Image Augmentation…' já presente em IEEE/S1.,Web of Science/S1,sim
Web of Science,S1,WoS S1 — Principal: IA/DL em endoscopia digestiva alta,WOS:001446153505099,"Artificial intelligence assisted recognition and diagnosis of
Magnetically controlled capsule gastroscopy","Chen, Susu; Wei, Chuyu; Li, Dongqi; Borchert, Glen M.; Yu, Zhong; Lin, Jiawen; Huang, Jingshan",2024,10.1109/BIBM62325.2024.10822068,"2024 IEEE INTERNATIONAL CONFERENCE ON BIOINFORMATICS AND BIOMEDICINE,
BIBM",duplicate,Duplicata de 'Artificial intelligence assisted recognition and diagnosis of Magnetically contr…' já presente em Scopus/S1.,Web of Science/S1,sim
Web of Science,S1,WoS S1 — Principal: IA/DL em endoscopia digestiva alta,WOS:000518765200004,"A systematic evaluation and optimization of automatic detection of
ulcers in wireless capsule endoscopy on a large dataset using deep
convolutional neural networks","Wang, Sen; Xing, Yuxiang; Zhang, Li; Gao, Hewei; Zhang, Hao",2019,10.1088/1361-6560/ab5086,PHYSICS IN MEDICINE AND BIOLOGY,duplicate,Duplicata de 'A systematic evaluation and optimization of automatic detection of ulcers in wir…' já presente em PubMed/S3.,Web of Science/S1,sim
Web of Science,S1,WoS S1 — Principal: IA/DL em endoscopia digestiva alta,WOS:001401930400001,"A prospective and comparative study on improving the diagnostic accuracy
of early gastric cancer based on deep convolutional neural network
real-time diagnosis system (with video)","Feng, Jie; Zhang, Yaoping; Feng, Zhijun; Ma, Huiming; Gou, Yani; Wang, Pengfei; Feng, Yanhu; Wang, Xiang; Huang, Xiaojun",2025,10.1007/s00464-025-11527-5,SURGICAL ENDOSCOPY AND OTHER INTERVENTIONAL TECHNIQUES,duplicate,Duplicata de 'A prospective and comparative study on improving the diagnostic accuracy of earl…' já presente em PubMed/S3.,Web of Science/S1,sim
Web of Science,S1,WoS S1 — Principal: IA/DL em endoscopia digestiva alta,WOS:000792637700001,"Automated Disease Detection in Gastroscopy Videos Using Convolutional
Neural Networks","Zhang, Chenxi; Xiong, Zinan; Chen, Shuijiao; Ding, Alex; Cao, Yu; Liu, Benyuan; Liu, Xiaowei",2022,10.3389/fmed.2022.846024,FRONTIERS IN MEDICINE,duplicate,Duplicata de 'Automated Disease Detection in Gastroscopy Videos Using Convolutional Neural Net…' já presente em Scopus/S1.,Web of Science/S1,sim
Web of Science,S1,WoS S1 — Principal: IA/DL em endoscopia digestiva alta,WOS:001147493600001,"A masked graph neural network model for real-time gastric polyp
detection in Healthcare 4.0","Huang, Junjun; Saw, Shier Nee; He, Tianran; Feng, Wei; Loo, Chu Kiong",2023,10.1016/j.jii.2023.100467,JOURNAL OF INDUSTRIAL INFORMATION INTEGRATION,duplicate,Duplicata de 'A masked graph neural network model for real-time gastric polyp detection in Hea…' já presente em ScienceDirect/S6.,Web of Science/S1,sim
Web of Science,S1,WoS S1 — Principal: IA/DL em endoscopia digestiva alta,WOS:001362089100001,Linked color imaging and upper gastrointestinal neoplasia,"Ono, Shoko; Inoue, Masaki; Higashino, Masayuki; Hayasaka, Shuhei; Tanaka, Shugo; Egami, Hiroki; Sakamoto, Naoya",2025,10.1111/den.14957,DIGESTIVE ENDOSCOPY,duplicate,Duplicata de 'Linked color imaging and upper gastrointestinal neoplasia…' já presente em PubMed/S3.,Web of Science/S1,sim
Web of Science,S1,WoS S1 — Principal: IA/DL em endoscopia digestiva alta,WOS:000524744100001,"Non-Local Attention and Densely-Connected Convolutional Neural Networks
for Malignancy Suspiciousness Classification of Gastric Ulcer","Sun, Muyi; Liang, Kaiyi; Zhang, Wenbao; Chang, Qing; Zhou, Xiaoguang",2020,10.1109/ACCESS.2020.2967350,IEEE ACCESS,duplicate,Duplicata de 'Non-Local attention and Densely-Connected Convolutional Neural Networks for Mali…' já presente em Scopus/S1.,Web of Science/S1,sim
Web of Science,S1,WoS S1 — Principal: IA/DL em endoscopia digestiva alta,WOS:001562501200020,"Classification of Gastroscopy Images Under Extreme Class Imbalance: A
Deep Learning Pipeline","Krenzer, Adrian; Friedetzki, Tobias; Dietsch, Max; Puppe, Frank",2026,10.1007/978-3-031-98691-8_20,"MEDICAL IMAGE UNDERSTANDING AND ANALYSIS, MIUA 2025, PT II",duplicate,Duplicata de 'Classification of Gastroscopy Images Under Extreme Class Imbalance: A Deep Learn…' já presente em Scopus/S1.,Web of Science/S1,sim
Web of Science,S1,WoS S1 — Principal: IA/DL em endoscopia digestiva alta,WOS:001424376600031,"A unified framework harnessing multi-scale feature ensemble and
attention mechanism for gastric polyp and protrusion identification in
gastroscope imaging","He, Chunyou; Zhang, Jingda; Liang, Yunxiao; Li, Hao",2025,10.1038/s41598-025-90034-y,SCIENTIFIC REPORTS,duplicate,Duplicata de 'A unified framework harnessing multi-scale feature ensemble and attention mechan…' já presente em PubMed/S3.,Web of Science/S1,sim
Web of Science,S1,WoS S1 — Principal: IA/DL em endoscopia digestiva alta,WOS:001413988900042,"DAC-UNet: Dual Attention CNN-Enhanced CswinUnet for Gastric Cancer
Pathological Image Segmentation","Hu, Tao; Pan, Jingshan; Li, Na; Tian, Tangbin; Zhang, Shengyu; Zhang, Lu; Han, Yujiao; Xu, Jiwei",2024,10.1109/MedAI62885.2024.00049,"2024 IEEE INTERNATIONAL CONFERENCE ON MEDICAL ARTIFICIAL INTELLIGENCE,
MEDAI 2024",duplicate,Duplicata de 'DAC-UNet: Dual Attention CNN-Enhanced CswinUnet for Gastric Cancer Pathological …' já presente em IEEE/S1.,Web of Science/S1,sim
Web of Science,S1,WoS S1 — Principal: IA/DL em endoscopia digestiva alta,WOS:001621426600005,"Collaborative Integration of AI and Human Expertise to Improve Detection
of Chest Radiograph Abnormalities","Awasthi, Akash; Le, Ngan; Deng, Zhigang; Wu, Carol C.; Nguyen, Hien Van",2025,10.1148/ryai.240277,RADIOLOGY-ARTIFICIAL INTELLIGENCE,duplicate,Duplicata de 'Collaborative Integration of AI and Human Expertise to Improve Detection of Ches…' já presente em Scopus (VLM/FMs)/S1.,Web of Science/S1,sim
Web of Science,S1,WoS S1 — Principal: IA/DL em endoscopia digestiva alta,WOS:001119893700001,"Investigating Effective Data Augmentation Techniques for Accurate
Gastric Classification in the Development of a Deep Learning-Based
Computer-Aided Diagnosis System","Park, Jae-beom; Lee, Han-sung; Cho, Hyun-chong",2023,10.3390/app132212325,APPLIED SCIENCES-BASEL,duplicate,Duplicata de 'Investigating Effective Data Augmentation Techniques for Accurate Gastric Classi…' já presente em Scopus/S1.,Web of Science/S1,sim
Web of Science,S1,WoS S1 — Principal: IA/DL em endoscopia digestiva alta,WOS:001305483200001,"Artificial Intelligence for the Automatic Diagnosis of Gastritis: A
Systematic Review","Turtoi, Daria Claudia; Brata, Vlad Dumitru; Incze, Victor; Ismaiel, Abdulrahman; Dumitrascu, Dinu Iuliu; Militaru, Valentin; Munteanu, Mihai Alexandru; Botan, Alexandru; Toc, Dan Alexandru; Duse, Traian Adrian; Popa, Stefan Lucian",2024,10.3390/jcm13164818,JOURNAL OF CLINICAL MEDICINE,duplicate,Duplicata de 'Artificial Intelligence for the Automatic Diagnosis of Gastritis: A Systematic R…' já presente em PubMed/S3.,Web of Science/S1,sim
Web of Science,S1,WoS S1 — Principal: IA/DL em endoscopia digestiva alta,WOS:001602192000001,"AI-powered three-category Helicobacter pylori diagnosis via
magnetic controlled capsule endoscopy: a multicenter validation of a
vision-language model","Sun, Xi; Liu, Jing; Wu, Lili; Chen, Xiao; Ma, Xiaona; Teng, Fei; Zhang, Ting; Su, Hui; Fan, Xin; Li, Jiaxin; Xu, Shiping; Jin, Peng; Jiao, Hongmei",2025,10.3389/fmicb.2025.1687021,FRONTIERS IN MICROBIOLOGY,duplicate,Duplicata de 'AI-powered three-category Helicobacter pylori diagnosis via magnetic controlled …' já presente em Scopus (VLM/FMs)/S1.,Web of Science/S1,sim
Web of Science,S1,WoS S1 — Principal: IA/DL em endoscopia digestiva alta,WOS:001173677900001,"Reducing blind spots in esophagogastroduodenoscopy examinations using a
novel deep learning model","Wan, Guangquan; Lian, Guanghui; Yao, Lan",2024,10.1007/s00530-024-01259-2,MULTIMEDIA SYSTEMS,duplicate,Duplicata de 'Reducing blind spots in esophagogastroduodenoscopy examinations using a novel de…' já presente em Scopus/S1.,Web of Science/S1,sim
Web of Science,S1,WoS S1 — Principal: IA/DL em endoscopia digestiva alta,WOS:001470951700004,"Artificial intelligence-assisted esophagogastroduodenoscopy improves
procedure quality for endoscopists in early stages of training","Chan, Shannon Melissa; Chan, Daniel; Yip, Hon Chi; Scheppach, Markus Wolfgang; Lam, Ray; Ng, Stephen K. K.; Ng, Enders Kwok Wai; Chiu, Philip W.",2025,10.1055/a-2547-6645,ENDOSCOPY INTERNATIONAL OPEN,duplicate,Duplicata de 'Artificial intelligence-assisted esophagogastroduodenoscopy improves procedure q…' já presente em PubMed/S3.,Web of Science/S1,sim
Web of Science,S1,WoS S1 — Principal: IA/DL em endoscopia digestiva alta,WOS:000641781200003,"Artificial intelligence-assisted endoscopic detection of esophageal
neoplasia in early stage: The next step?","Liu, Yong",2021,10.3748/wjg.v27.i14.1392,WORLD JOURNAL OF GASTROENTEROLOGY,duplicate,Duplicata de 'Artificial intelligence-assisted endoscopic detection of esophageal neoplasia in…' já presente em PubMed/S3.,Web of Science/S1,sim
Web of Science,S1,WoS S1 — Principal: IA/DL em endoscopia digestiva alta,WOS:000921725000003,"Role of artificial intelligence-guided esophagogastroduodenoscopy in
assessing the procedural completeness and quality","Goenka, Mahesh Kumar; Afzalpurkar, Shivaraj; Jejurikar, Saurabh; Rodge, Gajanan Ashokrao; Tiwari, Awanish",2023,10.1007/s12664-022-01294-9,INDIAN JOURNAL OF GASTROENTEROLOGY,duplicate,Duplicata de 'Role of artificial intelligence-guided esophagogastroduodenoscopy in assessing t…' já presente em PubMed/S3.,Web of Science/S1,sim
Web of Science,S1,WoS S1 — Principal: IA/DL em endoscopia digestiva alta,WOS:000536254900007,Recent advances in diagnostic upper endoscopy,"Teh, Jun-Liang; Shabbir, Asim; Yuen, Soon; So, Jimmy Bok-Yan",2020,10.3748/wjg.v26.i4.433,WORLD JOURNAL OF GASTROENTEROLOGY,duplicate,Duplicata de 'Recent advances in diagnostic upper endoscopy…' já presente em PubMed/S3.,Web of Science/S1,sim
Web of Science,S1,WoS S1 — Principal: IA/DL em endoscopia digestiva alta,WOS:001044575300001,"Effect of a deep learning-based automatic upper GI endoscopic reporting
system: a randomized crossover study (with video)","Zhang, Lihui; Lu, Zihua; Yao, Liwen; Dong, Zehua; Zhou, Wei; He, Chunping; Luo, Renquan; Zhang, Mengjiao; Wang, Jing; Li, Yanxia; Deng, Yunchao; Zhang, Chenxia; Li, Xun; Shang, Renduo; Xu, Ming; Wang, Junxiao; Zhao, Yu; Wu, Lianlian; Yu, Honggang",2023,10.1016/j.gie.2023.02.025,GASTROINTESTINAL ENDOSCOPY,duplicate,Duplicata de 'Effect of a deep learning-based automatic upper GI endoscopic reporting system: …' já presente em PubMed/S3.,Web of Science/S1,sim
Web of Science,S1,WoS S1 — Principal: IA/DL em endoscopia digestiva alta,WOS:001351505600001,"Simultaneous Segmentation and Classification of Esophageal Lesions Using
Attention Gating Pyramid Vision Transformer","Ge, Peixuan; Yan, Tao; Wong, Pak Kin; Li, Zheng; Chan, In Neng; Yu, Hon Ho; Chan, Chon In; Yao, Liang; Hu, Ying; Gao, Shan",2025,10.1109/TETCI.2024.3485704,IEEE TRANSACTIONS ON EMERGING TOPICS IN COMPUTATIONAL INTELLIGENCE,duplicate,Duplicata de 'Simultaneous Segmentation and Classification of Esophageal Lesions Using Attenti…' já presente em Scopus/S1.,Web of Science/S1,sim
Web of Science,S1,WoS S1 — Principal: IA/DL em endoscopia digestiva alta,WOS:000912585600001,"A deep learning based framework for the classification of multi- class
capsule gastroscope image in gastroenterologic diagnosis","Xiao, Ping; Pan, Yuhang; Cai, Feiyue; Tu, Haoran; Liu, Junru; Yang, Xuemei; Liang, Huanling; Zou, Xueqing; Yang, Li; Duan, Jueni; Xv, Long; Feng, Lijuan; Liu, Zhenyu; Qian, Yun; Meng, Yu; Du, Jingfeng; Mei, Xi; Lou, Ting; Yin, Xiaoxv; Tan, Zhen",2022,10.3389/fphys.2022.1060591,FRONTIERS IN PHYSIOLOGY,duplicate,Duplicata de 'A deep learning based framework for the classification of multi- class capsule g…' já presente em PubMed/S3.,Web of Science/S1,sim
Web of Science,S1,WoS S1 — Principal: IA/DL em endoscopia digestiva alta,WOS:000449892200024,"Automated classification of celiac disease during upper endoscopy:
Status quo and quo vadis","Gadermayr, M.; Wimmer, G.; Kogler, H.; Vecsei, A.; Merhof, D.; Uhl, A.",2018,10.1016/j.compbiomed.2018.04.020,COMPUTERS IN BIOLOGY AND MEDICINE,duplicate,Duplicata de 'Automated classification of celiac disease during upper endoscopy: Status quo an…' já presente em ScienceDirect/S3.,Web of Science/S1,sim
Web of Science,S1,WoS S1 — Principal: IA/DL em endoscopia digestiva alta,WOS:001585942500003,"Deep learning-aided optical biopsy achieves whole-chain diagnosis of
Correa cascade of gastric cancer: a prospective study","Liu, Guanqun; Li, Guangchao; Li, Zhen; Shao, Xuejun; Ji, Rui; Ma, Tian; Zhang, Yan; Su, Jingran; Qi, Qingqing; Guo, Jing; He, Yishan; Yang, Xiaoxiao; Li, Yanqing; Zuo, Xiuli",2025,10.1186/s12916-025-04310-9,BMC MEDICINE,duplicate,Duplicata de 'Deep learning-aided optical biopsy achieves whole-chain diagnosis of Correa casc…' já presente em PubMed/S3.,Web of Science/S1,sim
Web of Science,S1,WoS S1 — Principal: IA/DL em endoscopia digestiva alta,WOS:001493728300001,Future of image enhanced endoscopy of esophageal adenocarcinoma,"Parlar, Kerem; Cakir, Mert; Ozer, Ozlem; Sharma, Prateek",2025,10.5946/ce.2024.324,CLINICAL ENDOSCOPY,duplicate,Duplicata de 'Future of image enhanced endoscopy of esophageal adenocarcinoma…' já presente em PubMed/S3.,Web of Science/S1,sim
Web of Science,S1,WoS S1 — Principal: IA/DL em endoscopia digestiva alta,WOS:000728525000011,"Deep learning system compared with expert endoscopists in predicting
early gastric cancer and its invasion depth and differentiation status","Wu, Lianlian; Wang, Jing; He, Xinqi; Zhu, Yijie; Jiang, Xiaoda; Chen, Yiyun; Wang, Yonggui; Huang, Li; Shang, Renduo; Dong, Zehua; Chen, Boru; Tao, Xiao; Wu, Qi; Yu, Honggang",2022,10.1016/j.gie.2021.06.033,GASTROINTESTINAL ENDOSCOPY,duplicate,Duplicata de 'Deep learning system compared with expert endoscopists in predicting early gastr…' já presente em PubMed/S3.,Web of Science/S1,sim
Web of Science,S1,WoS S1 — Principal: IA/DL em endoscopia digestiva alta,WOS:001107519300061,"Fractal Bilinear Deep Neural Network Models for Gastric Intestinal
Metaplasia Detection","Pedroso, Maria; Martins, Miguel L.; Libanio, Diogo; Dinis-Ribeiro, Mario; Coimbra, Miguel; Renna, Francesco",2023,10.1109/BHI58575.2023.10313503,"2023 IEEE EMBS INTERNATIONAL CONFERENCE ON BIOMEDICAL AND HEALTH
INFORMATICS, BHI",duplicate,Duplicata de 'Fractal Bilinear Deep Neural Network Models for Gastric Intestinal Metaplasia De…' já presente em IEEE/S3.,Web of Science/S1,sim
Web of Science,S1,WoS S1 — Principal: IA/DL em endoscopia digestiva alta,WOS:001139313400001,"Gastro-BaseNet: A Specialized Pre-Trained Model for Enhanced
Gastroscopic Data Classification and Diagnosis of Gastric Cancer and
Ulcer","Lee, Gi Pyo; Kim, Young Jae; Park, Dong Kyun; Kim, Yoon Jae; Han, Su Kyeong; Kim, Kwang Gi",2024,10.3390/diagnostics14010075,DIAGNOSTICS,duplicate,Duplicata de 'Gastro-BaseNet: A Specialized Pre-Trained Model for Enhanced Gastroscopic Data C…' já presente em PubMed/S3.,Web of Science/S1,sim
Web of Science,S1,WoS S1 — Principal: IA/DL em endoscopia digestiva alta,WOS:001568989400001,"A Multicenter Pivotal Study on the Artificial Intelligence System for
Neoplastic Lesions Detection in Upper Gastrointestinal Endoscopy","Abe, Seiichiro; Kitagawa, Yoshiyasu; Hatta, Waku; Maekita, Takao; Kato, Motohiko; Nagahara, Akihito; Osawa, Hiroyuki; Dohi, Osamu; Nakashima, Hirotaka; Furukawa, Kazuhiro; Oka, Shiro; Yokoyama, Tomoko; Ito, Toru; Oda, Ichiro",2025,10.1111/den.70015,DIGESTIVE ENDOSCOPY,duplicate,Duplicata de 'A Multicenter Pivotal Study on the Artificial Intelligence System for Neoplastic…' já presente em PubMed/S3.,Web of Science/S1,sim
Web of Science,S1,WoS S1 — Principal: IA/DL em endoscopia digestiva alta,WOS:000578080300232,SUPERVISED AUGMENTATION: LEVERAGE STRONG ANNOTATION FOR LIMITED DATA,"Zheng, Han; Shang, Hong; Sun, Zhongqian; Fu, Xinghui; Yao, Jianhua; Huang, Junzhou",2020,10.1109/isbi45749.2020.9098607,2020 IEEE 17TH INTERNATIONAL SYMPOSIUM ON BIOMEDICAL IMAGING (ISBI 2020),duplicate,Duplicata de 'Supervised Augmentation: Leverage Strong Annotation for Limited Data…' já presente em IEEE/S1.,Web of Science/S1,sim
Web of Science,S1,WoS S1 — Principal: IA/DL em endoscopia digestiva alta,WOS:001273217900068,"Early gastric cancer detection and lesion segmentation based on deep
learning and gastroscopic images","Zhang, Kezhi; Wang, Haibao; Cheng, Yaru; Liu, Hongyan; Gong, Qi; Zeng, Qian; Zhang, Tao; Wei, Guoqiang; Wei, Zhi; Chen, Dong",2024,10.1038/s41598-024-58361-8,SCIENTIFIC REPORTS,duplicate,Duplicata de 'Early gastric cancer detection and lesion segmentation based on deep learning an…' já presente em Springer Nature Link/S1.,Web of Science/S1,sim
Web of Science,S1,WoS S1 — Principal: IA/DL em endoscopia digestiva alta,WOS:000855983300213,"Application of Improved Mask R-CNN Algorithm Based on Gastroscopic Image
in Detection of Early Gastric Cancer","Cui, Zhi-Heng; Zhang, Qin-Yan; Zhang, Jing-Wei; Sun, Xue; Wang, Qing; Lei, Yi; Zang, Lin; Zhao, Li; Yang, Ji-Jiang",2022,10.1109/COMPSAC54236.2022.00221,"2022 IEEE 46TH ANNUAL COMPUTERS, SOFTWARE, AND APPLICATIONS CONFERENCE
(COMPSAC 2022)",duplicate,Duplicata de 'Application of Improved Mask R-CNN Algorithm Based on Gastroscopic Image in Dete…' já presente em IEEE/S1.,Web of Science/S1,sim
Web of Science,S1,WoS S1 — Principal: IA/DL em endoscopia digestiva alta,WOS:001710077100001,"Large Language Model-Driven Analysis and Report Generation of Endoscopy
Videos-A Pilot Study","Massimi, Davide; Stefano, Luca Di; Rizkala, Tommy; Spadaccini, Marco; Mori, Yuichi; Menini, Maddalena; Antonelli, Giulio; Khalaf, Kareem; Bisschops, Raf; Von Renteln, Daniel; Sharma, Prateek; Rex, Douglas K.; Bretthauer, Michael; Castoro, Carlo; Repici, Alessandro; Hassan, Cesare",2026,10.1111/den.70134,DIGESTIVE ENDOSCOPY,duplicate,Duplicata de 'Large Language Model-Driven Analysis and Report Generation of Endoscopy Videos—A…' já presente em Scopus (VLM/FMs)/S1.,Web of Science/S1,sim
Web of Science,S1,WoS S1 — Principal: IA/DL em endoscopia digestiva alta,WOS:000721964700001,"Improving the Classification Performance of Esophageal Disease on Small
Dataset by Semi-supervised Efficient Contrastive Learning","Du, Wenju; Rao, Nini; Yong, Jiahao; Wang, Yingchun; Hu, Dingcan; Gan, Tao; Zhu, Linlin; Zeng, Bing",2022,10.1007/s10916-021-01782-z,JOURNAL OF MEDICAL SYSTEMS,duplicate,Duplicata de 'Improving the Classification Performance of Esophageal Disease on Small Dataset …' já presente em Scopus/S1.,Web of Science/S1,sim
Web of Science,S1,WoS S1 — Principal: IA/DL em endoscopia digestiva alta,WOS:000494657400001,"Whole Stomach 3D Reconstruction and Frame Localization From Monocular
Endoscope Video","Widya, Aji Resindra; Monno, Yusuke; Okutomi, Masatoshi; Suzuki, Sho; Gotoda, Takuji; Miki, Kenji",2019,10.1109/JTEHM.2019.2946802,IEEE JOURNAL OF TRANSLATIONAL ENGINEERING IN HEALTH AND MEDICINE,duplicate,Duplicata de 'Whole Stomach 3D Reconstruction and Frame Localization From Monocular Endoscope …' já presente em IEEE/S1.,Web of Science/S1,sim
Web of Science,S1,WoS S1 — Principal: IA/DL em endoscopia digestiva alta,WOS:000652833900018,"Identifying early gastric cancer under magnifying narrow-band images
with deep learning: a multicenter study","Hu, Hao; Gong, Lixin; Dong, Di; Zhu, Liang; Wang, Min; He, Jie; Shu, Lei; Cai, Yiling; Cai, Shilun; Su, Wei; Zhong, Yunshi; Li, Cong; Zhu, Yongbei; Fang, Mengjie; Zhong, Lianzhen; Yang, Xin; Zhou, Pinghong; Tian, Jie",2021,10.1016/j.gie.2020.11.014,GASTROINTESTINAL ENDOSCOPY,duplicate,Duplicata de 'Identifying early gastric cancer under magnifying narrow-band images with deep l…' já presente em ScienceDirect/S1.,Web of Science/S1,sim
Web of Science,S1,WoS S1 — Principal: IA/DL em endoscopia digestiva alta,WOS:001540803800001,"Magnetically guided gastric capsule endoscopy: a review and new
developments","Rey, Jean-Francois",2025,10.5946/ce.2025.062,CLINICAL ENDOSCOPY,duplicate,Duplicata de 'Magnetically guided gastric capsule endoscopy: a review and new developments…' já presente em PubMed/S3.,Web of Science/S1,sim
Web of Science,S1,WoS S1 — Principal: IA/DL em endoscopia digestiva alta,WOS:000971500201054,"Learning How to MIMIC: Using Model Explanations to Guide Deep Learning
Training","Watson, Matthew; Hasan, Bashar Awwad Shiekh; Al Moubayed, Noura",2023,10.1109/WACV56688.2023.00151,"2023 IEEE/CVF WINTER CONFERENCE ON APPLICATIONS OF COMPUTER VISION
(WACV)",duplicate,Duplicata de 'Learning How to MIMIC: Using Model Explanations to Guide Deep Learning Training…' já presente em IEEE/S1.,Web of Science/S1,sim
Web of Science,S1,WoS S1 — Principal: IA/DL em endoscopia digestiva alta,WOS:001088839500001,"A systematic review on diagnosis and treatment of gastrointestinal
diseases by magnetically controlled capsule endoscopy and artificial
intelligence","Wang, Xiaotong; Hu, Xiaoming; Xu, Yongxue; Yong, Jiahao; Li, Xiang; Zhang, Kaixuan; Gan, Tao; Yang, Jinlin; Rao, Nini",2023,10.1177/17562848231206991,THERAPEUTIC ADVANCES IN GASTROENTEROLOGY,duplicate,Duplicata de 'A systematic review on diagnosis and treatment of gastrointestinal diseases by m…' já presente em PubMed/S3.,Web of Science/S1,sim
Web of Science,S1,WoS S1 — Principal: IA/DL em endoscopia digestiva alta,WOS:001251147200104,"Malignancy Suspicious Region Guided Deep Neural Networks for Gastric
Ulcer Classification","Zheng, Xiaoyan; Zeng, Zeng; Ma, Can; Chang, Qing; Zhao, Ziyuan; Yang, Xulei",2022,10.1109/EMBC48229.2022.9871776,"2022 44TH ANNUAL INTERNATIONAL CONFERENCE OF THE IEEE ENGINEERING IN
MEDICINE & BIOLOGY SOCIETY, EMBC",duplicate,Duplicata de 'Malignancy Suspicious Region Guided Deep Neural Networks for Gastric Ulcer Class…' já presente em IEEE/S1.,Web of Science/S1,sim
Web of Science,S1,WoS S1 — Principal: IA/DL em endoscopia digestiva alta,WOS:001626465900032,"Enhancing Robustness in Gastroscopy Analysis With PoissonGaussian
Noise-Based Adversarial Augmentation","Kim, Ji-Hwan; Chae, Jung-Woo; Cho, Hyun Chin; Cho, Hyun-Chong",2025,10.1109/ACCESS.2025.3631278,IEEE ACCESS,duplicate,Duplicata de 'Enhancing Robustness in Gastroscopy Analysis With Poisson–Gaussian Noise-Based A…' já presente em IEEE/S1.,Web of Science/S1,sim
Web of Science,S1,WoS S1 — Principal: IA/DL em endoscopia digestiva alta,WOS:000876516800004,"RETRACTED: Construction of Stomach Cancer Lesion Detection Combined with
Drug Therapy Based on Artificial Intelligence (Retracted Article)","Zhai, Shengyong; Yu, Lihong; Li, Jing",2022,10.1155/2022/1905437,CONTRAST MEDIA & MOLECULAR IMAGING,duplicate,Duplicata de 'Construction of Stomach Cancer Lesion Detection Combined with Drug Therapy Based…' já presente em PubMed/S3.,Web of Science/S1,sim
Web of Science,S1,WoS S1 — Principal: IA/DL em endoscopia digestiva alta,WOS:001281387900001,"A two-stage image enhancement and dynamic feature aggregation framework
for gastroscopy image segmentation","He, Dongzhi; Li, Yunyu; Chen, Liule; Liang, Yu; Xue, Yongle; Xiao, Xingmei; Li, Yunqi",2024,10.1016/j.neucom.2024.128228,NEUROCOMPUTING,duplicate,Duplicata de 'A two-stage image enhancement and dynamic feature aggregation framework for gast…' já presente em Scopus/S1.,Web of Science/S1,sim
Web of Science,S1,WoS S1 — Principal: IA/DL em endoscopia digestiva alta,WOS:000497354500002,"Gastroscopic Panoramic View: Application to Automatic Polyps Detection
under Gastroscopy","Shi, Chenfei; Xue, Yan; Jiang, Chuan; Tian, Hui; Liu, Bei",2019,10.1155/2019/4393124,COMPUTATIONAL AND MATHEMATICAL METHODS IN MEDICINE,duplicate,Duplicata de 'Gastroscopic Panoramic View: Application to Automatic Polyps Detection under Gas…' já presente em PubMed/S3.,Web of Science/S1,sim
Web of Science,S1,WoS S1 — Principal: IA/DL em endoscopia digestiva alta,WOS:001369214100013,"Bilinear Fine-grained Classification of Ultrasound Images Integrated
with Interpretable Radiomics","Wang, Chenzhong; Gong, Xun; Kong, Weiji; Zhou, Hong; Li, Jiao",2025,10.1007/978-981-97-8499-8_13,"PATTERN RECOGNITION AND COMPUTER VISION, PRCV 2024, PT XV",duplicate,Duplicata de 'Bilinear Fine-grained Classification of Ultrasound Images Integrated with Interp…' já presente em Scopus/S1.,Web of Science/S1,sim
Web of Science,S1,WoS S1 — Principal: IA/DL em endoscopia digestiva alta,WOS:001158090200001,"A Multimodal Multipath Artificial Intelligence System for Diagnosing
Gastric Protruded Lesions on Endoscopy and Endoscopic Ultrasonography
Images","Zhu, Chang; Hua, Yifei; Zhang, Min; Wang, Yun; Li, Wenjie; Ding, Yanbing; She, Qiang; Zhang, Weifeng; Si, Xinmin; Kong, Zihao; Liu, Baiyun; Chen, Weidao; Wu, Jiangfen; Dang, Yini; Zhang, Guoxin",2023,10.14309/ctg.0000000000000551,CLINICAL AND TRANSLATIONAL GASTROENTEROLOGY,duplicate,Duplicata de 'A Multimodal Multipath Artificial Intelligence System for Diagnosing Gastric Pro…' já presente em PubMed/S3.,Web of Science/S1,sim
Web of Science,S1,WoS S1 — Principal: IA/DL em endoscopia digestiva alta,WOS:001367578700001,"Bridging human and machine intelligence: Reverse-engineering radiologist
intentions for clinical trust and adoption","Awasthi, Akash; Le, Ngan; Deng, Zhigang; Agrawal, Rishi; Wu, Carol C.; Van Nguyen, Hien",2024,10.1016/j.csbj.2024.11.012,COMPUTATIONAL AND STRUCTURAL BIOTECHNOLOGY JOURNAL,duplicate,Duplicata de 'Bridging human and machine intelligence: Reverse-engineering radiologist intenti…' já presente em Scopus (VLM/FMs)/S1.,Web of Science/S1,sim
Web of Science,S1,WoS S1 — Principal: IA/DL em endoscopia digestiva alta,WOS:001029416800001,"Gastric polyp detection module based on improved attentional feature
fusion","Xie, Yun; Yu, Yao; Liao, Mingchao; Sun, Changyin",2023,10.1186/s12938-023-01130-x,BIOMEDICAL ENGINEERING ONLINE,duplicate,Duplicata de 'Gastric polyp detection module based on improved attentional feature fusion…' já presente em Scopus/S1.,Web of Science/S1,sim
Web of Science,S1,WoS S1 — Principal: IA/DL em endoscopia digestiva alta,WOS:000752240200002,"Lesion Segmentation in Gastroscopic Images Using Generative Adversarial
Networks","Sun, Yaru; Li, Yunqi; Wang, Pengfei; He, Dongzhi; Wang, Zhiqiang",2022,10.1007/s10278-022-00591-1,JOURNAL OF DIGITAL IMAGING,duplicate,Duplicata de 'Lesion Segmentation in Gastroscopic Images Using Generative Adversarial Networks…' já presente em PubMed/S3.,Web of Science/S1,sim
Web of Science,S2,WoS S2 — Lesões e alterações gástricas por IA,WOS:000600548600018,"Use of artificial intelligence for detection of gastric lesions by
magnetically controlled capsule endoscopy","Xia, Ji; Xia, Tian; Pan, Jun; Gao, Fei; Wang, Shuang; Qian, Yang-Yang; Wang, Heng; Zhao, Jie; Jiang, Xi; Zou, Wen-Bin; Wang, Yuan-Chen; Zhou, Wei; Li, Zhao-Shen; Liao, Zhuan",2021,10.1016/j.gie.2020.05.027,GASTROINTESTINAL ENDOSCOPY,duplicate,Duplicata de 'Use of artificial intelligence for detection of gastric lesions by magnetically …' já presente em PubMed/S3.,Web of Science/S2,sim
Web of Science,S2,WoS S2 — Lesões e alterações gástricas por IA,WOS:001446153505099,"Artificial intelligence assisted recognition and diagnosis of
Magnetically controlled capsule gastroscopy","Chen, Susu; Wei, Chuyu; Li, Dongqi; Borchert, Glen M.; Yu, Zhong; Lin, Jiawen; Huang, Jingshan",2024,10.1109/BIBM62325.2024.10822068,"2024 IEEE INTERNATIONAL CONFERENCE ON BIOINFORMATICS AND BIOMEDICINE,
BIBM",duplicate,Duplicata de 'Artificial intelligence assisted recognition and diagnosis of Magnetically contr…' já presente em Scopus/S1.,Web of Science/S2,sim
Web of Science,S2,WoS S2 — Lesões e alterações gástricas por IA,WOS:000669998400008,Usefulness of artificial intelligence in gastric neoplasms,"Kim, Ji Hyun; Nam, Seung-Joo; Park, Sung Chul",2021,10.3748/wjg.v27.i24.3543,WORLD JOURNAL OF GASTROENTEROLOGY,duplicate,Duplicata de 'Usefulness of artificial intelligence in gastric neoplasms…' já presente em Scopus/S1.,Web of Science/S2,sim
Web of Science,S2,WoS S2 — Lesões e alterações gástricas por IA,WOS:000987027000001,"Endoscopic Imaging for the Diagnosis of Neoplastic and Pre-Neoplastic
Conditions of the Stomach","Martins, Bruno Costa; Moura, Renata Nobre; Kum, Angelo So Taa; Matsubayashi, Carolina Ogawa; Marques, Sergio Barbosa; Safatle-Ribeiro, Adriana Vaz",2023,10.3390/cancers15092445,CANCERS,duplicate,"Duplicata de 'Endoscopic Imaging for the Diagnosis of Neoplastic and Pre-Neoplastic
Conditions…' já presente em Web of Science/S1.",Web of Science/S2,sim
Web of Science,S2,WoS S2 — Lesões e alterações gástricas por IA,WOS:001611551300046,"A Hybrid Attention-Based Fuzzy Pooling Network Model for Locating Polyp
Positions in Gastroscopic Image in Internet of Medical Things","Ma, Xiaoyu; Wang, Honghu; Ren, Xiaoxue; Ma, Yu",2025,10.1109/JIOT.2025.3555427,IEEE INTERNET OF THINGS JOURNAL,duplicate,Duplicata de 'A Hybrid Attention-Based Fuzzy Pooling Network Model for Locating Polyp Position…' já presente em IEEE/S1.,Web of Science/S2,sim
Web of Science,S2,WoS S2 — Lesões e alterações gástricas por IA,WOS:000462157600038,Real-time gastric polyp detection using convolutional neural networks,"Zhang, Xu; Chen, Fei; Yu, Tao; An, Jiye; Huang, Zhengxing; Liu, Jiquan; Hu, Weiling; Wang, Liangjing; Duan, Huilong; Si, Jianmin",2019,10.1371/journal.pone.0214133,PLOS ONE,duplicate,Duplicata de 'Real-time gastric polyp detection using convolutional neural networks…' já presente em PubMed/S3.,Web of Science/S2,sim
Web of Science,S2,WoS S2 — Lesões e alterações gástricas por IA,WOS:000684113300001,"The role of computer-assisted systems for upper-endoscopy quality
monitoring and assessment of gastric lesions","Lazar, Daniela Cornelia; Avram, Mihaela Flavia; Faur, Alexandra Corina; Romosan, Ioan; Goldis, Adrian",2021,10.1093/gastro/goab008,GASTROENTEROLOGY REPORT,duplicate,"Duplicata de 'The role of computer-assisted systems for upper-endoscopy quality
monitoring and…' já presente em Web of Science/S1.",Web of Science/S2,sim
Web of Science,S2,WoS S2 — Lesões e alterações gástricas por IA,WOS:001304539800056,Application of MRI-based Deep Learning Models in Gastric Cancer,"Yuan, Letian",2024,10.1145/3662739.3670218,"PROCEEDINGS OF 2024 INTERNATIONAL CONFERENCE ON MACHINE INTELLIGENCE AND
DIGITAL APPLICATIONS, MIDA2024",duplicate,Duplicata de 'Application of MRI-based Deep Learning Models in Gastric Cancer…' já presente em Scopus/S1.,Web of Science/S2,sim
Web of Science,S2,WoS S2 — Lesões e alterações gástricas por IA,WOS:000861306100001,"Improvement of Gastroscopy Classification Performance Through Image
Augmentation Using a Gradient-Weighted Class Activation Map","Ham, Hyun-Sik; Lee, Han-Sung; Chae, Jung-Woo; Cho, Hyun Chin; Cho, Hyun-Chong",2022,10.1109/ACCESS.2022.3207839,IEEE ACCESS,duplicate,Duplicata de 'Improvement of Gastroscopy Classification Performance Through Image Augmentation…' já presente em IEEE/S1.,Web of Science/S2,sim
Web of Science,S2,WoS S2 — Lesões e alterações gástricas por IA,WOS:000469452600289,"Automatic Analysis of Endoscopic Images for Polyps Detection and
Segmentation","Pozdeev, Alexandr A.; Obukhova, Nataliia A.; Motyko, Alexandr A.",2019,10.1109/eiconrus.2019.8657018,"PROCEEDINGS OF THE 2019 IEEE CONFERENCE OF RUSSIAN YOUNG RESEARCHERS IN
ELECTRICAL AND ELECTRONIC ENGINEERING (EICONRUS)",duplicate,Duplicata de 'Automatic analysis of endoscopic images for polyps detection and segmentation…' já presente em Scopus/S1.,Web of Science/S2,sim
Web of Science,S2,WoS S2 — Lesões e alterações gástricas por IA,WOS:001106636700001,"Lightweight deep learning model incorporating an attention mechanism and
feature fusion for automatic classification of gastric lesions in
gastroscopic images","Wang, Lingxiao; Yang, Yingyun; Yang, Aiming; Li, Ting",2023,10.1364/BOE.487456,BIOMEDICAL OPTICS EXPRESS,duplicate,"Duplicata de 'Lightweight deep learning model incorporating an attention mechanism and
feature…' já presente em Web of Science/S1.",Web of Science/S2,sim
Web of Science,S2,WoS S2 — Lesões e alterações gástricas por IA,WOS:000446342100004,"Detecting and Locating Gastrointestinal Anomalies Using Deep Learning
and Iterative Cluster Unification","Iakovidis, Dimitris K.; Georgakopoulos, Spiros V.; Vasilakakis, Michael; Koulaouzidis, Anastasios; Plagianakos, Vassilis P.",2018,10.1109/TMI.2018.2837002,IEEE TRANSACTIONS ON MEDICAL IMAGING,duplicate,Duplicata de 'Detecting and Locating Gastrointestinal Anomalies Using Deep Learning and Iterat…' já presente em Scopus/S1.,Web of Science/S2,sim
Web of Science,S2,WoS S2 — Lesões e alterações gástricas por IA,WOS:001401930400001,"A prospective and comparative study on improving the diagnostic accuracy
of early gastric cancer based on deep convolutional neural network
real-time diagnosis system (with video)","Feng, Jie; Zhang, Yaoping; Feng, Zhijun; Ma, Huiming; Gou, Yani; Wang, Pengfei; Feng, Yanhu; Wang, Xiang; Huang, Xiaojun",2025,10.1007/s00464-025-11527-5,SURGICAL ENDOSCOPY AND OTHER INTERVENTIONAL TECHNIQUES,duplicate,Duplicata de 'A prospective and comparative study on improving the diagnostic accuracy of earl…' já presente em PubMed/S3.,Web of Science/S2,sim
Web of Science,S2,WoS S2 — Lesões e alterações gástricas por IA,WOS:000518765200004,"A systematic evaluation and optimization of automatic detection of
ulcers in wireless capsule endoscopy on a large dataset using deep
convolutional neural networks","Wang, Sen; Xing, Yuxiang; Zhang, Li; Gao, Hewei; Zhang, Hao",2019,10.1088/1361-6560/ab5086,PHYSICS IN MEDICINE AND BIOLOGY,duplicate,Duplicata de 'A systematic evaluation and optimization of automatic detection of ulcers in wir…' já presente em PubMed/S3.,Web of Science/S2,sim
Web of Science,S2,WoS S2 — Lesões e alterações gástricas por IA,WOS:000743747500009,"Real-time artificial intelligence for detecting focal lesions and
diagnosing neoplasms of the stomach by white-light endoscopy (with
videos)","Wu, Lianlian; Xu, Ming; Jiang, Xiaoda; He, Xinqi; Zhang, Heng; Ai, Yaowei; Tong, Qiaoyun; Lv, Peihua; Lu, Bin; Guo, Mingwen; Huang, Manling; Ye, Liping; Shen, Lei; Yu, Honggang",2022,10.1016/j.gie.2021.09.017,GASTROINTESTINAL ENDOSCOPY,duplicate,Duplicata de 'Real-time artificial intelligence for detecting focal lesions and diagnosing neo…' já presente em Scopus/S1.,Web of Science/S2,sim
Web of Science,S2,WoS S2 — Lesões e alterações gástricas por IA,WOS:000897677600005,"Classification of precancerous lesions based on fusion of multiple
hierarchical features","Zhou, Huijun; Liu, Zhenyang; Li, Ting; Chen, Yifei; Huang, Wei; Zhang, Zijian",2023,10.1016/j.cmpb.2022.107301,COMPUTER METHODS AND PROGRAMS IN BIOMEDICINE,duplicate,"Duplicata de 'Classification of precancerous lesions based on fusion of multiple
hierarchical …' já presente em Web of Science/S1.",Web of Science/S2,sim
Web of Science,S2,WoS S2 — Lesões e alterações gástricas por IA,WOS:001062050500161,"AUTOMATIC CLASSIFICATION OF ESOPHAGOGASTRODUODENOSCOPY SUB-ANATOMICAL
REGIONS","Bravo, Diego; Ruano, Josue; Jaramillo, Maria; Gallego, Daniel; Gomez, Martin; Gonzalez, Fabio A.; Romero, Eduardo",2023,10.1109/ISBI53787.2023.10230483,"2023 IEEE 20TH INTERNATIONAL SYMPOSIUM ON BIOMEDICAL IMAGING, ISBI",duplicate,Duplicata de 'Automatic Classification of Esophagogastroduodenoscopy Sub-Anatomical Regions…' já presente em Scopus/S1.,Web of Science/S2,sim
Web of Science,S2,WoS S2 — Lesões e alterações gástricas por IA,WOS:000879909900001,"Automatic classification of gastric lesions in gastroscopic images using
a lightweight deep learning model with attention mechanism and
cost-sensitive learning","Wang, Lingxiao; Yang, Yingyun; Li, Jingyang; Tian, Wei; He, Kun; Xu, Tianming; Fang, Zhaohui; Yang, Aiming; Li, Ting",2022,10.3389/fphy.2022.1033422,FRONTIERS IN PHYSICS,duplicate,"Duplicata de 'Automatic classification of gastric lesions in gastroscopic images using
a light…' já presente em Web of Science/S1.",Web of Science/S2,sim
Web of Science,S2,WoS S2 — Lesões e alterações gástricas por IA,WOS:000722196400023,"Evaluation of the effects of an artificial intelligence system on
endoscopy quality and preliminary testing of its performance in
detecting early gastric cancer: a randomized controlled trial","Wu, Lianlian; He, Xinqi; Liu, Mei; Xie, Huaping; An, Ping; Zhang, Jun; Zhang, Heng; Ai, Yaowei; Tong, Qiaoyun; Guo, Mingwen; Huang, Manling; Ge, Cunjin; Yang, Zhi; Yuan, Jingping; Liu, Jun; Zhou, Wei; Jiang, Xiaoda; Huang, Xu; Mu, Ganggang; Wan, Xinyue; Li, Yanxia; Wang, Hongguang; Wang, Yonggui; Zhang, Hongfeng; Chen, Di; Gong, Dexin; Wang, Jing; Huang, Li; Li, Jia; Yao, Liwen; Zhu, Yijie; Yu, Honggang",2021,10.1055/a-1350-5583,ENDOSCOPY,duplicate,Duplicata de 'Evaluation of the effects of an artificial intelligence system on endoscopy qual…' já presente em PubMed/S3.,Web of Science/S2,sim
Web of Science,S2,WoS S2 — Lesões e alterações gástricas por IA,WOS:000792637700001,"Automated Disease Detection in Gastroscopy Videos Using Convolutional
Neural Networks","Zhang, Chenxi; Xiong, Zinan; Chen, Shuijiao; Ding, Alex; Cao, Yu; Liu, Benyuan; Liu, Xiaowei",2022,10.3389/fmed.2022.846024,FRONTIERS IN MEDICINE,duplicate,Duplicata de 'Automated Disease Detection in Gastroscopy Videos Using Convolutional Neural Net…' já presente em Scopus/S1.,Web of Science/S2,sim
Web of Science,S2,WoS S2 — Lesões e alterações gástricas por IA,WOS:001147493600001,"A masked graph neural network model for real-time gastric polyp
detection in Healthcare 4.0","Huang, Junjun; Saw, Shier Nee; He, Tianran; Feng, Wei; Loo, Chu Kiong",2023,10.1016/j.jii.2023.100467,JOURNAL OF INDUSTRIAL INFORMATION INTEGRATION,duplicate,Duplicata de 'A masked graph neural network model for real-time gastric polyp detection in Hea…' já presente em ScienceDirect/S6.,Web of Science/S2,sim
Web of Science,S2,WoS S2 — Lesões e alterações gástricas por IA,WOS:000435391300008,"Application of artificial intelligence using a convolutional neural
network for detecting gastric cancer in endoscopic images","Hirasawa, Toshiaki; Aoyama, Kazuharu; Tanimoto, Tetsuya; Ishihara, Soichiro; Shichijo, Satoki; Ozawa, Tsuyoshi; Ohnishi, Tatsuya; Fujishiro, Mitsuhiro; Matsuo, Keigo; Fujisaki, Junko; Tada, Tomohiro",2018,10.1007/s10120-018-0793-2,GASTRIC CANCER,duplicate,Duplicata de 'Application of artificial intelligence using a convolutional neural network for …' já presente em PubMed/S3.,Web of Science/S2,sim
Web of Science,S2,WoS S2 — Lesões e alterações gástricas por IA,WOS:001047024900080,"Implementation of artificial intelligence in upper gastrointestinal
endoscopy","Nagao, Sayaka; Tani, Yasuhiro; Shibata, Junichi; Tsuji, Yosuke; Tada, Tomohiro; Ishihara, Ryu; Fujishiro, Mitsuhiro",2022,10.1002/deo2.72,DEN OPEN,duplicate,Duplicata de 'Implementation of artificial intelligence in upper gastrointestinal endoscopy…' já presente em PubMed/S3.,Web of Science/S2,sim
Web of Science,S2,WoS S2 — Lesões e alterações gástricas por IA,WOS:001362089100001,Linked color imaging and upper gastrointestinal neoplasia,"Ono, Shoko; Inoue, Masaki; Higashino, Masayuki; Hayasaka, Shuhei; Tanaka, Shugo; Egami, Hiroki; Sakamoto, Naoya",2025,10.1111/den.14957,DIGESTIVE ENDOSCOPY,duplicate,Duplicata de 'Linked color imaging and upper gastrointestinal neoplasia…' já presente em PubMed/S3.,Web of Science/S2,sim
Web of Science,S2,WoS S2 — Lesões e alterações gástricas por IA,WOS:001520586500001,"A novel artificial intelligence-based system for quality monitoring
during esophagogastroduodenoscopy: a multicenter randomized controlled
study","Chen, Shengsen; Li, Yandong; Wang, Huogen; Chen, Ming; Wang, Chun; Pan, Weilong; Ma, Ji; Ji, Tingting; Hong, Jiemin; Hu, Di; Sheng, Xiancang; Jiang, Junbing; Wang, Shi",2025,10.1055/a-2626-0069,ENDOSCOPY,duplicate,Duplicata de 'A novel artificial intelligence-based system for quality monitoring during esoph…' já presente em PubMed/S3.,Web of Science/S2,sim
Web of Science,S2,WoS S2 — Lesões e alterações gástricas por IA,WOS:000524744100001,"Non-Local Attention and Densely-Connected Convolutional Neural Networks
for Malignancy Suspiciousness Classification of Gastric Ulcer","Sun, Muyi; Liang, Kaiyi; Zhang, Wenbao; Chang, Qing; Zhou, Xiaoguang",2020,10.1109/ACCESS.2020.2967350,IEEE ACCESS,duplicate,Duplicata de 'Non-Local attention and Densely-Connected Convolutional Neural Networks for Mali…' já presente em Scopus/S1.,Web of Science/S2,sim
Web of Science,S2,WoS S2 — Lesões e alterações gástricas por IA,WOS:000802571700001,"Artificial Intelligence for Upper Gastrointestinal Endoscopy: A Roadmap
from Technology Development to Clinical Practice","Renna, Francesco; Martins, Miguel; Neto, Alexandre; Cunha, Antonio; Libanio, Diogo; Dinis-Ribeiro, Mario; Coimbra, Miguel",2022,10.3390/diagnostics12051278,DIAGNOSTICS,duplicate,"Duplicata de 'Artificial Intelligence for Upper Gastrointestinal Endoscopy: A Roadmap
from Tec…' já presente em Web of Science/S1.",Web of Science/S2,sim
Web of Science,S2,WoS S2 — Lesões e alterações gástricas por IA,WOS:001562501200020,"Classification of Gastroscopy Images Under Extreme Class Imbalance: A
Deep Learning Pipeline","Krenzer, Adrian; Friedetzki, Tobias; Dietsch, Max; Puppe, Frank",2026,10.1007/978-3-031-98691-8_20,"MEDICAL IMAGE UNDERSTANDING AND ANALYSIS, MIUA 2025, PT II",duplicate,Duplicata de 'Classification of Gastroscopy Images Under Extreme Class Imbalance: A Deep Learn…' já presente em Scopus/S1.,Web of Science/S2,sim
Web of Science,S2,WoS S2 — Lesões e alterações gástricas por IA,WOS:000647644500001,"Differentiation Between Malignant and Benign Endoscopic Images of
Gastric Ulcers Using Deep Learning","Kiang, Eyal; Barash, Yiftach; Levartovsky, Asaf; Lederer, Noam Barkin; Lahat, Adi",2021,10.2147/CEG.S292857,CLINICAL AND EXPERIMENTAL GASTROENTEROLOGY,duplicate,Duplicata de 'Differentiation Between Malignant and Benign Endoscopic Images of Gastric Ulcers…' já presente em PubMed/S3.,Web of Science/S2,sim
Web of Science,S2,WoS S2 — Lesões e alterações gástricas por IA,WOS:001424376600031,"A unified framework harnessing multi-scale feature ensemble and
attention mechanism for gastric polyp and protrusion identification in
gastroscope imaging","He, Chunyou; Zhang, Jingda; Liang, Yunxiao; Li, Hao",2025,10.1038/s41598-025-90034-y,SCIENTIFIC REPORTS,duplicate,Duplicata de 'A unified framework harnessing multi-scale feature ensemble and attention mechan…' já presente em PubMed/S3.,Web of Science/S2,sim
Web of Science,S2,WoS S2 — Lesões e alterações gástricas por IA,WOS:000874656300001,"Noninvasive detection and interpretation of gastrointestinal diseases by
collaborative serum metabolite and magnetically controlled capsule
endoscopy","Yu, Xiang-Tian; Chen, Ming; Guo, Jingyi; Zhang, Jing; Zeng, Tao",2022,10.1016/j.csbj.2022.10.001,COMPUTATIONAL AND STRUCTURAL BIOTECHNOLOGY JOURNAL,duplicate,"Duplicata de 'Noninvasive detection and interpretation of gastrointestinal diseases by
collabo…' já presente em Web of Science/S1.",Web of Science/S2,sim
Web of Science,S2,WoS S2 — Lesões e alterações gástricas por IA,WOS:001583164800007,Role of artificial intelligence in gastric diseases,"Gong, Eun Jeong; Woo, Jieun; Lee, Jae Jun; Bang, Chang Seok",2025,10.3748/wjg.v31.i37.111327,WORLD JOURNAL OF GASTROENTEROLOGY,duplicate,Duplicata de 'Role of artificial intelligence in gastric diseases…' já presente em Scopus (VLM/FMs)/S3.,Web of Science/S2,sim
Web of Science,S2,WoS S2 — Lesões e alterações gástricas por IA,WOS:000655246000029,"Expert-level classification of gastritis by endoscopy using deep
learning: a multicenter diagnostic trial","Mu, Ganggang; Zhu, Yijie; Niu, Zhanyue; Li, Hongyan; Wu, Lianlian; Wang, Jing; Luo, Renquan; Hu, Xiao; Li, Yanxia; Zhang, Jixiang; Hu, Shan; Li, Chao; Ding, Shigang; Yu, Honggang",2021,10.1055/a-1372-2789,ENDOSCOPY INTERNATIONAL OPEN,duplicate,"Duplicata de 'Expert-level classification of gastritis by endoscopy using deep
learning: a mul…' já presente em Web of Science/S1.",Web of Science/S2,sim
Web of Science,S2,WoS S2 — Lesões e alterações gástricas por IA,WOS:001182135600001,"Artificial intelligence-assisted system for the assessment of Forrest
classification of peptic ulcer bleeding: a multicenter diagnostic study","He, Xiao-Jian; Wang, Xiao-Ling; Su, Tian-Kang; Yao, Li-Jia; Zheng, Jing; Wen, Xiao-Dong; Xu, Qin-Wei; Huang, Qian-Rong; Chen, Li-Bin; Chen, Chang-Xin; Lin, Hai-Fan; Chen, Yi-Qun; hu, Yan-Xing; Zhang, Kai-Hua; Jiang, Chuan-Shen; Liu, Gang; Li, Da-Zhou; Li, Dong-Liang; Wen, Wang",2024,10.1055/a-2252-4874,ENDOSCOPY,duplicate,Duplicata de 'Artificial intelligence-assisted system for the assessment of Forrest classifica…' já presente em Scopus/S1.,Web of Science/S2,sim
Web of Science,S2,WoS S2 — Lesões e alterações gástricas por IA,WOS:001305483200001,"Artificial Intelligence for the Automatic Diagnosis of Gastritis: A
Systematic Review","Turtoi, Daria Claudia; Brata, Vlad Dumitru; Incze, Victor; Ismaiel, Abdulrahman; Dumitrascu, Dinu Iuliu; Militaru, Valentin; Munteanu, Mihai Alexandru; Botan, Alexandru; Toc, Dan Alexandru; Duse, Traian Adrian; Popa, Stefan Lucian",2024,10.3390/jcm13164818,JOURNAL OF CLINICAL MEDICINE,duplicate,Duplicata de 'Artificial Intelligence for the Automatic Diagnosis of Gastritis: A Systematic R…' já presente em PubMed/S3.,Web of Science/S2,sim
Web of Science,S2,WoS S2 — Lesões e alterações gástricas por IA,WOS:000675439400012,"Standalone performance of artificial intelligence for upper GI
neoplasia: a meta-analysis","Arribas, Julia; Antonelli, Giulio; Frazzoni, Leonardo; Fuccio, Lorenzo; Ebigbo, Alanna; van der Sommen, Fons; Ghatwary, Noha; Palm, Christoph; Coimbra, Miguel; Renna, Francesco; Bergman, J. J. G. H. M.; Sharma, Prateek; Messmann, Helmut; Hassan, Cesare; Dinis-Ribeiro, Mario J.",2021,10.1136/gutjnl-2020-321922,GUT,duplicate,"Duplicata de 'Standalone performance of artificial intelligence for upper GI
neoplasia: a meta…' já presente em Web of Science/S1.",Web of Science/S2,sim
Web of Science,S2,WoS S2 — Lesões e alterações gástricas por IA,WOS:001079799500001,"A reconstruction and convolution operations enabled variant vision
transformer with gastroscopic images for automatic locating of polyps in
Internet of Medical Things","Qin, Zhe; Zhang, Yaqiong; Li, Jian; Li, Deming; Mo, Yanqing; Wang, Liyang; Qian, Peiyu; Feng, Li",2024,10.1016/j.inffus.2023.102007,INFORMATION FUSION,duplicate,"Duplicata de 'A reconstruction and convolution operations enabled variant vision
transformer w…' já presente em Web of Science/S1.",Web of Science/S2,sim
Web of Science,S2,WoS S2 — Lesões e alterações gástricas por IA,WOS:001200951600001,"Development of an Artificial Intelligence Diagnostic System Using Linked
Color Imaging for Barrett's Esophagus","Takeda, Tsutomu; Asaoka, Daisuke; Ueyama, Hiroya; Abe, Daiki; Suzuki, Maiko; Inami, Yoshihiro; Uemura, Yasuko; Yamamoto, Momoko; Iwano, Tomoyo; Uchida, Ryota; Utsunomiya, Hisanori; Oki, Shotaro; Suzuki, Nobuyuki; Ikeda, Atsushi; Akazawa, Yoichi; Matsumoto, Kohei; Ueda, Kumiko; Hojo, Mariko; Nojiri, Shuko; Tada, Tomohiro; Nagahara, Akihito",2024,10.3390/jcm13071990,JOURNAL OF CLINICAL MEDICINE,duplicate,"Duplicata de 'Development of an Artificial Intelligence Diagnostic System Using Linked
Color I…' já presente em Web of Science/S1.",Web of Science/S2,sim
Web of Science,S2,WoS S2 — Lesões e alterações gástricas por IA,WOS:000965827200001,"Enhanced Classification of Gastric Lesions and Early Gastric Cancer
Diagnosis in Gastroscopy Using Multi-Filter AutoAugment","Chae, Jung-Woo; Cho, Hyun-Chong",2023,10.1109/ACCESS.2023.3260983,IEEE ACCESS,duplicate,Duplicata de 'Enhanced Classification of Gastric Lesions and Early Gastric Cancer Diagnosis in…' já presente em IEEE/S3.,Web of Science/S2,sim
Web of Science,S2,WoS S2 — Lesões e alterações gástricas por IA,WOS:001540803800001,"Magnetically guided gastric capsule endoscopy: a review and new
developments","Rey, Jean-Francois",2025,10.5946/ce.2025.062,CLINICAL ENDOSCOPY,duplicate,Duplicata de 'Magnetically guided gastric capsule endoscopy: a review and new developments…' já presente em PubMed/S3.,Web of Science/S2,sim
Web of Science,S2,WoS S2 — Lesões e alterações gástricas por IA,WOS:001265603200009,"Real-World Application of Artificial Intelligence for Detecting
Pathologic Gastric Atypia and Neoplastic Lesions","Chang, Young Hoon; Shin, Cheol Min; Lee, Hae Dong; Park, Jinbae; Jeon, Jiwoon; Cho, Soo-Jeong; Kang, Seung Joo; Chung, Jae -Yong; Jun, Yu Kyung; Choi, Yonghoon; Yoon, Hyuk; Park, Young Soo; Kim, Nayoung; Lee, Dong Ho",2024,10.5230/jgc.2024.24.e28,JOURNAL OF GASTRIC CANCER,duplicate,Duplicata de 'Real-World Application of Artificial Intelligence for Detecting Pathologic Gastr…' já presente em PubMed/S3.,Web of Science/S2,sim
Web of Science,S2,WoS S2 — Lesões e alterações gástricas por IA,WOS:001504700200005,Early diagnosis of gastric cancer: Endoscopy and artificial intelligence,"Goncalves, N.; Chaves, J.; Marques-Sa, I.; Dinis-Ribeiro, M.; Libanio, D.",2025,10.1016/j.bpg.2025.101979,BEST PRACTICE & RESEARCH CLINICAL GASTROENTEROLOGY,duplicate,Duplicata de 'Early diagnosis of gastric cancer: Endoscopy and artificial intelligence…' já presente em PubMed/S3.,Web of Science/S2,sim
Web of Science,S2,WoS S2 — Lesões e alterações gástricas por IA,WOS:000829724300005,"Artificial intelligence for diagnosing gastric lesions under white-light
endoscopy","Yuan, Xiang-Lei; Zhou, Yao; Liu, Wei; Luo, Qi; Zeng, Xian-Hui; Yi, Zhang; Hu, Bing",2022,10.1007/s00464-022-09420-6,SURGICAL ENDOSCOPY AND OTHER INTERVENTIONAL TECHNIQUES,duplicate,"Duplicata de 'Artificial intelligence for diagnosing gastric lesions under white-light
endosco…' já presente em Web of Science/S1.",Web of Science/S2,sim
Web of Science,S2,WoS S2 — Lesões e alterações gástricas por IA,WOS:001332732600002,"A Multi-task Neural Network for Image Recognition in Magnetically
Controlled Capsule Endoscopy","Xu, Ting; Li, Yuan-Yi; Huang, Fang; Gao, Min; Cai, Can; He, Song; Wu, Zhi-Xuan",2024,10.1007/s10620-024-08681-6,DIGESTIVE DISEASES AND SCIENCES,duplicate,Duplicata de 'A Multi-task Neural Network for Image Recognition in Magnetically Controlled Cap…' já presente em PubMed/S3.,Web of Science/S2,sim
Web of Science,S2,WoS S2 — Lesões e alterações gástricas por IA,WOS:000752240200002,"Lesion Segmentation in Gastroscopic Images Using Generative Adversarial
Networks","Sun, Yaru; Li, Yunqi; Wang, Pengfei; He, Dongzhi; Wang, Zhiqiang",2022,10.1007/s10278-022-00591-1,JOURNAL OF DIGITAL IMAGING,duplicate,Duplicata de 'Lesion Segmentation in Gastroscopic Images Using Generative Adversarial Networks…' já presente em PubMed/S3.,Web of Science/S2,sim
Web of Science,S2,WoS S2 — Lesões e alterações gástricas por IA,WOS:001044575300001,"Effect of a deep learning-based automatic upper GI endoscopic reporting
system: a randomized crossover study (with video)","Zhang, Lihui; Lu, Zihua; Yao, Liwen; Dong, Zehua; Zhou, Wei; He, Chunping; Luo, Renquan; Zhang, Mengjiao; Wang, Jing; Li, Yanxia; Deng, Yunchao; Zhang, Chenxia; Li, Xun; Shang, Renduo; Xu, Ming; Wang, Junxiao; Zhao, Yu; Wu, Lianlian; Yu, Honggang",2023,10.1016/j.gie.2023.02.025,GASTROINTESTINAL ENDOSCOPY,duplicate,Duplicata de 'Effect of a deep learning-based automatic upper GI endoscopic reporting system: …' já presente em PubMed/S3.,Web of Science/S2,sim
Web of Science,S2,WoS S2 — Lesões e alterações gástricas por IA,WOS:000986193100001,"The effectiveness of a computer-aided system in improving the detection
rate of gastric neoplasm and early gastric cancer: study protocol for a
multi-centre, randomized controlled trial","Dong, Zehua; Zhu, Yijie; Du, Hongliu; Wang, Junxiao; Zeng, Xiaoquan; Tao, Xiao; Yang, Ting; Wang, Jiamin; Deng, Mei; Liu, Jun; Wu, Lianlian; Yu, Honggang",2023,10.1186/s13063-023-07346-5,TRIALS,duplicate,Duplicata de 'The effectiveness of a computer-aided system in improving the detection rate of …' já presente em Springer Nature Link/S2.,Web of Science/S2,sim
Web of Science,S2,WoS S2 — Lesões e alterações gástricas por IA,WOS:001674039400001,"Development and validation of an interpretable machine learning model
for non-invasive screening of precancerous gastric lesions using symptom
and lifestyle data: a multicentre cohort study","Wang, Lan; Tang, Kaiqiang; Zhang, Peng; Liu, Jiasheng; Wu, Bowen; Chen, Jun; Li, Yan; Du, Shiyu; Wang, Yan; Li, Shao",2026,10.1016/j.eclinm.2026.103756,ECLINICALMEDICINE,duplicate,Duplicata de 'Development and validation of an interpretable machine learning model for non-in…' já presente em ScienceDirect/S10.,Web of Science/S2,sim
Web of Science,S2,WoS S2 — Lesões e alterações gástricas por IA,WOS:001158090200001,"A Multimodal Multipath Artificial Intelligence System for Diagnosing
Gastric Protruded Lesions on Endoscopy and Endoscopic Ultrasonography
Images","Zhu, Chang; Hua, Yifei; Zhang, Min; Wang, Yun; Li, Wenjie; Ding, Yanbing; She, Qiang; Zhang, Weifeng; Si, Xinmin; Kong, Zihao; Liu, Baiyun; Chen, Weidao; Wu, Jiangfen; Dang, Yini; Zhang, Guoxin",2023,10.14309/ctg.0000000000000551,CLINICAL AND TRANSLATIONAL GASTROENTEROLOGY,duplicate,Duplicata de 'A Multimodal Multipath Artificial Intelligence System for Diagnosing Gastric Pro…' já presente em PubMed/S3.,Web of Science/S2,sim
Web of Science,S2,WoS S2 — Lesões e alterações gástricas por IA,WOS:000536254900007,Recent advances in diagnostic upper endoscopy,"Teh, Jun-Liang; Shabbir, Asim; Yuen, Soon; So, Jimmy Bok-Yan",2020,10.3748/wjg.v26.i4.433,WORLD JOURNAL OF GASTROENTEROLOGY,duplicate,Duplicata de 'Recent advances in diagnostic upper endoscopy…' já presente em PubMed/S3.,Web of Science/S2,sim
Web of Science,S2,WoS S2 — Lesões e alterações gástricas por IA,WOS:000756928100001,"Endoscopic diagnosis and treatment of gastric dysplasia and early
cancer: Current evidence and what the future may hold","Young, Edward; Philpott, Hamish; Singh, Rajvinder",2021,10.3748/wjg.v27.i31.5126,WORLD JOURNAL OF GASTROENTEROLOGY,duplicate,Duplicata de 'Endoscopic diagnosis and treatment of gastric dysplasia and early cancer: Curren…' já presente em PubMed/S3.,Web of Science/S2,sim
Web of Science,S2,WoS S2 — Lesões e alterações gástricas por IA,WOS:001262074300001,"Identification of chronic non-atrophic gastritis and intestinal
metaplasia stages in the Correa's cascade through machine learning
analyses of SERS spectral signature of non-invasively-collected human
gastric fluid samples","Si, Yu-Ting; Xiong, Xue-Song; Wang, Jin-Ting; Yuan, Quan; Li, Yu-Ting; Tang, Jia-Wei; Li, Yong-Nian; Zhang, Xin-Yu; Li, Zheng-Kang; Lai, Jin-Xin; Umar, Zeeshan; Yang, Wei-Xuan; Li, Fen; Wang, Liang; Gu, Bing",2024,10.1016/j.bios.2024.116530,BIOSENSORS & BIOELECTRONICS,duplicate,Duplicata de 'Identification of chronic non-atrophic gastritis and intestinal metaplasia stage…' já presente em PubMed/S3.,Web of Science/S2,sim
Web of Science,S2,WoS S2 — Lesões e alterações gástricas por IA,WOS:001139313400001,"Gastro-BaseNet: A Specialized Pre-Trained Model for Enhanced
Gastroscopic Data Classification and Diagnosis of Gastric Cancer and
Ulcer","Lee, Gi Pyo; Kim, Young Jae; Park, Dong Kyun; Kim, Yoon Jae; Han, Su Kyeong; Kim, Kwang Gi",2024,10.3390/diagnostics14010075,DIAGNOSTICS,duplicate,Duplicata de 'Gastro-BaseNet: A Specialized Pre-Trained Model for Enhanced Gastroscopic Data C…' já presente em PubMed/S3.,Web of Science/S2,sim
Web of Science,S2,WoS S2 — Lesões e alterações gástricas por IA,WOS:000921725000003,"Role of artificial intelligence-guided esophagogastroduodenoscopy in
assessing the procedural completeness and quality","Goenka, Mahesh Kumar; Afzalpurkar, Shivaraj; Jejurikar, Saurabh; Rodge, Gajanan Ashokrao; Tiwari, Awanish",2023,10.1007/s12664-022-01294-9,INDIAN JOURNAL OF GASTROENTEROLOGY,duplicate,Duplicata de 'Role of artificial intelligence-guided esophagogastroduodenoscopy in assessing t…' já presente em PubMed/S3.,Web of Science/S2,sim
Web of Science,S2,WoS S2 — Lesões e alterações gástricas por IA,WOS:001585942500003,"Deep learning-aided optical biopsy achieves whole-chain diagnosis of
Correa cascade of gastric cancer: a prospective study","Liu, Guanqun; Li, Guangchao; Li, Zhen; Shao, Xuejun; Ji, Rui; Ma, Tian; Zhang, Yan; Su, Jingran; Qi, Qingqing; Guo, Jing; He, Yishan; Yang, Xiaoxiao; Li, Yanqing; Zuo, Xiuli",2025,10.1186/s12916-025-04310-9,BMC MEDICINE,duplicate,Duplicata de 'Deep learning-aided optical biopsy achieves whole-chain diagnosis of Correa casc…' já presente em PubMed/S3.,Web of Science/S2,sim
Web of Science,S2,WoS S2 — Lesões e alterações gástricas por IA,WOS:000868962700001,"Post-Endoscopy Upper Gastrointestinal Cancer Rate in a Tertiary Referral
Centre: An Australian Data Linkage Analysis","Goetz, Naeman; Lamba, Mehul; Ryan, Kimberley; Grimpen, Florian",2023,10.1007/s12029-022-00874-4,JOURNAL OF GASTROINTESTINAL CANCER,duplicate,Duplicata de 'Post-Endoscopy Upper Gastrointestinal Cancer Rate in a Tertiary Referral Centre:…' já presente em Springer Nature Link/S2.,Web of Science/S2,sim
Web of Science,S2,WoS S2 — Lesões e alterações gástricas por IA,WOS:001674267200015,"Artificial Intelligence for the Detection of Neoplastic Lesions During
Upper Gastrointestinal Endoscopy: Diagnostic Performance and Future
Directions","Kanesaka, Takashi",2026,10.1111/den.70090,DIGESTIVE ENDOSCOPY,duplicate,Duplicata de 'Artificial Intelligence for the Detection of Neoplastic Lesions During Upper Gas…' já presente em PubMed/S3.,Web of Science/S2,não
Web of Science,S2,WoS S2 — Lesões e alterações gástricas por IA,WOS:001470951700004,"Artificial intelligence-assisted esophagogastroduodenoscopy improves
procedure quality for endoscopists in early stages of training","Chan, Shannon Melissa; Chan, Daniel; Yip, Hon Chi; Scheppach, Markus Wolfgang; Lam, Ray; Ng, Stephen K. K.; Ng, Enders Kwok Wai; Chiu, Philip W.",2025,10.1055/a-2547-6645,ENDOSCOPY INTERNATIONAL OPEN,duplicate,Duplicata de 'Artificial intelligence-assisted esophagogastroduodenoscopy improves procedure q…' já presente em PubMed/S3.,Web of Science/S2,sim
Web of Science,S2,WoS S2 — Lesões e alterações gástricas por IA,WOS:001734717000001,"World Endoscopy Organization Position Statements for Artificial
Intelligence in Endoscopic Diagnosis of Gastric Epithelial Neoplasia","Fujishiro, Mitsuhiro; Kakushima, Naomi; Abe, Seiichiro; Yip, Hon Chi; Liu, Xuemei; Kim, Gwan Ha; Pioche, Mathieu; Cortas, George Adel; Sumiyama, Kazuki; Arantes, Vitor Nunes; Emura, Fabian; Dinis‐Ribeiro, Mário",2026,10.1111/den.70144,DIGESTIVE ENDOSCOPY,duplicate,Duplicata de 'World Endoscopy Organization Position Statements for Artificial Intelligence in …' já presente em PubMed/S3.,Web of Science/S2,sim
Web of Science,S2,WoS S2 — Lesões e alterações gástricas por IA,WOS:001697707100001,"Influence of sex differences among endoscopists in gastric cancer and
precancerous condition detection rate during EGD in the artificial
intelligence era: a retrospective study","Zhu, Yijie; Huang, Li; Gong, Dexin; Dong, Zehua; Zhang, Chenxia; Wang, Jingzhai; Tao, Xiao; Wan, Ping; Wu, Lianlian; Zhang, Yu",2026,10.1007/s00464-026-12660-5,SURGICAL ENDOSCOPY AND OTHER INTERVENTIONAL TECHNIQUES,duplicate,Duplicata de 'Influence of sex differences among endoscopists in gastric cancer and precancero…' já presente em PubMed/S3.,Web of Science/S2,sim
Web of Science,S2,WoS S2 — Lesões e alterações gástricas por IA,WOS:000685286100020,"Effect of a deep learning-based system on the miss rate of gastric
neoplasms during upper gastrointestinal endoscopy: a single-centre,
tandem, randomised controlled trial","Wu, Lianlian; Shang, Renduo; Sharma, Prateek; Zhou, Wei; Liu, Jun; Yao, Liwen; Dong, Zehua; Yuan, Jingping; Zeng, Zhi; Yu, Yuanjie; He, Chunping; Xiong, Qiutang; Li, Yanxia; Deng, Yunchao; Cao, Zhuo; Huang, Chao; Zhou, Rui; Li, Hongyan; Hu, Guiying; Chen, Yiyun; Wang, Yonggui; He, Xinqi; Zhu, Yijie; Yu, Honggang",2021,,LANCET GASTROENTEROLOGY & HEPATOLOGY,duplicate,Duplicata de 'Effect of a deep learning-based system on the miss rate of gastric neoplasms dur…' já presente em Scopus/S2.,Web of Science/S2,sim
Web of Science,S2,WoS S2 — Lesões e alterações gástricas por IA,WOS:001199428900001,"Advanced diagnostic endoscopy in the upper gastrointestinal tract:
Review of the Japan Gastroenterological Endoscopic Society core sessions","Ueyama, Hiroya; Hirasawa, Toshiaki; Yano, Tomonori; Doyama, Hisashi; Isomoto, Hajime; Yagi, Kazuyoshi; Kawai, Takashi; Yao, Kenshi",2024,10.1002/deo2.359,DEN OPEN,duplicate,"Duplicata de 'Advanced diagnostic endoscopy in the upper gastrointestinal tract:
Review of the…' já presente em Web of Science/S1.",Web of Science/S2,sim
Web of Science,S2,WoS S2 — Lesões e alterações gástricas por IA,WOS:001022505000001,"Comparing artificial intelligence to humans for endoscopic diagnosis of
gastric neoplasia: An external validation study","Quek, Sabrina Xin Zi; Lee, Jonathan W. J.; Feng, Zhu; Soh, Min Min; Tokano, Masayuki; Guan, Yeoh Khay; So, Jimmy B. Y.; Tada, Tomohiro; Koh, Calvin J.",2023,10.1111/jgh.16274,JOURNAL OF GASTROENTEROLOGY AND HEPATOLOGY,duplicate,Duplicata de 'Comparing artificial intelligence to humans for endoscopic diagnosis of gastric …' já presente em PubMed/S3.,Web of Science/S2,sim
Web of Science,S2,WoS S2 — Lesões e alterações gástricas por IA,WOS:000641781200003,"Artificial intelligence-assisted endoscopic detection of esophageal
neoplasia in early stage: The next step?","Liu, Yong",2021,10.3748/wjg.v27.i14.1392,WORLD JOURNAL OF GASTROENTEROLOGY,duplicate,Duplicata de 'Artificial intelligence-assisted endoscopic detection of esophageal neoplasia in…' já presente em PubMed/S3.,Web of Science/S2,sim
Web of Science,S2,WoS S2 — Lesões e alterações gástricas por IA,WOS:000728525000011,"Deep learning system compared with expert endoscopists in predicting
early gastric cancer and its invasion depth and differentiation status","Wu, Lianlian; Wang, Jing; He, Xinqi; Zhu, Yijie; Jiang, Xiaoda; Chen, Yiyun; Wang, Yonggui; Huang, Li; Shang, Renduo; Dong, Zehua; Chen, Boru; Tao, Xiao; Wu, Qi; Yu, Honggang",2022,10.1016/j.gie.2021.06.033,GASTROINTESTINAL ENDOSCOPY,duplicate,Duplicata de 'Deep learning system compared with expert endoscopists in predicting early gastr…' já presente em PubMed/S3.,Web of Science/S2,sim
Web of Science,S2,WoS S2 — Lesões e alterações gástricas por IA,WOS:001493728300001,Future of image enhanced endoscopy of esophageal adenocarcinoma,"Parlar, Kerem; Cakir, Mert; Ozer, Ozlem; Sharma, Prateek",2025,10.5946/ce.2024.324,CLINICAL ENDOSCOPY,duplicate,Duplicata de 'Future of image enhanced endoscopy of esophageal adenocarcinoma…' já presente em PubMed/S3.,Web of Science/S2,sim
Web of Science,S2,WoS S2 — Lesões e alterações gástricas por IA,WOS:001218293800001,Curative criteria for endoscopic treatment of gastric cancer,"Neves, Joa A. Cunha; Delgado-Guillena, Pedro G.; Queiros, Patricia; Libanio, Diogo; de Santiago, Enrique Rodriguez",2024,10.1016/j.bpg.2024.101884,BEST PRACTICE & RESEARCH CLINICAL GASTROENTEROLOGY,duplicate,Duplicata de 'Curative criteria for endoscopic treatment of gastric cancer…' já presente em PubMed/S3.,Web of Science/S2,sim
Web of Science,S2,WoS S2 — Lesões e alterações gástricas por IA,WOS:001377321100001,"Validation of Artificial Intelligence Computer-Aided Detection on
Gastric Neoplasm in Upper Gastrointestinal Endoscopy","Lee, Hannah; Chung, Jun-Won; Yun, Sung-Cheol; Jung, Sung Woo; Yoon, Yeong Jun; Kim, Ji Hee; Cha, Boram; Kayasseh, Mohd Azzam; Kim, Kyoung Oh",2024,10.3390/diagnostics14232706,DIAGNOSTICS,duplicate,"Duplicata de 'Validation of Artificial Intelligence Computer-Aided Detection on
Gastric Neopla…' já presente em Web of Science/S1.",Web of Science/S2,sim
Web of Science,S2,WoS S2 — Lesões e alterações gástricas por IA,WOS:000714281800014,"Feasibility and Accuracy of Artificial Intelligence-Assisted Sponge
Cytology for Community-Based Esophageal Squamous Cell Carcinoma
Screening in China","Gao, Ye; Xin, Lei; Feng, Ya-Dong; Yao, Bin; Lin, Han; Sun, Chang; An, Wei; Li, Zhao-Shen; Shi, Rui-Hua; Wang, Luo-Wei",2021,10.14309/ajg.0000000000001499,AMERICAN JOURNAL OF GASTROENTEROLOGY,duplicate,Duplicata de 'Feasibility and Accuracy of Artificial Intelligence-Assisted Sponge Cytology for…' já presente em PubMed/S3.,Web of Science/S2,sim
Web of Science,S2,WoS S2 — Lesões e alterações gástricas por IA,WOS:000574357800004,"Accuracy of artificial intelligence-assisted detection of upper GI
lesions: a systematic review and meta-analysis","Lui, Thomas K. L.; Tsui, Vivien W. M.; Leung, Wai K.",2020,10.1016/j.gie.2020.06.034,GASTROINTESTINAL ENDOSCOPY,duplicate,"Duplicata de 'Accuracy of artificial intelligence-assisted detection of upper GI
lesions: a sy…' já presente em Web of Science/S1.",Web of Science/S2,sim
Web of Science,S2,WoS S2 — Lesões e alterações gástricas por IA,WOS:001172580300001,"Computer-aided diagnosis in real-time endoscopy for all stages of
gastric carcinogenesis: Development and validation study","Gong, Eun Jeong; Bang, Chang Seok; Lee, Jae Jun",2024,10.1002/ueg2.12551,UNITED EUROPEAN GASTROENTEROLOGY JOURNAL,duplicate,Duplicata de 'Computer-aided diagnosis in real-time endoscopy for all stages of gastric carcin…' já presente em PubMed/S2.,Web of Science/S2,sim
Web of Science,S2,WoS S2 — Lesões e alterações gástricas por IA,WOS:000662637200001,"Endoscopists' diagnostic accuracy in detecting upper gastrointestinal
neoplasia in the framework of artificial intelligence studies","Frazzoni, Leonardo; Arribas, Julia; Antonelli, Giulio; Libanio, Diogo; Ebigbo, Alanna; van der Sommen, Fons; de Groof, Albert Jeroen; Fukuda, Hiromu; Ohmori, Masayasu; Ishihara, Ryu; Wu, Lianlian; Yu, Honggang; Mori, Yuichi; Repici, Alessandro; Bergman, Jacques J. G. H. M.; Sharma, Prateek; Messmann, Helmut; Hassan, Cesare; Fuccio, Lorenzo; Dinis-Ribeiro, Mario",2022,10.1055/a-1500-3730,ENDOSCOPY,duplicate,Duplicata de 'Endoscopists' diagnostic accuracy in detecting upper gastrointestinal neoplasia …' já presente em PubMed/S3.,Web of Science/S2,sim
Web of Science,S2,WoS S2 — Lesões e alterações gástricas por IA,WOS:000912585600001,"A deep learning based framework for the classification of multi- class
capsule gastroscope image in gastroenterologic diagnosis","Xiao, Ping; Pan, Yuhang; Cai, Feiyue; Tu, Haoran; Liu, Junru; Yang, Xuemei; Liang, Huanling; Zou, Xueqing; Yang, Li; Duan, Jueni; Xv, Long; Feng, Lijuan; Liu, Zhenyu; Qian, Yun; Meng, Yu; Du, Jingfeng; Mei, Xi; Lou, Ting; Yin, Xiaoxv; Tan, Zhen",2022,10.3389/fphys.2022.1060591,FRONTIERS IN PHYSIOLOGY,duplicate,Duplicata de 'A deep learning based framework for the classification of multi- class capsule g…' já presente em PubMed/S3.,Web of Science/S2,sim
Web of Science,S2,WoS S2 — Lesões e alterações gástricas por IA,WOS:001568989400001,"A Multicenter Pivotal Study on the Artificial Intelligence System for
Neoplastic Lesions Detection in Upper Gastrointestinal Endoscopy","Abe, Seiichiro; Kitagawa, Yoshiyasu; Hatta, Waku; Maekita, Takao; Kato, Motohiko; Nagahara, Akihito; Osawa, Hiroyuki; Dohi, Osamu; Nakashima, Hirotaka; Furukawa, Kazuhiro; Oka, Shiro; Yokoyama, Tomoko; Ito, Toru; Oda, Ichiro",2025,10.1111/den.70015,DIGESTIVE ENDOSCOPY,duplicate,Duplicata de 'A Multicenter Pivotal Study on the Artificial Intelligence System for Neoplastic…' já presente em PubMed/S3.,Web of Science/S2,sim
Web of Science,S2,WoS S2 — Lesões e alterações gástricas por IA,WOS:001160813600001,"A study on the improvement in the ability of endoscopists to diagnose
gastric neoplasms using an artificial intelligence system","Zhang, Bojiang; Zhang, Wei; Yao, Hongjuan; Qiao, Jinggui; Zhang, Haimiao; Song, Ying",2024,10.3389/fmed.2024.1323516,FRONTIERS IN MEDICINE,duplicate,Duplicata de 'A study on the improvement in the ability of endoscopists to diagnose gastric ne…' já presente em PubMed/S3.,Web of Science/S2,sim
Web of Science,S2,WoS S2 — Lesões e alterações gástricas por IA,WOS:001413529600007,"Multimodal artificial intelligence system for detecting a small
esophageal high-grade squamous intraepithelial neoplasia: A case report","Zhou, Yang; Liu, Rui-De; Gong, Hui; Yuan, Xiang-Lei; Hu, Bing; Huang, Zhi-Yin",2025,10.4253/wjge.v17.i1.101233,WORLD JOURNAL OF GASTROINTESTINAL ENDOSCOPY,duplicate,Duplicata de 'Multimodal artificial intelligence system for detecting a small esophageal high-…' já presente em PubMed/S3.,Web of Science/S2,sim
Web of Science,S2,WoS S2 — Lesões e alterações gástricas por IA,WOS:001357972100001,"Randomized controlled trial of an artificial intelligence diagnostic
system for the detection of esophageal squamous cell carcinoma in
clinical practice","Nakao, Eisuke; Yoshio, Toshiyuki; Kato, Yusuke; Namikawa, Ken; Tokai, Yoshitaka; Yoshimizu, Shoichi; Horiuchi, Yusuke; Ishiyama, Akiyoshi; Hirasawa, Toshiaki; Kurihara, Nozomi; Ishizuka, Naoki; Ishihara, Ryu; Tada, Tomohiro; Fujisaki, Junko",2025,10.1055/a-2421-3194,ENDOSCOPY,duplicate,"Duplicata de 'Randomized controlled trial of an artificial intelligence diagnostic
system for …' já presente em Web of Science/S1.",Web of Science/S2,sim
Web of Science,S2,WoS S2 — Lesões e alterações gástricas por IA,WOS:000915498100001,An automatic gastric polyp detection technique using deep learning,"Mushtaq, Dania; Madni, Tahir Mustafa; Janjua, Uzair Iqbal; Anwar, Fozia; Kakakhail, Ahmad",2023,10.1002/ima.22850,INTERNATIONAL JOURNAL OF IMAGING SYSTEMS AND TECHNOLOGY,duplicate,Duplicata de 'An automatic gastric polyp detection technique using deep learning…' já presente em Web of Science/S1.,Web of Science/S2,sim
Web of Science,S2,WoS S2 — Lesões e alterações gástricas por IA,WOS:001318393400028,"Efficient artificial intelligence-based assessment of the
gastroesophageal valve with Hill classification through active learning","Kafetzis, Ioannis; Fuchs, Karl-Hermann; Sodmann, Philipp; Troya, Joel; Zoller, Wolfram; Meining, Alexander; Hann, Alexander",2024,10.1038/s41598-024-68866-x,SCIENTIFIC REPORTS,duplicate,Duplicata de 'Efficient artificial intelligence-based assessment of the gastroesophageal valve…' já presente em Springer Nature Link/S2.,Web of Science/S2,sim
Web of Science,S2,WoS S2 — Lesões e alterações gástricas por IA,WOS:001565274400011,"Nylon66-Au@Ag core-shell nanocomposites fabricated by
filtration-accumulation for gastritis staging via SERS biosensing","Yan, Zixing; Xu, Peipei; Su, Junpeng; Chen, Jingxin; Liu, Youmei; Wang, Chuyi; Lu, Yudong",2025,10.1016/j.microc.2025.115050,MICROCHEMICAL JOURNAL,duplicate,Duplicata de 'Nylon66-Au@Ag core-shell nanocomposites fabricated by filtration-accumulation fo…' já presente em ScienceDirect/S5.,Web of Science/S2,sim
Web of Science,S2,WoS S2 — Lesões e alterações gástricas por IA,WOS:000932834400002,Endoscopic diagnosis and treatment of esophageal adenocarcinoma,"Baumer, Sebastian; Pech, Oliver",2023,10.1007/s00761-023-01311-2,ONKOLOGIE,duplicate,Duplicata de 'Endoscopic diagnosis and treatment of esophageal adenocarcinoma…' já presente em Web of Science/S1.,Web of Science/S2,sim
Web of Science,S2,WoS S2 — Lesões e alterações gástricas por IA,WOS:000876516800004,"RETRACTED: Construction of Stomach Cancer Lesion Detection Combined with
Drug Therapy Based on Artificial Intelligence (Retracted Article)","Zhai, Shengyong; Yu, Lihong; Li, Jing",2022,10.1155/2022/1905437,CONTRAST MEDIA & MOLECULAR IMAGING,duplicate,Duplicata de 'Construction of Stomach Cancer Lesion Detection Combined with Drug Therapy Based…' já presente em PubMed/S3.,Web of Science/S2,sim
Web of Science,S2,WoS S2 — Lesões e alterações gástricas por IA,WOS:001088839500001,"A systematic review on diagnosis and treatment of gastrointestinal
diseases by magnetically controlled capsule endoscopy and artificial
intelligence","Wang, Xiaotong; Hu, Xiaoming; Xu, Yongxue; Yong, Jiahao; Li, Xiang; Zhang, Kaixuan; Gan, Tao; Yang, Jinlin; Rao, Nini",2023,10.1177/17562848231206991,THERAPEUTIC ADVANCES IN GASTROENTEROLOGY,duplicate,Duplicata de 'A systematic review on diagnosis and treatment of gastrointestinal diseases by m…' já presente em PubMed/S3.,Web of Science/S2,sim
Web of Science,S2,WoS S2 — Lesões e alterações gástricas por IA,WOS:001598974800001,"Exploring the potential of artificial intelligence in assessing the risk
of gastric neoplastic lesions in patients with corpus atrophic gastritis","Dilaghi, Emanuele; Cesaroni, Edoardo; Ligato, Irene; Silvestri, Matteo; Liuzzi, Giampaolo; Annibale, Bruno; Lucidi, Stefano; Esposito, Gianluca; Sciandrone, Marco",2026,10.1007/s10120-025-01679-7,GASTRIC CANCER,duplicate,Duplicata de 'Exploring the potential of artificial intelligence in assessing the risk of gast…' já presente em Springer Nature Link/S2.,Web of Science/S2,sim
Web of Science,S2,WoS S2 — Lesões e alterações gástricas por IA,WOS:001029416800001,"Gastric polyp detection module based on improved attentional feature
fusion","Xie, Yun; Yu, Yao; Liao, Mingchao; Sun, Changyin",2023,10.1186/s12938-023-01130-x,BIOMEDICAL ENGINEERING ONLINE,duplicate,Duplicata de 'Gastric polyp detection module based on improved attentional feature fusion…' já presente em Scopus/S1.,Web of Science/S2,sim
Web of Science,S2,WoS S2 — Lesões e alterações gástricas por IA,WOS:001529109400001,"Recent advancement in endoscopic diagnosis for risk stratification of
gastric cancer","Hiramatsu, Takuma; Kakushima, Naomi; Kuribara, Hikaru; Miyata, Ryohei; Nakagawa, Hideki; Hisada, Hiroyuki; Kubota, Dai; Miura, Yuko; Mizutani, Hiroya; Ohki, Daisuke; Takeuchi, Chihiro; Yakabi, Seiichi; Tsuji, Yosuke; Yamamichi, Nobutake; Fujishiro, Mitsuhiro",2025,10.5946/ce.2024.355,CLINICAL ENDOSCOPY,duplicate,Duplicata de 'Recent advancement in endoscopic diagnosis for risk stratification of gastric ca…' já presente em PubMed/S3.,Web of Science/S2,sim
Web of Science,S2,WoS S2 — Lesões e alterações gástricas por IA,WOS:001251147200104,"Malignancy Suspicious Region Guided Deep Neural Networks for Gastric
Ulcer Classification","Zheng, Xiaoyan; Zeng, Zeng; Ma, Can; Chang, Qing; Zhao, Ziyuan; Yang, Xulei",2022,10.1109/EMBC48229.2022.9871776,"2022 44TH ANNUAL INTERNATIONAL CONFERENCE OF THE IEEE ENGINEERING IN
MEDICINE & BIOLOGY SOCIETY, EMBC",duplicate,Duplicata de 'Malignancy Suspicious Region Guided Deep Neural Networks for Gastric Ulcer Class…' já presente em IEEE/S1.,Web of Science/S2,sim
Web of Science,S2,WoS S2 — Lesões e alterações gástricas por IA,WOS:000662174400063,Gastric polyp detection in gastroscopic images using deep neural network,"Cao, Chanting; Wang, Ruilin; Yu, Yao; Zhang, Hui; Yu, Ying; Sun, Changyin",2021,10.1371/journal.pone.0250632,PLOS ONE,duplicate,Duplicata de 'Gastric polyp detection in gastroscopic images using deep neural network…' já presente em PubMed/S3.,Web of Science/S2,sim
Web of Science,S2,WoS S2 — Lesões e alterações gástricas por IA,WOS:000497354500002,"Gastroscopic Panoramic View: Application to Automatic Polyps Detection
under Gastroscopy","Shi, Chenfei; Xue, Yan; Jiang, Chuan; Tian, Hui; Liu, Bei",2019,10.1155/2019/4393124,COMPUTATIONAL AND MATHEMATICAL METHODS IN MEDICINE,duplicate,Duplicata de 'Gastroscopic Panoramic View: Application to Automatic Polyps Detection under Gas…' já presente em PubMed/S3.,Web of Science/S2,sim
Web of Science,S3,WoS S3 — Pólipos gástricos em endoscopia com IA,WOS:000673430200001,"Deep neural network approaches for detecting gastric polyps in
endoscopic images","Durak, Serdar; Bayram, Bulent; Bakirman, Tolga; Erkut, Murat; Dogan, Metehan; Gurturk, Mert; Akpinar, Burak",2021,10.1007/s11517-021-02398-8,MEDICAL & BIOLOGICAL ENGINEERING & COMPUTING,duplicate,Duplicata de 'Deep neural network approaches for detecting gastric polyps in endoscopic images…' já presente em Scopus/S1.,Web of Science/S3,sim
Web of Science,S3,WoS S3 — Pólipos gástricos em endoscopia com IA,WOS:001147493600001,"A masked graph neural network model for real-time gastric polyp
detection in Healthcare 4.0","Huang, Junjun; Saw, Shier Nee; He, Tianran; Feng, Wei; Loo, Chu Kiong",2023,10.1016/j.jii.2023.100467,JOURNAL OF INDUSTRIAL INFORMATION INTEGRATION,duplicate,Duplicata de 'A masked graph neural network model for real-time gastric polyp detection in Hea…' já presente em ScienceDirect/S6.,Web of Science/S3,sim
Web of Science,S3,WoS S3 — Pólipos gástricos em endoscopia com IA,WOS:000662174400063,Gastric polyp detection in gastroscopic images using deep neural network,"Cao, Chanting; Wang, Ruilin; Yu, Yao; Zhang, Hui; Yu, Ying; Sun, Changyin",2021,10.1371/journal.pone.0250632,PLOS ONE,duplicate,Duplicata de 'Gastric polyp detection in gastroscopic images using deep neural network…' já presente em PubMed/S3.,Web of Science/S3,sim
Web of Science,S3,WoS S3 — Pólipos gástricos em endoscopia com IA,WOS:000462157600038,Real-time gastric polyp detection using convolutional neural networks,"Zhang, Xu; Chen, Fei; Yu, Tao; An, Jiye; Huang, Zhengxing; Liu, Jiquan; Hu, Weiling; Wang, Liangjing; Duan, Huilong; Si, Jianmin",2019,10.1371/journal.pone.0214133,PLOS ONE,duplicate,Duplicata de 'Real-time gastric polyp detection using convolutional neural networks…' já presente em PubMed/S3.,Web of Science/S3,sim
Web of Science,S3,WoS S3 — Pólipos gástricos em endoscopia com IA,WOS:001029416800001,"Gastric polyp detection module based on improved attentional feature
fusion","Xie, Yun; Yu, Yao; Liao, Mingchao; Sun, Changyin",2023,10.1186/s12938-023-01130-x,BIOMEDICAL ENGINEERING ONLINE,duplicate,Duplicata de 'Gastric polyp detection module based on improved attentional feature fusion…' já presente em Scopus/S1.,Web of Science/S3,sim
Web of Science,S3,WoS S3 — Pólipos gástricos em endoscopia com IA,WOS:001424376600031,"A unified framework harnessing multi-scale feature ensemble and
attention mechanism for gastric polyp and protrusion identification in
gastroscope imaging","He, Chunyou; Zhang, Jingda; Liang, Yunxiao; Li, Hao",2025,10.1038/s41598-025-90034-y,SCIENTIFIC REPORTS,duplicate,Duplicata de 'A unified framework harnessing multi-scale feature ensemble and attention mechan…' já presente em PubMed/S3.,Web of Science/S3,sim
Web of Science,S3,WoS S3 — Pólipos gástricos em endoscopia com IA,WOS:000876516800004,"RETRACTED: Construction of Stomach Cancer Lesion Detection Combined with
Drug Therapy Based on Artificial Intelligence (Retracted Article)","Zhai, Shengyong; Yu, Lihong; Li, Jing",2022,10.1155/2022/1905437,CONTRAST MEDIA & MOLECULAR IMAGING,duplicate,Duplicata de 'Construction of Stomach Cancer Lesion Detection Combined with Drug Therapy Based…' já presente em PubMed/S3.,Web of Science/S3,sim
Web of Science,S3,WoS S3 — Pólipos gástricos em endoscopia com IA,WOS:001079799500001,"A reconstruction and convolution operations enabled variant vision
transformer with gastroscopic images for automatic locating of polyps in
Internet of Medical Things","Qin, Zhe; Zhang, Yaqiong; Li, Jian; Li, Deming; Mo, Yanqing; Wang, Liyang; Qian, Peiyu; Feng, Li",2024,10.1016/j.inffus.2023.102007,INFORMATION FUSION,duplicate,"Duplicata de 'A reconstruction and convolution operations enabled variant vision
transformer w…' já presente em Web of Science/S1.",Web of Science/S3,sim
Web of Science,S3,WoS S3 — Pólipos gástricos em endoscopia com IA,WOS:000915498100001,An automatic gastric polyp detection technique using deep learning,"Mushtaq, Dania; Madni, Tahir Mustafa; Janjua, Uzair Iqbal; Anwar, Fozia; Kakakhail, Ahmad",2023,10.1002/ima.22850,INTERNATIONAL JOURNAL OF IMAGING SYSTEMS AND TECHNOLOGY,duplicate,Duplicata de 'An automatic gastric polyp detection technique using deep learning…' já presente em Web of Science/S1.,Web of Science/S3,sim
Web of Science,S3,WoS S3 — Pólipos gástricos em endoscopia com IA,WOS:000897677600005,"Classification of precancerous lesions based on fusion of multiple
hierarchical features","Zhou, Huijun; Liu, Zhenyang; Li, Ting; Chen, Yifei; Huang, Wei; Zhang, Zijian",2023,10.1016/j.cmpb.2022.107301,COMPUTER METHODS AND PROGRAMS IN BIOMEDICINE,duplicate,"Duplicata de 'Classification of precancerous lesions based on fusion of multiple
hierarchical …' já presente em Web of Science/S1.",Web of Science/S3,sim
Web of Science,S3,WoS S3 — Pólipos gástricos em endoscopia com IA,WOS:000639876800001,"A Novel Approach for Increased Convolutional Neural Network Performance
in Gastric-Cancer Classification Using Endoscopic Images","Lee, Sin-Ae; Cho, Hyun Chin; Cho, Hyun-Chong",2021,10.1109/ACCESS.2021.3069747,IEEE ACCESS,duplicate,Duplicata de 'A Novel Approach for Increased Convolutional Neural Network Performance in Gastr…' já presente em IEEE/S4.,Web of Science/S3,sim
Web of Science,S3,WoS S3 — Pólipos gástricos em endoscopia com IA,WOS:001562501200020,"Classification of Gastroscopy Images Under Extreme Class Imbalance: A
Deep Learning Pipeline","Krenzer, Adrian; Friedetzki, Tobias; Dietsch, Max; Puppe, Frank",2026,10.1007/978-3-031-98691-8_20,"MEDICAL IMAGE UNDERSTANDING AND ANALYSIS, MIUA 2025, PT II",duplicate,Duplicata de 'Classification of Gastroscopy Images Under Extreme Class Imbalance: A Deep Learn…' já presente em Scopus/S1.,Web of Science/S3,sim
Web of Science,S3,WoS S3 — Pólipos gástricos em endoscopia com IA,WOS:001611551300046,"A Hybrid Attention-Based Fuzzy Pooling Network Model for Locating Polyp
Positions in Gastroscopic Image in Internet of Medical Things","Ma, Xiaoyu; Wang, Honghu; Ren, Xiaoxue; Ma, Yu",2025,10.1109/JIOT.2025.3555427,IEEE INTERNET OF THINGS JOURNAL,duplicate,Duplicata de 'A Hybrid Attention-Based Fuzzy Pooling Network Model for Locating Polyp Position…' já presente em IEEE/S1.,Web of Science/S3,sim
Web of Science,S3,WoS S3 — Pólipos gástricos em endoscopia com IA,WOS:000497354500002,"Gastroscopic Panoramic View: Application to Automatic Polyps Detection
under Gastroscopy","Shi, Chenfei; Xue, Yan; Jiang, Chuan; Tian, Hui; Liu, Bei",2019,10.1155/2019/4393124,COMPUTATIONAL AND MATHEMATICAL METHODS IN MEDICINE,duplicate,Duplicata de 'Gastroscopic Panoramic View: Application to Automatic Polyps Detection under Gas…' já presente em PubMed/S3.,Web of Science/S3,sim
Web of Science,S3,WoS S3 — Pólipos gástricos em endoscopia com IA,WOS:000505769500024,"Validity of endoscopic features for the diagnosis of Helicobacter
pylori infection status based on the Kyoto classification of
gastritis","Yoshii, Shinji; Mabe, Katsuhiro; Watano, Keiko; Ohno, Masayoshi; Matsumoto, Mio; Ono, Shoko; Kudo, Takahiko; Nojima, Masanori; Kato, Mototsugu; Sakamoto, Naoya",2020,10.1111/den.13486,DIGESTIVE ENDOSCOPY,duplicate,Duplicata de 'Validity of endoscopic features for the diagnosis of Helicobacter pylori infecti…' já presente em PubMed/S3.,Web of Science/S3,sim
Web of Science,S4,WoS S4 — IA em endoscopia com dados brasileiros / latino-americanos,WOS:000249536400001,"A stereoscopic endoscopic optical system for measurement of the 3D weld
geometry of pipes - Concepts and preliminary results","Hofmann, Allan; Albertazzi, Armando; Santos, Joao Castilho; Valim, Eduardo; Gondo, Ricardo; Freitas, Thiago",2006,,"Proceedings of the 25th International Conference on Offshore Mechanics
and Arctic Engineering, Vol 4",duplicate,Duplicata de 'A stereoscopic endoscopic optical system for measurement of the 3D weld geometry…' já presente em Scopus/S4.,Web of Science/S4,sim
Web of Science,S5,WoS S5 — Dataset brasileiro/latino-americano de endoscopia,WOS:001347693200001,"Advancements in the use of AI in the diagnosis and management of
inflammatory bowel disease","Braverman-Jaiven, Dalia; Manfredi, Luigi",2024,10.3389/frobt.2024.1453194,FRONTIERS IN ROBOTICS AND AI,duplicate,"Duplicata de 'Advancements in the use of AI in the diagnosis and management of
inflammatory bo…' já presente em Web of Science/S4.",Web of Science/S5,sim
Web of Science,S6,WoS S6 — Datasets de endoscopia gástrica (qualquer origem),WOS:000735199000001,"Automated Detection of Gastric Cancer by Retrospective Endoscopic Image
Dataset Using U-Net R-CNN","Teramoto, Atsushi; Shibata, Tomoyuki; Yamada, Hyuga; Hirooka, Yoshiki; Saito, Kuniaki; Fujita, Hiroshi",2021,10.3390/app112311275,APPLIED SCIENCES-BASEL,duplicate,Duplicata de 'Automated detection of gastric cancer by retrospective endoscopic image dataset …' já presente em Scopus/S1.,Web of Science/S6,sim
Web of Science,S6,WoS S6 — Datasets de endoscopia gástrica (qualquer origem),WOS:000876814200003,"Deep learning for classification and localization of early gastric
cancer in endoscopic images","Ma, Lingyu; Su, Xiufeng; Ma, Liyong; Gao, Xiaozhong; Sun, Mingjian",2023,10.1016/j.bspc.2022.104200,BIOMEDICAL SIGNAL PROCESSING AND CONTROL,duplicate,Duplicata de 'Deep learning for classification and localization of early gastric cancer in end…' já presente em ScienceDirect/S1.,Web of Science/S6,sim
Web of Science,S6,WoS S6 — Datasets de endoscopia gástrica (qualquer origem),WOS:001532927600001,"Enhanced gastrointestinal disease classification using a convvit hybrid
model on endoscopic images","Utku, Anil",2025,10.1007/s13246-025-01600-7,PHYSICAL AND ENGINEERING SCIENCES IN MEDICINE,duplicate,Duplicata de 'Enhanced gastrointestinal disease classification using a convvit hybrid model on…' já presente em PubMed/S5.,Web of Science/S6,sim
Web of Science,S6,WoS S6 — Datasets de endoscopia gástrica (qualquer origem),WOS:001588996200003,"Gastric Anatomical Sites Recognition in Gastroscopic Images Based on
Dual-branch Perception and Multi-scale Semantic Aggregation","Gao, Shujun; Yu, Xiaomei; Liang, Xiao; Chen, Xuanchi; Zheng, Xiangwei",2026,10.1016/j.displa.2025.103234,DISPLAYS,duplicate,Duplicata de 'Gastric Anatomical Sites Recognition in Gastroscopic Images Based on Dual-branch…' já presente em Scopus/S1.,Web of Science/S6,sim
Web of Science,S6,WoS S6 — Datasets de endoscopia gástrica (qualquer origem),WOS:001553235000001,"Toward autonomous robotic gastroscopy with a novel interventional
keypoint and polyp detection system","Liu, Yuying; Feng, Guang; He, Qi; Chen, Xin; Li, Jinhua; Wang, Bangmao; Zuo, Siyang",2025,10.1016/j.cmpb.2025.109013,COMPUTER METHODS AND PROGRAMS IN BIOMEDICINE,duplicate,"Duplicata de 'Toward autonomous robotic gastroscopy with a novel interventional
keypoint and p…' já presente em Web of Science/S2.",Web of Science/S6,sim
Web of Science,S6,WoS S6 — Datasets de endoscopia gástrica (qualquer origem),WOS:001375281200005,"MSNet: a novel network with comprehensive multi-scale feature
integration for gastric cancer and colon polyp segmentation","He, Dongzhi; Li, Chenxi; Ma, Zeyuan; Li, Yunqi",2024,10.1007/s11760-024-03594-3,SIGNAL IMAGE AND VIDEO PROCESSING,duplicate,"Duplicata de 'MSNet: a novel network with comprehensive multi-scale feature
integration for ga…' já presente em Web of Science/S2.",Web of Science/S6,sim
Web of Science,S6,WoS S6 — Datasets de endoscopia gástrica (qualquer origem),WOS:001428743400001,"WtNGAN: Unpaired image translation from white light images to
narrow-band images","Lin, Qinghua; Li, Zuoyong; Zeng, Kun; Wen, Jie; Jiang, Yuting; Chen, Jian",2025,10.1016/j.patcog.2025.111431,PATTERN RECOGNITION,duplicate,"Duplicata de 'WtNGAN: Unpaired image translation from white light images to
narrow-band images…' já presente em Web of Science/S1.",Web of Science/S6,sim
Web of Science,S6,WoS S6 — Datasets de endoscopia gástrica (qualquer origem),WOS:001511695400007,"Task-specific prompting SAM for multi-task gastric cancer diagnosis in
endoscopic images","Wang, Bilin; Lei, Changda; Guo, Yunbo; Hong, Kaicheng; Kan, Xiuji; Ouyang, Yifan; Li, Junbo; Li, Rui",2025,10.1016/j.eswa.2025.128329,EXPERT SYSTEMS WITH APPLICATIONS,duplicate,Duplicata de 'Task-specific prompting SAM for multi-task gastric cancer diagnosis in endoscopi…' já presente em Scopus/S1.,Web of Science/S6,sim
PubMed,S2,PubMed S2 — DL/CNN específico em endoscopia alta,pmid_40675599,Artificial intelligence for endoscopic grading of gastric intestinal metaplasia: advancing risk stratification for gastric cancer,"Almeida E, Martins ML, Marques D, Delas R, Almeida T, Chaves J, Libânio D, Renna F, Coimbra MT, Dinis-Ribeiro M.",2025,10.1055/a-2657-9906,Endoscopy,duplicate,Duplicata de 'Artificial intelligence for endoscopic grading of gastric intestinal metaplasia:…' já presente em Scopus/S1.,PubMed/S2,sim
PubMed,S2,PubMed S2 — DL/CNN específico em endoscopia alta,pmid_38899022,Gastric Section Correlation Network for Gastric Precancerous Lesion Diagnosis,"Jhang JY, Tsai YC, Hsu TC, Huang CR, Cheng HC, Sheu BS.",2023,10.1109/OJEMB.2023.3277219,IEEE Open J Eng Med Biol,duplicate,Duplicata de 'Gastric Section Correlation Network for Gastric Precancerous Lesion Diagnosis…' já presente em Scopus/S1.,PubMed/S2,sim
PubMed,S2,PubMed S2 — DL/CNN específico em endoscopia alta,pmid_38954175,An artificial intelligence system for comprehensive pathologic outcome prediction in early gastric cancer through endoscopic image analysis (with video),"Lee S, Jeon J, Park J, Chang YH, Shin CM, Oh MJ, Kim SH, Kang S, Park SH, Kim SG, Lee HJ, Yang HK, Lee HS, Cho SJ.",2024,10.1007/s10120-024-01524-3,Gastric Cancer,duplicate,Duplicata de 'An artificial intelligence system for comprehensive pathologic outcome predictio…' já presente em Scopus/S1.,PubMed/S2,sim
PubMed,S2,PubMed S2 — DL/CNN específico em endoscopia alta,pmid_40423011,A Multitask Network for the Diagnosis of Autoimmune Gastritis,"Cao Y, Zhao Y, Jin X, Zhang J, Zhang G, Huang P, Zhang G, Han Y.",2025,10.3390/jimaging11050154,J Imaging,duplicate,Duplicata de 'A Multitask Network for the Diagnosis of Autoimmune Gastritis…' já presente em Scopus/S1.,PubMed/S2,sim
PubMed,S2,PubMed S2 — DL/CNN específico em endoscopia alta,pmid_32377939,Deep learning-based anatomical site classification for upper gastrointestinal endoscopy,"He Q, Bano S, Ahmad OF, Yang B, Chen X, Valdastri P, Lovat LB, Stoyanov D, Zuo S.",2020,10.1007/s11548-020-02148-5,Int J Comput Assist Radiol Surg,duplicate,Duplicata de 'Deep learning-based anatomical site classification for upper gastrointestinal en…' já presente em Scopus/S1.,PubMed/S2,sim
PubMed,S2,PubMed S2 — DL/CNN específico em endoscopia alta,pmid_34586491,Deep learning-based endoscopic anatomy classification: an accelerated approach for data preparation and model validation,"Chang YY, Li PC, Chang RF, Yao CD, Chen YY, Chang WY, Yen HH.",2022,10.1007/s00464-021-08698-2,Surg Endosc,duplicate,Duplicata de 'Deep learning-based endoscopic anatomy classification: an accelerated approach f…' já presente em Scopus/S1.,PubMed/S2,sim
PubMed,S2,PubMed S2 — DL/CNN específico em endoscopia alta,pmid_34239268,Usefulness of artificial intelligence in gastric neoplasms,"Kim JH, Nam SJ, Park SC.",2021,10.3748/wjg.v27.i24.3543,World J Gastroenterol,duplicate,Duplicata de 'Usefulness of artificial intelligence in gastric neoplasms…' já presente em Scopus/S1.,PubMed/S2,sim
PubMed,S2,PubMed S2 — DL/CNN específico em endoscopia alta,pmid_41063106,Artificial intelligence-assisted endoscopic diagnosis system for diagnosing Helicobacter pylori infection: a multicenter study,"Hu Y, Xu J, Huang L, Zheng Z, Zhao J, Chen T, Liu J, Zhang F, Ding X, Pan J, Wang X, Liu S, Zhang L, Lv B.",2025,10.1186/s12916-025-04379-2,BMC Med,duplicate,Duplicata de 'Artificial intelligence–assisted endoscopic diagnosis system for diagnosing Heli…' já presente em Scopus/S1.,PubMed/S2,sim
PubMed,S2,PubMed S2 — DL/CNN específico em endoscopia alta,pmid_40000222,[Research progress on endoscopic image diagnosis of gastric tumors based on deep learning],"Gao Y, Wei G.",2024,10.7507/1001-5515.202404004,Sheng Wu Yi Xue Gong Cheng Xue Za Zhi,duplicate,Duplicata de 'Research progress on endoscopic image diagnosis of gastric tumors based on deep …' já presente em Scopus/S1.,PubMed/S2,sim
PubMed,S2,PubMed S2 — DL/CNN específico em endoscopia alta,pmid_37812856,A Temporal Learning Approach to Inpainting Endoscopic Specularities and Its Effect on Image Correspondence,"Daher R, Vasconcelos F, Stoyanov D.",2023,10.1016/j.media.2023.102994,Med Image Anal,duplicate,Duplicata de 'A Temporal Learning Approach to Inpainting Endoscopic Specularities and Its Effe…' já presente em Scopus/S1.,PubMed/S2,sim
PubMed,S2,PubMed S2 — DL/CNN específico em endoscopia alta,pmid_39173410,"Foundation models in gastrointestinal endoscopic AI: Impact of architecture, pre-training approach and data efficiency","Boers TGW, Fockens KN, van der Putten JA, Jaspers TJM, Kusters CHJ, Jukema JB, Jong MR, Struyvenberg MR, de Groof J, Bergman JJ, de With PHN, van der Sommen F.",2024,10.1016/j.media.2024.103298,Med Image Anal,duplicate,"Duplicata de 'Foundation models in gastrointestinal endoscopic AI: Impact of architecture, pre…' já presente em Scopus (VLM/FMs)/S1.",PubMed/S2,sim
PubMed,S2,PubMed S2 — DL/CNN específico em endoscopia alta,pmid_40293663,Detection of pathologic complete response using deep neural network-based endoscopic evaluation in patients with esophageal cancer receiving neoadjuvant chemotherapy: a nationwide multicenter retrospective study from 46 Japanese esophageal centers,"Matsuda S, Irino T, Kitagawa Y, Okamura A, Mayanagi S, Booka E, Takeuchi M, Kitadani J, Kanda M, Abe T, Bamba T, Iwatsuki M, Kagaya T, Kurogochi T, Tsubosa Y, Kawakubo H, Kakeji Y, Kono K, Watanabe M, Takeuchi H.",2025,10.1007/s10388-025-01130-x,Esophagus,duplicate,Duplicata de 'Detection of pathologic complete response using deep neural network-based endosc…' já presente em Scopus/S1.,PubMed/S2,sim
PubMed,S2,PubMed S2 — DL/CNN específico em endoscopia alta,pmid_36646146,Detection of duodenal villous atrophy on endoscopic images using a deep learning algorithm,"Scheppach MW, Rauber D, Stallhofer J, Muzalyova A, Otten V, Manzeneder C, Schwamberger T, Wanzl J, Schlottmann J, Tadic V, Probst A, Schnoy E, Römmele C, Fleischmann C, Meinikheim M, Miller S, Märkl B, Stallmach A, Palm C, Messmann H, Ebigbo A.",2023,10.1016/j.gie.2023.01.006,Gastrointest Endosc,duplicate,Duplicata de 'Detection of duodenal villous atrophy on endoscopic images using a deep learning…' já presente em Scopus/S1.,PubMed/S2,sim
PubMed,S2,PubMed S2 — DL/CNN específico em endoscopia alta,pmid_39338266,Applications of Artificial Intelligence-Based Systems in the Management of Esophageal Varices,"Brata VD, Incze V, Ismaiel A, Turtoi DC, Grad S, Popovici R, Duse TA, Surdea-Blaga T, Padureanu AM, David L, Dita MO, Baldea CA, Popa SL.",2024,10.3390/jpm14091012,J Pers Med,duplicate,Duplicata de 'Applications of Artificial Intelligence-Based Systems in the Management of Esoph…' já presente em Scopus/S1.,PubMed/S2,sim
PubMed,S2,PubMed S2 — DL/CNN específico em endoscopia alta,pmid_29994763,Detecting and Locating Gastrointestinal Anomalies Using Deep Learning and Iterative Cluster Unification,"Iakovidis DK, Georgakopoulos SV, Vasilakakis M, Koulaouzidis A, Plagianakos VP.",2018,10.1109/TMI.2018.2837002,IEEE Trans Med Imaging,duplicate,Duplicata de 'Detecting and Locating Gastrointestinal Anomalies Using Deep Learning and Iterat…' já presente em Scopus/S1.,PubMed/S2,sim
PubMed,S2,PubMed S2 — DL/CNN específico em endoscopia alta,pmid_35260574,Automated detection of celiac disease using Machine Learning Algorithms,"Stoleru CA, Dulf EH, Ciobanu L.",2022,10.1038/s41598-022-07199-z,Sci Rep,duplicate,Duplicata de 'Automated detection of celiac disease using Machine Learning Algorithms…' já presente em Springer Nature Link/S1.,PubMed/S2,sim
PubMed,S2,PubMed S2 — DL/CNN específico em endoscopia alta,pmid_36738708,Real-time gastric intestinal metaplasia diagnosis tailored for bias and noisy-labeled data with multiple endoscopic imaging,"Pornvoraphat P, Tiankanon K, Pittayanon R, Sunthornwetchapong P, Vateekul P, Rerknimitr R.",2023,10.1016/j.compbiomed.2023.106582,Comput Biol Med,duplicate,Duplicata de 'Real-time gastric intestinal metaplasia diagnosis tailored for bias and noisy-la…' já presente em Scopus/S1.,PubMed/S2,sim
PubMed,S2,PubMed S2 — DL/CNN específico em endoscopia alta,pmid_36864325,Evaluation of Endoscopic Response Using Deep Neural Network in Esophageal Cancer Patients Who Received Neoadjuvant Chemotherapy,"Matsuda S, Irino T, Kawakubo H, Takeuchi M, Nishimura E, Hisaoka K, Sano J, Kobayashi R, Fukuda K, Nakamura R, Takeuchi H, Kitagawa Y.",2023,10.1245/s10434-023-13140-z,Ann Surg Oncol,duplicate,Duplicata de 'Evaluation of Endoscopic Response Using Deep Neural Network in Esophageal Cancer…' já presente em Scopus/S1.,PubMed/S2,sim
PubMed,S2,PubMed S2 — DL/CNN específico em endoscopia alta,pmid_32064684,Artificial intelligence-based detection of pharyngeal cancer using convolutional neural networks,"Tamashiro A, Yoshio T, Ishiyama A, Tsuchida T, Hijikata K, Yoshimizu S, Horiuchi Y, Hirasawa T, Seto A, Sasaki T, Fujisaki J, Tada T.",2020,10.1111/den.13653,Dig Endosc,duplicate,Duplicata de 'Artificial intelligence-based detection of pharyngeal cancer using convolutional…' já presente em Scopus/S1.,PubMed/S2,sim
PubMed,S2,PubMed S2 — DL/CNN específico em endoscopia alta,pmid_39498518,A deep learning approach for gastroscopic manifestation recognition based on Kyoto Gastritis Score,"Liu A, Zhang X, Zhong J, Wang Z, Ge Z, Wang Z, Fan X, Zhang J.",2024,10.1080/07853890.2024.2418963,Ann Med,duplicate,Duplicata de 'A deep learning approach for gastroscopic manifestation recognition based on Kyo…' já presente em Scopus/S1.,PubMed/S2,sim
PubMed,S2,PubMed S2 — DL/CNN específico em endoscopia alta,pmid_32798923,Anatomical classification of upper gastrointestinal organs under various image capture conditions using AlexNet,"Igarashi S, Sasaki Y, Mikami T, Sakuraba H, Fukuda S.",2020,10.1016/j.compbiomed.2020.103950,Comput Biol Med,duplicate,Duplicata de 'Anatomical classification of upper gastrointestinal organs under various image c…' já presente em Scopus/S1.,PubMed/S2,sim
PubMed,S2,PubMed S2 — DL/CNN específico em endoscopia alta,pmid_37256409,Computer-aided demarcation of early gastric cancer: a pilot comparative study with endoscopists,"Takemoto S, Hori K, Yoshimasa S, Nishimura M, Nakajo K, Inaba A, Sasabe M, Aoyama N, Watanabe T, Minakata N, Ikematsu H, Yokota H, Yano T.",2023,10.1007/s00535-023-02001-x,J Gastroenterol,duplicate,Duplicata de 'Computer-aided demarcation of early gastric cancer: a pilot comparative study wi…' já presente em Scopus/S1.,PubMed/S2,sim
PubMed,S2,PubMed S2 — DL/CNN específico em endoscopia alta,pmid_38583908,Application of the convolution neural network in determining the depth of invasion of gastrointestinal cancer: a systematic review and meta-analysis,"Wu R, Qin K, Fang Y, Xu Y, Zhang H, Li W, Luo X, Han Z, Liu S, Li Q.",2024,10.1016/j.gassur.2023.12.029,J Gastrointest Surg,duplicate,Duplicata de 'Application of the convolution neural network in determining the depth of invasi…' já presente em ScienceDirect/S1.,PubMed/S2,sim
PubMed,S2,PubMed S2 — DL/CNN específico em endoscopia alta,pmid_36872201,Assessment of Helicobacter pylori infection by deep learning based on endoscopic videos in real time,"Li YD, Wang HG, Chen SS, Yu JP, Ruan RW, Jin CH, Chen M, Jin JY, Wang S.",2023,10.1016/j.dld.2023.02.010,Dig Liver Dis,duplicate,"Duplicata de 'Assessment of Helicobacter pylori infection by deep
learning based on endoscopic…' já presente em Web of Science/S1.",PubMed/S2,sim
PubMed,S2,PubMed S2 — DL/CNN específico em endoscopia alta,pmid_40682425,A Multisite Fusion-Based Deep Convolutional Neural Network for Classification of Helicobacter pylori Infection Status Using Endoscopic Images: A Multicenter Study,"Dai D, Quan X, Zheng Y, Wang Y, Hao Q, Lei Y, Gao Y, Liang J, Zhang H, Huang Y, Chen C, Wang J, Zhang J, Wu J, Zou B, Li L, Shi H, Qin B.",2025,10.1111/jgh.70004,J Gastroenterol Hepatol,duplicate,Duplicata de 'A Multisite Fusion-Based Deep Convolutional Neural Network for Classification of…' já presente em Scopus/S1.,PubMed/S2,sim
PubMed,S2,PubMed S2 — DL/CNN específico em endoscopia alta,pmid_36625026,Using deep learning and explainable artificial intelligence to assess the severity of gastroesophageal reflux disease according to the Los Angeles Classification System,"Ge Z, Wang B, Chang J, Yu Z, Zhou Z, Zhang J, Duan Z.",2023,10.1080/00365521.2022.2163185,Scand J Gastroenterol,duplicate,Duplicata de 'Using deep learning and explainable artificial intelligence to assess the severi…' já presente em Scopus/S1.,PubMed/S2,sim
PubMed,S2,PubMed S2 — DL/CNN específico em endoscopia alta,pmid_35697062,A deep learning network based on multi-scale and attention for the diagnosis of chronic atrophic gastritis,"Chong Y, Xie N, Liu X, Zhang M, Huang F, Fang J, Wang F, Pan S, Nie H, Zhao Q.",2022,10.1055/a-1828-1441,Z Gastroenterol,duplicate,Duplicata de 'A deep learning network based on multi-scale and attention for the diagnosis of …' já presente em Scopus/S1.,PubMed/S2,sim
PubMed,S2,PubMed S2 — DL/CNN específico em endoscopia alta,pmid_40749857,GastroNet-5M: A Multicenter Dataset for Developing Foundation Models in Gastrointestinal Endoscopy,"Jong MR, Boers TGW, Fockens KN, Jukema JB, Kusters CHJ, Jaspers TJM, van Eijck van Heslinga RAH, Slooter FC, Struyvenberg MR, Bisschops R, van der Putten JA, de With PHN, van der Sommen F, de Groof AJ, Bergman JJGHM; BONS-AI Consortium.",2026,10.1053/j.gastro.2025.07.030,Gastroenterology,duplicate,Duplicata de 'GastroNet-5M: A Multicenter Dataset for Developing Foundation Models in Gastroin…' já presente em Scopus (VLM/FMs)/S1.,PubMed/S2,sim
PubMed,S2,PubMed S2 — DL/CNN específico em endoscopia alta,pmid_35093845,Optical biopsy mapping on endoscopic image mosaics with a marker-free probe,"Zenteno O, Trinh DH, Treuillet S, Lucas Y, Bazin T, Lamarque D, Daul C.",2022,10.1016/j.compbiomed.2022.105234,Comput Biol Med,duplicate,Duplicata de 'Optical biopsy mapping on endoscopic image mosaics with a marker-free probe…' já presente em Scopus/S1.,PubMed/S2,sim
PubMed,S2,PubMed S2 — DL/CNN específico em endoscopia alta,pmid_33415420,Development of artificial intelligence system for quality control of photo documentation in esophagogastroduodenoscopy,"Choi SJ, Khan MA, Choi HS, Choo J, Lee JM, Kwon S, Keum B, Chun HJ.",2022,10.1007/s00464-020-08236-6,Surg Endosc,duplicate,Duplicata de 'Development of artificial intelligence system for quality control of photo docum…' já presente em Scopus/S1.,PubMed/S2,sim
PubMed,S2,PubMed S2 — DL/CNN específico em endoscopia alta,pmid_40538507,Classification of pediatric video capsule endoscopy images for small bowel abnormalities using deep learning models,"Huang YH, Lin Q, Jin XY, Chou CY, Wei JJ, Xing J, Guo HM, Liu ZF, Lu Y.",2025,10.3748/wjg.v31.i21.107601,World J Gastroenterol,duplicate,Duplicata de 'Classification of pediatric video capsule endoscopy images for small bowel abnor…' já presente em Scopus/S1.,PubMed/S2,sim
PubMed,S2,PubMed S2 — DL/CNN específico em endoscopia alta,pmid_39350033,Development and application of an artificial intelligence-assisted endoscopy system for diagnosis of Helicobacter pylori infection: a multicenter randomized controlled study,"Zou PY, Zhu JR, Zhao Z, Mei H, Zhao JT, Sun WJ, Wang GH, Chen DF, Fan LL, Lan CH.",2024,10.1186/s12876-024-03389-3,BMC Gastroenterol,duplicate,Duplicata de 'Development and application of an artificial intelligence-assisted endoscopy sys…' já presente em Scopus/S1.,PubMed/S2,sim
PubMed,S2,PubMed S2 — DL/CNN específico em endoscopia alta,pmid_37838567,Artificial intelligence-based diagnosis of the depth of laryngopharyngeal cancer,"Yumii K, Ueda T, Kawahara D, Chikuie N, Taruya T, Hamamoto T, Takeno S.",2024,10.1016/j.anl.2023.09.001,Auris Nasus Larynx,duplicate,"Duplicata de 'Artificial intelligence-based diagnosis of the depth of
laryngopharyngeal cancer…' já presente em Web of Science/S1.",PubMed/S2,sim
PubMed,S2,PubMed S2 — DL/CNN específico em endoscopia alta,pmid_32352719,Application of Convolutional Neural Networks for Detection of Superficial Nonampullary Duodenal Epithelial Tumors in Esophagogastroduodenoscopic Images,"Inoue S, Shichijo S, Aoyama K, Kono M, Fukuda H, Shimamoto Y, Nakagawa K, Ohmori M, Iwagami H, Matsuno K, Iwatsubo T, Nakahira H, Matsuura N, Maekawa A, Kanesaka T, Yamamoto S, Takeuchi Y, Higashino K, Uedo N, Ishihara R, Tada T.",2020,10.14309/ctg.0000000000000154,Clin Transl Gastroenterol,duplicate,"Duplicata de 'Application of Convolutional Neural Networks for Detection of
Superficial Nonamp…' já presente em Web of Science/S1.",PubMed/S2,sim
PubMed,S2,PubMed S2 — DL/CNN específico em endoscopia alta,pmid_33272862,Intelligent detection endoscopic assistant: An artificial intelligence-based system for monitoring blind spots during esophagogastroduodenoscopy in real-time,"Li YD, Zhu SW, Yu JP, Ruan RW, Cui Z, Li YT, Lv MC, Wang HG, Chen M, Jin CH, Wang S.",2021,10.1016/j.dld.2020.11.017,Dig Liver Dis,duplicate,"Duplicata de 'Intelligent detection endoscopic assistant: An artificial
intelligence-based sys…' já presente em Web of Science/S1.",PubMed/S2,sim
PubMed,S2,PubMed S2 — DL/CNN específico em endoscopia alta,pmid_40452611,Artificial intelligence for early gastric cancer boundary recognition in NBI and nF-NBI endoscopic images,"Hong K, Lei C, Kan X, Ouyang Y, Mei Y, Guo Y, Wang B, Zhang D, Li J, Li R, Tang Y.",2025,10.1080/00365521.2025.2509818,Scand J Gastroenterol,duplicate,Duplicata de 'Artificial intelligence for early gastric cancer boundary recognition in NBI and…' já presente em Scopus/S1.,PubMed/S2,sim
PubMed,S2,PubMed S2 — DL/CNN específico em endoscopia alta,pmid_30441266,Automatic detection of early gastric cancer in endoscopic images using a transferring convolutional neural network,"Sakai Y, Takemoto S, Hori K, Nishimura M, Ikematsu H, Yano T, Yokota H.",2018,10.1109/EMBC.2018.8513274,Annu Int Conf IEEE Eng Med Biol Soc,duplicate,Duplicata de 'Automatic detection of early gastric cancer in endoscopic images using a transfe…' já presente em Scopus/S1.,PubMed/S2,sim
PubMed,S2,PubMed S2 — DL/CNN específico em endoscopia alta,pmid_35145918,Construction and Multicenter Diagnostic Verification of Intelligent Recognition System for Endoscopic Images From Early Gastric Cancer Based on YOLO-V3 Algorithm,"Yao Z, Jin T, Mao B, Lu B, Zhang Y, Li S, Chen W.",2022,10.3389/fonc.2022.815951,Front Oncol,duplicate,Duplicata de 'Construction and Multicenter Diagnostic Verification of Intelligent Recognition …' já presente em Scopus/S1.,PubMed/S2,sim
PubMed,S2,PubMed S2 — DL/CNN específico em endoscopia alta,pmid_39568702,Use of artificial intelligence for the detection of Helicobacter pylori infection from upper gastrointestinal endoscopy images: an updated systematic review and meta-analysis,"Parkash O, Lal A, Subash T, Sultan U, Tahir HN, Hoodbhoy Z, Sundar S, Das JK.",2024,10.20524/aog.2024.0913,Ann Gastroenterol,duplicate,Duplicata de 'Use of artificial intelligence for the detection of Helicobacter pylori infectio…' já presente em Scopus/S1.,PubMed/S2,sim
PubMed,S2,PubMed S2 — DL/CNN específico em endoscopia alta,pmid_40580098,Virtual NBI image synthesis using stable diffusion for enhanced recognition of early gastric cancer: a technical validation study,"Lei C, Kan X, Ouyang Y, Mei Y, Guo Y, Hong K, Li J, Wang B, Li R.",2025,10.1080/07853890.2025.2523565,Ann Med,duplicate,Duplicata de 'Virtual NBI image synthesis using stable diffusion for enhanced recognition of e…' já presente em Scopus/S1.,PubMed/S2,sim
PubMed,S2,PubMed S2 — DL/CNN específico em endoscopia alta,pmid_34547254,Real-time artificial intelligence for detecting focal lesions and diagnosing neoplasms of the stomach by white-light endoscopy (with videos),"Wu L, Xu M, Jiang X, He X, Zhang H, Ai Y, Tong Q, Lv P, Lu B, Guo M, Huang M, Ye L, Shen L, Yu H.",2022,10.1016/j.gie.2021.09.017,Gastrointest Endosc,duplicate,Duplicata de 'Real-time artificial intelligence for detecting focal lesions and diagnosing neo…' já presente em Scopus/S1.,PubMed/S2,sim
PubMed,S2,PubMed S2 — DL/CNN específico em endoscopia alta,pmid_30879352,Application of convolutional neural networks for evaluating Helicobacter pylori infection status on the basis of endoscopic images,"Shichijo S, Endo Y, Aoyama K, Takeuchi Y, Ozawa T, Takiyama H, Matsuo K, Fujishiro M, Ishihara S, Ishihara R, Tada T.",2019,10.1080/00365521.2019.1577486,Scand J Gastroenterol,duplicate,Duplicata de 'Application of convolutional neural networks for evaluating Helicobacter pylori …' já presente em Scopus/S1.,PubMed/S2,sim
PubMed,S2,PubMed S2 — DL/CNN específico em endoscopia alta,pmid_29056541,Application of Convolutional Neural Networks in the Diagnosis of Helicobacter pylori Infection Based on Endoscopic Images,"Shichijo S, Nomura S, Aoyama K, Nishikawa Y, Miura M, Shinagawa T, Takiyama H, Tanimoto T, Ishihara S, Matsuo K, Tada T.",2017,10.1016/j.ebiom.2017.10.014,EBioMedicine,duplicate,Duplicata de 'Application of Convolutional Neural Networks in the Diagnosis of Helicobacter py…' já presente em Scopus/S1.,PubMed/S2,sim
PubMed,S2,PubMed S2 — DL/CNN específico em endoscopia alta,pmid_30452913,Application of convolutional neural network in the diagnosis of the invasion depth of gastric cancer based on conventional endoscopy,"Zhu Y, Wang QC, Xu MD, Zhang Z, Cheng J, Zhong YS, Zhang YQ, Chen WF, Yao LQ, Zhou PH, Li QL.",2019,10.1016/j.gie.2018.11.011,Gastrointest Endosc,duplicate,Duplicata de 'Application of convolutional neural network in the diagnosis of the invasion dep…' já presente em Scopus/S1.,PubMed/S2,sim
PubMed,S2,PubMed S2 — DL/CNN específico em endoscopia alta,pmid_39824869,GastroHUN an Endoscopy Dataset of Complete Systematic Screening Protocol for the Stomach,"Bravo D, Frias J, Vera F, Trejos J, Martínez C, Gómez M, González F, Romero E.",2025,10.1038/s41597-025-04401-5,Sci Data,duplicate,Duplicata de 'GastroHUN an Endoscopy Dataset of Complete Systematic Screening Protocol for the…' já presente em Springer Nature Link/S1.,PubMed/S2,sim
PubMed,S2,PubMed S2 — DL/CNN específico em endoscopia alta,pmid_33833355,Ability of artificial intelligence to detect T1 esophageal squamous cell carcinoma from endoscopic videos and the effects of real-time assistance,"Shiroma S, Yoshio T, Kato Y, Horie Y, Namikawa K, Tokai Y, Yoshimizu S, Yoshizawa N, Horiuchi Y, Ishiyama A, Hirasawa T, Tsuchida T, Akazawa N, Akiyama J, Tada T, Fujisaki J.",2021,10.1038/s41598-021-87405-6,Sci Rep,duplicate,Duplicata de 'Ability of artificial intelligence to detect T1 esophageal squamous cell carcino…' já presente em Scopus/S1.,PubMed/S2,sim
PubMed,S2,PubMed S2 — DL/CNN específico em endoscopia alta,pmid_40615761,eNCApsulate: neural cellular automata for precision diagnosis on capsule endoscopes,"Krumb HJ, Mukhopadhyay A.",2026,10.1007/s11548-025-03425-x,Int J Comput Assist Radiol Surg,duplicate,Duplicata de 'eNCApsulate: neural cellular automata for precision diagnosis on capsule endosco…' já presente em Scopus (VLM/FMs)/S1.,PubMed/S2,sim
PubMed,S2,PubMed S2 — DL/CNN específico em endoscopia alta,pmid_38412993,Artificial intelligence-assisted system for the assessment of Forrest classification of peptic ulcer bleeding: a multicenter diagnostic study,"He XJ, Wang XL, Su TK, Yao LJ, Zheng J, Wen XD, Xu QW, Huang QR, Chen LB, Chen CX, Lin HF, Chen YQ, Hu YX, Zhang KH, Jiang CS, Liu G, Li DZ, Li DL, Wen W.",2024,10.1055/a-2252-4874,Endoscopy,duplicate,Duplicata de 'Artificial intelligence-assisted system for the assessment of Forrest classifica…' já presente em Scopus/S1.,PubMed/S2,sim
PubMed,S2,PubMed S2 — DL/CNN específico em endoscopia alta,pmid_39955610,Application of artificial intelligence in the detection of Borrmann type 4 advanced gastric cancer in upper endoscopy (with video),"Oh MJ, Park J, Jeon J, Park M, Kang S, Kim SH, Park SH, Chang YH, Shin CM, Kang SJ, Lee S, Kim SG, Cho SJ.",2025,10.1002/cncr.35768,Cancer,duplicate,Duplicata de 'Application of artificial intelligence in the detection of Borrmann type 4 advan…' já presente em Scopus/S1.,PubMed/S2,sim
PubMed,S2,PubMed S2 — DL/CNN específico em endoscopia alta,pmid_33254026,Development and validation of a real-time artificial intelligence-assisted system for detecting early gastric cancer: A multicentre retrospective diagnostic study,"Tang D, Wang L, Ling T, Lv Y, Ni M, Zhan Q, Fu Y, Zhuang D, Guo H, Dou X, Zhang W, Xu G, Zou X.",2020,10.1016/j.ebiom.2020.103146,EBioMedicine,duplicate,Duplicata de 'Development and validation of a real-time artificial intelligence-assisted syste…' já presente em Scopus/S1.,PubMed/S2,sim
PubMed,S2,PubMed S2 — DL/CNN específico em endoscopia alta,pmid_29991891,Artificial intelligence diagnosis of Helicobacter pylori infection using blue laser imaging-bright and linked color imaging: a single-center prospective study,"Nakashima H, Kawahira H, Kawachi H, Sakaki N.",2018,10.20524/aog.2018.0269,Ann Gastroenterol,duplicate,Duplicata de 'Artificial intelligence diagnosis of helicobacter pylori infection using blue la…' já presente em Scopus/S1.,PubMed/S2,sim
PubMed,S3,"PubMed S3 — Lesões, anormalidades e pólipos gástricos",pmid_36754065,Deep learning-based clinical decision support system for gastric neoplasms in real-time endoscopy: development and validation study,"Gong EJ, Bang CS, Lee JJ, Baik GH, Lim H, Jeong JH, Choi SW, Cho J, Kim DY, Lee KB, Shin SI, Sigmund D, Moon BI, Park SC, Lee SH, Bang KB, Son DS.",2023,10.1055/a-2031-0691,Endoscopy,duplicate,Duplicata de 'Deep learning-based clinical decision support system for gastric neoplasms in re…' já presente em PubMed/S2.,PubMed/S3,sim
PubMed,S3,"PubMed S3 — Lesões, anormalidades e pólipos gástricos",pmid_34239268,Usefulness of artificial intelligence in gastric neoplasms,"Kim JH, Nam SJ, Park SC.",2021,10.3748/wjg.v27.i24.3543,World J Gastroenterol,duplicate,Duplicata de 'Usefulness of artificial intelligence in gastric neoplasms…' já presente em Scopus/S1.,PubMed/S3,sim
PubMed,S3,"PubMed S3 — Lesões, anormalidades e pólipos gástricos",pmid_34902362,Artificial Intelligence and Deep Learning for Upper Gastrointestinal Neoplasia,"Sharma P, Hassan C.",2022,10.1053/j.gastro.2021.11.040,Gastroenterology,duplicate,"Duplicata de 'Artificial Intelligence and Deep Learning for Upper Gastrointestinal
Neoplasia…' já presente em Web of Science/S2.",PubMed/S3,sim
PubMed,S3,"PubMed S3 — Lesões, anormalidades e pólipos gástricos",pmid_38000874,A deep learning system for detection of early Barrett's neoplasia: a model development and validation study,"Fockens KN, Jong MR, Jukema JB, Boers TGW, Kusters CHJ, van der Putten JA, Pouw RE, Duits LC, Montazeri NSM, van Munster SN, Weusten BLAM, Alvarez Herrero L, Houben MHMG, Nagengast WB, Westerhof J, Alkhalaf A, Mallant-Hent RC, Scholten P, Ragunath K, Seewald S, Elbe P, Baldaque-Silva F, Barret M, Ortiz Fernández-Sordo J, Villarejo GM, Pech O, Beyna T, van der Sommen F, de With PH, de Groof AJ, Bergman JJ; Barrett's Oesophagus Imaging for Artificial Intelligence (BONS-AI) consortium.",2023,10.1016/S2589-7500(23)00199-1,Lancet Digit Health,duplicate,Duplicata de 'A deep learning system for detection of early Barrett's neoplasia: a model devel…' já presente em PubMed/S2.,PubMed/S3,sim
PubMed,S3,"PubMed S3 — Lesões, anormalidades e pólipos gástricos",pmid_36931287,"Machine learning-based automated sponge cytology for screening of oesophageal squamous cell carcinoma and adenocarcinoma of the oesophagogastric junction: a nationwide, multicohort, prospective study","Gao Y, Xin L, Lin H, Yao B, Zhang T, Zhou AJ, Huang S, Wang JH, Feng YD, Yao SH, Guo Y, Dang T, Meng XM, Yang ZZ, Jia WQ, Pang HF, Tian XJ, Deng B, Wang JP, Fan WC, Wang J, Shi LH, Yang GY, Sun C, Wang W, Zang JC, Li SY, Shi RH, Li ZS, Wang LW.",2023,10.1016/S2468-1253(23)00004-3,Lancet Gastroenterol Hepatol,duplicate,"Duplicata de 'Machine learning-based automated sponge cytology for screening of
oesophageal sq…' já presente em Web of Science/S2.",PubMed/S3,sim
PubMed,S3,"PubMed S3 — Lesões, anormalidades e pólipos gástricos",pmid_36843555,Artificial intelligence and upper gastrointestinal endoscopy: what is the optimal study design?,"Halvorsen N, Mori Y.",2023,10.23736/S2724-5691.22.09810-0,Minerva Surg,duplicate,"Duplicata de 'Artificial intelligence and upper gastrointestinal endoscopy: what is
the optima…' já presente em Web of Science/S2.",PubMed/S3,sim
PubMed,S3,"PubMed S3 — Lesões, anormalidades e pólipos gástricos",pmid_40020636,A multimodal deep learning model for detecting endoscopic images of near-infrared fluorescence capsules,"Wang J, Zhou C, Wang W, Zhang H, Zhang A, Cui D.",2025,10.1016/j.bios.2025.117251,Biosens Bioelectron,duplicate,Duplicata de 'A multimodal deep learning model for detecting endoscopic images of near-infrare…' já presente em PubMed/S2.,PubMed/S3,sim
PubMed,S3,"PubMed S3 — Lesões, anormalidades e pólipos gástricos",pmid_33132647,Artificial intelligence technique in detection of early esophageal cancer,"Huang LM, Yang WJ, Huang ZY, Tang CW, Li J.",2020,10.3748/wjg.v26.i39.5959,World J Gastroenterol,duplicate,Duplicata de 'Artificial intelligence technique in detection of early esophageal cancer…' já presente em PubMed/S2.,PubMed/S3,sim
PubMed,S3,"PubMed S3 — Lesões, anormalidades e pólipos gástricos",pmid_34172249,Striving for quality improvement: can artificial intelligence help?,"Sinonquel P, Bisschops R.",2021,10.1016/j.bpg.2020.101722,Best Pract Res Clin Gastroenterol,duplicate,Duplicata de 'Striving for quality improvement: can artificial intelligence help?…' já presente em Web of Science/S2.,PubMed/S3,sim
PubMed,S3,"PubMed S3 — Lesões, anormalidades e pólipos gástricos",pmid_30719560,Spotting malignancies from gastric endoscopic images using deep learning,"Lee JH, Kim YJ, Kim YW, Park S, Choi YI, Kim YJ, Park DK, Kim KG, Chung JW.",2019,10.1007/s00464-019-06677-2,Surg Endosc,duplicate,Duplicata de 'Spotting malignancies from gastric endoscopic images using deep learning…' já presente em PubMed/S2.,PubMed/S3,sim
PubMed,S3,"PubMed S3 — Lesões, anormalidades e pólipos gástricos",pmid_36086413,Malignancy Suspicious Region Guided Deep Neural Networks for Gastric Ulcer Classification,"Zheng X, Zeng Z, Ma C, Chang Q, Zhao Z, Yang X.",2022,10.1109/EMBC48229.2022.9871776,Annu Int Conf IEEE Eng Med Biol Soc,duplicate,Duplicata de 'Malignancy Suspicious Region Guided Deep Neural Networks for Gastric Ulcer Class…' já presente em IEEE/S1.,PubMed/S3,sim
PubMed,S3,"PubMed S3 — Lesões, anormalidades e pólipos gástricos",pmid_38457410,A Deep Learning Application of Capsule Endoscopic Gastric Structure Recognition Based on a Transformer Model,"Li Q, Xie W, Wang Y, Qin K, Huang M, Liu T, Chen Z, Chen L, Teng L, Fang Y, Ye L, Chen Z, Zhang J, Li A, Yang W, Liu S.",2024,10.1097/MCG.0000000000001972,J Clin Gastroenterol,duplicate,Duplicata de 'A Deep Learning Application of Capsule Endoscopic Gastric Structure Recognition …' já presente em PubMed/S2.,PubMed/S3,sim
PubMed,S3,"PubMed S3 — Lesões, anormalidades e pólipos gástricos",pmid_35492307,Automated Disease Detection in Gastroscopy Videos Using Convolutional Neural Networks,"Zhang C, Xiong Z, Chen S, Ding A, Cao Y, Liu B, Liu X.",2022,10.3389/fmed.2022.846024,Front Med (Lausanne),duplicate,Duplicata de 'Automated Disease Detection in Gastroscopy Videos Using Convolutional Neural Net…' já presente em Scopus/S1.,PubMed/S3,sim
PubMed,S3,"PubMed S3 — Lesões, anormalidades e pólipos gástricos",pmid_38400815,Computer-aided diagnosis in real-time endoscopy for all stages of gastric carcinogenesis: Development and validation study,"Gong EJ, Bang CS, Lee JJ.",2024,10.1002/ueg2.12551,United European Gastroenterol J,duplicate,Duplicata de 'Computer-aided diagnosis in real-time endoscopy for all stages of gastric carcin…' já presente em PubMed/S2.,PubMed/S3,sim
PubMed,S3,"PubMed S3 — Lesões, anormalidades e pólipos gástricos",pmid_39682614,Validation of Artificial Intelligence Computer-Aided Detection on Gastric Neoplasm in Upper Gastrointestinal Endoscopy,"Lee H, Chung JW, Yun SC, Jung SW, Yoon YJ, Kim JH, Cha B, Kayasseh MA, Kim KO.",2024,10.3390/diagnostics14232706,Diagnostics (Basel),duplicate,"Duplicata de 'Validation of Artificial Intelligence Computer-Aided Detection on
Gastric Neopla…' já presente em Web of Science/S1.",PubMed/S3,sim
PubMed,S3,"PubMed S3 — Lesões, anormalidades e pólipos gástricos",pmid_30871162,Application of Convolutional Neural Networks for Automated Ulcer Detection in Wireless Capsule Endoscopy Images,"Alaskar H, Hussain A, Al-Aseem N, Liatsis P, Al-Jumeily D.",2019,10.3390/s19061265,Sensors (Basel),duplicate,Duplicata de 'Application of Convolutional Neural Networks for Automated Ulcer Detection in Wi…' já presente em PubMed/S2.,PubMed/S3,sim
PubMed,S3,"PubMed S3 — Lesões, anormalidades e pólipos gástricos",pmid_38184117,"Efficacy of artificial intelligence in reducing miss rates of GI adenomas, polyps, and sessile serrated lesions: a meta-analysis of randomized controlled trials","Jin XF, Ma HY, Shi JW, Cai JT.",2024,10.1016/j.gie.2024.01.004,Gastrointest Endosc,duplicate,"Duplicata de 'Efficacy of artificial intelligence in reducing miss rates of GI adenomas, polyp…' já presente em PubMed/S2.",PubMed/S3,sim
PubMed,S3,"PubMed S3 — Lesões, anormalidades e pólipos gástricos",pmid_38583908,Application of the convolution neural network in determining the depth of invasion of gastrointestinal cancer: a systematic review and meta-analysis,"Wu R, Qin K, Fang Y, Xu Y, Zhang H, Li W, Luo X, Han Z, Liu S, Li Q.",2024,10.1016/j.gassur.2023.12.029,J Gastrointest Surg,duplicate,Duplicata de 'Application of the convolution neural network in determining the depth of invasi…' já presente em ScienceDirect/S1.,PubMed/S3,sim
PubMed,S3,"PubMed S3 — Lesões, anormalidades e pólipos gástricos",pmid_37468936,Gastric polyp detection module based on improved attentional feature fusion,"Xie Y, Yu Y, Liao M, Sun C.",2023,10.1186/s12938-023-01130-x,Biomed Eng Online,duplicate,Duplicata de 'Gastric polyp detection module based on improved attentional feature fusion…' já presente em Scopus/S1.,PubMed/S3,sim
PubMed,S3,"PubMed S3 — Lesões, anormalidades e pólipos gástricos",pmid_35038118,Automated detection of ulcers and erosions in capsule endoscopy images using a convolutional neural network,"Afonso J, Saraiva MM, Ferreira JPS, Cardoso H, Ribeiro T, Andrade P, Parente M, Jorge RN, Macedo G.",2022,10.1007/s11517-021-02486-9,Med Biol Eng Comput,duplicate,Duplicata de 'Automated detection of ulcers and erosions in capsule endoscopy images using a c…' já presente em PubMed/S2.,PubMed/S3,sim
PubMed,S3,"PubMed S3 — Lesões, anormalidades e pólipos gástricos",pmid_38065509,Deep learning-based lesion detection and severity grading of small-bowel Crohn's disease ulcers on double-balloon endoscopy images,"Xie W, Hu J, Liang P, Mei Q, Wang A, Liu Q, Liu X, Wu J, Yang X, Zhu N, Bai B, Mei Y, Liang Z, Han W, Cheng M.",2024,10.1016/j.gie.2023.11.059,Gastrointest Endosc,duplicate,Duplicata de 'Deep learning-based lesion detection and severity grading of small-bowel Crohn's…' já presente em PubMed/S2.,PubMed/S3,sim
PubMed,S3,"PubMed S3 — Lesões, anormalidades e pólipos gástricos",pmid_36738708,Real-time gastric intestinal metaplasia diagnosis tailored for bias and noisy-labeled data with multiple endoscopic imaging,"Pornvoraphat P, Tiankanon K, Pittayanon R, Sunthornwetchapong P, Vateekul P, Rerknimitr R.",2023,10.1016/j.compbiomed.2023.106582,Comput Biol Med,duplicate,Duplicata de 'Real-time gastric intestinal metaplasia diagnosis tailored for bias and noisy-la…' já presente em Scopus/S1.,PubMed/S3,sim
PubMed,S3,"PubMed S3 — Lesões, anormalidades e pólipos gástricos",pmid_30033931,Computer-aided detection of small intestinal ulcer and erosion in wireless capsule endoscopy images,"Fan S, Xu L, Fan Y, Wei K, Li L.",2018,10.1088/1361-6560/aad51c,Phys Med Biol,duplicate,Duplicata de 'Computer-aided detection of small intestinal ulcer and erosion in wireless capsu…' já presente em PubMed/S2.,PubMed/S3,sim
PubMed,S3,"PubMed S3 — Lesões, anormalidades e pólipos gástricos",pmid_36516661,Classification of precancerous lesions based on fusion of multiple hierarchical features,"Zhou H, Liu Z, Li T, Chen Y, Huang W, Zhang Z.",2023,10.1016/j.cmpb.2022.107301,Comput Methods Programs Biomed,duplicate,"Duplicata de 'Classification of precancerous lesions based on fusion of multiple
hierarchical …' já presente em Web of Science/S1.",PubMed/S3,sim
PubMed,S3,"PubMed S3 — Lesões, anormalidades e pólipos gástricos",pmid_40411689,Deep ensemble framework with Bayesian optimization for multi-lesion recognition in capsule endoscopy images,"Guo X, Pang L, Chen P, Jiang Q, Zhong Y.",2025,10.1007/s11517-025-03380-4,Med Biol Eng Comput,duplicate,Duplicata de 'Deep ensemble framework with Bayesian optimization for multi-lesion recognition …' já presente em PubMed/S2.,PubMed/S3,sim
PubMed,S3,"PubMed S3 — Lesões, anormalidades e pólipos gástricos",pmid_38412993,Artificial intelligence-assisted system for the assessment of Forrest classification of peptic ulcer bleeding: a multicenter diagnostic study,"He XJ, Wang XL, Su TK, Yao LJ, Zheng J, Wen XD, Xu QW, Huang QR, Chen LB, Chen CX, Lin HF, Chen YQ, Hu YX, Zhang KH, Jiang CS, Liu G, Li DZ, Li DL, Wen W.",2024,10.1055/a-2252-4874,Endoscopy,duplicate,Duplicata de 'Artificial intelligence-assisted system for the assessment of Forrest classifica…' já presente em Scopus/S1.,PubMed/S3,sim
PubMed,S3,"PubMed S3 — Lesões, anormalidades e pólipos gástricos",pmid_32721487,High pooled performance of convolutional neural networks in computer-aided diagnosis of GI ulcers and/or hemorrhage on wireless capsule endoscopy images: a systematic review and meta-analysis,"Mohan BP, Khan SR, Kassab LL, Ponnada S, Chandan S, Ali T, Dulai PS, Adler DG, Kochhar GS.",2021,10.1016/j.gie.2020.07.038,Gastrointest Endosc,duplicate,Duplicata de 'High pooled performance of convolutional neural networks in computer-aided diagn…' já presente em PubMed/S2.,PubMed/S3,sim
PubMed,S3,"PubMed S3 — Lesões, anormalidades e pólipos gástricos",pmid_34547254,Real-time artificial intelligence for detecting focal lesions and diagnosing neoplasms of the stomach by white-light endoscopy (with videos),"Wu L, Xu M, Jiang X, He X, Zhang H, Ai Y, Tong Q, Lv P, Lu B, Guo M, Huang M, Ye L, Shen L, Yu H.",2022,10.1016/j.gie.2021.09.017,Gastrointest Endosc,duplicate,Duplicata de 'Real-time artificial intelligence for detecting focal lesions and diagnosing neo…' já presente em Scopus/S1.,PubMed/S3,sim
PubMed,S3,"PubMed S3 — Lesões, anormalidades e pólipos gástricos",pmid_36249561,Noninvasive detection and interpretation of gastrointestinal diseases by collaborative serum metabolite and magnetically controlled capsule endoscopy,"Yu XT, Chen M, Guo J, Zhang J, Zeng T.",2022,10.1016/j.csbj.2022.10.001,Comput Struct Biotechnol J,duplicate,"Duplicata de 'Noninvasive detection and interpretation of gastrointestinal diseases by
collabo…' já presente em Web of Science/S1.",PubMed/S3,sim
PubMed,S3,"PubMed S3 — Lesões, anormalidades e pólipos gástricos",pmid_37902818,Clinical Decision Support System for All Stages of Gastric Carcinogenesis in Real-Time Endoscopy: Model Establishment and Validation Study,"Gong EJ, Bang CS, Lee JJ, Jeong HM, Baik GH, Jeong JH, Dick S, Lee GH.",2023,10.2196/50448,J Med Internet Res,duplicate,Duplicata de 'Clinical Decision Support System for All Stages of Gastric Carcinogenesis in Rea…' já presente em PubMed/S2.,PubMed/S3,sim
PubMed,S3,"PubMed S3 — Lesões, anormalidades e pólipos gástricos",pmid_33216853,Automated Detection of Crohn's Disease Intestinal Strictures on Capsule Endoscopy Images Using Deep Neural Networks,"Klang E, Grinman A, Soffer S, Margalit Yehuda R, Barzilay O, Amitai MM, Konen E, Ben-Horin S, Eliakim R, Barash Y, Kopylov U.",2021,10.1093/ecco-jcc/jjaa234,J Crohns Colitis,duplicate,Duplicata de 'Automated Detection of Crohn's Disease Intestinal Strictures on Capsule Endoscop…' já presente em PubMed/S2.,PubMed/S3,sim
PubMed,S3,"PubMed S3 — Lesões, anormalidades e pólipos gástricos",pmid_37791283,Lightweight deep learning model incorporating an attention mechanism and feature fusion for automatic classification of gastric lesions in gastroscopic images,"Wang L, Yang Y, Yang A, Li T.",2023,10.1364/BOE.487456,Biomed Opt Express,duplicate,"Duplicata de 'Lightweight deep learning model incorporating an attention mechanism and
feature…' já presente em Web of Science/S1.",PubMed/S3,sim
PubMed,S3,"PubMed S3 — Lesões, anormalidades e pólipos gástricos",pmid_31759929,Deep-Learning System Detects Neoplasia in Patients With Barrett's Esophagus With Higher Accuracy Than Endoscopists in a Multistep Training and Validation Study With Benchmarking,"de Groof AJ, Struyvenberg MR, van der Putten J, van der Sommen F, Fockens KN, Curvers WL, Zinger S, Pouw RE, Coron E, Baldaque-Silva F, Pech O, Weusten B, Meining A, Neuhaus H, Bisschops R, Dent J, Schoon EJ, de With PH, Bergman JJ.",2020,10.1053/j.gastro.2019.11.030,Gastroenterology,duplicate,Duplicata de 'Deep-Learning System Detects Neoplasia in Patients With Barrett's Esophagus With…' já presente em PubMed/S2.,PubMed/S3,sim
PubMed,S3,"PubMed S3 — Lesões, anormalidades e pólipos gástricos",pmid_41623856,Development and validation of an interpretable machine learning model for non-invasive screening of precancerous gastric lesions using symptom and lifestyle data: a multicentre cohort study,"Wang L, Tang K, Zhang P, Liu J, Wu B, Chen J, Li Y, Du S, Wang Y, Li S.",2026,10.1016/j.eclinm.2026.103756,EClinicalMedicine,duplicate,Duplicata de 'Development and validation of an interpretable machine learning model for non-in…' já presente em ScienceDirect/S10.,PubMed/S3,sim
PubMed,S3,"PubMed S3 — Lesões, anormalidades e pólipos gástricos",pmid_37170280,"The effectiveness of a computer-aided system in improving the detection rate of gastric neoplasm and early gastric cancer: study protocol for a multi-centre, randomized controlled trial","Dong Z, Zhu Y, Du H, Wang J, Zeng X, Tao X, Yang T, Wang J, Deng M, Liu J, Wu L, Yu H.",2023,10.1186/s13063-023-07346-5,Trials,duplicate,Duplicata de 'The effectiveness of a computer-aided system in improving the detection rate of …' já presente em Springer Nature Link/S2.,PubMed/S3,sim
PubMed,S3,"PubMed S3 — Lesões, anormalidades e pólipos gástricos",pmid_40538507,Classification of pediatric video capsule endoscopy images for small bowel abnormalities using deep learning models,"Huang YH, Lin Q, Jin XY, Chou CY, Wei JJ, Xing J, Guo HM, Liu ZF, Lu Y.",2025,10.3748/wjg.v31.i21.107601,World J Gastroenterol,duplicate,Duplicata de 'Classification of pediatric video capsule endoscopy images for small bowel abnor…' já presente em Scopus/S1.,PubMed/S3,sim
PubMed,S3,"PubMed S3 — Lesões, anormalidades e pólipos gástricos",pmid_31926965,Deep learning algorithm detection of Barrett's neoplasia with high accuracy during live endoscopic procedures: a pilot study (with video),"de Groof AJ, Struyvenberg MR, Fockens KN, van der Putten J, van der Sommen F, Boers TG, Zinger S, Bisschops R, de With PH, Pouw RE, Curvers WL, Schoon EJ, Bergman JJGHM.",2020,10.1016/j.gie.2019.12.048,Gastrointest Endosc,duplicate,Duplicata de 'Deep learning algorithm detection of Barrett's neoplasia with high accuracy duri…' já presente em PubMed/S2.,PubMed/S3,sim
PubMed,S3,"PubMed S3 — Lesões, anormalidades e pólipos gástricos",pmid_32504696,A computer-assisted algorithm for narrow-band imaging-based tissue characterization in Barrett's esophagus,"Struyvenberg MR, de Groof AJ, van der Putten J, van der Sommen F, Baldaque-Silva F, Omae M, Pouw R, Bisschops R, Vieth M, Schoon EJ, Curvers WL, de With PH, Bergman JJ.",2021,10.1016/j.gie.2020.05.050,Gastrointest Endosc,duplicate,Duplicata de 'A computer-assisted algorithm for narrow-band imaging-based tissue characterizat…' já presente em PubMed/S2.,PubMed/S3,sim
PubMed,S3,"PubMed S3 — Lesões, anormalidades e pólipos gástricos",pmid_30670179,Automatic detection of erosions and ulcerations in wireless capsule endoscopy images based on a deep convolutional neural network,"Aoki T, Yamada A, Aoyama K, Saito H, Tsuboi A, Nakada A, Niikura R, Fujishiro M, Oka S, Ishihara S, Matsuda T, Tanaka S, Koike K, Tada T.",2019,10.1016/j.gie.2018.10.027,Gastrointest Endosc,duplicate,Duplicata de 'Automatic detection of erosions and ulcerations in wireless capsule endoscopy im…' já presente em PubMed/S2.,PubMed/S3,sim
PubMed,S3,"PubMed S3 — Lesões, anormalidades e pólipos gástricos",pmid_32557474,Automatic detection of different types of small-bowel lesions on capsule endoscopy images using a newly developed deep convolutional neural network,"Otani K, Nakada A, Kurose Y, Niikura R, Yamada A, Aoki T, Nakanishi H, Doyama H, Hasatani K, Sumiyoshi T, Kitsuregawa M, Harada T, Koike K.",2020,10.1055/a-1167-8157,Endoscopy,duplicate,Duplicata de 'Automatic detection of different types of small-bowel lesions on capsule endosco…' já presente em PubMed/S2.,PubMed/S3,sim
PubMed,S3,"PubMed S3 — Lesões, anormalidades e pólipos gástricos",pmid_42041640,"Early Detection of Gastric Cancer: Linking Epidemiology, Pathophysiology, and Innovations in Digestive Endoscopy","La Milia M, Capasso M, Pessarelli T, Manfredi G, Amato A.",2026,10.3390/diseases14040148,Diseases,duplicate,"Duplicata de 'Early Detection of Gastric Cancer: Linking Epidemiology,
Pathophysiology, and In…' já presente em Web of Science/S2.",PubMed/S3,sim
PubMed,S3,"PubMed S3 — Lesões, anormalidades e pólipos gástricos",pmid_42076986,Impact of real-time artificial intelligence integration on detection of gastric lesions: an exploratory single-center before-and-after study using low-definition routine endoscopy,"Lee H, Bang HC, Cho S, Ha J, Khiem TT, Tung LV, Phuc V, Si DT, Du TT, Vo DT, Trung VN.",2026,10.5946/ce.2025.272,Clin Endosc,duplicate,"Duplicata de 'Impact of real-time artificial intelligence integration on detection of
gastric …' já presente em Web of Science/S2.",PubMed/S3,sim
PubMed,S3,"PubMed S3 — Lesões, anormalidades e pólipos gástricos",pmid_41976910,"Real-World Evaluation of an AI-Assisted Diagnostic Support System for Early Gastric Cancer: Diagnostic Performance, Confidence Stratification, and Determinants of False-Positive Diagnosis","Osawa S, Yamada T, Inui W, Niwa T, Takahashi K, Egami T, Inagaki K, Takebe T, Ito T, Takahashi S, Onoue S, Asai Y, Sugiura K, Matsuura T, Ishida N, Yamade M, Iwaizumi M, Hamaya Y, Sugimoto K.",2026,10.3390/jcm15072609,J Clin Med,duplicate,"Duplicata de 'Real-World Evaluation of an AI-Assisted Diagnostic Support System for
Early Gast…' já presente em Web of Science/S2.",PubMed/S3,sim
PubMed,S5,PubMed S5 — Datasets de endoscopia gástrica,pmid_40717073,"Postoperative outcome analysis of chronic rhinosinusitis using transfer learning with pre-trained foundation models based on endoscopic images: a multicenter, observational study","Gong W, Chen K, Chen X, Liu X, Li Z, Wang L, Shi Y, Liu Q, Sun X, Huang X, Luo X, Yu H.",2025,10.1186/s12938-025-01428-y,Biomed Eng Online,duplicate,Duplicata de 'Postoperative outcome analysis of chronic rhinosinusitis using transfer learning…' já presente em Scopus (VLM/FMs)/S1.,PubMed/S5,sim
PubMed,S5,PubMed S5 — Datasets de endoscopia gástrica,pmid_37949083,Using deep learning to assess the function of gastroesophageal flap valve according to the Hill classification system,"Ge Z, Fang Y, Chang J, Yu Z, Qiao Y, Zhang J, Yang X, Duan Z.",2023,10.1080/07853890.2023.2279239,Ann Med,duplicate,Duplicata de 'Using deep learning to assess the function of gastroesophageal flap valve accord…' já presente em PubMed/S2.,PubMed/S5,sim
ScienceDirect,S1,SD1 — gastroscopia + imagem/vídeo + DL/CNN,WANG2018198,Deep learning–based endoscopic image recognition for detection of early gastric cancer: a Chinese perspective,Zhijie Wang; Qianqian Meng; Shuling Wang; Zhaoshen Li; Yu Bai; Dong Wang,2018,https://doi.org/10.1016/j.gie.2018.01.029,Gastrointestinal Endoscopy,duplicate,Duplicata de 'Deep learning-based endoscopic image recognition for detection of early gastric …' já presente em PubMed/S2.,ScienceDirect/S1,não
ScienceDirect,S1,SD1 — gastroscopia + imagem/vídeo + DL/CNN,NETO2024201,Research Challenges for Augmenting Endoscopy Image Datasets using Image Combination Methodologies,Alexandre Neto; Diogo Libânio; Mário Dinis-Ribeiro; Miguel Coimbra; António Cunha,2024,https://doi.org/10.1016/j.procs.2024.06.163,Procedia Computer Science,duplicate,Duplicata de 'Research Challenges for Augmenting Endoscopy Image Datasets using Image Combinat…' já presente em Scopus/S1.,ScienceDirect/S1,sim
ScienceDirect,S1,SD1 — gastroscopia + imagem/vídeo + DL/CNN,ZHOU2023107301,Classification of precancerous lesions based on fusion of multiple hierarchical features,Huijun Zhou; Zhenyang Liu; Ting Li; Yifei Chen; Wei Huang; Zijian Zhang,2023,https://doi.org/10.1016/j.cmpb.2022.107301,Computer Methods and Programs in Biomedicine,duplicate,"Duplicata de 'Classification of precancerous lesions based on fusion of multiple
hierarchical …' já presente em Web of Science/S1.",ScienceDirect/S1,sim
ScienceDirect,S1,SD1 — gastroscopia + imagem/vídeo + DL/CNN,ABDELRAHIM2023422,Development and validation of artificial neural networks model for detection of Barrett’s neoplasia: a multicenter pragmatic nonrandomized trial (with video),Mohamed Abdelrahim; Masahiro Saiko; Naoto Maeda; Ejaz Hossain; Asma Alkandari; Sharmila Subramaniam; Adolfo Parra-Blanco; Andres Sanchez-Yague; Emmanuel Coron; Alessandro Repici; Pradeep Bhandari,2023,https://doi.org/10.1016/j.gie.2022.10.031,Gastrointestinal Endoscopy,duplicate,Duplicata de 'Development and validation of artificial neural networks model for detection of …' já presente em PubMed/S3.,ScienceDirect/S1,sim
ScienceDirect,S1,SD1 — gastroscopia + imagem/vídeo + DL/CNN,YOU202622,Selection of the best artificial intelligence techniques for analysis of gastrointestinal endoscopic images,Guoli You; Yang Yang; Yang Shen,2026,https://doi.org/10.1016/j.ajg.2025.09.021,Arab Journal of Gastroenterology,duplicate,Duplicata de 'Selection of the best artificial intelligence techniques for analysis of gastroi…' já presente em PubMed/S2.,ScienceDirect/S1,sim
ScienceDirect,S1,SD1 — gastroscopia + imagem/vídeo + DL/CNN,WU202292,Deep learning system compared with expert endoscopists in predicting early gastric cancer and its invasion depth and differentiation status (with videos),Lianlian Wu; Jing Wang; Xinqi He; Yijie Zhu; Xiaoda Jiang; Yiyun Chen; Yonggui Wang; Li Huang; Renduo Shang; Zehua Dong; Boru Chen; Xiao Tao; Qi Wu; Honggang Yu,2022,https://doi.org/10.1016/j.gie.2021.06.033,Gastrointestinal Endoscopy,duplicate,Duplicata de 'Deep learning system compared with expert endoscopists in predicting early gastr…' já presente em PubMed/S3.,ScienceDirect/S1,sim
ScienceDirect,S1,SD1 — gastroscopia + imagem/vídeo + DL/CNN,TANG2023106723,Transformer-based multi-task learning for classification and segmentation of gastrointestinal tract endoscopic images,Suigu Tang; Xiaoyuan Yu; Chak Fong Cheang; Yanyan Liang; Penghui Zhao; Hon Ho Yu; I Cheong Choi,2023,https://doi.org/10.1016/j.compbiomed.2023.106723,Computers in Biology and Medicine,duplicate,Duplicata de 'Transformer-based multi-task learning for classification and segmentation of gas…' já presente em PubMed/S2.,ScienceDirect/S1,sim
ScienceDirect,S1,SD1 — gastroscopia + imagem/vídeo + DL/CNN,CHEN2024112303,Self-supervised visual–textual prompt learning for few-shot grading of gastric intestinal metaplasia,Xuanchi Chen; Xiangwei Zheng; Zhen Li; Mingjun Ma; Mingzhe Zhang,2024,https://doi.org/10.1016/j.knosys.2024.112303,Knowledge-Based Systems,duplicate,Duplicata de 'Self-supervised visual–textual prompt learning for few-shot grading of gastric i…' já presente em Scopus (VLM/FMs)/S1.,ScienceDirect/S1,sim
ScienceDirect,S1,SD1 — gastroscopia + imagem/vídeo + DL/CNN,YANG2022787,Identification of upper GI diseases during screening gastroscopy using a deep convolutional neural network algorithm,Hang Yang; Yu Wu; Bo Yang; Min Wu; Jun Zhou; Qin Liu; Yifei Lin; Shilin Li; Xue Li; Jie Zhang; Rui Wang; Qianrong Xie; Jingqi Li; Yue Luo; Mengjie Tu; Xiao Wang; Haitao Lan; Xuesong Bai; Huaping Wu; Fanwei Zeng; Hong Zhao; Zhang Yi; Fanxin Zeng,2022,https://doi.org/10.1016/j.gie.2022.06.011,Gastrointestinal Endoscopy,duplicate,Duplicata de 'Identification of upper GI diseases during screening gastroscopy using a deep co…' já presente em PubMed/S2.,ScienceDirect/S1,sim
ScienceDirect,S1,SD1 — gastroscopia + imagem/vídeo + DL/CNN,GAO2026103234,Gastric Anatomical Sites Recognition in Gastroscopic Images Based on Dual-branch Perception and Multi-scale Semantic Aggregation,Shujun Gao; Xiaomei Yu; Xiao Liang; Xuanchi Chen; Xiangwei Zheng,2026,https://doi.org/10.1016/j.displa.2025.103234,Displays,duplicate,Duplicata de 'Gastric Anatomical Sites Recognition in Gastroscopic Images Based on Dual-branch…' já presente em Scopus/S1.,ScienceDirect/S1,sim
ScienceDirect,S1,SD1 — gastroscopia + imagem/vídeo + DL/CNN,WU2022269,Real-time artificial intelligence for detecting focal lesions and diagnosing neoplasms of the stomach by white-light endoscopy (with videos),Lianlian Wu; Ming Xu; Xiaoda Jiang; Xinqi He; Heng Zhang; Yaowei Ai; Qiaoyun Tong; Peihua Lv; Bin Lu; Mingwen Guo; Manling Huang; Liping Ye; Lei Shen; Honggang Yu,2022,https://doi.org/10.1016/j.gie.2021.09.017,Gastrointestinal Endoscopy,duplicate,Duplicata de 'Real-time artificial intelligence for detecting focal lesions and diagnosing neo…' já presente em Scopus/S1.,ScienceDirect/S1,sim
ScienceDirect,S1,SD1 — gastroscopia + imagem/vídeo + DL/CNN,XIE2022599,Diagnostic accuracy of convolutional neural network–based endoscopic image analysis in diagnosing gastric cancer and predicting its invasion depth: a systematic review and meta-analysis,Fang Xie; Keqiang Zhang; Feng Li; Guorong Ma; Yuanyuan Ni; Wei Zhang; Junchao Wang; Yuewei Li,2022,https://doi.org/10.1016/j.gie.2021.12.021,Gastrointestinal Endoscopy,duplicate,Duplicata de 'Diagnostic accuracy of convolutional neural network–based endoscopic image analy…' já presente em Scopus/S1.,ScienceDirect/S1,sim
ScienceDirect,S1,SD1 — gastroscopia + imagem/vídeo + DL/CNN,GONCALVES2025101979,Early diagnosis of gastric cancer: Endoscopy and artificial intelligence,N. Gonçalves; J. Chaves; I. Marques- Sá; M. Dinis-Ribeiro; D. Libânio,2025,https://doi.org/10.1016/j.bpg.2025.101979,Best Practice & Research Clinical Gastroenterology,duplicate,Duplicata de 'Early diagnosis of gastric cancer: Endoscopy and artificial intelligence…' já presente em PubMed/S3.,ScienceDirect/S1,sim
ScienceDirect,S1,SD1 — gastroscopia + imagem/vídeo + DL/CNN,HE2024128228,A two-stage image enhancement and dynamic feature aggregation framework for gastroscopy image segmentation,Dongzhi He; Yunyu Li; Liule Chen; Yu Liang; Yongle Xue; Xingmei Xiao; Yunqi Li,2024,https://doi.org/10.1016/j.neucom.2024.128228,Neurocomputing,duplicate,Duplicata de 'A two-stage image enhancement and dynamic feature aggregation framework for gast…' já presente em Scopus/S1.,ScienceDirect/S1,sim
ScienceDirect,S1,SD1 — gastroscopia + imagem/vídeo + DL/CNN,WEI2025129564,Multi-granularity classification of upper gastrointestinal endoscopic images,Hua Wei; Dongyang Yi; Shuyu Hu; Guobin Zhu; Yi Ding; Minghui Pang,2025,https://doi.org/10.1016/j.neucom.2025.129564,Neurocomputing,duplicate,Duplicata de 'Multi-granularity classification of upper gastrointestinal endoscopic images…' já presente em Scopus/S1.,ScienceDirect/S1,sim
ScienceDirect,S1,SD1 — gastroscopia + imagem/vídeo + DL/CNN,ZENTENO2022105234,Optical biopsy mapping on endoscopic image mosaics with a marker-free probe,Omar Zenteno; Dinh-Hoan Trinh; Sylvie Treuillet; Yves Lucas; Thomas Bazin; Dominique Lamarque; Christian Daul,2022,https://doi.org/10.1016/j.compbiomed.2022.105234,Computers in Biology and Medicine,duplicate,Duplicata de 'Optical biopsy mapping on endoscopic image mosaics with a marker-free probe…' já presente em Scopus/S1.,ScienceDirect/S1,sim
ScienceDirect,S1,SD1 — gastroscopia + imagem/vídeo + DL/CNN,DING2019395,Smart electronic gastroscope system using a cloud–edge collaborative framework,Shuai Ding; Ling Li; Zhenmin Li; Hao Wang; Yanchun Zhang,2019,https://doi.org/10.1016/j.future.2019.04.031,Future Generation Computer Systems,duplicate,"Duplicata de 'Smart electronic gastroscope system using a cloud-edge collaborative
framework…' já presente em Web of Science/S1.",ScienceDirect/S1,sim
ScienceDirect,S1,SD1 — gastroscopia + imagem/vídeo + DL/CNN,ZHU2019806,Application of convolutional neural network in the diagnosis of the invasion depth of gastric cancer based on conventional endoscopy,Yan Zhu; Qiu-Cheng Wang; Mei-Dong Xu; Zhen Zhang; Jing Cheng; Yun-Shi Zhong; Yi-Qun Zhang; Wei-Feng Chen; Li-Qing Yao; Ping-Hong Zhou; Quan-Lin Li,2019,https://doi.org/10.1016/j.gie.2018.11.011,Gastrointestinal Endoscopy,duplicate,Duplicata de 'Application of convolutional neural network in the diagnosis of the invasion dep…' já presente em Scopus/S1.,ScienceDirect/S1,sim
ScienceDirect,S2,SD2 — gastroscopia + imagem/vídeo + IA/ML,WANG2018198,Deep learning–based endoscopic image recognition for detection of early gastric cancer: a Chinese perspective,Zhijie Wang; Qianqian Meng; Shuling Wang; Zhaoshen Li; Yu Bai; Dong Wang,2018,https://doi.org/10.1016/j.gie.2018.01.029,Gastrointestinal Endoscopy,duplicate,Duplicata de 'Deep learning-based endoscopic image recognition for detection of early gastric …' já presente em PubMed/S2.,ScienceDirect/S2,não
ScienceDirect,S2,SD2 — gastroscopia + imagem/vídeo + IA/ML,NETO2024201,Research Challenges for Augmenting Endoscopy Image Datasets using Image Combination Methodologies,Alexandre Neto; Diogo Libânio; Mário Dinis-Ribeiro; Miguel Coimbra; António Cunha,2024,https://doi.org/10.1016/j.procs.2024.06.163,Procedia Computer Science,duplicate,Duplicata de 'Research Challenges for Augmenting Endoscopy Image Datasets using Image Combinat…' já presente em Scopus/S1.,ScienceDirect/S2,sim
ScienceDirect,S2,SD2 — gastroscopia + imagem/vídeo + IA/ML,ABDELRAHIM2023422,Development and validation of artificial neural networks model for detection of Barrett’s neoplasia: a multicenter pragmatic nonrandomized trial (with video),Mohamed Abdelrahim; Masahiro Saiko; Naoto Maeda; Ejaz Hossain; Asma Alkandari; Sharmila Subramaniam; Adolfo Parra-Blanco; Andres Sanchez-Yague; Emmanuel Coron; Alessandro Repici; Pradeep Bhandari,2023,https://doi.org/10.1016/j.gie.2022.10.031,Gastrointestinal Endoscopy,duplicate,Duplicata de 'Development and validation of artificial neural networks model for detection of …' já presente em PubMed/S3.,ScienceDirect/S2,sim
ScienceDirect,S2,SD2 — gastroscopia + imagem/vídeo + IA/ML,ZHOU2023107301,Classification of precancerous lesions based on fusion of multiple hierarchical features,Huijun Zhou; Zhenyang Liu; Ting Li; Yifei Chen; Wei Huang; Zijian Zhang,2023,https://doi.org/10.1016/j.cmpb.2022.107301,Computer Methods and Programs in Biomedicine,duplicate,"Duplicata de 'Classification of precancerous lesions based on fusion of multiple
hierarchical …' já presente em Web of Science/S1.",ScienceDirect/S2,sim
ScienceDirect,S2,SD2 — gastroscopia + imagem/vídeo + IA/ML,YOU202622,Selection of the best artificial intelligence techniques for analysis of gastrointestinal endoscopic images,Guoli You; Yang Yang; Yang Shen,2026,https://doi.org/10.1016/j.ajg.2025.09.021,Arab Journal of Gastroenterology,duplicate,Duplicata de 'Selection of the best artificial intelligence techniques for analysis of gastroi…' já presente em PubMed/S2.,ScienceDirect/S2,sim
ScienceDirect,S2,SD2 — gastroscopia + imagem/vídeo + IA/ML,YAN2020104026,Intelligent diagnosis of gastric intestinal metaplasia based on convolutional neural network and limited number of endoscopic images,Tao Yan; Pak Kin Wong; I. Cheong Choi; Chi Man Vong; Hon Ho Yu,2020,https://doi.org/10.1016/j.compbiomed.2020.104026,Computers in Biology and Medicine,duplicate,Duplicata de 'Intelligent diagnosis of gastric intestinal metaplasia based on convolutional ne…' já presente em ScienceDirect/S1.,ScienceDirect/S2,sim
ScienceDirect,S2,SD2 — gastroscopia + imagem/vídeo + IA/ML,DESOUZA2018203,A survey on Barrett's esophagus analysis using machine learning,Luis A. de Souza; Christoph Palm; Robert Mendel; Christian Hook; Alanna Ebigbo; Andreas Probst; Helmut Messmann; Silke Weber; João P. Papa,2018,https://doi.org/10.1016/j.compbiomed.2018.03.014,Computers in Biology and Medicine,duplicate,Duplicata de 'A survey on Barrett's esophagus analysis using machine learning…' já presente em ScienceDirect/S1.,ScienceDirect/S2,sim
ScienceDirect,S2,SD2 — gastroscopia + imagem/vídeo + IA/ML,GHOLAMI2021102782,Increasing the accuracy in the diagnosis of stomach cancer based on color and lint features of tongue,Elham Gholami; Seyed Reza Kamel Tabbakh; Maryam kheirabadi,2021,https://doi.org/10.1016/j.bspc.2021.102782,Biomedical Signal Processing and Control,duplicate,Duplicata de 'Increasing the accuracy in the diagnosis of stomach cancer based on color and li…' já presente em ScienceDirect/S1.,ScienceDirect/S2,sim
ScienceDirect,S2,SD2 — gastroscopia + imagem/vídeo + IA/ML,WU202292,Deep learning system compared with expert endoscopists in predicting early gastric cancer and its invasion depth and differentiation status (with videos),Lianlian Wu; Jing Wang; Xinqi He; Yijie Zhu; Xiaoda Jiang; Yiyun Chen; Yonggui Wang; Li Huang; Renduo Shang; Zehua Dong; Boru Chen; Xiao Tao; Qi Wu; Honggang Yu,2022,https://doi.org/10.1016/j.gie.2021.06.033,Gastrointestinal Endoscopy,duplicate,Duplicata de 'Deep learning system compared with expert endoscopists in predicting early gastr…' já presente em PubMed/S3.,ScienceDirect/S2,sim
ScienceDirect,S2,SD2 — gastroscopia + imagem/vídeo + IA/ML,TANG2023106723,Transformer-based multi-task learning for classification and segmentation of gastrointestinal tract endoscopic images,Suigu Tang; Xiaoyuan Yu; Chak Fong Cheang; Yanyan Liang; Penghui Zhao; Hon Ho Yu; I Cheong Choi,2023,https://doi.org/10.1016/j.compbiomed.2023.106723,Computers in Biology and Medicine,duplicate,Duplicata de 'Transformer-based multi-task learning for classification and segmentation of gas…' já presente em PubMed/S2.,ScienceDirect/S2,sim
ScienceDirect,S2,SD2 — gastroscopia + imagem/vídeo + IA/ML,GOVINDHARAJ2026109646,Efficient gastric tumor detection from endoscopic images using trans-mapped learning models,I. Govindharaj; Gnanajeyaraman Rajaram; S. Ravichandran; J. Viswanath; R. Elankavi; J. Raja,2026,https://doi.org/10.1016/j.bspc.2026.109646,Biomedical Signal Processing and Control,duplicate,Duplicata de 'Efficient gastric tumor detection from endoscopic images using trans-mapped lear…' já presente em ScienceDirect/S1.,ScienceDirect/S2,sim
ScienceDirect,S2,SD2 — gastroscopia + imagem/vídeo + IA/ML,CUNHANEVES2024101884,Curative criteria for endoscopic treatment of gastric cancer,João A. Cunha Neves; Pedro G. Delgado-Guillena; Patrícia Queirós; Diogo Libânio; Enrique Rodríguez de Santiago,2024,https://doi.org/10.1016/j.bpg.2024.101884,Best Practice & Research Clinical Gastroenterology,duplicate,Duplicata de 'Curative criteria for endoscopic treatment of gastric cancer…' já presente em PubMed/S3.,ScienceDirect/S2,sim
ScienceDirect,S2,SD2 — gastroscopia + imagem/vídeo + IA/ML,CANAKIS2021543,Endoscopic Advances for Gastric Neoplasia Detection,Andrew Canakis; Raymond Kim,2021,https://doi.org/10.1016/j.giec.2021.03.007,Gastrointestinal Endoscopy Clinics of North America,duplicate,Duplicata de 'Endoscopic Advances for Gastric Neoplasia Detection…' já presente em ScienceDirect/S1.,ScienceDirect/S2,não
ScienceDirect,S2,SD2 — gastroscopia + imagem/vídeo + IA/ML,MA2023104200,Deep learning for classification and localization of early gastric cancer in endoscopic images,Lingyu Ma; Xiufeng Su; Liyong Ma; Xiaozhong Gao; Mingjian Sun,2023,https://doi.org/10.1016/j.bspc.2022.104200,Biomedical Signal Processing and Control,duplicate,Duplicata de 'Deep learning for classification and localization of early gastric cancer in end…' já presente em ScienceDirect/S1.,ScienceDirect/S2,sim
ScienceDirect,S2,SD2 — gastroscopia + imagem/vídeo + IA/ML,HUANG2025113,The application of artificial intelligence in upper gastrointestinal cancers,Xiaoying Huang; Minghao Qin; Mengjie Fang; Zipei Wang; Chaoen Hu; Tongyu Zhao; Zhuyuan Qin; Haishan Zhu; Ling Wu; Guowei Yu; Francesco De Cobelli; Xuebin Xie; Diego Palumbo; Jie Tian; Di Dong,2025,https://doi.org/10.1016/j.jncc.2024.12.006,Journal of the National Cancer Center,duplicate,Duplicata de 'The application of artificial intelligence in upper gastrointestinal cancers…' já presente em ScienceDirect/S1.,ScienceDirect/S2,sim
ScienceDirect,S2,SD2 — gastroscopia + imagem/vídeo + IA/ML,2024367,Index,,2024,https://doi.org/10.1016/B978-0-323-95223-1.00035-7,Transpathology,duplicate,Duplicata de 'Index…' já presente em ScienceDirect/S1.,ScienceDirect/S2,não
ScienceDirect,S2,SD2 — gastroscopia + imagem/vídeo + IA/ML,CHEN2024112303,Self-supervised visual–textual prompt learning for few-shot grading of gastric intestinal metaplasia,Xuanchi Chen; Xiangwei Zheng; Zhen Li; Mingjun Ma; Mingzhe Zhang,2024,https://doi.org/10.1016/j.knosys.2024.112303,Knowledge-Based Systems,duplicate,Duplicata de 'Self-supervised visual–textual prompt learning for few-shot grading of gastric i…' já presente em Scopus (VLM/FMs)/S1.,ScienceDirect/S2,sim
ScienceDirect,S2,SD2 — gastroscopia + imagem/vídeo + IA/ML,YUAN2023101834,Development of a tongue image-based machine learning tool for the diagnosis of gastric cancer: a prospective multicentre clinical cohort study,Li Yuan; Lin Yang; Shichuan Zhang; Zhiyuan Xu; Jiangjiang Qin; Yunfu Shi; Pengcheng Yu; Yi Wang; Zhehan Bao; Yuhang Xia; Jiancheng Sun; Weiyang He; Tianhui Chen; Xiaolei Chen; Can Hu; Yunlong Zhang; Changwu Dong; Ping Zhao; Yanan Wang; Nan Jiang; Bin Lv; Yingwei Xue; Baoping Jiao; Hongyu Gao; Kequn Chai; Jun Li; Hao Wang; Xibo Wang; Xiaoqing Guan; Xu Liu; Gang Zhao; Zhichao Zheng; Jie Yan; Haiyue Yu; Luchuan Chen; Zaisheng Ye; Huaqiang You; Yu Bao; Xi Cheng; Peizheng Zhao; Liang Wang; Wenting Zeng; Yanfei Tian; Ming Chen; You You; Guihong Yuan; Hua Ruan; Xiaole Gao; Jingli Xu; Handong Xu; Lingbin Du; Shengjie Zhang; Huanying Fu; Xiangdong Cheng,2023,https://doi.org/10.1016/j.eclinm.2023.101834,eClinicalMedicine,duplicate,Duplicata de 'Development of a tongue image-based machine learning tool for the diagnosis of g…' já presente em ScienceDirect/S1.,ScienceDirect/S2,sim
ScienceDirect,S2,SD2 — gastroscopia + imagem/vídeo + IA/ML,MARY2023,Multi-class Classification of Gastrointestinal Diseases using Deep Learning Techniques,X. Anitha Mary; A. Peniel Winifred Raj; C. Suganthi Evangeline; T. Mary Neebha; Vinoth Babu Kumaravelu; P. Manimegalai,2023,https://doi.org/10.2174/18741207-v17-e230215-2022-HT27-3589-11,The Open Biomedical Engineering Journal,duplicate,Duplicata de 'Multi-class Classification of Gastrointestinal Diseases using Deep Learning Tech…' já presente em ScienceDirect/S1.,ScienceDirect/S2,sim
ScienceDirect,S2,SD2 — gastroscopia + imagem/vídeo + IA/ML,SINNARASAN202641,Chapter 3 - Rise of machine learning applications in diagnosis and prognosis of gastric cancer: Imaging and omics data,Vigneshwar Suriya Prakash Sinnarasan; Dahrii Paul; Rajesh Das; Mujibur Rahman Sheikh; Amouda Vekatesan,2026,https://doi.org/10.1016/B978-0-443-44121-9.00008-1,Artificial Intelligence in Gastrointestinal Cancers,duplicate,Duplicata de 'Chapter 3 - Rise of machine learning applications in diagnosis and prognosis of …' já presente em ScienceDirect/S1.,ScienceDirect/S2,sim
ScienceDirect,S2,SD2 — gastroscopia + imagem/vídeo + IA/ML,YANG2022787,Identification of upper GI diseases during screening gastroscopy using a deep convolutional neural network algorithm,Hang Yang; Yu Wu; Bo Yang; Min Wu; Jun Zhou; Qin Liu; Yifei Lin; Shilin Li; Xue Li; Jie Zhang; Rui Wang; Qianrong Xie; Jingqi Li; Yue Luo; Mengjie Tu; Xiao Wang; Haitao Lan; Xuesong Bai; Huaping Wu; Fanwei Zeng; Hong Zhao; Zhang Yi; Fanxin Zeng,2022,https://doi.org/10.1016/j.gie.2022.06.011,Gastrointestinal Endoscopy,duplicate,Duplicata de 'Identification of upper GI diseases during screening gastroscopy using a deep co…' já presente em PubMed/S2.,ScienceDirect/S2,sim
ScienceDirect,S2,SD2 — gastroscopia + imagem/vídeo + IA/ML,DILAGHI20221630,Systematic review and meta-analysis: Artificial intelligence for the diagnosis of gastric precancerous lesions and Helicobacter pylori infection,E. Dilaghi; E. Lahner; B. Annibale; G. Esposito,2022,https://doi.org/10.1016/j.dld.2022.03.007,Digestive and Liver Disease,duplicate,Duplicata de 'Systematic review and meta-analysis: Artificial intelligence for the diagnosis o…' já presente em ScienceDirect/S1.,ScienceDirect/S2,sim
ScienceDirect,S2,SD2 — gastroscopia + imagem/vídeo + IA/ML,WU2024538,Application of the convolution neural network in determining the depth of invasion of gastrointestinal cancer: a systematic review and meta-analysis,Ruo Wu; Kaiwen Qin; Yuxin Fang; Yuyuan Xu; Haonan Zhang; Wenhua Li; Xiaobei Luo; Zelong Han; Side Liu; Qingyuan Li,2024,https://doi.org/10.1016/j.gassur.2023.12.029,Journal of Gastrointestinal Surgery,duplicate,Duplicata de 'Application of the convolution neural network in determining the depth of invasi…' já presente em ScienceDirect/S1.,ScienceDirect/S2,sim
ScienceDirect,S2,SD2 — gastroscopia + imagem/vídeo + IA/ML,GAO2026103234,Gastric Anatomical Sites Recognition in Gastroscopic Images Based on Dual-branch Perception and Multi-scale Semantic Aggregation,Shujun Gao; Xiaomei Yu; Xiao Liang; Xuanchi Chen; Xiangwei Zheng,2026,https://doi.org/10.1016/j.displa.2025.103234,Displays,duplicate,Duplicata de 'Gastric Anatomical Sites Recognition in Gastroscopic Images Based on Dual-branch…' já presente em Scopus/S1.,ScienceDirect/S2,sim
ScienceDirect,S2,SD2 — gastroscopia + imagem/vídeo + IA/ML,WU2022269,Real-time artificial intelligence for detecting focal lesions and diagnosing neoplasms of the stomach by white-light endoscopy (with videos),Lianlian Wu; Ming Xu; Xiaoda Jiang; Xinqi He; Heng Zhang; Yaowei Ai; Qiaoyun Tong; Peihua Lv; Bin Lu; Mingwen Guo; Manling Huang; Liping Ye; Lei Shen; Honggang Yu,2022,https://doi.org/10.1016/j.gie.2021.09.017,Gastrointestinal Endoscopy,duplicate,Duplicata de 'Real-time artificial intelligence for detecting focal lesions and diagnosing neo…' já presente em Scopus/S1.,ScienceDirect/S2,sim
ScienceDirect,S2,SD2 — gastroscopia + imagem/vídeo + IA/ML,LI2024107751,Uncertainty-aware network for fine-grained and imbalanced reflux esophagitis grading,Xingcun Li; Qinghua Wu; Mi Wang; Kun Wu,2024,https://doi.org/10.1016/j.compbiomed.2023.107751,Computers in Biology and Medicine,duplicate,Duplicata de 'Uncertainty-aware network for fine-grained and imbalanced reflux esophagitis gra…' já presente em ScienceDirect/S1.,ScienceDirect/S2,sim
ScienceDirect,S2,SD2 — gastroscopia + imagem/vídeo + IA/ML,CONTIBELLOCCHI2024S117,BOC.03.6: EUS-GUIDED GASTROENTEROSTOMY VERSUS ENTERAL STENTING FOR MALIGNANT GASTRIC OUTLET OBSTRUCTION: A PROPENSITY SCORE-MATCHED STUDY,M.C. Conti Bellocchi; E. Gasparini; S. Stigliano; L. Bernardoni; A. Gabbrielli; F.M. Di Matteo; S.F. Crinò,2024,https://doi.org/10.1016/S1590-8658(24)00385-2,Digestive and Liver Disease,duplicate,Duplicata de 'BOC.03.6: EUS-GUIDED GASTROENTEROSTOMY VERSUS ENTERAL STENTING FOR MALIGNANT GAS…' já presente em ScienceDirect/S1.,ScienceDirect/S2,não
ScienceDirect,S2,SD2 — gastroscopia + imagem/vídeo + IA/ML,HUANG2025118041,Advances in Helicobacter pylori detection technology: From pathology-based to multi-omic based methods,Huishu Huang; Ying Li; Yuwei Wu; Xinyu Zhao; He Gao; Xinqiang Xie; Lei Wu; Hui Zhao; Longyan Li; Jumei Zhang; Moutong Chen; Qingping Wu,2025,https://doi.org/10.1016/j.trac.2024.118041,TrAC Trends in Analytical Chemistry,duplicate,Duplicata de 'Advances in Helicobacter pylori detection technology: From pathology-based to mu…' já presente em ScienceDirect/S1.,ScienceDirect/S2,sim
ScienceDirect,S2,SD2 — gastroscopia + imagem/vídeo + IA/ML,TIANKANON2022AB228,CONVOLUTIONAL NEURAL NETWORK BASED ARTIFICAL INTELLIGENT TO PERFORM REAL-TIME SEMATIC SEGMENTATION ON GASTRIC INTESTINAL METAPLASIA,Kasenee Tiankanon; Rapat Pittayanon; Vitchaya Siripoppohn; Natee Faknak; Anapat Sanpavat; Nareumon Wisedopas; Peerapon Vateekul; Rungsun Rerknimitr,2022,https://doi.org/10.1016/j.gie.2022.04.582,Gastrointestinal Endoscopy,duplicate,Duplicata de 'CONVOLUTIONAL NEURAL NETWORK BASED ARTIFICAL INTELLIGENT TO PERFORM REAL-TIME SE…' já presente em ScienceDirect/S1.,ScienceDirect/S2,não
ScienceDirect,S2,SD2 — gastroscopia + imagem/vídeo + IA/ML,XIE2022599,Diagnostic accuracy of convolutional neural network–based endoscopic image analysis in diagnosing gastric cancer and predicting its invasion depth: a systematic review and meta-analysis,Fang Xie; Keqiang Zhang; Feng Li; Guorong Ma; Yuanyuan Ni; Wei Zhang; Junchao Wang; Yuewei Li,2022,https://doi.org/10.1016/j.gie.2021.12.021,Gastrointestinal Endoscopy,duplicate,Duplicata de 'Diagnostic accuracy of convolutional neural network–based endoscopic image analy…' já presente em Scopus/S1.,ScienceDirect/S2,sim
ScienceDirect,S2,SD2 — gastroscopia + imagem/vídeo + IA/ML,GONCALVES2025101979,Early diagnosis of gastric cancer: Endoscopy and artificial intelligence,N. Gonçalves; J. Chaves; I. Marques- Sá; M. Dinis-Ribeiro; D. Libânio,2025,https://doi.org/10.1016/j.bpg.2025.101979,Best Practice & Research Clinical Gastroenterology,duplicate,Duplicata de 'Early diagnosis of gastric cancer: Endoscopy and artificial intelligence…' já presente em PubMed/S3.,ScienceDirect/S2,sim
ScienceDirect,S2,SD2 — gastroscopia + imagem/vídeo + IA/ML,ZHU2024e35586,Data-driven rapid detection of Helicobacter pylori infection through machine learning with limited laboratory parameters in Chinese primary clinics,Shiben Zhu; Xinyi Tan; He Huang; Yi Zhou; Yang Liu,2024,https://doi.org/10.1016/j.heliyon.2024.e35586,Heliyon,duplicate,Duplicata de 'Data-driven rapid detection of Helicobacter pylori infection through machine lea…' já presente em ScienceDirect/S1.,ScienceDirect/S2,sim
ScienceDirect,S2,SD2 — gastroscopia + imagem/vídeo + IA/ML,HU20211333,Identifying early gastric cancer under magnifying narrow-band images with deep learning: a multicenter study,Hao Hu; Lixin Gong; Di Dong; Liang Zhu; Min Wang; Jie He; Lei Shu; Yiling Cai; Shilun Cai; Wei Su; Yunshi Zhong; Cong Li; Yongbei Zhu; Mengjie Fang; Lianzhen Zhong; Xin Yang; Pinghong Zhou; Jie Tian,2021,https://doi.org/10.1016/j.gie.2020.11.014,Gastrointestinal Endoscopy,duplicate,Duplicata de 'Identifying early gastric cancer under magnifying narrow-band images with deep l…' já presente em ScienceDirect/S1.,ScienceDirect/S2,sim
ScienceDirect,S2,SD2 — gastroscopia + imagem/vídeo + IA/ML,WAHEED2025107567,An ensemble approach of deep CNN models with Beta normalization aggregation for gastrointestinal disease detection,Zafran Waheed; Jinsong Gui; Kamran Amjad; Ikram Waheed; Sohaib Asif,2025,https://doi.org/10.1016/j.bspc.2025.107567,Biomedical Signal Processing and Control,duplicate,Duplicata de 'An ensemble approach of deep CNN models with Beta normalization aggregation for …' já presente em ScienceDirect/S1.,ScienceDirect/S2,sim
ScienceDirect,S2,SD2 — gastroscopia + imagem/vídeo + IA/ML,JEONG2025110689,A lightweight YOLOv8-based model for gastric cancer detection,Seung-Won Jeong; Shabir Ahmad; Jae-Seoung Kim; Taegkeun Whangbo,2025,https://doi.org/10.1016/j.compbiomed.2025.110689,Computers in Biology and Medicine,duplicate,Duplicata de 'A lightweight YOLOv8-based model for gastric cancer detection…' já presente em ScienceDirect/S1.,ScienceDirect/S2,sim
ScienceDirect,S2,SD2 — gastroscopia + imagem/vídeo + IA/ML,YAN2023107486,PKDN: Prior Knowledge Distillation Network for bronchoscopy diagnosis,Pengfei Yan; Weiling Sun; Xiang Li; Minglei Li; Yuchen Jiang; Hao Luo,2023,https://doi.org/10.1016/j.compbiomed.2023.107486,Computers in Biology and Medicine,duplicate,Duplicata de 'PKDN: Prior Knowledge Distillation Network for bronchoscopy diagnosis…' já presente em ScienceDirect/S1.,ScienceDirect/S2,sim
ScienceDirect,S2,SD2 — gastroscopia + imagem/vídeo + IA/ML,XIA2025101286,GastritisMIL: An interpretable deep learning model for the comprehensive histological assessment of chronic gastritis,Kun Xia; Yihuang Hu; Shuntian Cai; Mengjie Lin; Mingzhi Lu; Huadong Lu; Yuhan Ye; Fenglian Lin; Liang Gao; Qingan Xia; Ruihua Tian; Weiping Lin; Lei Xie; Decheng Tan; Yapi Lu; Xunting Lin; Xiaoning Yang; Lingfeng Zhong; Lei Xu; Zhixin Zhang; Liansheng Wang; Jianlin Ren; Hongzhi Xu,2025,https://doi.org/10.1016/j.patter.2025.101286,Patterns,duplicate,Duplicata de 'GastritisMIL: An interpretable deep learning model for the comprehensive histolo…' já presente em ScienceDirect/S1.,ScienceDirect/S2,sim
ScienceDirect,S2,SD2 — gastroscopia + imagem/vídeo + IA/ML,HE2024128228,A two-stage image enhancement and dynamic feature aggregation framework for gastroscopy image segmentation,Dongzhi He; Yunyu Li; Liule Chen; Yu Liang; Yongle Xue; Xingmei Xiao; Yunqi Li,2024,https://doi.org/10.1016/j.neucom.2024.128228,Neurocomputing,duplicate,Duplicata de 'A two-stage image enhancement and dynamic feature aggregation framework for gast…' já presente em Scopus/S1.,ScienceDirect/S2,sim
ScienceDirect,S2,SD2 — gastroscopia + imagem/vídeo + IA/ML,ZHAO2024,Advanced Detection of Chronic Atrophic Gastritis Using High-Resolution Endoscopy and Semantic Web,Junyi Zhao; Yaxin Gao; Jinbao Li,2024,https://doi.org/10.4018/IJSWIS.352853,International Journal on Semantic Web and Information Systems,duplicate,Duplicata de 'Advanced Detection of Chronic Atrophic Gastritis Using High-Resolution Endoscopy…' já presente em ScienceDirect/S1.,ScienceDirect/S2,sim
ScienceDirect,S2,SD2 — gastroscopia + imagem/vídeo + IA/ML,TAI2019749,Upper gastrointestinal endoscopy: can we cut the cord?,Foong Way David Tai; Hey-Long Ching; Melissa F Hale; Mark E McAlindon,2019,https://doi.org/10.1016/S2468-1253(19)30262-6,The Lancet Gastroenterology & Hepatology,duplicate,Duplicata de 'Upper gastrointestinal endoscopy: can we cut the cord?…' já presente em ScienceDirect/S1.,ScienceDirect/S2,não
ScienceDirect,S2,SD2 — gastroscopia + imagem/vídeo + IA/ML,ZHANG2025107891,An endoscopic images and diagnostic records based multimodal method for severity grading of gastric cancer,Xingyu Zhang; Xiangwei Zheng; Minghan Dong; Mingzhe Zhang,2025,https://doi.org/10.1016/j.bspc.2025.107891,Biomedical Signal Processing and Control,duplicate,Duplicata de 'An endoscopic images and diagnostic records based multimodal method for severity…' já presente em ScienceDirect/S1.,ScienceDirect/S2,sim
ScienceDirect,S2,SD2 — gastroscopia + imagem/vídeo + IA/ML,WEI2025129564,Multi-granularity classification of upper gastrointestinal endoscopic images,Hua Wei; Dongyang Yi; Shuyu Hu; Guobin Zhu; Yi Ding; Minghui Pang,2025,https://doi.org/10.1016/j.neucom.2025.129564,Neurocomputing,duplicate,Duplicata de 'Multi-granularity classification of upper gastrointestinal endoscopic images…' já presente em Scopus/S1.,ScienceDirect/S2,sim
ScienceDirect,S2,SD2 — gastroscopia + imagem/vídeo + IA/ML,MARYA2024,GastroNet: A Custom Deep Learning Approach for Classification of Anomalies in Gastrointestinal Endoscopy Images,Anitha Mary. A.; Peniel Winifred Raj A.; C. Karthik; Aldrin Karunaharan,2024,https://doi.org/10.2174/1573405620666230906092310,Current Medical Imaging,duplicate,Duplicata de 'GastroNet: A Custom Deep Learning Approach for Classification of Anomalies in Ga…' já presente em ScienceDirect/S1.,ScienceDirect/S2,sim
ScienceDirect,S2,SD2 — gastroscopia + imagem/vídeo + IA/ML,LIGATO2024S118,BOC.03.7: A PRE-TRAINING MODEL FOR INTESTINAL METAPLASIA RECOGNITION IN THE GASTRIC CORPUS: PRELIMINARY DATA ANALYSIS,I. Ligato; G. De Magistris; E. Dilaghi; G. Cozza; A. Ciardiello; C. Voena; S. Giagu; B. Annibale; C. Napoli; G. Esposito,2024,https://doi.org/10.1016/S1590-8658(24)00386-4,Digestive and Liver Disease,duplicate,Duplicata de 'BOC.03.7: A PRE-TRAINING MODEL FOR INTESTINAL METAPLASIA RECOGNITION IN THE GAST…' já presente em ScienceDirect/S1.,ScienceDirect/S2,não
ScienceDirect,S2,SD2 — gastroscopia + imagem/vídeo + IA/ML,IKEHARA2019440,Analysis of factors related to poor outcome after e-learning training in endoscopic diagnosis of early gastric cancer using magnifying narrow-band imaging,Hisatomo Ikehara; Hisashi Doyama; Hiroyoshi Nakanishi; Waku Hatta; Takuji Gotoda; Hideki Ishikawa; Kenshi Yao,2019,https://doi.org/10.1016/j.gie.2019.04.230,Gastrointestinal Endoscopy,duplicate,Duplicata de 'Analysis of factors related to poor outcome after e-learning training in endosco…' já presente em ScienceDirect/S1.,ScienceDirect/S2,sim
ScienceDirect,S2,SD2 — gastroscopia + imagem/vídeo + IA/ML,BALAN2026108766,DPC-Net: Dense Pyramid CAViaR Network for gastric cancer detection with lymph node segmentation using histopathological image,Santhosh Kumar Balan; Martin Margala; Prasun Chakrabarti; Mohammed Ali Hussain,2026,https://doi.org/10.1016/j.bspc.2025.108766,Biomedical Signal Processing and Control,duplicate,Duplicata de 'DPC-Net: Dense Pyramid CAViaR Network for gastric cancer detection with lymph no…' já presente em ScienceDirect/S1.,ScienceDirect/S2,sim
ScienceDirect,S2,SD2 — gastroscopia + imagem/vídeo + IA/ML,DENG2022e12431,Artificial intelligence applications in pathological diagnosis of gastric cancer,Yang Deng; Hang-Yu Qin; Yan-Yan Zhou; Hong-Hong Liu; Yong Jiang; Jian-Ping Liu; Ji Bao,2022,https://doi.org/10.1016/j.heliyon.2022.e12431,Heliyon,duplicate,Duplicata de 'Artificial intelligence applications in pathological diagnosis of gastric cancer…' já presente em ScienceDirect/S1.,ScienceDirect/S2,sim
ScienceDirect,S2,SD2 — gastroscopia + imagem/vídeo + IA/ML,XU2021540,"Artificial intelligence in the diagnosis of gastric precancerous conditions by image-enhanced endoscopy: a multicenter, diagnostic study (with video)",Ming Xu; Wei Zhou; Lianlian Wu; Jun Zhang; Jing Wang; Ganggang Mu; Xu Huang; Yanxia Li; Jingping Yuan; Zhi Zeng; Yonggui Wang; Li Huang; Jun Liu; Honggang Yu,2021,https://doi.org/10.1016/j.gie.2021.03.013,Gastrointestinal Endoscopy,duplicate,Duplicata de 'Artificial intelligence in the diagnosis of gastric precancerous conditions by i…' já presente em ScienceDirect/S1.,ScienceDirect/S2,sim
ScienceDirect,S2,SD2 — gastroscopia + imagem/vídeo + IA/ML,EVERSON2021273,A clinically interpretable convolutional neural network for the real-time prediction of early squamous cell cancer of the esophagus: comparing diagnostic performance with a panel of expert European and Asian endoscopists,Martin A. Everson; Luis Garcia-Peraza-Herrera; Hsiu-Po Wang; Ching-Tai Lee; Chen-Shuan Chung; Ping-Hsin Hsieh; Chien-Chuan Chen; Cheng-Hao Tseng; Ming-Hung Hsu; Tom Vercauteren; Sebastien Ourselin; Sergey Kashin; Raf Bisschops; Oliver Pech; Laurence Lovat; Wen-Lun Wang; Rehan J. Haidry,2021,https://doi.org/10.1016/j.gie.2021.01.043,Gastrointestinal Endoscopy,duplicate,Duplicata de 'A clinically interpretable convolutional neural network for the real-time predic…' já presente em ScienceDirect/S1.,ScienceDirect/S2,sim
ScienceDirect,S2,SD2 — gastroscopia + imagem/vídeo + IA/ML,ZENTENO2022105234,Optical biopsy mapping on endoscopic image mosaics with a marker-free probe,Omar Zenteno; Dinh-Hoan Trinh; Sylvie Treuillet; Yves Lucas; Thomas Bazin; Dominique Lamarque; Christian Daul,2022,https://doi.org/10.1016/j.compbiomed.2022.105234,Computers in Biology and Medicine,duplicate,Duplicata de 'Optical biopsy mapping on endoscopic image mosaics with a marker-free probe…' já presente em Scopus/S1.,ScienceDirect/S2,sim
ScienceDirect,S2,SD2 — gastroscopia + imagem/vídeo + IA/ML,GUPTA2026163,"Chapter 9 - The role of artificial intelligence in gastric cancer diagnosis, prognosis, surgery and drug discovery",Manoj Kumar Gupta; G.L.N. Prasad; Ramakrishna Vadde,2026,https://doi.org/10.1016/B978-0-443-44121-9.00005-6,Artificial Intelligence in Gastrointestinal Cancers,duplicate,"Duplicata de 'Chapter 9 - The role of artificial intelligence in gastric cancer diagnosis, pro…' já presente em ScienceDirect/S1.",ScienceDirect/S2,sim
ScienceDirect,S2,SD2 — gastroscopia + imagem/vídeo + IA/ML,DING2019395,Smart electronic gastroscope system using a cloud–edge collaborative framework,Shuai Ding; Ling Li; Zhenmin Li; Hao Wang; Yanchun Zhang,2019,https://doi.org/10.1016/j.future.2019.04.031,Future Generation Computer Systems,duplicate,"Duplicata de 'Smart electronic gastroscope system using a cloud-edge collaborative
framework…' já presente em Web of Science/S1.",ScienceDirect/S2,sim
ScienceDirect,S2,SD2 — gastroscopia + imagem/vídeo + IA/ML,ZHU2019806,Application of convolutional neural network in the diagnosis of the invasion depth of gastric cancer based on conventional endoscopy,Yan Zhu; Qiu-Cheng Wang; Mei-Dong Xu; Zhen Zhang; Jing Cheng; Yun-Shi Zhong; Yi-Qun Zhang; Wei-Feng Chen; Li-Qing Yao; Ping-Hong Zhou; Quan-Lin Li,2019,https://doi.org/10.1016/j.gie.2018.11.011,Gastrointestinal Endoscopy,duplicate,Duplicata de 'Application of convolutional neural network in the diagnosis of the invasion dep…' já presente em Scopus/S1.,ScienceDirect/S2,sim
ScienceDirect,S2,SD2 — gastroscopia + imagem/vídeo + IA/ML,LAMBIASE2024S118,BOC.03.8: TWO PUSHES MAY BE ENOUGH TO DIAGNOSE DEFECATION DISORDERS: A MODIFIED LONDON PROTOCOL TO PERFORM HIGH-DEFINITION ANORECTAL MANOMETRY,C. Lambiase; A. Grosso; R. Tedeschi; L. Cancelli; F. Rettura; A. Gargani; C. Comparato; J. Pugliese; N. De Bortoli; M. Bellini,2024,https://doi.org/10.1016/S1590-8658(24)00387-6,Digestive and Liver Disease,duplicate,Duplicata de 'BOC.03.8: TWO PUSHES MAY BE ENOUGH TO DIAGNOSE DEFECATION DISORDERS: A MODIFIED …' já presente em ScienceDirect/S1.,ScienceDirect/S2,não
ScienceDirect,S3,SD3 — upper GI endoscopy + DL/CNN,NETO2024201,Research Challenges for Augmenting Endoscopy Image Datasets using Image Combination Methodologies,Alexandre Neto; Diogo Libânio; Mário Dinis-Ribeiro; Miguel Coimbra; António Cunha,2024,https://doi.org/10.1016/j.procs.2024.06.163,Procedia Computer Science,duplicate,Duplicata de 'Research Challenges for Augmenting Endoscopy Image Datasets using Image Combinat…' já presente em Scopus/S1.,ScienceDirect/S3,sim
ScienceDirect,S3,SD3 — upper GI endoscopy + DL/CNN,MA2025103524,Development and validation of an AI foundation model for endoscopic diagnosis of esophagogastric junction adenocarcinoma: a cohort and deep learning study,Yikun Ma; Bo Li; Ying Chen; Zijie Yue; Shuchang Xu; Jingyao Li; Lei Ma; Liang Zhong; Duowu Zou; Leiming Xu; Yunshi Zhong; Xiaobo Li; Weiqun Ding; Minmin Zhang; Dongli He; Zhenghong Li; Ye Chen; Ye Zhao; Jialong Zhuo; Xiaofen Wu; Lisha Yi; Miaojing Shi; Huihui Sun,2025,https://doi.org/10.1016/j.eclinm.2025.103524,eClinicalMedicine,duplicate,Duplicata de 'Development and validation of an AI foundation model for endoscopic diagnosis of…' já presente em Scopus (VLM/FMs)/S1.,ScienceDirect/S3,sim
ScienceDirect,S3,SD3 — upper GI endoscopy + DL/CNN,CHEN2021422,Automated and real-time validation of gastroesophageal varices under esophagogastroduodenoscopy using a deep convolutional neural network: a multicenter retrospective study (with video),Mingkai Chen; Jing Wang; Yong Xiao; Lianlian Wu; Shan Hu; Shi Chen; Guodong Yi; Wei Hu; Xianmu Xie; Yijie Zhu; Yiyun Chen; Yanning Yang; Honggang Yu,2021,https://doi.org/10.1016/j.gie.2020.06.058,Gastrointestinal Endoscopy,duplicate,"Duplicata de 'Automated and real-time validation of gastroesophageal varices under
esophagogas…' já presente em Web of Science/S1.",ScienceDirect/S3,sim
ScienceDirect,S3,SD3 — upper GI endoscopy + DL/CNN,IYER2023707,"Surveillance in Barrett’s Esophagus: Challenges, Progress, and Possibilities",Prasad G. Iyer; Amitabh Chak,2023,https://doi.org/10.1053/j.gastro.2023.01.031,Gastroenterology,duplicate,"Duplicata de 'Surveillance in Barrett's Esophagus: Challenges, Progress, and Possibilities…' já presente em PubMed/S3.",ScienceDirect/S3,sim
ScienceDirect,S3,SD3 — upper GI endoscopy + DL/CNN,HUANG2025113,The application of artificial intelligence in upper gastrointestinal cancers,Xiaoying Huang; Minghao Qin; Mengjie Fang; Zipei Wang; Chaoen Hu; Tongyu Zhao; Zhuyuan Qin; Haishan Zhu; Ling Wu; Guowei Yu; Francesco De Cobelli; Xuebin Xie; Diego Palumbo; Jie Tian; Di Dong,2025,https://doi.org/10.1016/j.jncc.2024.12.006,Journal of the National Cancer Center,duplicate,Duplicata de 'The application of artificial intelligence in upper gastrointestinal cancers…' já presente em ScienceDirect/S1.,ScienceDirect/S3,sim
ScienceDirect,S3,SD3 — upper GI endoscopy + DL/CNN,YUAN2023101834,Development of a tongue image-based machine learning tool for the diagnosis of gastric cancer: a prospective multicentre clinical cohort study,Li Yuan; Lin Yang; Shichuan Zhang; Zhiyuan Xu; Jiangjiang Qin; Yunfu Shi; Pengcheng Yu; Yi Wang; Zhehan Bao; Yuhang Xia; Jiancheng Sun; Weiyang He; Tianhui Chen; Xiaolei Chen; Can Hu; Yunlong Zhang; Changwu Dong; Ping Zhao; Yanan Wang; Nan Jiang; Bin Lv; Yingwei Xue; Baoping Jiao; Hongyu Gao; Kequn Chai; Jun Li; Hao Wang; Xibo Wang; Xiaoqing Guan; Xu Liu; Gang Zhao; Zhichao Zheng; Jie Yan; Haiyue Yu; Luchuan Chen; Zaisheng Ye; Huaqiang You; Yu Bao; Xi Cheng; Peizheng Zhao; Liang Wang; Wenting Zeng; Yanfei Tian; Ming Chen; You You; Guihong Yuan; Hua Ruan; Xiaole Gao; Jingli Xu; Handong Xu; Lingbin Du; Shengjie Zhang; Huanying Fu; Xiangdong Cheng,2023,https://doi.org/10.1016/j.eclinm.2023.101834,eClinicalMedicine,duplicate,Duplicata de 'Development of a tongue image-based machine learning tool for the diagnosis of g…' já presente em ScienceDirect/S1.,ScienceDirect/S3,sim
ScienceDirect,S3,SD3 — upper GI endoscopy + DL/CNN,SHARMA20221056,Artificial Intelligence and Deep Learning for Upper Gastrointestinal Neoplasia,Prateek Sharma; Cesare Hassan,2022,https://doi.org/10.1053/j.gastro.2021.11.040,Gastroenterology,duplicate,"Duplicata de 'Artificial Intelligence and Deep Learning for Upper Gastrointestinal
Neoplasia…' já presente em Web of Science/S2.",ScienceDirect/S3,sim
ScienceDirect,S3,SD3 — upper GI endoscopy + DL/CNN,SEO2023880,Development and validation of a convolutional neural network model for diagnosing Helicobacter pylori infections with endoscopic images: a multicenter study,Ji Yeon Seo; Hotak Hong; Wi-Sun Ryu; Dongmin Kim; Jaeyoung Chun; Min-Sun Kwak,2023,https://doi.org/10.1016/j.gie.2023.01.007,Gastrointestinal Endoscopy,duplicate,Duplicata de 'Development and validation of a convolutional neural network model for diagnosin…' já presente em PubMed/S2.,ScienceDirect/S3,sim
ScienceDirect,S3,SD3 — upper GI endoscopy + DL/CNN,SINNARASAN202641,Chapter 3 - Rise of machine learning applications in diagnosis and prognosis of gastric cancer: Imaging and omics data,Vigneshwar Suriya Prakash Sinnarasan; Dahrii Paul; Rajesh Das; Mujibur Rahman Sheikh; Amouda Vekatesan,2026,https://doi.org/10.1016/B978-0-443-44121-9.00008-1,Artificial Intelligence in Gastrointestinal Cancers,duplicate,Duplicata de 'Chapter 3 - Rise of machine learning applications in diagnosis and prognosis of …' já presente em ScienceDirect/S1.,ScienceDirect/S3,sim
ScienceDirect,S3,SD3 — upper GI endoscopy + DL/CNN,YANG2022787,Identification of upper GI diseases during screening gastroscopy using a deep convolutional neural network algorithm,Hang Yang; Yu Wu; Bo Yang; Min Wu; Jun Zhou; Qin Liu; Yifei Lin; Shilin Li; Xue Li; Jie Zhang; Rui Wang; Qianrong Xie; Jingqi Li; Yue Luo; Mengjie Tu; Xiao Wang; Haitao Lan; Xuesong Bai; Huaping Wu; Fanwei Zeng; Hong Zhao; Zhang Yi; Fanxin Zeng,2022,https://doi.org/10.1016/j.gie.2022.06.011,Gastrointestinal Endoscopy,duplicate,Duplicata de 'Identification of upper GI diseases during screening gastroscopy using a deep co…' já presente em PubMed/S2.,ScienceDirect/S3,sim
ScienceDirect,S3,SD3 — upper GI endoscopy + DL/CNN,GAO2026103234,Gastric Anatomical Sites Recognition in Gastroscopic Images Based on Dual-branch Perception and Multi-scale Semantic Aggregation,Shujun Gao; Xiaomei Yu; Xiao Liang; Xuanchi Chen; Xiangwei Zheng,2026,https://doi.org/10.1016/j.displa.2025.103234,Displays,duplicate,Duplicata de 'Gastric Anatomical Sites Recognition in Gastroscopic Images Based on Dual-branch…' já presente em Scopus/S1.,ScienceDirect/S3,sim
ScienceDirect,S3,SD3 — upper GI endoscopy + DL/CNN,WU2022269,Real-time artificial intelligence for detecting focal lesions and diagnosing neoplasms of the stomach by white-light endoscopy (with videos),Lianlian Wu; Ming Xu; Xiaoda Jiang; Xinqi He; Heng Zhang; Yaowei Ai; Qiaoyun Tong; Peihua Lv; Bin Lu; Mingwen Guo; Manling Huang; Liping Ye; Lei Shen; Honggang Yu,2022,https://doi.org/10.1016/j.gie.2021.09.017,Gastrointestinal Endoscopy,duplicate,Duplicata de 'Real-time artificial intelligence for detecting focal lesions and diagnosing neo…' já presente em Scopus/S1.,ScienceDirect/S3,sim
ScienceDirect,S3,SD3 — upper GI endoscopy + DL/CNN,LI2024107751,Uncertainty-aware network for fine-grained and imbalanced reflux esophagitis grading,Xingcun Li; Qinghua Wu; Mi Wang; Kun Wu,2024,https://doi.org/10.1016/j.compbiomed.2023.107751,Computers in Biology and Medicine,duplicate,Duplicata de 'Uncertainty-aware network for fine-grained and imbalanced reflux esophagitis gra…' já presente em ScienceDirect/S1.,ScienceDirect/S3,sim
ScienceDirect,S3,SD3 — upper GI endoscopy + DL/CNN,TIANKANON2022AB228,CONVOLUTIONAL NEURAL NETWORK BASED ARTIFICAL INTELLIGENT TO PERFORM REAL-TIME SEMATIC SEGMENTATION ON GASTRIC INTESTINAL METAPLASIA,Kasenee Tiankanon; Rapat Pittayanon; Vitchaya Siripoppohn; Natee Faknak; Anapat Sanpavat; Nareumon Wisedopas; Peerapon Vateekul; Rungsun Rerknimitr,2022,https://doi.org/10.1016/j.gie.2022.04.582,Gastrointestinal Endoscopy,duplicate,Duplicata de 'CONVOLUTIONAL NEURAL NETWORK BASED ARTIFICAL INTELLIGENT TO PERFORM REAL-TIME SE…' já presente em ScienceDirect/S1.,ScienceDirect/S3,não
ScienceDirect,S3,SD3 — upper GI endoscopy + DL/CNN,GONCALVES2025101979,Early diagnosis of gastric cancer: Endoscopy and artificial intelligence,N. Gonçalves; J. Chaves; I. Marques- Sá; M. Dinis-Ribeiro; D. Libânio,2025,https://doi.org/10.1016/j.bpg.2025.101979,Best Practice & Research Clinical Gastroenterology,duplicate,Duplicata de 'Early diagnosis of gastric cancer: Endoscopy and artificial intelligence…' já presente em PubMed/S3.,ScienceDirect/S3,sim
ScienceDirect,S3,SD3 — upper GI endoscopy + DL/CNN,LI2023649,Assessment of Helicobacter pylori infection by deep learning based on endoscopic videos in real time,Yan-Dong Li; Huo-Gen Wang; Sheng-Sen Chen; Jiang-Ping Yu; Rong-Wei Ruan; Chao-Hui Jin; Ming Chen; Jia-Yan Jin; Shi Wang,2023,https://doi.org/10.1016/j.dld.2023.02.010,Digestive and Liver Disease,duplicate,"Duplicata de 'Assessment of Helicobacter pylori infection by deep
learning based on endoscopic…' já presente em Web of Science/S1.",ScienceDirect/S3,sim
ScienceDirect,S3,SD3 — upper GI endoscopy + DL/CNN,WANG2020105236,Celiac disease diagnosis from videocapsule endoscopy images with residual learning and deep feature extraction,Xinle Wang; Haiyang Qian; Edward J. Ciaccio; Suzanne K. Lewis; Govind Bhagat; Peter H. Green; Shenghao Xu; Liang Huang; Rongke Gao; Yu Liu,2020,https://doi.org/10.1016/j.cmpb.2019.105236,Computer Methods and Programs in Biomedicine,duplicate,Duplicata de 'Celiac disease diagnosis from videocapsule endoscopy images with residual learni…' já presente em PubMed/S2.,ScienceDirect/S3,sim
ScienceDirect,S3,SD3 — upper GI endoscopy + DL/CNN,TAI2019749,Upper gastrointestinal endoscopy: can we cut the cord?,Foong Way David Tai; Hey-Long Ching; Melissa F Hale; Mark E McAlindon,2019,https://doi.org/10.1016/S2468-1253(19)30262-6,The Lancet Gastroenterology & Hepatology,duplicate,Duplicata de 'Upper gastrointestinal endoscopy: can we cut the cord?…' já presente em ScienceDirect/S1.,ScienceDirect/S3,não
ScienceDirect,S3,SD3 — upper GI endoscopy + DL/CNN,WEI2025129564,Multi-granularity classification of upper gastrointestinal endoscopic images,Hua Wei; Dongyang Yi; Shuyu Hu; Guobin Zhu; Yi Ding; Minghui Pang,2025,https://doi.org/10.1016/j.neucom.2025.129564,Neurocomputing,duplicate,Duplicata de 'Multi-granularity classification of upper gastrointestinal endoscopic images…' já presente em Scopus/S1.,ScienceDirect/S3,sim
ScienceDirect,S3,SD3 — upper GI endoscopy + DL/CNN,DENG2022e12431,Artificial intelligence applications in pathological diagnosis of gastric cancer,Yang Deng; Hang-Yu Qin; Yan-Yan Zhou; Hong-Hong Liu; Yong Jiang; Jian-Ping Liu; Ji Bao,2022,https://doi.org/10.1016/j.heliyon.2022.e12431,Heliyon,duplicate,Duplicata de 'Artificial intelligence applications in pathological diagnosis of gastric cancer…' já presente em ScienceDirect/S1.,ScienceDirect/S3,sim
ScienceDirect,S4,SD4 — upper GI endoscopy + IA/ML,MA2025103524,Development and validation of an AI foundation model for endoscopic diagnosis of esophagogastric junction adenocarcinoma: a cohort and deep learning study,Yikun Ma; Bo Li; Ying Chen; Zijie Yue; Shuchang Xu; Jingyao Li; Lei Ma; Liang Zhong; Duowu Zou; Leiming Xu; Yunshi Zhong; Xiaobo Li; Weiqun Ding; Minmin Zhang; Dongli He; Zhenghong Li; Ye Chen; Ye Zhao; Jialong Zhuo; Xiaofen Wu; Lisha Yi; Miaojing Shi; Huihui Sun,2025,https://doi.org/10.1016/j.eclinm.2025.103524,eClinicalMedicine,duplicate,Duplicata de 'Development and validation of an AI foundation model for endoscopic diagnosis of…' já presente em Scopus (VLM/FMs)/S1.,ScienceDirect/S4,sim
ScienceDirect,S4,SD4 — upper GI endoscopy + IA/ML,CHEN2021422,Automated and real-time validation of gastroesophageal varices under esophagogastroduodenoscopy using a deep convolutional neural network: a multicenter retrospective study (with video),Mingkai Chen; Jing Wang; Yong Xiao; Lianlian Wu; Shan Hu; Shi Chen; Guodong Yi; Wei Hu; Xianmu Xie; Yijie Zhu; Yiyun Chen; Yanning Yang; Honggang Yu,2021,https://doi.org/10.1016/j.gie.2020.06.058,Gastrointestinal Endoscopy,duplicate,"Duplicata de 'Automated and real-time validation of gastroesophageal varices under
esophagogas…' já presente em Web of Science/S1.",ScienceDirect/S4,sim
ScienceDirect,S4,SD4 — upper GI endoscopy + IA/ML,HU2025S35,ARTIFICIAL INTELLIGENCE-ASSISTED ENDOSCOPY SYSTEM FOR DIAGNOSING HELICOBACTER PYLORI INFECTION ON MUTLTI-INSTANCE LEARNING MODEL: A MULTICENTER STUDY,Yue Hu; Jianwei Xu; Liang Huang; Bin Lv,2025,https://doi.org/10.1016/j.gie.2025.03.064,Gastrointestinal Endoscopy,duplicate,Duplicata de 'ARTIFICIAL INTELLIGENCE-ASSISTED ENDOSCOPY SYSTEM FOR DIAGNOSING HELICOBACTER PY…' já presente em ScienceDirect/S3.,ScienceDirect/S4,não
ScienceDirect,S4,SD4 — upper GI endoscopy + IA/ML,ZHANG2023199,A real-time interpretable artificial intelligence model for the cholangioscopic diagnosis of malignant biliary stricture (with videos),Xiang Zhang; Dehua Tang; Jin-Dong Zhou; Muhan Ni; Peng Yan; Zhenyu Zhang; Tao Yu; Qiang Zhan; Yonghua Shen; Lin Zhou; Ruhua Zheng; Xiaoping Zou; Bin Zhang; Wu-Jun Li; Lei Wang,2023,https://doi.org/10.1016/j.gie.2023.02.026,Gastrointestinal Endoscopy,duplicate,Duplicata de 'A real-time interpretable artificial intelligence model for the cholangioscopic …' já presente em ScienceDirect/S3.,ScienceDirect/S4,sim
ScienceDirect,S4,SD4 — upper GI endoscopy + IA/ML,YI2023182,The application of machine learning and deep learning radiomics in the treatment of esophageal cancer,Jinling Yi; Yibo Wu; Boda Ning; Ji Zhang; Maksim Pleshkov; Ivan Tolmachev; Xiance Jin,2023,https://doi.org/10.1016/j.radmp.2023.10.009,Radiation Medicine and Protection,duplicate,Duplicata de 'The application of machine learning and deep learning radiomics in the treatment…' já presente em ScienceDirect/S3.,ScienceDirect/S4,sim
ScienceDirect,S4,SD4 — upper GI endoscopy + IA/ML,OHMORI2020301,Endoscopic detection and differentiation of esophageal lesions using a deep neural network,Masayasu Ohmori; Ryu Ishihara; Kazuharu Aoyama; Kentaro Nakagawa; Hiroyoshi Iwagami; Noriko Matsuura; Satoki Shichijo; Katsumi Yamamoto; Koji Nagaike; Masanori Nakahara; Takuya Inoue; Kenji Aoi; Hiroyuki Okada; Tomohiro Tada,2020,https://doi.org/10.1016/j.gie.2019.09.034,Gastrointestinal Endoscopy,duplicate,Duplicata de 'Endoscopic detection and differentiation of esophageal lesions using a deep neur…' já presente em ScienceDirect/S3.,ScienceDirect/S4,sim
ScienceDirect,S4,SD4 — upper GI endoscopy + IA/ML,ZAMMIT20231455,Quantification of Celiac Disease Severity Using Video Capsule Endoscopy: A Comparison of Human Experts and Machine Learning Algorithms,Stefania Chetcuti Zammit; Mark E. McAlindon; Elliot Greenblatt; Michael Maker; Jenifer Siegelman; Daniel A. Leffler; Ozlem Yardibi; David Raunig; Terry Brown; Reena Sidhu,2023,https://doi.org/10.2174/1573405619666230123110957,Current Medical Imaging,duplicate,Duplicata de 'Quantification of Celiac Disease Severity Using Video Capsule Endoscopy: A Compa…' já presente em ScienceDirect/S3.,ScienceDirect/S4,sim
ScienceDirect,S4,SD4 — upper GI endoscopy + IA/ML,NAM2022258,"Deep learning model for diagnosing gastric mucosal lesions using endoscopic images: development, validation, and method comparison",Joon Yeul Nam; Hyung Jin Chung; Kyu Sung Choi; Hyuk Lee; Tae Jun Kim; Hosim Soh; Eun Ae Kang; Soo-Jeong Cho; Jong Chul Ye; Jong Pil Im; Sang Gyun Kim; Joo Sung Kim; Hyunsoo Chung; Jeong-Hoon Lee,2022,https://doi.org/10.1016/j.gie.2021.08.022,Gastrointestinal Endoscopy,duplicate,Duplicata de 'Deep learning model for diagnosing gastric mucosal lesions using endoscopic imag…' já presente em ScienceDirect/S3.,ScienceDirect/S4,sim
ScienceDirect,S4,SD4 — upper GI endoscopy + IA/ML,OURA2020AB582,Tu1481 DEVELOPMENT AND EVALUATION OF DOUBLE CHECK SUPPORT SYSTEM USING ARTIFICIAL INTELLIGENCE IN ENDOSCOPIC SCREENING FOR GASTRIC CANCER,Hirotaka Oura; Tomoaki Matsumura; Tatsuya Kaneko; Mamoru Tokunaga; Yushi Imai; Tsubasa Oike; Yuya Yokoyama; Naoki Akizue; Yuki Ohta; Kenichiro Okimoto; Daisuke Maruoka; Makoto Arai; Mai Fujie; Kazuya Yamaguchi; Jun Kato; Naoya Kato,2020,https://doi.org/10.1016/j.gie.2020.03.3653,Gastrointestinal Endoscopy,duplicate,Duplicata de 'Tu1481 DEVELOPMENT AND EVALUATION OF DOUBLE CHECK SUPPORT SYSTEM USING ARTIFICIA…' já presente em ScienceDirect/S3.,ScienceDirect/S4,não
ScienceDirect,S4,SD4 — upper GI endoscopy + IA/ML,IYER2023707,"Surveillance in Barrett’s Esophagus: Challenges, Progress, and Possibilities",Prasad G. Iyer; Amitabh Chak,2023,https://doi.org/10.1053/j.gastro.2023.01.031,Gastroenterology,duplicate,"Duplicata de 'Surveillance in Barrett's Esophagus: Challenges, Progress, and Possibilities…' já presente em PubMed/S3.",ScienceDirect/S4,sim
ScienceDirect,S4,SD4 — upper GI endoscopy + IA/ML,KHAN2024106396,Multi-module attention-guided deep learning framework for precise gastrointestinal disease identification in endoscopic imagery,Sultan Daud Khan; Saleh Basalamah; Ahmed Lbath,2024,https://doi.org/10.1016/j.bspc.2024.106396,Biomedical Signal Processing and Control,duplicate,Duplicata de 'Multi-module attention-guided deep learning framework for precise gastrointestin…' já presente em ScienceDirect/S3.,ScienceDirect/S4,sim
ScienceDirect,S4,SD4 — upper GI endoscopy + IA/ML,JAHMUNAH202382,"Endoscopy, video capsule endoscopy, and biopsy for automated celiac disease detection: A review",V. Jahmunah; Joel En Wei Koh; Vidya K. Sudarshan; U. Raghavendra; Anjan Gudigar; Shu Lih Oh; Hui Wen Loh; Oliver Faust; Prabal Datta Barua; Edward J. Ciaccio; U. Rajendra Acharya,2023,https://doi.org/10.1016/j.bbe.2022.12.002,Biocybernetics and Biomedical Engineering,duplicate,"Duplicata de 'Endoscopy, video capsule endoscopy, and biopsy for automated celiac disease dete…' já presente em ScienceDirect/S3.",ScienceDirect/S4,sim
ScienceDirect,S4,SD4 — upper GI endoscopy + IA/ML,YUAN2023101834,Development of a tongue image-based machine learning tool for the diagnosis of gastric cancer: a prospective multicentre clinical cohort study,Li Yuan; Lin Yang; Shichuan Zhang; Zhiyuan Xu; Jiangjiang Qin; Yunfu Shi; Pengcheng Yu; Yi Wang; Zhehan Bao; Yuhang Xia; Jiancheng Sun; Weiyang He; Tianhui Chen; Xiaolei Chen; Can Hu; Yunlong Zhang; Changwu Dong; Ping Zhao; Yanan Wang; Nan Jiang; Bin Lv; Yingwei Xue; Baoping Jiao; Hongyu Gao; Kequn Chai; Jun Li; Hao Wang; Xibo Wang; Xiaoqing Guan; Xu Liu; Gang Zhao; Zhichao Zheng; Jie Yan; Haiyue Yu; Luchuan Chen; Zaisheng Ye; Huaqiang You; Yu Bao; Xi Cheng; Peizheng Zhao; Liang Wang; Wenting Zeng; Yanfei Tian; Ming Chen; You You; Guihong Yuan; Hua Ruan; Xiaole Gao; Jingli Xu; Handong Xu; Lingbin Du; Shengjie Zhang; Huanying Fu; Xiangdong Cheng,2023,https://doi.org/10.1016/j.eclinm.2023.101834,eClinicalMedicine,duplicate,Duplicata de 'Development of a tongue image-based machine learning tool for the diagnosis of g…' já presente em ScienceDirect/S1.,ScienceDirect/S4,sim
ScienceDirect,S4,SD4 — upper GI endoscopy + IA/ML,HUANG2023107280,Class-Specific Distribution Alignment for semi-supervised medical image classification,Zhongzheng Huang; Jiawei Wu; Tao Wang; Zuoyong Li; Anastasia Ioannou,2023,https://doi.org/10.1016/j.compbiomed.2023.107280,Computers in Biology and Medicine,duplicate,Duplicata de 'Class-Specific Distribution Alignment for semi-supervised medical image classifi…' já presente em ScienceDirect/S3.,ScienceDirect/S4,sim
ScienceDirect,S4,SD4 — upper GI endoscopy + IA/ML,SINNARASAN202641,Chapter 3 - Rise of machine learning applications in diagnosis and prognosis of gastric cancer: Imaging and omics data,Vigneshwar Suriya Prakash Sinnarasan; Dahrii Paul; Rajesh Das; Mujibur Rahman Sheikh; Amouda Vekatesan,2026,https://doi.org/10.1016/B978-0-443-44121-9.00008-1,Artificial Intelligence in Gastrointestinal Cancers,duplicate,Duplicata de 'Chapter 3 - Rise of machine learning applications in diagnosis and prognosis of …' já presente em ScienceDirect/S1.,ScienceDirect/S4,sim
ScienceDirect,S4,SD4 — upper GI endoscopy + IA/ML,SEO2023880,Development and validation of a convolutional neural network model for diagnosing Helicobacter pylori infections with endoscopic images: a multicenter study,Ji Yeon Seo; Hotak Hong; Wi-Sun Ryu; Dongmin Kim; Jaeyoung Chun; Min-Sun Kwak,2023,https://doi.org/10.1016/j.gie.2023.01.007,Gastrointestinal Endoscopy,duplicate,Duplicata de 'Development and validation of a convolutional neural network model for diagnosin…' já presente em PubMed/S2.,ScienceDirect/S4,sim
ScienceDirect,S4,SD4 — upper GI endoscopy + IA/ML,LEE2023S-718,Su1954 EVALUATION OF THE GASTRIC CANCER RISK WITH UPPER ENDOSCOPIC IMAGES: A CLOUD-COMPUTING TELEMEDICINE SERVICE BASED ON ARTIFICIAL INTELLIGENCE,Yi-Chia Lee; Tsung-Hsien Chiang; Yen-Ning Hsu; Min-Han Chen; Yi-Ru Chen; Jyh-Ming Liou; Han-Mo Chiu; Ming-Shiang Wu; Chu-Song Chen,2023,https://doi.org/10.1016/S0016-5085(23)02668-9,Gastroenterology,duplicate,Duplicata de 'Su1954 EVALUATION OF THE GASTRIC CANCER RISK WITH UPPER ENDOSCOPIC IMAGES: A CLO…' já presente em ScienceDirect/S3.,ScienceDirect/S4,não
ScienceDirect,S4,SD4 — upper GI endoscopy + IA/ML,GAO2026103234,Gastric Anatomical Sites Recognition in Gastroscopic Images Based on Dual-branch Perception and Multi-scale Semantic Aggregation,Shujun Gao; Xiaomei Yu; Xiao Liang; Xuanchi Chen; Xiangwei Zheng,2026,https://doi.org/10.1016/j.displa.2025.103234,Displays,duplicate,Duplicata de 'Gastric Anatomical Sites Recognition in Gastroscopic Images Based on Dual-branch…' já presente em Scopus/S1.,ScienceDirect/S4,sim
ScienceDirect,S4,SD4 — upper GI endoscopy + IA/ML,WU2022269,Real-time artificial intelligence for detecting focal lesions and diagnosing neoplasms of the stomach by white-light endoscopy (with videos),Lianlian Wu; Ming Xu; Xiaoda Jiang; Xinqi He; Heng Zhang; Yaowei Ai; Qiaoyun Tong; Peihua Lv; Bin Lu; Mingwen Guo; Manling Huang; Liping Ye; Lei Shen; Honggang Yu,2022,https://doi.org/10.1016/j.gie.2021.09.017,Gastrointestinal Endoscopy,duplicate,Duplicata de 'Real-time artificial intelligence for detecting focal lesions and diagnosing neo…' já presente em Scopus/S1.,ScienceDirect/S4,sim
ScienceDirect,S4,SD4 — upper GI endoscopy + IA/ML,LI2024107751,Uncertainty-aware network for fine-grained and imbalanced reflux esophagitis grading,Xingcun Li; Qinghua Wu; Mi Wang; Kun Wu,2024,https://doi.org/10.1016/j.compbiomed.2023.107751,Computers in Biology and Medicine,duplicate,Duplicata de 'Uncertainty-aware network for fine-grained and imbalanced reflux esophagitis gra…' já presente em ScienceDirect/S1.,ScienceDirect/S4,sim
ScienceDirect,S4,SD4 — upper GI endoscopy + IA/ML,TIAN2025804,"Prospective, multicenter, self-controlled clinical trial on the effectiveness and safety of a cable-transmission magnetically controlled capsule endoscopy system for the examination of upper GI diseases (with video)",Yuan Tian; Shiyu Du; Hong Liu; Hang Yu; Ruxue Bai; Hui Su; Xinyue Guo; Yan He; Zhenmei Song; Yanming Chen; Qian Li; Jing Wang; Wenming Huang; Long Rong,2025,https://doi.org/10.1016/j.gie.2024.07.028,Gastrointestinal Endoscopy,duplicate,"Duplicata de 'Prospective, multicenter, self-controlled clinical trial on the effectiveness an…' já presente em ScienceDirect/S2.",ScienceDirect/S4,sim
ScienceDirect,S4,SD4 — upper GI endoscopy + IA/ML,TIANKANON2022AB228,CONVOLUTIONAL NEURAL NETWORK BASED ARTIFICAL INTELLIGENT TO PERFORM REAL-TIME SEMATIC SEGMENTATION ON GASTRIC INTESTINAL METAPLASIA,Kasenee Tiankanon; Rapat Pittayanon; Vitchaya Siripoppohn; Natee Faknak; Anapat Sanpavat; Nareumon Wisedopas; Peerapon Vateekul; Rungsun Rerknimitr,2022,https://doi.org/10.1016/j.gie.2022.04.582,Gastrointestinal Endoscopy,duplicate,Duplicata de 'CONVOLUTIONAL NEURAL NETWORK BASED ARTIFICAL INTELLIGENT TO PERFORM REAL-TIME SE…' já presente em ScienceDirect/S1.,ScienceDirect/S4,não
ScienceDirect,S4,SD4 — upper GI endoscopy + IA/ML,SHICHIJO2018AB271,Sa1970 APPLICATION OF CONVOLUTIONAL NEURAL NETWORKS IN THE DIAGNOSIS OF HELICOBACTER PYLORI INFECTION BASED ON ENDOSCOPIC IMAGES,Satoki Shichijo; Kazuharu Aoyama; Hirotoshi Takiyama; Takahide Shinagawa; Soichiro Ishihara; Keigo Matsuo; Tomohiro Tada,2018,https://doi.org/10.1016/j.gie.2018.04.1584,Gastrointestinal Endoscopy,duplicate,Duplicata de 'Sa1970 APPLICATION OF CONVOLUTIONAL NEURAL NETWORKS IN THE DIAGNOSIS OF HELICOBA…' já presente em ScienceDirect/S3.,ScienceDirect/S4,não
ScienceDirect,S4,SD4 — upper GI endoscopy + IA/ML,HOLZWANGER2023157,Improving Dysplasia Detection in Barrett's Esophagus,Erik A. Holzwanger; Alex Y. Liu; Prasad G. Iyer,2023,https://doi.org/10.1016/j.tige.2023.01.002,Techniques and Innovations in Gastrointestinal Endoscopy,duplicate,Duplicata de 'Improving Dysplasia Detection in Barrett's Esophagus…' já presente em ScienceDirect/S3.,ScienceDirect/S4,sim
ScienceDirect,S4,SD4 — upper GI endoscopy + IA/ML,GADERMAYR2018221,Automated classification of celiac disease during upper endoscopy: Status quo and quo vadis,M. Gadermayr; G. Wimmer; H. Kogler; A. Vécsei; D. Merhof; A. Uhl,2018,https://doi.org/10.1016/j.compbiomed.2018.04.020,Computers in Biology and Medicine,duplicate,Duplicata de 'Automated classification of celiac disease during upper endoscopy: Status quo an…' já presente em ScienceDirect/S3.,ScienceDirect/S4,sim
ScienceDirect,S4,SD4 — upper GI endoscopy + IA/ML,LI2023649,Assessment of Helicobacter pylori infection by deep learning based on endoscopic videos in real time,Yan-Dong Li; Huo-Gen Wang; Sheng-Sen Chen; Jiang-Ping Yu; Rong-Wei Ruan; Chao-Hui Jin; Ming Chen; Jia-Yan Jin; Shi Wang,2023,https://doi.org/10.1016/j.dld.2023.02.010,Digestive and Liver Disease,duplicate,"Duplicata de 'Assessment of Helicobacter pylori infection by deep
learning based on endoscopic…' já presente em Web of Science/S1.",ScienceDirect/S4,sim
ScienceDirect,S4,SD4 — upper GI endoscopy + IA/ML,SRINIVAS2020AB264,Sa2061 DEVELOPMENT OF AN ARTIFICIAL NETWORK TO IDENTIFY STANDARD ENDOSCOPIC LANDMARKS ON ESOPHAGOGASTRODUODENOSCOPIES PERFORMED IN ROUTINE CLINICAL PRACTICE,Shreyas Srinivas; Vahid Asadpour; Bechien U. Wu; Christine Yu; Sharon Koh; Elizabeth Dong; Karl Kwok,2020,https://doi.org/10.1016/j.gie.2020.03.1857,Gastrointestinal Endoscopy,duplicate,Duplicata de 'Sa2061 DEVELOPMENT OF AN ARTIFICIAL NETWORK TO IDENTIFY STANDARD ENDOSCOPIC LAND…' já presente em ScienceDirect/S3.,ScienceDirect/S4,não
ScienceDirect,S4,SD4 — upper GI endoscopy + IA/ML,MAGALHAES20251092,Using generative adversarial networks for endoscopic image augmentation of stomach precancerous lesions,Bruno Magalhães; Alexandre Neto; Eduarda Almeida; Diogo Libânio; Jéssica Chaves; Mário Dinis-Ribeiro; Miguel Coimbra; António Cunha,2025,https://doi.org/10.1016/j.procs.2025.02.216,Procedia Computer Science,duplicate,Duplicata de 'Using generative adversarial networks for endoscopic image augmentation of stoma…' já presente em ScienceDirect/S3.,ScienceDirect/S4,sim
ScienceDirect,S4,SD4 — upper GI endoscopy + IA/ML,YEOH2026114913,Variational autoencoders for anatomy-specific insights in medical imaging: A systematic review,Pauline Shan Qing Yeoh; Yongting Zhang; Khairunnisa Hasikin; Xiang Wu; Khin Wee Lai,2026,https://doi.org/10.1016/j.asoc.2026.114913,Applied Soft Computing,duplicate,Duplicata de 'Variational autoencoders for anatomy-specific insights in medical imaging: A sys…' já presente em ScienceDirect/S3.,ScienceDirect/S4,sim
ScienceDirect,S4,SD4 — upper GI endoscopy + IA/ML,YAO2025,Usefulness of artificial intelligence in diagnosing early gastric cancer using magnifying endoscopy with narrow-band imaging,Kenshi Yao; Shunpei Nishida; Masaki Miyaoka; Yoichiro Ono; Takao Kanemitsu; Kentaro Imamura; Satoshi Ishikawa; Rino Hasegawa; Shou Aso; Keisuke Takano; Shugo Oozono; Takayuki Hirase; Takashi Hisabe; Seiichiro Sakaguchi; Manabu Ichikawa; Hidetoshi Nishimura,2025,https://doi.org/10.1016/j.igie.2025.10.005,iGIE,duplicate,Duplicata de 'Usefulness of artificial intelligence in diagnosing early gastric cancer using m…' já presente em ScienceDirect/S3.,ScienceDirect/S4,sim
ScienceDirect,S4,SD4 — upper GI endoscopy + IA/ML,BAJHAIYA2023452,Deep learning–powered generation of artificial endoscopic images of GI tract ulcers,Deepak Bajhaiya; Sujatha Narayanan Unni; A.K. Koushik,2023,https://doi.org/10.1016/j.igie.2023.08.002,iGIE,duplicate,Duplicata de 'Deep learning–powered generation of artificial endoscopic images of GI tract ulc…' já presente em ScienceDirect/S3.,ScienceDirect/S4,sim
ScienceDirect,S4,SD4 — upper GI endoscopy + IA/ML,KATUKURI2026103544,Endo-Hepatology and Artificial Intelligence: New Avenues for Diagnosis and Intervention,Goutham Reddy Katukuri; Rakesh Kalapala,2026,https://doi.org/10.1016/j.jceh.2026.103544,Journal of Clinical and Experimental Hepatology,duplicate,Duplicata de 'Endo-Hepatology and Artificial Intelligence: New Avenues for Diagnosis and Inter…' já presente em ScienceDirect/S3.,ScienceDirect/S4,sim
ScienceDirect,S4,SD4 — upper GI endoscopy + IA/ML,EBIGBO2025396,Artificial Intelligence Applications in Image-Based Diagnosis of Early Esophageal and Gastric Neoplasms,Alanna Ebigbo; Helmut Messmann; Sung Hak Lee,2025,https://doi.org/10.1053/j.gastro.2025.01.253,Gastroenterology,duplicate,Duplicata de 'Artificial Intelligence Applications in Image-Based Diagnosis of Early Esophagea…' já presente em ScienceDirect/S3.,ScienceDirect/S4,sim
ScienceDirect,S4,SD4 — upper GI endoscopy + IA/ML,SUGAWARA2024AB33,DEVELOPMENT OF AN AI-BASED ENDOSCOPIC EXAMINATION REVIEWING ASSISTANCE SYSTEM,Hideyuki Sugawara; Tomoyuki Koike; Katsuaki Kato; Takashi Chiba; Kiyotaka Asanuma; Waku Hatta; Kaname Uno; Naoki Asano; Tomohiro Tada; Atsushi Masamune,2024,https://doi.org/10.1016/j.gie.2024.04.698,Gastrointestinal Endoscopy,duplicate,Duplicata de 'DEVELOPMENT OF AN AI-BASED ENDOSCOPIC EXAMINATION REVIEWING ASSISTANCE SYSTEM…' já presente em ScienceDirect/S3.,ScienceDirect/S4,não
ScienceDirect,S4,SD4 — upper GI endoscopy + IA/ML,BANG20211006,Computer-aided diagnosis of esophageal cancer and neoplasms in endoscopic images: a systematic review and meta-analysis of diagnostic test accuracy,Chang Seok Bang; Jae Jun Lee; Gwang Ho Baik,2021,https://doi.org/10.1016/j.gie.2020.11.025,Gastrointestinal Endoscopy,duplicate,Duplicata de 'Computer-aided diagnosis of esophageal cancer and neoplasms in endoscopic images…' já presente em ScienceDirect/S3.,ScienceDirect/S4,sim
ScienceDirect,S4,SD4 — upper GI endoscopy + IA/ML,DIB2025100176,Eosinophilic esophagitis masquerading as steakhouse syndrome: A case report,Emanuel-Youssef Dib; Jessy Fadel; Karam Karam; Sarah Saleh; Houssein Chebbo; Elias Fiani,2025,https://doi.org/10.1016/j.hmedic.2025.100176,Medical Reports,duplicate,Duplicata de 'Eosinophilic esophagitis masquerading as steakhouse syndrome: A case report…' já presente em ScienceDirect/S2.,ScienceDirect/S4,sim
ScienceDirect,S4,SD4 — upper GI endoscopy + IA/ML,NETO2024201,Research Challenges for Augmenting Endoscopy Image Datasets using Image Combination Methodologies,Alexandre Neto; Diogo Libânio; Mário Dinis-Ribeiro; Miguel Coimbra; António Cunha,2024,https://doi.org/10.1016/j.procs.2024.06.163,Procedia Computer Science,duplicate,Duplicata de 'Research Challenges for Augmenting Endoscopy Image Datasets using Image Combinat…' já presente em Scopus/S1.,ScienceDirect/S4,sim
ScienceDirect,S4,SD4 — upper GI endoscopy + IA/ML,ZHOU2024e35854,RETRACTED: Optimizing MobileNetV2 for improved accuracy in early gastric cancer detection based on dynamic pelican optimizer,Guoping Zhou; Qiyu He; Xiaoli Liu; Xinghua Kai; Weikang Cao; Junning Ding; Bufeng Zhuang; Shuhua Xu; Myo Thwin,2024,https://doi.org/10.1016/j.heliyon.2024.e35854,Heliyon,duplicate,Duplicata de 'RETRACTED: Optimizing MobileNetV2 for improved accuracy in early gastric cancer …' já presente em ScienceDirect/S3.,ScienceDirect/S4,sim
ScienceDirect,S4,SD4 — upper GI endoscopy + IA/ML,ZHENG2024102208,Endoscopic video aided identification method for gastric area,Xiangwei Zheng; Dejian Su; Xuanchi Chen; Mingzhe Zhang,2024,https://doi.org/10.1016/j.jksuci.2024.102208,Journal of King Saud University - Computer and Information Sciences,duplicate,Duplicata de 'Endoscopic video aided identification method for gastric area…' já presente em ScienceDirect/S3.,ScienceDirect/S4,sim
ScienceDirect,S4,SD4 — upper GI endoscopy + IA/ML,TARAR2023S-717,Su1951 COVID-19 INFECTION RESULTED IN DELAYS FOR ENDOSCOPIC EVALUATION FOR NON-VARICEAL UPPER GASTROINTESTINAL BLEEDING,Zahid Ijaz Tarar; Umer Farooq; Hamza Ertugrul; Saad Saleem; Harleen Chela; Ebubekir Daglilar,2023,https://doi.org/10.1016/S0016-5085(23)02665-3,Gastroenterology,duplicate,Duplicata de 'Su1951 COVID-19 INFECTION RESULTED IN DELAYS FOR ENDOSCOPIC EVALUATION FOR NON-V…' já presente em ScienceDirect/S3.,ScienceDirect/S4,não
ScienceDirect,S4,SD4 — upper GI endoscopy + IA/ML,QUON2026S-2575,Su1215 PREDICTING PROGRESSION OF GASTRIC PRECANCER WITH ARTIFICIAL INTELLIGENCE: A MACHINE LEARNING MODEL FOR RISK STRATIFICATION AND SURVEILLANCE TIMING,Cameron M. Quon; Susie Lee; Kristen Pang; Sean Lee; Nathan Kim; Grace Im; Jennifer Koh; Nara Lee; Gino In; Albert Han; Sang Hoon Ahn; Eunjung Lee; Stella Yoo; Andrew H. Kim; James L. Buxbaum,2026,https://doi.org/10.1016/S0016-5107(26)06034-7,Gastrointestinal Endoscopy,duplicate,Duplicata de 'Su1215 PREDICTING PROGRESSION OF GASTRIC PRECANCER WITH ARTIFICIAL INTELLIGENCE:…' já presente em ScienceDirect/S3.,ScienceDirect/S4,não
ScienceDirect,S4,SD4 — upper GI endoscopy + IA/ML,TONOZUKA20221147,Artificial intelligence for routine esophagogastroduodenoscopy quality monitoring: Is the future right before our eyes?,Ryosuke Tonozuka; Ryota Niikura; Takao Itoi,2022,https://doi.org/10.1016/j.gie.2022.02.030,Gastrointestinal Endoscopy,duplicate,Duplicata de 'Artificial intelligence for routine esophagogastroduodenoscopy quality monitorin…' já presente em ScienceDirect/S3.,ScienceDirect/S4,não
ScienceDirect,S4,SD4 — upper GI endoscopy + IA/ML,ESKANDAR2025100205,"Artificial intelligence in hepatology: A comprehensive scoping review of clinical applications, challenges, and future directions",Kirolos Eskandar,2025,https://doi.org/10.1016/j.iliver.2025.100205,iLIVER,duplicate,Duplicata de 'Artificial intelligence in hepatology: A comprehensive scoping review of clinica…' já presente em ScienceDirect/S3.,ScienceDirect/S4,sim
ScienceDirect,S4,SD4 — upper GI endoscopy + IA/ML,NAMIKAWA2019AB74,343 CAN ARTIFICIAL INTELLIGENCE-BASED DIAGNOSTIC SYSTEM PERFORM DIFFERENTIAL DIAGNOSIS OF GASTRIC CANCER AND GASTRIC ULCER?,Ken Namikawa; Toshiaki Hirasawa; Yohei Ikenoyama; Mitsuaki Ishioka; Atsuko Tamashiro; Sho Shiroma; Kaoru Nakano; Yoshitaka Tokai; Naoki Akazawa; Toshiyuki Yoshio; Tomohiro Tada; Junko Fujisaki,2019,https://doi.org/10.1016/j.gie.2019.04.047,Gastrointestinal Endoscopy,duplicate,Duplicata de '343 CAN ARTIFICIAL INTELLIGENCE-BASED DIAGNOSTIC SYSTEM PERFORM DIFFERENTIAL DIA…' já presente em ScienceDirect/S3.,ScienceDirect/S4,não
ScienceDirect,S4,SD4 — upper GI endoscopy + IA/ML,HUANG2025113,The application of artificial intelligence in upper gastrointestinal cancers,Xiaoying Huang; Minghao Qin; Mengjie Fang; Zipei Wang; Chaoen Hu; Tongyu Zhao; Zhuyuan Qin; Haishan Zhu; Ling Wu; Guowei Yu; Francesco De Cobelli; Xuebin Xie; Diego Palumbo; Jie Tian; Di Dong,2025,https://doi.org/10.1016/j.jncc.2024.12.006,Journal of the National Cancer Center,duplicate,Duplicata de 'The application of artificial intelligence in upper gastrointestinal cancers…' já presente em ScienceDirect/S1.,ScienceDirect/S4,sim
ScienceDirect,S4,SD4 — upper GI endoscopy + IA/ML,YE2025100264,Advanced NLP-driven predictive modeling for tailored treatment strategies in gastrointestinal cancer,Zhaojun Ye; Haibin Ban; Cuihua Li; Sufang Chen,2025,https://doi.org/10.1016/j.slast.2025.100264,SLAS Technology,duplicate,Duplicata de 'Advanced NLP-driven predictive modeling for tailored treatment strategies in gas…' já presente em ScienceDirect/S3.,ScienceDirect/S4,sim
ScienceDirect,S4,SD4 — upper GI endoscopy + IA/ML,SHARMA20221056,Artificial Intelligence and Deep Learning for Upper Gastrointestinal Neoplasia,Prateek Sharma; Cesare Hassan,2022,https://doi.org/10.1053/j.gastro.2021.11.040,Gastroenterology,duplicate,"Duplicata de 'Artificial Intelligence and Deep Learning for Upper Gastrointestinal
Neoplasia…' já presente em Web of Science/S2.",ScienceDirect/S4,sim
ScienceDirect,S4,SD4 — upper GI endoscopy + IA/ML,YANG2022787,Identification of upper GI diseases during screening gastroscopy using a deep convolutional neural network algorithm,Hang Yang; Yu Wu; Bo Yang; Min Wu; Jun Zhou; Qin Liu; Yifei Lin; Shilin Li; Xue Li; Jie Zhang; Rui Wang; Qianrong Xie; Jingqi Li; Yue Luo; Mengjie Tu; Xiao Wang; Haitao Lan; Xuesong Bai; Huaping Wu; Fanwei Zeng; Hong Zhao; Zhang Yi; Fanxin Zeng,2022,https://doi.org/10.1016/j.gie.2022.06.011,Gastrointestinal Endoscopy,duplicate,Duplicata de 'Identification of upper GI diseases during screening gastroscopy using a deep co…' já presente em PubMed/S2.,ScienceDirect/S4,sim
ScienceDirect,S4,SD4 — upper GI endoscopy + IA/ML,LUO20191645,"Real-time artificial intelligence for detection of upper gastrointestinal cancer by endoscopy: a multicentre, case-control, diagnostic study",Huiyan Luo; Guoliang Xu; Chaofeng Li; Longjun He; Linna Luo; Zixian Wang; Bingzhong Jing; Yishu Deng; Ying Jin; Yin Li; Bin Li; Wencheng Tan; Caisheng He; Sharvesh Raj Seeruttun; Qiubao Wu; Jun Huang; De-wang Huang; Bin Chen; Shao-bin Lin; Qin-ming Chen; Chu-ming Yuan; Hai-xin Chen; Heng-ying Pu; Feng Zhou; Yun He; Rui-hua Xu,2019,https://doi.org/10.1016/S1470-2045(19)30637-0,The Lancet Oncology,duplicate,Duplicata de 'Real-time artificial intelligence for detection of upper gastrointestinal cancer…' já presente em ScienceDirect/S3.,ScienceDirect/S4,sim
ScienceDirect,S4,SD4 — upper GI endoscopy + IA/ML,TAMASHIRO2019AB654,Tu2006 EFFICACY OF ARTIFICIAL INTELLIGENCE USING CONVOLUTIONAL NEURAL NETWORKS IN THE DETECTION OF PHARYNGEAL CANCER,Atsuko Tamashiro; Toshiyuki Yoshio; Kazuharu Aoyama; Akiyoshi Ishiyama; Tomohiro Tsuchida; Junko Fujisaki; Tomohiro Tada,2019,https://doi.org/10.1016/j.gie.2019.03.1150,Gastrointestinal Endoscopy,duplicate,Duplicata de 'Tu2006 EFFICACY OF ARTIFICIAL INTELLIGENCE USING CONVOLUTIONAL NEURAL NETWORKS I…' já presente em ScienceDirect/S3.,ScienceDirect/S4,não
ScienceDirect,S4,SD4 — upper GI endoscopy + IA/ML,GONCALVES2025101979,Early diagnosis of gastric cancer: Endoscopy and artificial intelligence,N. Gonçalves; J. Chaves; I. Marques- Sá; M. Dinis-Ribeiro; D. Libânio,2025,https://doi.org/10.1016/j.bpg.2025.101979,Best Practice & Research Clinical Gastroenterology,duplicate,Duplicata de 'Early diagnosis of gastric cancer: Endoscopy and artificial intelligence…' já presente em PubMed/S3.,ScienceDirect/S4,sim
ScienceDirect,S4,SD4 — upper GI endoscopy + IA/ML,TURAN20181861,Deep EndoVO: A recurrent convolutional neural network (RCNN) based visual odometry approach for endoscopic capsule robots,Mehmet Turan; Yasin Almalioglu; Helder Araujo; Ender Konukoglu; Metin Sitti,2018,https://doi.org/10.1016/j.neucom.2017.10.014,Neurocomputing,duplicate,Duplicata de 'Deep EndoVO: A recurrent convolutional neural network (RCNN) based visual odomet…' já presente em ScienceDirect/S3.,ScienceDirect/S4,sim
ScienceDirect,S4,SD4 — upper GI endoscopy + IA/ML,KIM2024112043,Federated regressive learning: Adaptive weight updates through statistical information of clients,Dong Seok Kim; Shabir Ahmad; Taeg Keun Whangbo,2024,https://doi.org/10.1016/j.asoc.2024.112043,Applied Soft Computing,duplicate,Duplicata de 'Federated regressive learning: Adaptive weight updates through statistical infor…' já presente em ScienceDirect/S3.,ScienceDirect/S4,sim
ScienceDirect,S4,SD4 — upper GI endoscopy + IA/ML,SANA2020103996,Artificial intelligence in celiac disease,Muhammad Khawar Sana; Zeshan M. Hussain; Pir Ahmad Shah; Muhammad Haisum Maqsood,2020,https://doi.org/10.1016/j.compbiomed.2020.103996,Computers in Biology and Medicine,duplicate,Duplicata de 'Artificial intelligence in celiac disease…' já presente em ScienceDirect/S3.,ScienceDirect/S4,sim
ScienceDirect,S4,SD4 — upper GI endoscopy + IA/ML,OURA2021AB343,ID: 3526843 COMPUTER-AIDED DOUBLE-CHECKING SUPPORT SYSTEM FOR GASTRIC CANCER SCREENING,Hirotaka Oura; Tomoaki Matsumura; Mamoru Tokunaga; Tatsuya Kaneko; Naoki Akizue; Yuki Ohta; Kenichiro Okimoto; Makoto Arai; Jun Kato; Naoya Kato,2021,https://doi.org/10.1016/j.gie.2021.03.854,Gastrointestinal Endoscopy,duplicate,Duplicata de 'ID: 3526843 COMPUTER-AIDED DOUBLE-CHECKING SUPPORT SYSTEM FOR GASTRIC CANCER SCR…' já presente em ScienceDirect/S3.,ScienceDirect/S4,não
ScienceDirect,S4,SD4 — upper GI endoscopy + IA/ML,NATHANI2025319,Role of Artificial Intelligence in the Detection and Management of Premalignant and Malignant Lesions of the Esophagus and Stomach,Piyush Nathani; Prateek Sharma,2025,https://doi.org/10.1016/j.giec.2024.10.003,Gastrointestinal Endoscopy Clinics of North America,duplicate,Duplicata de 'Role of Artificial Intelligence in the Detection and Management of Premalignant …' já presente em ScienceDirect/S3.,ScienceDirect/S4,não
ScienceDirect,S4,SD4 — upper GI endoscopy + IA/ML,OURA2020AB49,501 DEVELOPMENT AND EVALUATION OF DOUBLE CHECK SUPPORT SYSTEM USING ARTIFICIAL INTELLIGENCE IN ENDOSCOPIC SCREENING FOR GASTRIC CANCER,Hirotaka Oura; Tomoaki Matsumura; Tatsuya Kaneko; Mamoru Tokunaga; Yushi Imai; Tsubasa Oike; Yuya Yokoyama; Naoki Akizue; Yuki Ohta; Kenichiro Okimoto; Daisuke Maruoka; Makoto Arai; Mai Fujie; Kazuya Yamaguchi; Jun Kato; Naoya Kato,2020,https://doi.org/10.1016/j.gie.2020.03.302,Gastrointestinal Endoscopy,duplicate,Duplicata de '501 DEVELOPMENT AND EVALUATION OF DOUBLE CHECK SUPPORT SYSTEM USING ARTIFICIAL I…' já presente em ScienceDirect/S3.,ScienceDirect/S4,não
ScienceDirect,S4,SD4 — upper GI endoscopy + IA/ML,WANG2020105236,Celiac disease diagnosis from videocapsule endoscopy images with residual learning and deep feature extraction,Xinle Wang; Haiyang Qian; Edward J. Ciaccio; Suzanne K. Lewis; Govind Bhagat; Peter H. Green; Shenghao Xu; Liang Huang; Rongke Gao; Yu Liu,2020,https://doi.org/10.1016/j.cmpb.2019.105236,Computer Methods and Programs in Biomedicine,duplicate,Duplicata de 'Celiac disease diagnosis from videocapsule endoscopy images with residual learni…' já presente em PubMed/S2.,ScienceDirect/S4,sim
ScienceDirect,S4,SD4 — upper GI endoscopy + IA/ML,DUNSTERVILLE2023S-718,Su1953 SUPER-RESOLUTION ULTRASOUND IMAGING APPROACHES FOR THE STUDY OF INFLAMMATORY BOWEL DISEASE,Cecilia Dunsterville; Clotilde Vie; Jacob J. Broughton-Venner; Jipeng Yan; Alastair J. Brown; Meng-Xing Tang; Kevin G. Murphy,2023,https://doi.org/10.1016/S0016-5085(23)02667-7,Gastroenterology,duplicate,Duplicata de 'Su1953 SUPER-RESOLUTION ULTRASOUND IMAGING APPROACHES FOR THE STUDY OF INFLAMMAT…' já presente em ScienceDirect/S3.,ScienceDirect/S4,não
ScienceDirect,S4,SD4 — upper GI endoscopy + IA/ML,TAI2019749,Upper gastrointestinal endoscopy: can we cut the cord?,Foong Way David Tai; Hey-Long Ching; Melissa F Hale; Mark E McAlindon,2019,https://doi.org/10.1016/S2468-1253(19)30262-6,The Lancet Gastroenterology & Hepatology,duplicate,Duplicata de 'Upper gastrointestinal endoscopy: can we cut the cord?…' já presente em ScienceDirect/S1.,ScienceDirect/S4,não
ScienceDirect,S4,SD4 — upper GI endoscopy + IA/ML,QUON2026S-2575,Su1215 PREDICTING PROGRESSION OF GASTRIC PRECANCER WITH ARTIFICIAL INTELLIGENCE: A MACHINE LEARNING MODEL FOR RISK STRATIFICATION AND SURVEILLANCE TIMING,Cameron M. Quon; Susie Lee; Kristen Pang; Sean Lee; Nathan Kim; Grace Im; Jennifer Koh; Nara Lee; Gino In; Albert Han; Sang Hoon Ahn; Eunjung Lee; Stella Yoo; Andrew H. Kim; James L. Buxbaum,2026,https://doi.org/10.1016/S0016-5085(26)06103-2,Gastroenterology,duplicate,Duplicata de 'Su1215 PREDICTING PROGRESSION OF GASTRIC PRECANCER WITH ARTIFICIAL INTELLIGENCE:…' já presente em ScienceDirect/S3.,ScienceDirect/S4,não
ScienceDirect,S4,SD4 — upper GI endoscopy + IA/ML,WEI2025129564,Multi-granularity classification of upper gastrointestinal endoscopic images,Hua Wei; Dongyang Yi; Shuyu Hu; Guobin Zhu; Yi Ding; Minghui Pang,2025,https://doi.org/10.1016/j.neucom.2025.129564,Neurocomputing,duplicate,Duplicata de 'Multi-granularity classification of upper gastrointestinal endoscopic images…' já presente em Scopus/S1.,ScienceDirect/S4,sim
ScienceDirect,S4,SD4 — upper GI endoscopy + IA/ML,DENG2022e12431,Artificial intelligence applications in pathological diagnosis of gastric cancer,Yang Deng; Hang-Yu Qin; Yan-Yan Zhou; Hong-Hong Liu; Yong Jiang; Jian-Ping Liu; Ji Bao,2022,https://doi.org/10.1016/j.heliyon.2022.e12431,Heliyon,duplicate,Duplicata de 'Artificial intelligence applications in pathological diagnosis of gastric cancer…' já presente em ScienceDirect/S1.,ScienceDirect/S4,sim
ScienceDirect,S4,SD4 — upper GI endoscopy + IA/ML,BANG2021,Use of Endoscopic Images in the Prediction of Submucosal Invasion of Gastric Neoplasms: Automated Deep Learning Model Development and Usability Study,Chang Seok Bang; Hyun Lim; Hae Min Jeong; Sung Hyeon Hwang,2021,https://doi.org/10.2196/25167,Journal of Medical Internet Research,duplicate,Duplicata de 'Use of Endoscopic Images in the Prediction of Submucosal Invasion of Gastric Neo…' já presente em ScienceDirect/S3.,ScienceDirect/S4,sim
ScienceDirect,S4,SD4 — upper GI endoscopy + IA/ML,DIEHL2025345,Use of image-enhanced endoscopy to detect gastric premalignant lesions and early gastric cancer: time to leverage artificial intelligence to accomplish this task,David L. Diehl,2025,https://doi.org/10.1016/j.gie.2025.03.635,Gastrointestinal Endoscopy,duplicate,Duplicata de 'Use of image-enhanced endoscopy to detect gastric premalignant lesions and early…' já presente em ScienceDirect/S2.,ScienceDirect/S4,não
ScienceDirect,S4,SD4 — upper GI endoscopy + IA/ML,WANG202383,Application of artificial intelligence for improving early detection and prediction of therapeutic outcomes for gastric cancer in the era of precision oncology,Zhe Wang; Yang Liu; Xing Niu,2023,https://doi.org/10.1016/j.semcancer.2023.04.009,Seminars in Cancer Biology,duplicate,Duplicata de 'Application of artificial intelligence for improving early detection and predict…' já presente em ScienceDirect/S3.,ScienceDirect/S4,sim
ScienceDirect,S4,SD4 — upper GI endoscopy + IA/ML,HORIE201925,Diagnostic outcomes of esophageal cancer by artificial intelligence using convolutional neural networks,Yoshimasa Horie; Toshiyuki Yoshio; Kazuharu Aoyama; Shoichi Yoshimizu; Yusuke Horiuchi; Akiyoshi Ishiyama; Toshiaki Hirasawa; Tomohiro Tsuchida; Tsuyoshi Ozawa; Soichiro Ishihara; Youichi Kumagai; Mitsuhiro Fujishiro; Iruru Maetani; Junko Fujisaki; Tomohiro Tada,2019,https://doi.org/10.1016/j.gie.2018.07.037,Gastrointestinal Endoscopy,duplicate,Duplicata de 'Diagnostic outcomes of esophageal cancer by artificial intelligence using convol…' já presente em ScienceDirect/S3.,ScienceDirect/S4,sim
ScienceDirect,S4,SD4 — upper GI endoscopy + IA/ML,ZHOU2024102803,"Efficacy of a real-time intelligent quality-control system for the detection of early upper gastrointestinal neoplasms: a multicentre, single-blinded, randomised controlled trial",Ruchen Zhou; Jing Liu; Chenchen Zhang; Yusha Zhao; Jingran Su; Qiong Niu; Chengxia Liu; Zhuang Guo; Zhenqin Cui; Xiaoqin Zhong; Weidong Zhao; Jing Li; Xiaodong Zhang; Hongyan Wang; Shidong Sun; Ruiguang Ma; Xinyu Chen; Xinyan Xu; Yiqing Zhu; Zhen Li; Xiuli Zuo; Yanqing Li,2024,https://doi.org/10.1016/j.eclinm.2024.102803,eClinicalMedicine,duplicate,Duplicata de 'Efficacy of a real-time intelligent quality-control system for the detection of …' já presente em ScienceDirect/S3.,ScienceDirect/S4,sim
ScienceDirect,S4,SD4 — upper GI endoscopy + IA/ML,TARAR2023S-718,Su1952 VARICEAL BLEEDING WITH COVID-19 INFECTION RESULTED IN SIGNIFICANT DELAYS IN EGD,Zahid Ijaz Tarar; Umer Farooq; Hamza Ertugrul; Sahin Coban; Harleen Chela; Veysel Tahan; Ebubekir Daglilar,2023,https://doi.org/10.1016/S0016-5085(23)02666-5,Gastroenterology,duplicate,Duplicata de 'Su1952 VARICEAL BLEEDING WITH COVID-19 INFECTION RESULTED IN SIGNIFICANT DELAYS …' já presente em ScienceDirect/S3.,ScienceDirect/S4,não
ScienceDirect,S4,SD4 — upper GI endoscopy + IA/ML,GAO202364,Fusion of colour contrasted images for early detection of oesophageal squamous cell dysplasia from endoscopic videos in real time,Xiaohong W. Gao; Stephen Taylor; Wei Pang; Rui Hui; Xin Lu; Barbara Braden,2023,https://doi.org/10.1016/j.inffus.2022.11.023,Information Fusion,duplicate,Duplicata de 'Fusion of colour contrasted images for early detection of oesophageal squamous c…' já presente em ScienceDirect/S3.,ScienceDirect/S4,sim
ScienceDirect,S5,SD5 — Lesões gástricas,SI2024116530,Identification of chronic non-atrophic gastritis and intestinal metaplasia stages in the Correa's cascade through machine learning analyses of SERS spectral signature of non-invasively-collected human gastric fluid samples,Yu-Ting Si; Xue-Song Xiong; Jin-Ting Wang; Quan Yuan; Yu-Ting Li; Jia-Wei Tang; Yong-Nian Li; Xin-Yu Zhang; Zheng-Kang Li; Jin-Xin Lai; Zeeshan Umar; Wei-Xuan Yang; Fen Li; Liang Wang; Bing Gu,2024,https://doi.org/10.1016/j.bios.2024.116530,Biosensors and Bioelectronics,duplicate,Duplicata de 'Identification of chronic non-atrophic gastritis and intestinal metaplasia stage…' já presente em PubMed/S3.,ScienceDirect/S5,sim
ScienceDirect,S5,SD5 — Lesões gástricas,YOU202622,Selection of the best artificial intelligence techniques for analysis of gastrointestinal endoscopic images,Guoli You; Yang Yang; Yang Shen,2026,https://doi.org/10.1016/j.ajg.2025.09.021,Arab Journal of Gastroenterology,duplicate,Duplicata de 'Selection of the best artificial intelligence techniques for analysis of gastroi…' já presente em PubMed/S2.,ScienceDirect/S5,sim
ScienceDirect,S5,SD5 — Lesões gástricas,YAN2020104026,Intelligent diagnosis of gastric intestinal metaplasia based on convolutional neural network and limited number of endoscopic images,Tao Yan; Pak Kin Wong; I. Cheong Choi; Chi Man Vong; Hon Ho Yu,2020,https://doi.org/10.1016/j.compbiomed.2020.104026,Computers in Biology and Medicine,duplicate,Duplicata de 'Intelligent diagnosis of gastric intestinal metaplasia based on convolutional ne…' já presente em ScienceDirect/S1.,ScienceDirect/S5,sim
ScienceDirect,S5,SD5 — Lesões gástricas,GHOLAMI2021102782,Increasing the accuracy in the diagnosis of stomach cancer based on color and lint features of tongue,Elham Gholami; Seyed Reza Kamel Tabbakh; Maryam kheirabadi,2021,https://doi.org/10.1016/j.bspc.2021.102782,Biomedical Signal Processing and Control,duplicate,Duplicata de 'Increasing the accuracy in the diagnosis of stomach cancer based on color and li…' já presente em ScienceDirect/S1.,ScienceDirect/S5,sim
ScienceDirect,S5,SD5 — Lesões gástricas,GOVINDHARAJ2026109646,Efficient gastric tumor detection from endoscopic images using trans-mapped learning models,I. Govindharaj; Gnanajeyaraman Rajaram; S. Ravichandran; J. Viswanath; R. Elankavi; J. Raja,2026,https://doi.org/10.1016/j.bspc.2026.109646,Biomedical Signal Processing and Control,duplicate,Duplicata de 'Efficient gastric tumor detection from endoscopic images using trans-mapped lear…' já presente em ScienceDirect/S1.,ScienceDirect/S5,sim
ScienceDirect,S5,SD5 — Lesões gástricas,YU20225524,Noninvasive detection and interpretation of gastrointestinal diseases by collaborative serum metabolite and magnetically controlled capsule endoscopy,Xiang-Tian Yu; Ming Chen; Jingyi Guo; Jing Zhang; Tao Zeng,2022,https://doi.org/10.1016/j.csbj.2022.10.001,Computational and Structural Biotechnology Journal,duplicate,"Duplicata de 'Noninvasive detection and interpretation of gastrointestinal diseases by
collabo…' já presente em Web of Science/S1.",ScienceDirect/S5,sim
ScienceDirect,S5,SD5 — Lesões gástricas,CANAKIS2021543,Endoscopic Advances for Gastric Neoplasia Detection,Andrew Canakis; Raymond Kim,2021,https://doi.org/10.1016/j.giec.2021.03.007,Gastrointestinal Endoscopy Clinics of North America,duplicate,Duplicata de 'Endoscopic Advances for Gastric Neoplasia Detection…' já presente em ScienceDirect/S1.,ScienceDirect/S5,não
ScienceDirect,S5,SD5 — Lesões gástricas,MA2023104200,Deep learning for classification and localization of early gastric cancer in endoscopic images,Lingyu Ma; Xiufeng Su; Liyong Ma; Xiaozhong Gao; Mingjian Sun,2023,https://doi.org/10.1016/j.bspc.2022.104200,Biomedical Signal Processing and Control,duplicate,Duplicata de 'Deep learning for classification and localization of early gastric cancer in end…' já presente em ScienceDirect/S1.,ScienceDirect/S5,sim
ScienceDirect,S5,SD5 — Lesões gástricas,HUANG2025113,The application of artificial intelligence in upper gastrointestinal cancers,Xiaoying Huang; Minghao Qin; Mengjie Fang; Zipei Wang; Chaoen Hu; Tongyu Zhao; Zhuyuan Qin; Haishan Zhu; Ling Wu; Guowei Yu; Francesco De Cobelli; Xuebin Xie; Diego Palumbo; Jie Tian; Di Dong,2025,https://doi.org/10.1016/j.jncc.2024.12.006,Journal of the National Cancer Center,duplicate,Duplicata de 'The application of artificial intelligence in upper gastrointestinal cancers…' já presente em ScienceDirect/S1.,ScienceDirect/S5,sim
ScienceDirect,S5,SD5 — Lesões gástricas,WU2024117784,Utilizing nanotechnology and advanced machine learning for early detection of gastric cancer surgery,Dan Wu; Jianhua Lu; Nan Zheng; Mohamed Gamal Elsehrawy; Faiz Abdulaziz Alfaiz; Huajun Zhao; Mohammed S. Alqahtani; Hongtao Xu,2024,https://doi.org/10.1016/j.envres.2023.117784,Environmental Research,duplicate,Duplicata de 'Utilizing nanotechnology and advanced machine learning for early detection of ga…' já presente em ScienceDirect/S10.,ScienceDirect/S5,sim
ScienceDirect,S5,SD5 — Lesões gástricas,ZHANG2023181,Effect of a deep learning–based automatic upper GI endoscopic reporting system: a randomized crossover study (with video),Lihui Zhang; Zihua Lu; Liwen Yao; Zehua Dong; Wei Zhou; Chunping He; Renquan Luo; Mengjiao Zhang; Jing Wang; Yanxia Li; Yunchao Deng; Chenxia Zhang; Xun Li; Renduo Shang; Ming Xu; Junxiao Wang; Yu Zhao; Lianlian Wu; Honggang Yu,2023,https://doi.org/10.1016/j.gie.2023.02.025,Gastrointestinal Endoscopy,duplicate,Duplicata de 'Effect of a deep learning-based automatic upper GI endoscopic reporting system: …' já presente em PubMed/S3.,ScienceDirect/S5,sim
ScienceDirect,S5,SD5 — Lesões gástricas,SINNARASAN202641,Chapter 3 - Rise of machine learning applications in diagnosis and prognosis of gastric cancer: Imaging and omics data,Vigneshwar Suriya Prakash Sinnarasan; Dahrii Paul; Rajesh Das; Mujibur Rahman Sheikh; Amouda Vekatesan,2026,https://doi.org/10.1016/B978-0-443-44121-9.00008-1,Artificial Intelligence in Gastrointestinal Cancers,duplicate,Duplicata de 'Chapter 3 - Rise of machine learning applications in diagnosis and prognosis of …' já presente em ScienceDirect/S1.,ScienceDirect/S5,sim
ScienceDirect,S5,SD5 — Lesões gástricas,WANG2026103756,Development and validation of an interpretable machine learning model for non-invasive screening of precancerous gastric lesions using symptom and lifestyle data: a multicentre cohort study,Lan Wang; Kaiqiang Tang; Peng Zhang; Jiasheng Liu; Bowen Wu; Jun Chen; Yan Li; Shiyu Du; Yan Wang; Shao Li,2026,https://doi.org/10.1016/j.eclinm.2026.103756,eClinicalMedicine,duplicate,Duplicata de 'Development and validation of an interpretable machine learning model for non-in…' já presente em ScienceDirect/S10.,ScienceDirect/S5,sim
ScienceDirect,S5,SD5 — Lesões gástricas,WU2022269,Real-time artificial intelligence for detecting focal lesions and diagnosing neoplasms of the stomach by white-light endoscopy (with videos),Lianlian Wu; Ming Xu; Xiaoda Jiang; Xinqi He; Heng Zhang; Yaowei Ai; Qiaoyun Tong; Peihua Lv; Bin Lu; Mingwen Guo; Manling Huang; Liping Ye; Lei Shen; Honggang Yu,2022,https://doi.org/10.1016/j.gie.2021.09.017,Gastrointestinal Endoscopy,duplicate,Duplicata de 'Real-time artificial intelligence for detecting focal lesions and diagnosing neo…' já presente em Scopus/S1.,ScienceDirect/S5,sim
ScienceDirect,S5,SD5 — Lesões gástricas,HUANG2025118041,Advances in Helicobacter pylori detection technology: From pathology-based to multi-omic based methods,Huishu Huang; Ying Li; Yuwei Wu; Xinyu Zhao; He Gao; Xinqiang Xie; Lei Wu; Hui Zhao; Longyan Li; Jumei Zhang; Moutong Chen; Qingping Wu,2025,https://doi.org/10.1016/j.trac.2024.118041,TrAC Trends in Analytical Chemistry,duplicate,Duplicata de 'Advances in Helicobacter pylori detection technology: From pathology-based to mu…' já presente em ScienceDirect/S1.,ScienceDirect/S5,sim
ScienceDirect,S5,SD5 — Lesões gástricas,GONCALVES2025101979,Early diagnosis of gastric cancer: Endoscopy and artificial intelligence,N. Gonçalves; J. Chaves; I. Marques- Sá; M. Dinis-Ribeiro; D. Libânio,2025,https://doi.org/10.1016/j.bpg.2025.101979,Best Practice & Research Clinical Gastroenterology,duplicate,Duplicata de 'Early diagnosis of gastric cancer: Endoscopy and artificial intelligence…' já presente em PubMed/S3.,ScienceDirect/S5,sim
ScienceDirect,S5,SD5 — Lesões gástricas,XIE2024878.e1,A new artificial intelligence system for both stomach and small-bowel capsule endoscopy,Xia Xie; Yu-Feng Xiao; Huan Yang; Xue Peng; Jian-Jun Li; Yuan-Yuan Zhou; Chao-Qiang Fan; Rui-Ping Meng; Bao-Bao Huang; Xi-Ping Liao; Yu-Yang Chen; Ting-Ting Zhong; Hui Lin; Anastasios Koulaouzidis; Shi-Ming Yang,2024,https://doi.org/10.1016/j.gie.2024.06.004,Gastrointestinal Endoscopy,duplicate,Duplicata de 'A new artificial intelligence system for both stomach and small-bowel capsule en…' já presente em PubMed/S3.,ScienceDirect/S5,sim
ScienceDirect,S5,SD5 — Lesões gástricas,HU20211333,Identifying early gastric cancer under magnifying narrow-band images with deep learning: a multicenter study,Hao Hu; Lixin Gong; Di Dong; Liang Zhu; Min Wang; Jie He; Lei Shu; Yiling Cai; Shilun Cai; Wei Su; Yunshi Zhong; Cong Li; Yongbei Zhu; Mengjie Fang; Lianzhen Zhong; Xin Yang; Pinghong Zhou; Jie Tian,2021,https://doi.org/10.1016/j.gie.2020.11.014,Gastrointestinal Endoscopy,duplicate,Duplicata de 'Identifying early gastric cancer under magnifying narrow-band images with deep l…' já presente em ScienceDirect/S1.,ScienceDirect/S5,sim
ScienceDirect,S5,SD5 — Lesões gástricas,JEONG2025110689,A lightweight YOLOv8-based model for gastric cancer detection,Seung-Won Jeong; Shabir Ahmad; Jae-Seoung Kim; Taegkeun Whangbo,2025,https://doi.org/10.1016/j.compbiomed.2025.110689,Computers in Biology and Medicine,duplicate,Duplicata de 'A lightweight YOLOv8-based model for gastric cancer detection…' já presente em ScienceDirect/S1.,ScienceDirect/S5,sim
ScienceDirect,S5,SD5 — Lesões gástricas,YAN2023107486,PKDN: Prior Knowledge Distillation Network for bronchoscopy diagnosis,Pengfei Yan; Weiling Sun; Xiang Li; Minglei Li; Yuchen Jiang; Hao Luo,2023,https://doi.org/10.1016/j.compbiomed.2023.107486,Computers in Biology and Medicine,duplicate,Duplicata de 'PKDN: Prior Knowledge Distillation Network for bronchoscopy diagnosis…' já presente em ScienceDirect/S1.,ScienceDirect/S5,sim
ScienceDirect,S5,SD5 — Lesões gástricas,HE2024128228,A two-stage image enhancement and dynamic feature aggregation framework for gastroscopy image segmentation,Dongzhi He; Yunyu Li; Liule Chen; Yu Liang; Yongle Xue; Xingmei Xiao; Yunqi Li,2024,https://doi.org/10.1016/j.neucom.2024.128228,Neurocomputing,duplicate,Duplicata de 'A two-stage image enhancement and dynamic feature aggregation framework for gast…' já presente em Scopus/S1.,ScienceDirect/S5,sim
ScienceDirect,S5,SD5 — Lesões gástricas,ZHANG2025107891,An endoscopic images and diagnostic records based multimodal method for severity grading of gastric cancer,Xingyu Zhang; Xiangwei Zheng; Minghan Dong; Mingzhe Zhang,2025,https://doi.org/10.1016/j.bspc.2025.107891,Biomedical Signal Processing and Control,duplicate,Duplicata de 'An endoscopic images and diagnostic records based multimodal method for severity…' já presente em ScienceDirect/S1.,ScienceDirect/S5,sim
ScienceDirect,S5,SD5 — Lesões gástricas,IKEHARA2019440,Analysis of factors related to poor outcome after e-learning training in endoscopic diagnosis of early gastric cancer using magnifying narrow-band imaging,Hisatomo Ikehara; Hisashi Doyama; Hiroyoshi Nakanishi; Waku Hatta; Takuji Gotoda; Hideki Ishikawa; Kenshi Yao,2019,https://doi.org/10.1016/j.gie.2019.04.230,Gastrointestinal Endoscopy,duplicate,Duplicata de 'Analysis of factors related to poor outcome after e-learning training in endosco…' já presente em ScienceDirect/S1.,ScienceDirect/S5,sim
ScienceDirect,S5,SD5 — Lesões gástricas,BALAN2026108766,DPC-Net: Dense Pyramid CAViaR Network for gastric cancer detection with lymph node segmentation using histopathological image,Santhosh Kumar Balan; Martin Margala; Prasun Chakrabarti; Mohammed Ali Hussain,2026,https://doi.org/10.1016/j.bspc.2025.108766,Biomedical Signal Processing and Control,duplicate,Duplicata de 'DPC-Net: Dense Pyramid CAViaR Network for gastric cancer detection with lymph no…' já presente em ScienceDirect/S1.,ScienceDirect/S5,sim
ScienceDirect,S5,SD5 — Lesões gástricas,DENG2022e12431,Artificial intelligence applications in pathological diagnosis of gastric cancer,Yang Deng; Hang-Yu Qin; Yan-Yan Zhou; Hong-Hong Liu; Yong Jiang; Jian-Ping Liu; Ji Bao,2022,https://doi.org/10.1016/j.heliyon.2022.e12431,Heliyon,duplicate,Duplicata de 'Artificial intelligence applications in pathological diagnosis of gastric cancer…' já presente em ScienceDirect/S1.,ScienceDirect/S5,sim
ScienceDirect,S5,SD5 — Lesões gástricas,GUPTA2026163,"Chapter 9 - The role of artificial intelligence in gastric cancer diagnosis, prognosis, surgery and drug discovery",Manoj Kumar Gupta; G.L.N. Prasad; Ramakrishna Vadde,2026,https://doi.org/10.1016/B978-0-443-44121-9.00005-6,Artificial Intelligence in Gastrointestinal Cancers,duplicate,"Duplicata de 'Chapter 9 - The role of artificial intelligence in gastric cancer diagnosis, pro…' já presente em ScienceDirect/S1.",ScienceDirect/S5,sim
ScienceDirect,S5,SD5 — Lesões gástricas,DING2019395,Smart electronic gastroscope system using a cloud–edge collaborative framework,Shuai Ding; Ling Li; Zhenmin Li; Hao Wang; Yanchun Zhang,2019,https://doi.org/10.1016/j.future.2019.04.031,Future Generation Computer Systems,duplicate,"Duplicata de 'Smart electronic gastroscope system using a cloud-edge collaborative
framework…' já presente em Web of Science/S1.",ScienceDirect/S5,sim
ScienceDirect,S6,SD6 — Pólipos gástricos,ZHOU2023107301,Classification of precancerous lesions based on fusion of multiple hierarchical features,Huijun Zhou; Zhenyang Liu; Ting Li; Yifei Chen; Wei Huang; Zijian Zhang,2023,https://doi.org/10.1016/j.cmpb.2022.107301,Computer Methods and Programs in Biomedicine,duplicate,"Duplicata de 'Classification of precancerous lesions based on fusion of multiple
hierarchical …' já presente em Web of Science/S1.",ScienceDirect/S6,sim
ScienceDirect,S6,SD6 — Pólipos gástricos,WANG20161,Scalable gastroscopic video summarization via similar-inhibition dictionary selection,Shuai Wang; Yang Cong; Jun Cao; Yunsheng Yang; Yandong Tang; Huaici Zhao; Haibin Yu,2016,https://doi.org/10.1016/j.artmed.2015.08.006,Artificial Intelligence in Medicine,duplicate,"Duplicata de 'Scalable gastroscopic video summarization via similarle-inhibition
dictionary se…' já presente em Web of Science/S1.",ScienceDirect/S6,sim
ScienceDirect,S6,SD6 — Pólipos gástricos,JEONG2025110689,A lightweight YOLOv8-based model for gastric cancer detection,Seung-Won Jeong; Shabir Ahmad; Jae-Seoung Kim; Taegkeun Whangbo,2025,https://doi.org/10.1016/j.compbiomed.2025.110689,Computers in Biology and Medicine,duplicate,Duplicata de 'A lightweight YOLOv8-based model for gastric cancer detection…' já presente em ScienceDirect/S1.,ScienceDirect/S6,sim
ScienceDirect,S6,SD6 — Pólipos gástricos,ZHANG2023181,Effect of a deep learning–based automatic upper GI endoscopic reporting system: a randomized crossover study (with video),Lihui Zhang; Zihua Lu; Liwen Yao; Zehua Dong; Wei Zhou; Chunping He; Renquan Luo; Mengjiao Zhang; Jing Wang; Yanxia Li; Yunchao Deng; Chenxia Zhang; Xun Li; Renduo Shang; Ming Xu; Junxiao Wang; Yu Zhao; Lianlian Wu; Honggang Yu,2023,https://doi.org/10.1016/j.gie.2023.02.025,Gastrointestinal Endoscopy,duplicate,Duplicata de 'Effect of a deep learning-based automatic upper GI endoscopic reporting system: …' já presente em PubMed/S3.,ScienceDirect/S6,sim
ScienceDirect,S6,SD6 — Pólipos gástricos,LIN2025111431,WtNGAN: Unpaired image translation from white light images to narrow-band images,Qinghua Lin; Zuoyong Li; Kun Zeng; Jie Wen; Yuting Jiang; Jian Chen,2025,https://doi.org/10.1016/j.patcog.2025.111431,Pattern Recognition,duplicate,"Duplicata de 'WtNGAN: Unpaired image translation from white light images to
narrow-band images…' já presente em Web of Science/S1.",ScienceDirect/S6,sim
ScienceDirect,S6,SD6 — Pólipos gástricos,WU2022269,Real-time artificial intelligence for detecting focal lesions and diagnosing neoplasms of the stomach by white-light endoscopy (with videos),Lianlian Wu; Ming Xu; Xiaoda Jiang; Xinqi He; Heng Zhang; Yaowei Ai; Qiaoyun Tong; Peihua Lv; Bin Lu; Mingwen Guo; Manling Huang; Liping Ye; Lei Shen; Honggang Yu,2022,https://doi.org/10.1016/j.gie.2021.09.017,Gastrointestinal Endoscopy,duplicate,Duplicata de 'Real-time artificial intelligence for detecting focal lesions and diagnosing neo…' já presente em Scopus/S1.,ScienceDirect/S6,sim
ScienceDirect,S6,SD6 — Pólipos gástricos,GARCESDURAN2023483,Endoscopic diagnosis of H. pylori infection,Rodrigo Garcés-Durán; Joan Llach; Angella Da Fierno; Henry Córdova; Gloria Fernández-Esparrach,2023,https://doi.org/10.1016/j.gastre.2022.09.006,Gastroenterología y Hepatología (English Edition),duplicate,Duplicata de 'Endoscopic diagnosis of H. pylori infection…' já presente em ScienceDirect/S2.,ScienceDirect/S6,sim
ScienceDirect,S6,SD6 — Pólipos gástricos,DING2019395,Smart electronic gastroscope system using a cloud–edge collaborative framework,Shuai Ding; Ling Li; Zhenmin Li; Hao Wang; Yanchun Zhang,2019,https://doi.org/10.1016/j.future.2019.04.031,Future Generation Computer Systems,duplicate,"Duplicata de 'Smart electronic gastroscope system using a cloud-edge collaborative
framework…' já presente em Web of Science/S1.",ScienceDirect/S6,sim
ScienceDirect,S6,SD6 — Pólipos gástricos,TIAN2025804,"Prospective, multicenter, self-controlled clinical trial on the effectiveness and safety of a cable-transmission magnetically controlled capsule endoscopy system for the examination of upper GI diseases (with video)",Yuan Tian; Shiyu Du; Hong Liu; Hang Yu; Ruxue Bai; Hui Su; Xinyue Guo; Yan He; Zhenmei Song; Yanming Chen; Qian Li; Jing Wang; Wenming Huang; Long Rong,2025,https://doi.org/10.1016/j.gie.2024.07.028,Gastrointestinal Endoscopy,duplicate,"Duplicata de 'Prospective, multicenter, self-controlled clinical trial on the effectiveness an…' já presente em ScienceDirect/S2.",ScienceDirect/S6,sim
ScienceDirect,S8,SD8 — Datasets de endoscopia gástrica,YOU202622,Selection of the best artificial intelligence techniques for analysis of gastrointestinal endoscopic images,Guoli You; Yang Yang; Yang Shen,2026,https://doi.org/10.1016/j.ajg.2025.09.021,Arab Journal of Gastroenterology,duplicate,Duplicata de 'Selection of the best artificial intelligence techniques for analysis of gastroi…' já presente em PubMed/S2.,ScienceDirect/S8,sim
ScienceDirect,S8,SD8 — Datasets de endoscopia gástrica,WAHEED2025107567,An ensemble approach of deep CNN models with Beta normalization aggregation for gastrointestinal disease detection,Zafran Waheed; Jinsong Gui; Kamran Amjad; Ikram Waheed; Sohaib Asif,2025,https://doi.org/10.1016/j.bspc.2025.107567,Biomedical Signal Processing and Control,duplicate,Duplicata de 'An ensemble approach of deep CNN models with Beta normalization aggregation for …' já presente em ScienceDirect/S1.,ScienceDirect/S8,sim
ScienceDirect,S8,SD8 — Datasets de endoscopia gástrica,DENG2024108472,A Swin transformer encoder-based StyleGAN for unbalanced endoscopic image enhancement,Bo Deng; Xiangwei Zheng; Xuanchi Chen; Mingzhe Zhang,2024,https://doi.org/10.1016/j.compbiomed.2024.108472,Computers in Biology and Medicine,duplicate,Duplicata de 'A Swin transformer encoder-based StyleGAN for unbalanced endoscopic image enhanc…' já presente em PubMed/S5.,ScienceDirect/S8,sim
ScienceDirect,S8,SD8 — Datasets de endoscopia gástrica,LIN2025111431,WtNGAN: Unpaired image translation from white light images to narrow-band images,Qinghua Lin; Zuoyong Li; Kun Zeng; Jie Wen; Yuting Jiang; Jian Chen,2025,https://doi.org/10.1016/j.patcog.2025.111431,Pattern Recognition,duplicate,"Duplicata de 'WtNGAN: Unpaired image translation from white light images to
narrow-band images…' já presente em Web of Science/S1.",ScienceDirect/S8,sim
ScienceDirect,S8,SD8 — Datasets de endoscopia gástrica,GOVINDHARAJ2026109646,Efficient gastric tumor detection from endoscopic images using trans-mapped learning models,I. Govindharaj; Gnanajeyaraman Rajaram; S. Ravichandran; J. Viswanath; R. Elankavi; J. Raja,2026,https://doi.org/10.1016/j.bspc.2026.109646,Biomedical Signal Processing and Control,duplicate,Duplicata de 'Efficient gastric tumor detection from endoscopic images using trans-mapped lear…' já presente em ScienceDirect/S1.,ScienceDirect/S8,sim
ScienceDirect,S8,SD8 — Datasets de endoscopia gástrica,MARYA2024,GastroNet: A Custom Deep Learning Approach for Classification of Anomalies in Gastrointestinal Endoscopy Images,Anitha Mary. A.; Peniel Winifred Raj A.; C. Karthik; Aldrin Karunaharan,2024,https://doi.org/10.2174/1573405620666230906092310,Current Medical Imaging,duplicate,Duplicata de 'GastroNet: A Custom Deep Learning Approach for Classification of Anomalies in Ga…' já presente em ScienceDirect/S1.,ScienceDirect/S8,sim
ScienceDirect,S8,SD8 — Datasets de endoscopia gástrica,MA2023104200,Deep learning for classification and localization of early gastric cancer in endoscopic images,Lingyu Ma; Xiufeng Su; Liyong Ma; Xiaozhong Gao; Mingjian Sun,2023,https://doi.org/10.1016/j.bspc.2022.104200,Biomedical Signal Processing and Control,duplicate,Duplicata de 'Deep learning for classification and localization of early gastric cancer in end…' já presente em ScienceDirect/S1.,ScienceDirect/S8,sim
ScienceDirect,S8,SD8 — Datasets de endoscopia gástrica,JASPERS2024103157,Robustness evaluation of deep neural networks for endoscopic image analysis: Insights and strategies,Tim J.M. Jaspers; Tim G.W. Boers; Carolus H.J. Kusters; Martijn R. Jong; Jelmer B. Jukema; Albert J. de Groof; Jacques J. Bergman; Peter H.N. de With; Fons van der Sommen,2024,https://doi.org/10.1016/j.media.2024.103157,Medical Image Analysis,duplicate,Duplicata de 'Robustness evaluation of deep neural networks for endoscopic image analysis: Ins…' já presente em PubMed/S2.,ScienceDirect/S8,sim
ScienceDirect,S8,SD8 — Datasets de endoscopia gástrica,KADOTA2024103262,Deep Bayesian active learning-to-rank with relative annotation for estimation of ulcerative colitis severity,Takeaki Kadota; Hideaki Hayashi; Ryoma Bise; Kiyohito Tanaka; Seiichi Uchida,2024,https://doi.org/10.1016/j.media.2024.103262,Medical Image Analysis,duplicate,Duplicata de 'Deep Bayesian active learning-to-rank with relative annotation for estimation of…' já presente em PubMed/S5.,ScienceDirect/S8,sim
ScienceDirect,S8,SD8 — Datasets de endoscopia gástrica,CHEN2024112303,Self-supervised visual–textual prompt learning for few-shot grading of gastric intestinal metaplasia,Xuanchi Chen; Xiangwei Zheng; Zhen Li; Mingjun Ma; Mingzhe Zhang,2024,https://doi.org/10.1016/j.knosys.2024.112303,Knowledge-Based Systems,duplicate,Duplicata de 'Self-supervised visual–textual prompt learning for few-shot grading of gastric i…' já presente em Scopus (VLM/FMs)/S1.,ScienceDirect/S8,sim
ScienceDirect,S8,SD8 — Datasets de endoscopia gástrica,HUANG2023107280,Class-Specific Distribution Alignment for semi-supervised medical image classification,Zhongzheng Huang; Jiawei Wu; Tao Wang; Zuoyong Li; Anastasia Ioannou,2023,https://doi.org/10.1016/j.compbiomed.2023.107280,Computers in Biology and Medicine,duplicate,Duplicata de 'Class-Specific Distribution Alignment for semi-supervised medical image classifi…' já presente em ScienceDirect/S3.,ScienceDirect/S8,sim
ScienceDirect,S8,SD8 — Datasets de endoscopia gástrica,HUANG2023100467,A masked graph neural network model for real-time gastric polyp detection in Healthcare 4.0,Junjun Huang; Shier Nee Saw; Tianran He; Wei Feng; Chu Kiong Loo,2023,https://doi.org/10.1016/j.jii.2023.100467,Journal of Industrial Information Integration,duplicate,Duplicata de 'A masked graph neural network model for real-time gastric polyp detection in Hea…' já presente em ScienceDirect/S6.,ScienceDirect/S8,sim
ScienceDirect,S8,SD8 — Datasets de endoscopia gástrica,GAO2026103234,Gastric Anatomical Sites Recognition in Gastroscopic Images Based on Dual-branch Perception and Multi-scale Semantic Aggregation,Shujun Gao; Xiaomei Yu; Xiao Liang; Xuanchi Chen; Xiangwei Zheng,2026,https://doi.org/10.1016/j.displa.2025.103234,Displays,duplicate,Duplicata de 'Gastric Anatomical Sites Recognition in Gastroscopic Images Based on Dual-branch…' já presente em Scopus/S1.,ScienceDirect/S8,sim
ScienceDirect,S8,SD8 — Datasets de endoscopia gástrica,HE2026109620,Uncertain area correction and multi-scale consistency learning for semi-supervised endoscopic image segmentation,Dongzhi He; Jiaping Chen; Rui Zhang; Yu Liang; Yunqi Li,2026,https://doi.org/10.1016/j.bspc.2026.109620,Biomedical Signal Processing and Control,duplicate,Duplicata de 'Uncertain area correction and multi-scale consistency learning for semi-supervis…' já presente em ScienceDirect/S1.,ScienceDirect/S8,sim
ScienceDirect,S8,SD8 — Datasets de endoscopia gástrica,LI2024107751,Uncertainty-aware network for fine-grained and imbalanced reflux esophagitis grading,Xingcun Li; Qinghua Wu; Mi Wang; Kun Wu,2024,https://doi.org/10.1016/j.compbiomed.2023.107751,Computers in Biology and Medicine,duplicate,Duplicata de 'Uncertainty-aware network for fine-grained and imbalanced reflux esophagitis gra…' já presente em ScienceDirect/S1.,ScienceDirect/S8,sim
ScienceDirect,S9,SD9 — Brasil,2025S729,Subject Index,,2025,https://doi.org/10.1016/j.gie.2025.03.150,Gastrointestinal Endoscopy,duplicate,Duplicata de 'Subject Index…' já presente em ScienceDirect/S10.,ScienceDirect/S9,não
ScienceDirect,S9,SD9 — Brasil,2019AB690,Subject Index (By Abstract Number),,2019,https://doi.org/10.1016/j.gie.2019.03.055,Gastrointestinal Endoscopy,duplicate,Duplicata de 'Subject Index (By Abstract Number)…' já presente em ScienceDirect/S10.,ScienceDirect/S9,não
ScienceDirect,S9,SD9 — Brasil,2024102787,Full Issue PDF,,2024,https://doi.org/10.1016/S2666-0849(24)00845-3,JACC: Case Reports,duplicate,Duplicata de 'Full Issue PDF…' já presente em ScienceDirect/S10.,ScienceDirect/S9,não
ScienceDirect,S9,SD9 — Brasil,DESOUZA2018203,A survey on Barrett's esophagus analysis using machine learning,Luis A. de Souza; Christoph Palm; Robert Mendel; Christian Hook; Alanna Ebigbo; Andreas Probst; Helmut Messmann; Silke Weber; João P. Papa,2018,https://doi.org/10.1016/j.compbiomed.2018.03.014,Computers in Biology and Medicine,duplicate,Duplicata de 'A survey on Barrett's esophagus analysis using machine learning…' já presente em ScienceDirect/S1.,ScienceDirect/S9,sim
ScienceDirect,S9,SD9 — Brasil,2026107775,Full Issue PDF,,2026,https://doi.org/10.1016/S2666-0849(26)00968-X,JACC: Case Reports,duplicate,Duplicata de 'Full Issue PDF…' já presente em ScienceDirect/S10.,ScienceDirect/S9,não
ScienceDirect,S9,SD9 — Brasil,SONI202371,4 - Genomic surveillance of bacterial pathogens: expanding horizons,Vijay Soni; Ajay Suresh Akhade; Chandrima Bhattacharya; Yogesh Chawla; Zara Bukhari; Sneh Lata Gupta; Srijani Basu; Sonia Jain; Yogita Soni,2023,https://doi.org/10.1016/B978-0-443-18769-8.00011-8,Genomic Surveillance and Pandemic Preparedness,duplicate,Duplicata de '4 - Genomic surveillance of bacterial pathogens: expanding horizons…' já presente em ScienceDirect/S10.,ScienceDirect/S9,sim
ScienceDirect,S9,SD9 — Brasil,HU202333,Chinese consensus on multidisciplinary diagnosis and treatment of gastroesophageal reflux disease 2022,Zhiwei Hu; Jimin Wu; Zhonggao Wang; Xinghua Bai; Yu Lan; Kefang Lai; Abudureyimu Kelimu; Feng Ji; Zhenling Ji; Diyu Huang; Zhiwei Hu; Xiaohua Hou; Jianyu Hao; Zhining Fan; Xiaoping Chen; Dong Chen; Shengliang Chen; Jinrang Li; Junxiang Li; Lan Li; Peng Li; Zhigang Li; Lin Lin; Bianying Liu; Dian-gang Liu; Yiping Lu; Bin Lü; Qiuping Lü; Ming Qiu; Zhongmin Qiu; Huajao Shen; Jun Tai; Yanping Tang; Wen Tian; Zhonghao Wang; Bangmao Wang; Jian-an Wang; Ju Wang; Qi Wang; Songling Wang; Wen Wang; Zhifei Wang; Wei Wei; Zhiwei Wu; Wei Wu; YanQiao Wu; Yu Wu; Jixiang Wu; Yinglian Xiao; Wen Xu; Xiwei Xu; Fuquan Yang; HuiQi Yang; Yunsheng Yang; Qiyuan Yao; Chunzhao Yu; Peng Zhang; Xiaolan Zhang; Taicheng Zhou; Duowu Zou,2023,https://doi.org/10.1016/j.gande.2023.01.001,Gastroenterology & Endoscopy,duplicate,Duplicata de 'Chinese consensus on multidisciplinary diagnosis and treatment of gastroesophage…' já presente em ScienceDirect/S6.,ScienceDirect/S9,não
ScienceDirect,S9,SD9 — Brasil,GARCESDURAN2023483,Endoscopic diagnosis of H. pylori infection,Rodrigo Garcés-Durán; Joan Llach; Angella Da Fierno; Henry Córdova; Gloria Fernández-Esparrach,2023,https://doi.org/10.1016/j.gastre.2022.09.006,Gastroenterología y Hepatología (English Edition),duplicate,Duplicata de 'Endoscopic diagnosis of H. pylori infection…' já presente em ScienceDirect/S2.,ScienceDirect/S9,sim
ScienceDirect,S9,SD9 — Brasil,2018AB642,Subject Index (By Abstract Number),,2018,https://doi.org/10.1016/j.gie.2018.04.1285,Gastrointestinal Endoscopy,duplicate,Duplicata de 'Subject Index (By Abstract Number)…' já presente em ScienceDirect/S10.,ScienceDirect/S9,não
ScienceDirect,S10,SD10 — América Latina,ZHOU2023107301,Classification of precancerous lesions based on fusion of multiple hierarchical features,Huijun Zhou; Zhenyang Liu; Ting Li; Yifei Chen; Wei Huang; Zijian Zhang,2023,https://doi.org/10.1016/j.cmpb.2022.107301,Computer Methods and Programs in Biomedicine,duplicate,"Duplicata de 'Classification of precancerous lesions based on fusion of multiple
hierarchical …' já presente em Web of Science/S1.",ScienceDirect/S10,sim
ScienceDirect,S10,SD10 — América Latina,ARRIBASANTA2021101710,Early gastric cancer and Artificial Intelligence: Is it time for population screening?,Julia Arribas Anta; Mario Dinis-Ribeiro,2021,https://doi.org/10.1016/j.bpg.2020.101710,Best Practice & Research Clinical Gastroenterology,duplicate,"Duplicata de 'Early gastric cancer and Artificial Intelligence: Is it time for
population scre…' já presente em Web of Science/S2.",ScienceDirect/S10,sim
ScienceDirect,S10,SD10 — América Latina,HUANG2025113,The application of artificial intelligence in upper gastrointestinal cancers,Xiaoying Huang; Minghao Qin; Mengjie Fang; Zipei Wang; Chaoen Hu; Tongyu Zhao; Zhuyuan Qin; Haishan Zhu; Ling Wu; Guowei Yu; Francesco De Cobelli; Xuebin Xie; Diego Palumbo; Jie Tian; Di Dong,2025,https://doi.org/10.1016/j.jncc.2024.12.006,Journal of the National Cancer Center,duplicate,Duplicata de 'The application of artificial intelligence in upper gastrointestinal cancers…' já presente em ScienceDirect/S1.,ScienceDirect/S10,sim
Springer Nature Link,S1,Springer S1 — Principal: IA/DL em endoscopia digestiva alta,sp_10.1007_978-981-97-5504-2_74,Automatic Classifying Informative Frames for Upper Gastrointestinal Endoscopy Diagnosis Using Deep Learning Method,Van Duy Truong; Duc Anh Nguyen; Xuan Huy Manh; Thu Huong Nguyen; Thi Thuy Pham; Thanh Tung Nguyen; Phuc Binh Nguyen; Hang Viet Dao; Hai Vu,2024,10.1007/978-981-97-5504-2_74,Proceedings of the International Conference on Intelligent Systems and Networks,duplicate,Duplicata de 'Automatic Classifying Informative Frames for Upper Gastrointestinal Endoscopy Di…' já presente em Scopus/S1.,Springer Nature Link/S1,não
Springer Nature Link,S1,Springer S1 — Principal: IA/DL em endoscopia digestiva alta,sp_10.1186_s13640-024-00634-3,Hybrid model-based early diagnosis of esophageal disorders using convolutional neural network and refined logistic regression,R. Janaki; D. Lakshmi,2024,10.1186/s13640-024-00634-3,EURASIP Journal on Image and Video Processing,duplicate,"Duplicata de 'Hybrid model-based early diagnosis of esophageal disorders using
convolutional n…' já presente em Web of Science/S1.",Springer Nature Link/S1,não
Springer Nature Link,S1,Springer S1 — Principal: IA/DL em endoscopia digestiva alta,sp_10.1007_s00530-024-01259-2,Reducing blind spots in esophagogastroduodenoscopy examinations using a novel deep learning model,Guangquan Wan; Guanghui Lian; Lan Yao,2024,10.1007/s00530-024-01259-2,Multimedia Systems,duplicate,Duplicata de 'Reducing blind spots in esophagogastroduodenoscopy examinations using a novel de…' já presente em Scopus/S1.,Springer Nature Link/S1,não
Springer Nature Link,S1,Springer S1 — Principal: IA/DL em endoscopia digestiva alta,sp_10.1186_s12876-024-03389-3,Development and application of an artificial intelligence-assisted endoscopy system for diagnosis of <i>Helicobacter pylori</i> infection: a multicenter randomized controlled study,Pei-Ying Zou; Jian-Ru Zhu; Zhe Zhao; Hao Mei; Jing-Tao Zhao; Wen-Jing Sun; Guo-Hua Wang; Dong-Feng Chen; Li-Lin Fan; Chun-Hui Lan,2024,10.1186/s12876-024-03389-3,BMC Gastroenterology,duplicate,Duplicata de 'Development and application of an artificial intelligence-assisted endoscopy sys…' já presente em Scopus/S1.,Springer Nature Link/S1,não
Springer Nature Link,S1,Springer S1 — Principal: IA/DL em endoscopia digestiva alta,sp_10.1007_s00464-025-11527-5,A prospective and comparative study on improving the diagnostic accuracy of early gastric cancer based on deep convolutional neural network real-time diagnosis system (with video),Jie Feng; Yaoping Zhang; Zhijun Feng; Huiming Ma; Yani Gou; Pengfei Wang; Yanhu Feng; Xiang Wang; Xiaojun Huang,2025,10.1007/s00464-025-11527-5,Surgical Endoscopy,duplicate,Duplicata de 'A prospective and comparative study on improving the diagnostic accuracy of earl…' já presente em PubMed/S3.,Springer Nature Link/S1,não
Springer Nature Link,S1,Springer S1 — Principal: IA/DL em endoscopia digestiva alta,sp_10.1038_s41598-024-83721-9,Evaluation of an artificial intelligence-based system for real-time high-quality photodocumentation during esophagogastroduodenoscopy,Byeong Yun Ahn; Junwoo Lee; Jeonga Seol; Ji Yoon Kim; Hyunsoo Chung,2025,10.1038/s41598-024-83721-9,Scientific Reports,duplicate,"Duplicata de 'Evaluation of an artificial intelligence-based system for real-time
high-quality…' já presente em Web of Science/S1.",Springer Nature Link/S1,não
Springer Nature Link,S1,Springer S1 — Principal: IA/DL em endoscopia digestiva alta,sp_10.1007_978-3-031-32029-3_4,Preliminary Study of Deep Learning Algorithms for Metaplasia Detection in Upper Gastrointestinal Endoscopy,Alexandre Neto; Sofia Ferreira; Diogo Libânio; Mário Dinis-Ribeiro; Miguel Coimbra; António Cunha,2023,10.1007/978-3-031-32029-3_4,Wireless Mobile Communication and Healthcare,duplicate,Duplicata de 'Preliminary Study of Deep Learning Algorithms for Metaplasia Detection in Upper …' já presente em Scopus/S1.,Springer Nature Link/S1,não
Springer Nature Link,S1,Springer S1 — Principal: IA/DL em endoscopia digestiva alta,sp_10.1007_s10388-025-01130-x,Detection of pathologic complete response using deep neural network-based endoscopic evaluation in patients with esophageal cancer receiving neoadjuvant chemotherapy: a nationwide multicenter retrospective study from 46 Japanese esophageal centers,Satoru Matsuda; Tomoyuki Irino; Yuko Kitagawa; Akihiko Okamura; Shuhei Mayanagi; Eisuke Booka; Masashi Takeuchi; Junya Kitadani; Mitsuro Kanda; Tetsuya Abe; Takeo Bamba; Masaaki Iwatsuki; Takehiro Kagaya; Takanori Kurogochi; Yasuhiro Tsubosa; Hirofumi Kawakubo; Yoshihiro Kakeji; Koji Kono; Masayuki Watanabe; Hiroya Takeuchi,2025,10.1007/s10388-025-01130-x,Esophagus,duplicate,Duplicata de 'Detection of pathologic complete response using deep neural network-based endosc…' já presente em Scopus/S1.,Springer Nature Link/S1,não
Springer Nature Link,S1,Springer S1 — Principal: IA/DL em endoscopia digestiva alta,sp_10.1038_s41698-026-01301-8,The application of pre-trained large visual-language models for preliminary diagnosis of esophageal whitish plaques in large-scale esophageal cancer screening,Yilin Li; Xin Li; Di Zhang; Wenwen Zhu; Yuan Hu; Zijian Zhao; Qi Zhao,2026,10.1038/s41698-026-01301-8,npj Precision Oncology,duplicate,Duplicata de 'The application of pre-trained large visual-language models for preliminary diag…' já presente em Scopus (VLM/FMs)/S1.,Springer Nature Link/S1,sim
Springer Nature Link,S1,Springer S1 — Principal: IA/DL em endoscopia digestiva alta,sp_10.1186_s12916-025-04379-2,Artificial intelligence–assisted endoscopic diagnosis system for diagnosing <i>Helicobacter pylori</i> infection: a multicenter study,Yue Hu; Jianwei Xu; Liang Huang; Zhilin Zheng; Jin Zhao; Tanzhou Chen; Jiang Liu; Fangfang Zhang; Xiaoyun Ding; Jie Pan; Xiaoteng Wang; Shan Liu; Ling Zhang; Bin Lv,2025,10.1186/s12916-025-04379-2,BMC Medicine,duplicate,Duplicata de 'Artificial intelligence–assisted endoscopic diagnosis system for diagnosing Heli…' já presente em Scopus/S1.,Springer Nature Link/S1,não
Springer Nature Link,S1,Springer S1 — Principal: IA/DL em endoscopia digestiva alta,sp_10.1007_s11548-020-02148-5,Deep learning-based anatomical site classification for upper gastrointestinal endoscopy,Qi He; Sophia Bano; Omer F. Ahmad; Bo Yang; Xin Chen; Pietro Valdastri; Laurence B. Lovat; Danail Stoyanov; Siyang Zuo,2020,10.1007/s11548-020-02148-5,International Journal of Computer Assisted Radiology and Surgery,duplicate,Duplicata de 'Deep learning-based anatomical site classification for upper gastrointestinal en…' já presente em Scopus/S1.,Springer Nature Link/S1,sim
Springer Nature Link,S1,Springer S1 — Principal: IA/DL em endoscopia digestiva alta,sp_10.1007_978-981-99-9788-6_10,An Improved Prototypical Network for Endoscopic Grading of Intestinal Metaplasia,Rui Li; Xiaomei Yu; Xuanchi Chen; Xiangwei Zheng,2024,10.1007/978-981-99-9788-6_10,Artificial Intelligence Security and Privacy,duplicate,Duplicata de 'An Improved Prototypical Network for Endoscopic Grading of Intestinal Metaplasia…' já presente em Scopus (VLM/FMs)/S1.,Springer Nature Link/S1,não
Springer Nature Link,S1,Springer S1 — Principal: IA/DL em endoscopia digestiva alta,sp_10.1007_s00535-023-02001-x,Computer-aided demarcation of early gastric cancer: a pilot comparative study with endoscopists,Satoko Takemoto; Keisuke Hori; Sakai Yoshimasa; Masaomi Nishimura; Keiichiro Nakajo; Atsushi Inaba; Maasa Sasabe; Naoki Aoyama; Takashi Watanabe; Nobuhisa Minakata; Hiroaki Ikematsu; Hideo Yokota; Tomonori Yano,2023,10.1007/s00535-023-02001-x,Journal of Gastroenterology,duplicate,Duplicata de 'Computer-aided demarcation of early gastric cancer: a pilot comparative study wi…' já presente em Scopus/S1.,Springer Nature Link/S1,não
Springer Nature Link,S1,Springer S1 — Principal: IA/DL em endoscopia digestiva alta,sp_10.1245_s10434-023-13862-0,Endoscopic Evaluation of Pathological Complete Response Using Deep Neural Network in Esophageal Cancer Patients Who Received Neoadjuvant Chemotherapy—Multicenter Retrospective Study from Four Japanese Esophageal Centers,Satoru Matsuda; Tomoyuki Irino; Akihiko Okamura; Shuhei Mayanagi; Eisuke Booka; Masashi Takeuchi; Hirofumi Kawakubo; Hiroya Takeuchi; Masayuki Watanabe; Yuko Kitagawa,2023,10.1245/s10434-023-13862-0,Annals of Surgical Oncology,duplicate,Duplicata de 'Endoscopic Evaluation of Pathological Complete Response Using Deep Neural Networ…' já presente em PubMed/S2.,Springer Nature Link/S1,não
Springer Nature Link,S1,Springer S1 — Principal: IA/DL em endoscopia digestiva alta,sp_10.1038_s41598-025-97935-y,Modeling radiologists’ cognitive processes using a digital gaze twin to enhance radiology training,Akash Awasthi; Anh Mai Vu; Ngan Le; Zhigang Deng; Supratik Maulik; Rishi Agrawal; Carol C. Wu; Hien Van Nguyen,2025,10.1038/s41598-025-97935-y,Scientific Reports,duplicate,Duplicata de 'Modeling radiologists’ cognitive processes using a digital gaze twin to enhance …' já presente em Scopus (VLM/FMs)/S1.,Springer Nature Link/S1,sim
Springer Nature Link,S1,Springer S1 — Principal: IA/DL em endoscopia digestiva alta,sp_10.1245_s10434-023-13140-z,Evaluation of Endoscopic Response Using Deep Neural Network in Esophageal Cancer Patients Who Received Neoadjuvant Chemotherapy,Satoru Matsuda; Tomoyuki Irino; Hirofumi Kawakubo; Masashi Takeuchi; Erika Nishimura; Kazuhiko Hisaoka; Junichi Sano; Ryota Kobayashi; Kazumasa Fukuda; Rieko Nakamura; Hiroya Takeuchi; Yuko Kitagawa,2023,10.1245/s10434-023-13140-z,Annals of Surgical Oncology,duplicate,Duplicata de 'Evaluation of Endoscopic Response Using Deep Neural Network in Esophageal Cancer…' já presente em Scopus/S1.,Springer Nature Link/S1,não
Springer Nature Link,S1,Springer S1 — Principal: IA/DL em endoscopia digestiva alta,sp_10.1007_s12029-023-00960-1,Non-endoscopic Applications of Machine Learning in Gastric Cancer: A Systematic Review,Marianne Linley L. Sy-Janairo; Jose Isagani B. Janairo,2023,10.1007/s12029-023-00960-1,Journal of Gastrointestinal Cancer,duplicate,"Duplicata de 'Non-endoscopic Applications of Machine Learning in Gastric Cancer: A
Systematic …' já presente em Web of Science/S1.",Springer Nature Link/S1,não
Springer Nature Link,S1,Springer S1 — Principal: IA/DL em endoscopia digestiva alta,sp_10.1007_s10916-021-01782-z,Improving the Classification Performance of Esophageal Disease on Small Dataset by Semi-supervised Efficient Contrastive Learning,Wenju Du; Nini Rao; Jiahao Yong; Yingchun Wang; Dingcan Hu; Tao Gan; Linlin Zhu; Bing Zeng,2021,10.1007/s10916-021-01782-z,Journal of Medical Systems,duplicate,Duplicata de 'Improving the Classification Performance of Esophageal Disease on Small Dataset …' já presente em Scopus/S1.,Springer Nature Link/S1,não
Springer Nature Link,S1,Springer S1 — Principal: IA/DL em endoscopia digestiva alta,sp_10.1038_s41598-021-87405-6,Ability of artificial intelligence to detect T1 esophageal squamous cell carcinoma from endoscopic videos and the effects of real-time assistance,Sho Shiroma; Toshiyuki Yoshio; Yusuke Kato; Yoshimasa Horie; Ken Namikawa; Yoshitaka Tokai; Shoichi Yoshimizu; Natsuko Yoshizawa; Yusuke Horiuchi; Akiyoshi Ishiyama; Toshiaki Hirasawa; Tomohiro Tsuchida; Naoki Akazawa; Junichi Akiyama; Tomohiro Tada; Junko Fujisaki,2021,10.1038/s41598-021-87405-6,Scientific Reports,duplicate,Duplicata de 'Ability of artificial intelligence to detect T1 esophageal squamous cell carcino…' já presente em Scopus/S1.,Springer Nature Link/S1,sim
Springer Nature Link,S1,Springer S1 — Principal: IA/DL em endoscopia digestiva alta,sp_10.1007_s00464-019-06677-2,Spotting malignancies from gastric endoscopic images using deep learning,Jang Hyung Lee; Young Jae Kim; Yoon Woo Kim; Sungjin Park; Youn-i Choi; Yoon Jae Kim; Dong Kyun Park; Kwang Gi Kim; Jun-Won Chung,2019,10.1007/s00464-019-06677-2,Surgical Endoscopy,duplicate,Duplicata de 'Spotting malignancies from gastric endoscopic images using deep learning…' já presente em PubMed/S2.,Springer Nature Link/S1,não
Springer Nature Link,S2,Springer S2 — Lesões e alterações gástricas,sp_10.1038_s41598-024-83721-9,Evaluation of an artificial intelligence-based system for real-time high-quality photodocumentation during esophagogastroduodenoscopy,Byeong Yun Ahn; Junwoo Lee; Jeonga Seol; Ji Yoon Kim; Hyunsoo Chung,2025,10.1038/s41598-024-83721-9,Scientific Reports,duplicate,"Duplicata de 'Evaluation of an artificial intelligence-based system for real-time
high-quality…' já presente em Web of Science/S1.",Springer Nature Link/S2,não
Springer Nature Link,S2,Springer S2 — Lesões e alterações gástricas,sp_10.1007_s00464-025-12423-8,Multi-region and multi-image convolutional neural network model for detecting gastric helicobacter pylori infection,Jie Dai; Zhijian Li; Xigang Zhang; Chunxiao Lai; Guiming Liu; Ruiya Zhang; Lizhi Yi; Hui Yang; Lin Qiu; Yu Lin; Quansheng Guan; Zhenyu Wang; Zhifang Zhao; Huihong Ji; Shunhui He; Haiyang Jiang; Feng Li; Yang Bai,2025,10.1007/s00464-025-12423-8,Surgical Endoscopy,duplicate,Duplicata de 'Multi-region and multi-image convolutional neural network model for detecting ga…' já presente em Springer Nature Link/S1.,Springer Nature Link/S2,não
Springer Nature Link,S2,Springer S2 — Lesões e alterações gástricas,sp_10.1007_s00464-026-12660-5,Influence of sex differences among endoscopists in gastric cancer and precancerous condition detection rate during EGD in the artificial intelligence era: a retrospective study,Yijie Zhu; Li Huang; Dexin Gong; Zehua Dong; Chenxia Zhang; Jingzhai Wang; Xiao Tao; Ping Wan; Lianlian Wu; Yu Zhang,2026,10.1007/s00464-026-12660-5,Surgical Endoscopy,duplicate,Duplicata de 'Influence of sex differences among endoscopists in gastric cancer and precancero…' já presente em PubMed/S3.,Springer Nature Link/S2,não
Springer Nature Link,S2,Springer S2 — Lesões e alterações gástricas,sp_10.1007_s00464-025-12560-0,Effect of <i>Helicobacter pylori</i> infection on deep learning-assisted detection of gastric neoplastic lesions under white light endoscopy,Lingling Yan; Liangmin Zhang; Renquan Luo; Jiacheng Li; Weixia Wu; Weidan Wu; Zhenzhen Wang; Jinbang Peng; Haideng Yang; Binbin Gu; Xinli Mao,2026,10.1007/s00464-025-12560-0,Surgical Endoscopy,duplicate,Duplicata de 'Effect of <i>Helicobacter pylori</i> infection on deep learning-assisted detecti…' já presente em Springer Nature Link/S1.,Springer Nature Link/S2,não
Springer Nature Link,S2,Springer S2 — Lesões e alterações gástricas,sp_10.1007_s13755-026-00457-8,An explainable hybrid deep-learning and machine learning framework for automatic coeliac disease detection from duodenal endoscopy images,Souaad Hamza-Cherif; Adil Gaouar; Zineb Aziza El Aouaber; Nesma Settouti,2026,10.1007/s13755-026-00457-8,Health Information Science and Systems,duplicate,Duplicata de 'An explainable hybrid deep-learning and machine learning framework for automatic…' já presente em Springer Nature Link/S1.,Springer Nature Link/S2,não
Springer Nature Link,S2,Springer S2 — Lesões e alterações gástricas,sp_10.1038_s41598-024-58361-8,Early gastric cancer detection and lesion segmentation based on deep learning and gastroscopic images,Kezhi Zhang; Haibao Wang; Yaru Cheng; Hongyan Liu; Qi Gong; Qian Zeng; Tao Zhang; Guoqiang Wei; Zhi Wei; Dong Chen,2024,10.1038/s41598-024-58361-8,Scientific Reports,duplicate,Duplicata de 'Early gastric cancer detection and lesion segmentation based on deep learning an…' já presente em Springer Nature Link/S1.,Springer Nature Link/S2,sim
Springer Nature Link,S2,Springer S2 — Lesões e alterações gástricas,sp_10.1007_978-3-031-86069-0_26,Esophageal Cancer Diagnosis with a Bilinear Pooling and Attention-Based Convolutional Neural Network,Vikas Raina; Haewon Byeon; Manisha Bhende; K. Sri Yogi; Ismail Keshta; Kanishka Sardana,2025,10.1007/978-3-031-86069-0_26,Advanced Network Technologies and Computational Intelligence,duplicate,Duplicata de 'Esophageal Cancer Diagnosis with a Bilinear Pooling and Attention-Based Convolut…' já presente em Springer Nature Link/S1.,Springer Nature Link/S2,não
Springer Nature Link,S2,Springer S2 — Lesões e alterações gástricas,sp_10.1007_s00464-025-12410-z,Artificial intelligence assistance narrows the experience gap in endoscopic reporting of gastric lesions: a prospective clinical trial,"Hang You; Xiao Tao; Zehua Dong; Yanxia Li; Li Huang; Jia Li; Hongliu Du; Mei Deng; Zhifeng Wu; Xia Tan; Ting Yang,Jun Liu; Honggang Yu",2025,10.1007/s00464-025-12410-z,Surgical Endoscopy,duplicate,Duplicata de 'Artificial intelligence assistance narrows the experience gap in endoscopic repo…' já presente em PubMed/S3.,Springer Nature Link/S2,não
Springer Nature Link,S2,Springer S2 — Lesões e alterações gástricas,sp_10.1186_s12876-024-03389-3,Development and application of an artificial intelligence-assisted endoscopy system for diagnosis of <i>Helicobacter pylori</i> infection: a multicenter randomized controlled study,Pei-Ying Zou; Jian-Ru Zhu; Zhe Zhao; Hao Mei; Jing-Tao Zhao; Wen-Jing Sun; Guo-Hua Wang; Dong-Feng Chen; Li-Lin Fan; Chun-Hui Lan,2024,10.1186/s12876-024-03389-3,BMC Gastroenterology,duplicate,Duplicata de 'Development and application of an artificial intelligence-assisted endoscopy sys…' já presente em Scopus/S1.,Springer Nature Link/S2,não
Springer Nature Link,S2,Springer S2 — Lesões e alterações gástricas,sp_10.1007_s00464-025-12415-8,Application of artificial intelligence for detection of <i>Helicobacter pylori</i> infection by magnetically controlled capsule endoscopy,Fuying Zheng; Qiaoying Zhu; Peiwen Yuan; Futao Wu; Yanli Cui; Zhenhua Xiao; Honghao Li; Xue Li; Jiong Wu; Zhiyan Qu; Zhanhui Ye; Aimin Li,2025,10.1007/s00464-025-12415-8,Surgical Endoscopy,duplicate,Duplicata de 'Application of artificial intelligence for detection of <i>Helicobacter pylori</…' já presente em Springer Nature Link/S1.,Springer Nature Link/S2,não
Springer Nature Link,S2,Springer S2 — Lesões e alterações gástricas,sp_10.1007_s00464-025-11527-5,A prospective and comparative study on improving the diagnostic accuracy of early gastric cancer based on deep convolutional neural network real-time diagnosis system (with video),Jie Feng; Yaoping Zhang; Zhijun Feng; Huiming Ma; Yani Gou; Pengfei Wang; Yanhu Feng; Xiang Wang; Xiaojun Huang,2025,10.1007/s00464-025-11527-5,Surgical Endoscopy,duplicate,Duplicata de 'A prospective and comparative study on improving the diagnostic accuracy of earl…' já presente em PubMed/S3.,Springer Nature Link/S2,não
Springer Nature Link,S2,Springer S2 — Lesões e alterações gástricas,sp_10.1186_s12935-025-03756-4,The artificial intelligence revolution in gastric cancer management: clinical applications,Runze Li; Jingfan Li; Yuman Wang; Xiaoyu Liu; Weichao Xu; Runxue Sun; Binqing Xue; Xinqian Zhang; Yikun Ai; Yanru Du; Jianming Jiang,2025,10.1186/s12935-025-03756-4,Cancer Cell International,duplicate,Duplicata de 'The artificial intelligence revolution in gastric cancer management: clinical ap…' já presente em Springer Nature Link/S1.,Springer Nature Link/S2,não
Springer Nature Link,S2,Springer S2 — Lesões e alterações gástricas,sp_10.1007_s11082-023-06060-5,RETRACTED ARTICLE: Transfer learning based feature extraction with metaheuristic optimization algorithm for detecting gastric cancer using optoelectronic sensor in endoscope,S. Famila; A. Arulmurugan; A. Mahendar; R. Kalaiyarasan; N. Supriya; Bhargavi Maridu,2024,10.1007/s11082-023-06060-5,Optical and Quantum Electronics,duplicate,Duplicata de 'RETRACTED ARTICLE: Transfer learning based feature extraction with metaheuristic…' já presente em Springer Nature Link/S1.,Springer Nature Link/S2,não
Springer Nature Link,S2,Springer S2 — Lesões e alterações gástricas,sp_10.1186_s13640-024-00634-3,Hybrid model-based early diagnosis of esophageal disorders using convolutional neural network and refined logistic regression,R. Janaki; D. Lakshmi,2024,10.1186/s13640-024-00634-3,EURASIP Journal on Image and Video Processing,duplicate,"Duplicata de 'Hybrid model-based early diagnosis of esophageal disorders using
convolutional n…' já presente em Web of Science/S1.",Springer Nature Link/S2,não
Springer Nature Link,S2,Springer S2 — Lesões e alterações gástricas,sp_10.1007_s00234-025-03631-z,MRI-derived deep learning models for predicting 1p/19q codeletion status in glioma patients: a systematic review and meta-analysis of diagnostic test accuracy studies,Amir Mahmoud Ahmadzadeh; Nima Broomand Lomer; Mohammad Amin Ashoobi; Danial Elyassirad; Benyamin Gheiji; Mahsa Vatanparast; Amirhossein Rostami; Mohammad Ali Abouei Mehrizi; Azadeh Tabari; Girish Bathla; Shahriar Faghani,2025,10.1007/s00234-025-03631-z,Neuroradiology,duplicate,Duplicata de 'MRI-derived deep learning models for predicting 1p/19q codeletion status in glio…' já presente em Springer Nature Link/S1.,Springer Nature Link/S2,não
Springer Nature Link,S2,Springer S2 — Lesões e alterações gástricas,sp_10.1007_978-3-031-32029-3_4,Preliminary Study of Deep Learning Algorithms for Metaplasia Detection in Upper Gastrointestinal Endoscopy,Alexandre Neto; Sofia Ferreira; Diogo Libânio; Mário Dinis-Ribeiro; Miguel Coimbra; António Cunha,2023,10.1007/978-3-031-32029-3_4,Wireless Mobile Communication and Healthcare,duplicate,Duplicata de 'Preliminary Study of Deep Learning Algorithms for Metaplasia Detection in Upper …' já presente em Scopus/S1.,Springer Nature Link/S2,não
Springer Nature Link,S2,Springer S2 — Lesões e alterações gástricas,sp_10.1007_s40846-025-00936-5,A Deep Learning Method for Automated Site Recognition of Nasopharyngeal Endoscopic Images,Jiayin Lei; Wei Yang; Rongqian Yang,2025,10.1007/s40846-025-00936-5,Journal of Medical and Biological Engineering,duplicate,Duplicata de 'A Deep Learning Method for Automated Site Recognition of Nasopharyngeal Endoscop…' já presente em Springer Nature Link/S1.,Springer Nature Link/S2,não
Springer Nature Link,S2,Springer S2 — Lesões e alterações gástricas,sp_10.1007_s11042-024-18910-9,A graph-optimized deep learning framework for recognition of Barrett’s esophagus and reflux esophagitis,Muzhou Hou; Jiaoju Wang; Taohua Liu; Zhaoying Li; Alphonse Houssou Hounye; Xiaowei Liu; Kaifu Wang; Shuijiao Chen,2024,10.1007/s11042-024-18910-9,Multimedia Tools and Applications,duplicate,Duplicata de 'A graph-optimized deep learning framework for recognition of Barrett’s esophagus…' já presente em Springer Nature Link/S1.,Springer Nature Link/S2,não
Springer Nature Link,S2,Springer S2 — Lesões e alterações gástricas,sp_10.1186_s12911-023-02235-y,Machine learning applications for early detection of esophageal cancer: a systematic review,Farhang Hosseini; Farkhondeh Asadi; Hassan Emami; Rayan Ebnali Harari,2023,10.1186/s12911-023-02235-y,BMC Medical Informatics and Decision Making,duplicate,Duplicata de 'Machine learning applications for early detection of esophageal cancer: a system…' já presente em Springer Nature Link/S1.,Springer Nature Link/S2,sim
Springer Nature Link,S2,Springer S2 — Lesões e alterações gástricas,sp_10.1007_s12029-023-00960-1,Non-endoscopic Applications of Machine Learning in Gastric Cancer: A Systematic Review,Marianne Linley L. Sy-Janairo; Jose Isagani B. Janairo,2023,10.1007/s12029-023-00960-1,Journal of Gastrointestinal Cancer,duplicate,"Duplicata de 'Non-endoscopic Applications of Machine Learning in Gastric Cancer: A
Systematic …' já presente em Web of Science/S1.",Springer Nature Link/S2,não
Springer Nature Link,S2,Springer S2 — Lesões e alterações gástricas,sp_10.1038_s41746-025-01532-2,Effect of computer aided detection system on esophageal neoplasm diagnosis in varied levels of endoscopists,Bing Li; Yan-Yun Du; Wei-Min Tan; Dong-Li He; Zhi-Peng Qi; Hon-Ho Yu; Qiang Shi; Zhong Ren; Ming-Yan Cai; Bo Yan; Shi-Lun Cai; Yun-Shi Zhong,2025,10.1038/s41746-025-01532-2,npj Digital Medicine,duplicate,Duplicata de 'Effect of computer aided detection system on esophageal neoplasm diagnosis in va…' já presente em Springer Nature Link/S1.,Springer Nature Link/S2,não
Springer Nature Link,S2,Springer S2 — Lesões e alterações gástricas,sp_10.1038_s41746-023-00813-y,Explainable artificial intelligence incorporated with domain knowledge diagnosing early gastric neoplasms under white light endoscopy,Zehua Dong; Junxiao Wang; Yanxia Li; Yunchao Deng; Wei Zhou; Xiaoquan Zeng; Dexin Gong; Jun Liu; Jie Pan; Renduo Shang; Youming Xu; Ming Xu; Lihui Zhang; Mengjiao Zhang; Xiao Tao; Yijie Zhu; Hongliu Du; Zihua Lu; Liwen Yao; Lianlian Wu; Honggang Yu,2023,10.1038/s41746-023-00813-y,npj Digital Medicine,duplicate,Duplicata de 'Explainable artificial intelligence incorporated with domain knowledge diagnosin…' já presente em Springer Nature Link/S1.,Springer Nature Link/S2,sim
Springer Nature Link,S2,Springer S2 — Lesões e alterações gástricas,sp_10.1186_s12957-024-03321-9,The value of machine learning approaches in the diagnosis of early gastric cancer: a systematic review and meta-analysis,Yiheng Shi; Haohan Fan; Li Li; Yaqi Hou; Feifei Qian; Mengting Zhuang; Bei Miao; Sujuan Fei,2024,10.1186/s12957-024-03321-9,World Journal of Surgical Oncology,duplicate,Duplicata de 'The value of machine learning approaches in the diagnosis of early gastric cance…' já presente em Springer Nature Link/S1.,Springer Nature Link/S2,sim
Springer Nature Link,S2,Springer S2 — Lesões e alterações gástricas,sp_10.1186_s12916-025-04379-2,Artificial intelligence–assisted endoscopic diagnosis system for diagnosing <i>Helicobacter pylori</i> infection: a multicenter study,Yue Hu; Jianwei Xu; Liang Huang; Zhilin Zheng; Jin Zhao; Tanzhou Chen; Jiang Liu; Fangfang Zhang; Xiaoyun Ding; Jie Pan; Xiaoteng Wang; Shan Liu; Ling Zhang; Bin Lv,2025,10.1186/s12916-025-04379-2,BMC Medicine,duplicate,Duplicata de 'Artificial intelligence–assisted endoscopic diagnosis system for diagnosing Heli…' já presente em Scopus/S1.,Springer Nature Link/S2,não
Springer Nature Link,S2,Springer S2 — Lesões e alterações gástricas,sp_10.1007_s00464-025-12534-2,AI-powered hierarchical classification of ampullary neoplasms: a deep learning approach using white-light and narrow-band imaging,Dan Yoon; Sung Hoon Chang; Woo Hyun Paik; Chang Hyun Kim; Byeong Soo Kim; Young Gyun Kim; Hyunsoo Chung; Ji Kon Ryu; Sang Hyub Lee; In Rae Cho; Seong Ji Choi; Joo Seong Kim; Sungwan Kim; Jin Ho Choi,2026,10.1007/s00464-025-12534-2,Surgical Endoscopy,duplicate,Duplicata de 'AI-powered hierarchical classification of ampullary neoplasms: a deep learning a…' já presente em Springer Nature Link/S1.,Springer Nature Link/S2,sim
Springer Nature Link,S2,Springer S2 — Lesões e alterações gástricas,sp_10.1007_s13193-025-02306-8,ENDOANGEL: Revolutionizing Early Detection and Surgical Approaches for Gastric Cancer with Advanced AI Technology,Amirhosein Naseri; Mohamad Hossein Antikchi; Sepideh Soleymani; Mehdi Khosravi-Mashizi; Hossein Neamatzadeh,2025,10.1007/s13193-025-02306-8,Indian Journal of Surgical Oncology,duplicate,Duplicata de 'ENDOANGEL: Revolutionizing Early Detection and Surgical Approaches for Gastric C…' já presente em Springer Nature Link/S1.,Springer Nature Link/S2,não
Springer Nature Link,S2,Springer S2 — Lesões e alterações gástricas,sp_10.1038_s41598-025-11172-x,Developing an artificial intelligence-based progressive growing GAN for high-quality facial profile generation and evaluation through turing test and aesthetic analysis,Shahab Kavousinejad; Kazem Dalaie; Mohammad Behnaz; Soodeh Tahmasbi; Asghar Ebadifar; Hoori Mirmohammadsadeghi,2025,10.1038/s41598-025-11172-x,Scientific Reports,duplicate,Duplicata de 'Developing an artificial intelligence-based progressive growing GAN for high-qua…' já presente em Springer Nature Link/S1.,Springer Nature Link/S2,não
Springer Nature Link,S2,Springer S2 — Lesões e alterações gástricas,sp_10.1186_s13027-024-00632-0,"Prevalence of <i>Helicobacter pylori</i> infection in the general population in Wuzhou, China: a cross-sectional study",Liumei Yan; Qiliang He; Xinyun Peng; Sen Lin; Meigu Sha; Shujian Zhao; Dewang Huang; Jiemei Ye,2025,10.1186/s13027-024-00632-0,Infectious Agents and Cancer,duplicate,Duplicata de 'Prevalence of <i>Helicobacter pylori</i> infection in the general population in …' já presente em Springer Nature Link/S1.,Springer Nature Link/S2,não
Springer Nature Link,S2,Springer S2 — Lesões e alterações gástricas,sp_10.1007_s11548-020-02148-5,Deep learning-based anatomical site classification for upper gastrointestinal endoscopy,Qi He; Sophia Bano; Omer F. Ahmad; Bo Yang; Xin Chen; Pietro Valdastri; Laurence B. Lovat; Danail Stoyanov; Siyang Zuo,2020,10.1007/s11548-020-02148-5,International Journal of Computer Assisted Radiology and Surgery,duplicate,Duplicata de 'Deep learning-based anatomical site classification for upper gastrointestinal en…' já presente em Scopus/S1.,Springer Nature Link/S2,sim
Springer Nature Link,S2,Springer S2 — Lesões e alterações gástricas,sp_10.1007_s10120-021-01256-8,Development and evaluation of a double-check support system using artificial intelligence in endoscopic screening for gastric cancer,Hirotaka Oura; Tomoaki Matsumura; Mai Fujie; Tsubasa Ishikawa; Ariki Nagashima; Wataru Shiratori; Mamoru Tokunaga; Tatsuya Kaneko; Yushi Imai; Tsubasa Oike; Yuya Yokoyama; Naoki Akizue; Yuki Ota; Kenichiro Okimoto; Makoto Arai; Yuki Nakagawa; Mari Inada; Kazuya Yamaguchi; Jun Kato; Naoya Kato,2021,10.1007/s10120-021-01256-8,Gastric Cancer,duplicate,"Duplicata de 'Development and evaluation of a double-check support system using
artificial int…' já presente em Web of Science/S1.",Springer Nature Link/S2,não
Springer Nature Link,S2,Springer S2 — Lesões e alterações gástricas,sp_10.1007_s00464-022-09319-2,A deep learning-based model improves diagnosis of early gastric cancer under narrow band imaging endoscopy,Dehua Tang; Muhan Ni; Chang Zheng; Xiwei Ding; Nina Zhang; Tian Yang; Qiang Zhan; Yiwei Fu; Wenjia Liu; Duanming Zhuang; Ying Lv; Guifang Xu; Lei Wang; Xiaoping Zou,2022,10.1007/s00464-022-09319-2,Surgical Endoscopy,duplicate,Duplicata de 'A deep learning-based model improves diagnosis of early gastric cancer under nar…' já presente em Springer Nature Link/S1.,Springer Nature Link/S2,não
Springer Nature Link,S2,Springer S2 — Lesões e alterações gástricas,sp_10.1007_978-3-031-22922-0_10,Smart Intelligent System for Cervix Cancer Image Classification Using Google Cloud Platform,P. Subashini; T. T. Dhivyaprabha; M. Krishnaveni; M. B. Jennyfer Susan,2023,10.1007/978-3-031-22922-0_10,Enabling Technologies for Effective Planning and Management in Sustainable Smart Cities,duplicate,Duplicata de 'Smart Intelligent System for Cervix Cancer Image Classification Using Google Clo…' já presente em Springer Nature Link/S1.,Springer Nature Link/S2,não
Springer Nature Link,S2,Springer S2 — Lesões e alterações gástricas,sp_10.1038_s41598-022-10739-2,Utility of an artificial intelligence system for classification of esophageal lesions when simulating its clinical use,Ayaka Tajiri; Ryu Ishihara; Yusuke Kato; Takahiro Inoue; Katsunori Matsueda; Muneaki Miyake; Kotaro Waki; Yusaku Shimamoto; Hiromu Fukuda; Noriko Matsuura; Satoshi Egawa; Shinjiro Yamaguchi; Hideharu Ogiyama; Kiyoshi Ogiso; Tsutomu Nishida; Kenji Aoi; Tomohiro Tada,2022,10.1038/s41598-022-10739-2,Scientific Reports,duplicate,Duplicata de 'Utility of an artificial intelligence system for classification of esophageal le…' já presente em Springer Nature Link/S1.,Springer Nature Link/S2,sim
Springer Nature Link,S2,Springer S2 — Lesões e alterações gástricas,sp_10.1007_978-981-99-9788-6_10,An Improved Prototypical Network for Endoscopic Grading of Intestinal Metaplasia,Rui Li; Xiaomei Yu; Xuanchi Chen; Xiangwei Zheng,2024,10.1007/978-981-99-9788-6_10,Artificial Intelligence Security and Privacy,duplicate,Duplicata de 'An Improved Prototypical Network for Endoscopic Grading of Intestinal Metaplasia…' já presente em Scopus (VLM/FMs)/S1.,Springer Nature Link/S2,não
Springer Nature Link,S2,Springer S2 — Lesões e alterações gástricas,sp_10.1007_s11227-025-07497-z,GPDet: an anchor-free object detector based on dual center-ness and criss-cross balance for unstructured gastroscopic image data,Zhimin Tang; Yuhui Deng; Yi Zhou; Hexian Lu; Lijuan Lu; Junhao Huang; Hong Li; Shun Long,2025,10.1007/s11227-025-07497-z,The Journal of Supercomputing,duplicate,Duplicata de 'GPDet: an anchor-free object detector based on dual center-ness and criss-cross …' já presente em Springer Nature Link/S1.,Springer Nature Link/S2,não
Springer Nature Link,S2,Springer S2 — Lesões e alterações gástricas,sp_10.1007_s00464-026-12702-y,Imaging characteristics and discrimination model development for early gastric cancer using multi-spectral CT,Wei-Na Jing; Xiao-Cun Xing; Fei-Fan Chen; Jin-Lin Yang; Kai Liao; Kai Deng,2026,10.1007/s00464-026-12702-y,Surgical Endoscopy,duplicate,Duplicata de 'Imaging characteristics and discrimination model development for early gastric c…' já presente em Springer Nature Link/S1.,Springer Nature Link/S2,não
Springer Nature Link,S2,Springer S2 — Lesões e alterações gástricas,sp_10.1038_s41467-022-31339-8,Instant diagnosis of gastroscopic biopsy via deep-learned single-shot femtosecond stimulated Raman histology,Zhijie Liu; Wei Su; Jianpeng Ao; Min Wang; Qiuli Jiang; Jie He; Hua Gao; Shu Lei; Jinshan Nie; Xuefeng Yan; Xiaojing Guo; Pinghong Zhou; Hao Hu; Minbiao Ji,2022,10.1038/s41467-022-31339-8,Nature Communications,duplicate,"Duplicata de 'Instant diagnosis of gastroscopic biopsy via deep-learned single-shot
femtosecon…' já presente em Web of Science/S1.",Springer Nature Link/S2,sim
Springer Nature Link,S2,Springer S2 — Lesões e alterações gástricas,sp_10.1038_s41598-022-19639-x,An xception model based on residual attention mechanism for the classification of benign and malignant gastric ulcers,Yixin Liu; Lihang Zhang; Zezhou Hao; Ziyuan Yang; Shanjuan Wang; Xiaoguang Zhou; Qing Chang,2022,10.1038/s41598-022-19639-x,Scientific Reports,duplicate,Duplicata de 'An xception model based on residual attention mechanism for the classification o…' já presente em Springer Nature Link/S1.,Springer Nature Link/S2,sim
Springer Nature Link,S2,Springer S2 — Lesões e alterações gástricas,sp_10.1007_s10846-023-02001-2,Theory and Application of High-Precision Preoperative Positioning for Cochlear Surgical Robot,Hengjia Liu; Hongjian Yu; Zhijiang Du; Feng Liu; Xuanbo Fan; Lining Sun,2023,10.1007/s10846-023-02001-2,Journal of Intelligent & Robotic Systems,duplicate,Duplicata de 'Theory and Application of High-Precision Preoperative Positioning for Cochlear S…' já presente em Springer Nature Link/S1.,Springer Nature Link/S2,não
Springer Nature Link,S2,Springer S2 — Lesões e alterações gástricas,sp_10.1007_978-3-030-97610-1_30,Improving Gastroesophageal Reflux Diseases Classification Diagnosis from Endoscopic Images Using StyleGAN2-ADA,Phuong-Thao Nguyen; Thanh-Hai Tran; Viet-Hang Dao; Hai Vu,2022,10.1007/978-3-030-97610-1_30,Artificial Intelligence in Data and Big Data Processing,duplicate,Duplicata de 'Improving Gastroesophageal Reflux Diseases Classification Diagnosis from Endosco…' já presente em Springer Nature Link/S1.,Springer Nature Link/S2,não
Springer Nature Link,S2,Springer S2 — Lesões e alterações gástricas,sp_10.1038_s41598-021-87737-3,Artificial intelligence-assisted analysis of endoscopic retrograde cholangiopancreatography image for identifying ampulla and difficulty of selective cannulation,Taesung Kim; Jinhee Kim; Hyuk Soon Choi; Eun Sun Kim; Bora Keum; Yoon Tae Jeen; Hong Sik Lee; Hoon Jai Chun; Sung Yong Han; Dong Uk Kim; Soonwook Kwon; Jaegul Choo; Jae Min Lee,2021,10.1038/s41598-021-87737-3,Scientific Reports,duplicate,Duplicata de 'Artificial intelligence-assisted analysis of endoscopic retrograde cholangiopanc…' já presente em Springer Nature Link/S1.,Springer Nature Link/S2,sim
Springer Nature Link,S2,Springer S2 — Lesões e alterações gástricas,sp_10.1186_s43593-022-00038-8,Computational coherent Raman scattering imaging: breaking physical barriers by fusion of advanced instrumentation and data science,Haonan Lin; Ji-Xin Cheng,2023,10.1186/s43593-022-00038-8,eLight,duplicate,Duplicata de 'Computational coherent Raman scattering imaging: breaking physical barriers by f…' já presente em Springer Nature Link/S1.,Springer Nature Link/S2,sim
Springer Nature Link,S2,Springer S2 — Lesões e alterações gástricas,sp_10.1007_978-3-031-17979-2_2,"Self-supervised Approach for a Fully Assistive Esophageal Surveillance: Quality, Anatomy and Neoplasia Guidance",Ziang Xu; Sharib Ali; Numan Celik; Adam Bailey; Barbara Braden; Jens Rittscher,2022,10.1007/978-3-031-17979-2_2,Cancer Prevention Through Early Detection,duplicate,"Duplicata de 'Self-supervised Approach for a Fully Assistive Esophageal Surveillance: Quality,…' já presente em Springer Nature Link/S1.",Springer Nature Link/S2,não
Springer Nature Link,S2,Springer S2 — Lesões e alterações gástricas,sp_10.1007_s11227-021-03630-w,Adoption value of deep learning and serological indicators in the screening of atrophic gastritis based on artificial intelligence,Jianhai Zhang; Jianhong Yu; Suna Fu; Xinhua Tian,2021,10.1007/s11227-021-03630-w,The Journal of Supercomputing,duplicate,Duplicata de 'Adoption value of deep learning and serological indicators in the screening of a…' já presente em Springer Nature Link/S1.,Springer Nature Link/S2,não
Springer Nature Link,S2,Springer S2 — Lesões e alterações gástricas,sp_10.1007_978-981-19-4546-5_35,An Improved SSD-Based Gastric Cancer Detection Method,Minggui Liu; Zhiming Luo; Donglin Cao; Dazhen Lin; Songzhi Su; Shaozi Li,2022,10.1007/978-981-19-4546-5_35,Computer Supported Cooperative Work and Social Computing,duplicate,Duplicata de 'An Improved SSD-Based Gastric Cancer Detection Method…' já presente em Springer Nature Link/S1.,Springer Nature Link/S2,não
Springer Nature Link,S2,Springer S2 — Lesões e alterações gástricas,sp_10.1186_s12876-025-04461-2,Development of a prediction model for peptic ulcer disease using the fusion of a feature selection strategy and ensemble algorithms,Raoof Nopour,2025,10.1186/s12876-025-04461-2,BMC Gastroenterology,duplicate,Duplicata de 'Development of a prediction model for peptic ulcer disease using the fusion of a…' já presente em Springer Nature Link/S1.,Springer Nature Link/S2,não
Springer Nature Link,S2,Springer S2 — Lesões e alterações gástricas,sp_10.1007_s10620-019-05862-6,Convolutional Neural Network for Differentiating Gastric Cancer from Gastritis Using Magnified Endoscopy with Narrow Band Imaging,Yusuke Horiuchi; Kazuharu Aoyama; Yoshitaka Tokai; Toshiaki Hirasawa; Shoichi Yoshimizu; Akiyoshi Ishiyama; Toshiyuki Yoshio; Tomohiro Tsuchida; Junko Fujisaki; Tomohiro Tada,2019,10.1007/s10620-019-05862-6,Digestive Diseases and Sciences,duplicate,Duplicata de 'Convolutional Neural Network for Differentiating Gastric Cancer from Gastritis U…' já presente em PubMed/S3.,Springer Nature Link/S2,não
Springer Nature Link,S2,Springer S2 — Lesões e alterações gástricas,sp_10.1007_s42835-019-00259-x,Gastric Lesion Classification Using Deep Learning Based on Fast and Robust Fuzzy C-Means and Simple Linear Iterative Clustering Superpixel Algorithms,Dong-hyun Kim; Hyun; Chin Cho; Hyun-chong Cho,2019,10.1007/s42835-019-00259-x,Journal of Electrical Engineering & Technology,duplicate,"Duplicata de 'Gastric Lesion Classification Using Deep Learning Based on Fast and
Robust Fuzzy…' já presente em Web of Science/S3.",Springer Nature Link/S2,não
Springer Nature Link,S2,Springer S2 — Lesões e alterações gástricas,sp_10.1007_s00371-024-03723-6,Multimodal fusion and knowledge distillation for improved anomaly detection,Meichen Lu; Yi Chai; Kaixiong Xu; Weiqing Chen; Fei Ao; Wen Ji,2024,10.1007/s00371-024-03723-6,The Visual Computer,duplicate,Duplicata de 'Multimodal fusion and knowledge distillation for improved anomaly detection…' já presente em Springer Nature Link/S1.,Springer Nature Link/S2,não
Springer Nature Link,S2,Springer S2 — Lesões e alterações gástricas,sp_10.1007_s00455-024-10740-z,Abstracts from the 31st Meeting of the Dysphagia Research Society,Catriona M. Steele,2024,10.1007/s00455-024-10740-z,Dysphagia,duplicate,Duplicata de 'Abstracts from the 31st Meeting of the Dysphagia Research Society…' já presente em Springer Nature Link/S1.,Springer Nature Link/S2,não
Springer Nature Link,S2,Springer S2 — Lesões e alterações gástricas,sp_10.1007_s10916-021-01782-z,Improving the Classification Performance of Esophageal Disease on Small Dataset by Semi-supervised Efficient Contrastive Learning,Wenju Du; Nini Rao; Jiahao Yong; Yingchun Wang; Dingcan Hu; Tao Gan; Linlin Zhu; Bing Zeng,2021,10.1007/s10916-021-01782-z,Journal of Medical Systems,duplicate,Duplicata de 'Improving the Classification Performance of Esophageal Disease on Small Dataset …' já presente em Scopus/S1.,Springer Nature Link/S2,não
Springer Nature Link,S2,Springer S2 — Lesões e alterações gástricas,sp_10.1007_s11042-023-14861-9,A survey on the utilization of Superpixel image for clustering based image segmentation,Buddhadev Sasmal; Krishna Gopal Dhal,2023,10.1007/s11042-023-14861-9,Multimedia Tools and Applications,duplicate,Duplicata de 'A survey on the utilization of Superpixel image for clustering based image segme…' já presente em Springer Nature Link/S1.,Springer Nature Link/S2,não
Springer Nature Link,S2,Springer S2 — Lesões e alterações gástricas,sp_10.1007_978-3-031-73376-5_8,Optimizing Multi-expert Consensus for Classification and Precise Localization of Barrett’s Neoplasia,Carolus H. J. Kusters; Tim G. W. Boers; Tim J. M. Jaspers; Martijn R. Jong; Rixta A. H. van Eijck van Heslinga; Albert J. de Groof; Jacques J. Bergman; Fons van der Sommen; Peter H. N. De With,2025,10.1007/978-3-031-73376-5_8,"Cancer Prevention, Detection, and Intervention",duplicate,Duplicata de 'Optimizing Multi-expert Consensus for Classification and Precise Localization of…' já presente em Springer Nature Link/S1.,Springer Nature Link/S2,não
Springer Nature Link,S2,Springer S2 — Lesões e alterações gástricas,sp_10.1007_978-3-031-21083-9_2,Criss-Cross Attention Based Multi-level Fusion Network for Gastric Intestinal Metaplasia Segmentation,Chu-Min Nien; Er-Hsiang Yang; Wei-Lun Chang; Hsiu-Chi Cheng; Chun-Rong Huang,2022,10.1007/978-3-031-21083-9_2,"Imaging Systems for GI Endoscopy, and Graphs in Biomedical Image Analysis",duplicate,Duplicata de 'Criss-Cross Attention Based Multi-level Fusion Network for Gastric Intestinal Me…' já presente em Springer Nature Link/S1.,Springer Nature Link/S2,não
Springer Nature Link,S2,Springer S2 — Lesões e alterações gástricas,sp_10.1007_978-3-030-39177-5_8,Two-Stage Method for Polyps Segmentation in Endoscopic Images,Nataliia A. Obukhova; Alexander A. Motyko; Alexaner A. Pozdeev,2020,10.1007/978-3-030-39177-5_8,Computer Vision in Control Systems—6,duplicate,Duplicata de 'Two-Stage Method for Polyps Segmentation in Endoscopic Images…' já presente em Springer Nature Link/S1.,Springer Nature Link/S2,não
Springer Nature Link,S2,Springer S2 — Lesões e alterações gástricas,sp_10.1007_s11604-022-01352-4,Application of radiomics in precision prediction of diagnosis and treatment of gastric cancer,Getao Du; Yun Zeng; Dan Chen; Wenhua Zhan; Yonghua Zhan,2022,10.1007/s11604-022-01352-4,Japanese Journal of Radiology,duplicate,Duplicata de 'Application of radiomics in precision prediction of diagnosis and treatment of g…' já presente em Springer Nature Link/S1.,Springer Nature Link/S2,não
Springer Nature Link,S2,Springer S2 — Lesões e alterações gástricas,sp_10.1007_s00464-019-06677-2,Spotting malignancies from gastric endoscopic images using deep learning,Jang Hyung Lee; Young Jae Kim; Yoon Woo Kim; Sungjin Park; Youn-i Choi; Yoon Jae Kim; Dong Kyun Park; Kwang Gi Kim; Jun-Won Chung,2019,10.1007/s00464-019-06677-2,Surgical Endoscopy,duplicate,Duplicata de 'Spotting malignancies from gastric endoscopic images using deep learning…' já presente em PubMed/S2.,Springer Nature Link/S2,não
Springer Nature Link,S2,Springer S2 — Lesões e alterações gástricas,sp_10.1007_s00761-023-01311-2,Endoskopische Diagnostik und Therapie von Adenokarzinomen des Ösophagus,Sebastian Baumer; Oliver Pech,2023,10.1007/s00761-023-01311-2,Die Onkologie,duplicate,Duplicata de 'Endoscopic diagnosis and treatment of esophageal adenocarcinoma…' já presente em Web of Science/S1.,Springer Nature Link/S2,não
Springer Nature Link,S3,Springer S3 — Pólipos gástricos,sp_10.1186_s12916-025-04379-2,Artificial intelligence–assisted endoscopic diagnosis system for diagnosing <i>Helicobacter pylori</i> infection: a multicenter study,Yue Hu; Jianwei Xu; Liang Huang; Zhilin Zheng; Jin Zhao; Tanzhou Chen; Jiang Liu; Fangfang Zhang; Xiaoyun Ding; Jie Pan; Xiaoteng Wang; Shan Liu; Ling Zhang; Bin Lv,2025,10.1186/s12916-025-04379-2,BMC Medicine,duplicate,Duplicata de 'Artificial intelligence–assisted endoscopic diagnosis system for diagnosing Heli…' já presente em Scopus/S1.,Springer Nature Link/S3,não
Springer Nature Link,S3,Springer S3 — Pólipos gástricos,sp_10.1038_s41598-024-68866-x,Efficient artificial intelligence-based assessment of the gastroesophageal valve with Hill classification through active learning,Ioannis Kafetzis; Karl-Hermann Fuchs; Philipp Sodmann; Joel Troya; Wolfram Zoller; Alexander Meining; Alexander Hann,2024,10.1038/s41598-024-68866-x,Scientific Reports,duplicate,Duplicata de 'Efficient artificial intelligence-based assessment of the gastroesophageal valve…' já presente em Springer Nature Link/S2.,Springer Nature Link/S3,sim
Springer Nature Link,S3,Springer S3 — Pólipos gástricos,sp_10.1186_s13020-024-00963-5,Development of an artificial intelligent model for pre-endoscopic screening of precancerous lesions in gastric cancer,Lan Wang; Qian Zhang; Peng Zhang; Bowen Wu; Jun Chen; Jiamin Gong; Kaiqiang Tang; Shiyu Du; Shao Li,2024,10.1186/s13020-024-00963-5,Chinese Medicine,duplicate,Duplicata de 'Development of an artificial intelligent model for pre-endoscopic screening of p…' já presente em Springer Nature Link/S2.,Springer Nature Link/S3,sim
Springer Nature Link,S3,Springer S3 — Pólipos gástricos,sp_10.1186_s12876-022-02626-x,Establishing machine learning models to predict the early risk of gastric cancer based on lifestyle factors,Mohammad Reza Afrash; Mohsen Shafiee; Hadi Kazemi-Arpanahi,2023,10.1186/s12876-022-02626-x,BMC Gastroenterology,duplicate,Duplicata de 'Establishing machine learning models to predict the early risk of gastric cancer…' já presente em Springer Nature Link/S2.,Springer Nature Link/S3,sim
Springer Nature Link,S3,Springer S3 — Pólipos gástricos,sp_10.1186_s12911-023-02324-y,Intelligent identification system of gastric stromal tumors based on blood biopsy indicators,Shangjun Han; Meijuan Song; Jiarui Wang; Yalong Huang; Zuxi Li; Aijia Yang; Changsheng Sui; Zeping Zhang; Jiling Qiao; Jing Yang,2023,10.1186/s12911-023-02324-y,BMC Medical Informatics and Decision Making,duplicate,Duplicata de 'Intelligent identification system of gastric stromal tumors based on blood biops…' já presente em Springer Nature Link/S2.,Springer Nature Link/S3,sim
Springer Nature Link,S3,Springer S3 — Pólipos gástricos,sp_10.1186_s12876-022-02589-z,Magnetic controlled capsule endoscope (MCCE)‘s diagnostic performance for <i>H. pylori</i> infection status based on the Kyoto classification of gastritis,Sun Xi; Liu Jing; Wu Lili; Li Tingting; Li Jun; Wang Ming; Wang Zhiqiang; Jin Peng,2022,10.1186/s12876-022-02589-z,BMC Gastroenterology,duplicate,Duplicata de 'Magnetic controlled capsule endoscope (MCCE)‘s diagnostic performance for <i>H. …' já presente em Springer Nature Link/S2.,Springer Nature Link/S3,sim
Springer Nature Link,S3,Springer S3 — Pólipos gástricos,sp_10.1186_s12876-025-03765-7,Factors influencing the incidence of early gastric cancer: a bayesian network analysis,Ruiyu Li; Taiming Yang; Zi Dong; Yin Gao; Nan Li; Ting Song; Jinshu Sun; Ying Chen,2025,10.1186/s12876-025-03765-7,BMC Gastroenterology,duplicate,Duplicata de 'Factors influencing the incidence of early gastric cancer: a bayesian network an…' já presente em Springer Nature Link/S2.,Springer Nature Link/S3,não
Springer Nature Link,S3,Springer S3 — Pólipos gástricos,sp_10.1007_3-540-57868-4_81,Early screening for gastric cancer using machine learning techniques,W. Z. Liu; A. P. White; M. T. Hallissey,1994,10.1007/3-540-57868-4_81,Machine Learning: ECML-94,duplicate,Duplicata de 'Early screening for gastric cancer using machine learning techniques…' já presente em Springer Nature Link/S2.,Springer Nature Link/S3,não
Springer Nature Link,S4,Springer S4 — Brasil / América Latina,sp_10.1007_s10388-025-01130-x,Detection of pathologic complete response using deep neural network-based endoscopic evaluation in patients with esophageal cancer receiving neoadjuvant chemotherapy: a nationwide multicenter retrospective study from 46 Japanese esophageal centers,Satoru Matsuda; Tomoyuki Irino; Yuko Kitagawa; Akihiko Okamura; Shuhei Mayanagi; Eisuke Booka; Masashi Takeuchi; Junya Kitadani; Mitsuro Kanda; Tetsuya Abe; Takeo Bamba; Masaaki Iwatsuki; Takehiro Kagaya; Takanori Kurogochi; Yasuhiro Tsubosa; Hirofumi Kawakubo; Yoshihiro Kakeji; Koji Kono; Masayuki Watanabe; Hiroya Takeuchi,2025,10.1007/s10388-025-01130-x,Esophagus,duplicate,Duplicata de 'Detection of pathologic complete response using deep neural network-based endosc…' já presente em Scopus/S1.,Springer Nature Link/S4,não
Springer Nature Link,S4,Springer S4 — Brasil / América Latina,sp_10.1007_s40812-025-00355-2,From agriculture to agroindustry: the European Union Farm to Fork policy,Mariano Weber; Marco Ciro Liscio; Daniele Bregoli; Paolo Sospiro,2025,10.1007/s40812-025-00355-2,Journal of Industrial and Business Economics,duplicate,Duplicata de 'From agriculture to agroindustry: the European Union Farm to Fork policy…' já presente em Springer Nature Link/S2.,Springer Nature Link/S4,sim
Springer Nature Link,S4,Springer S4 — Brasil / América Latina,sp_10.1007_s00455-024-10740-z,Abstracts from the 31st Meeting of the Dysphagia Research Society,Catriona M. Steele,2024,10.1007/s00455-024-10740-z,Dysphagia,duplicate,Duplicata de 'Abstracts from the 31st Meeting of the Dysphagia Research Society…' já presente em Springer Nature Link/S1.,Springer Nature Link/S4,não
Springer Nature Link,S4,Springer S4 — Brasil / América Latina,sp_10.1186_s13054-024-04822-5,43rd International Symposium on Intensive Care & Emergency Medicine,,2024,10.1186/s13054-024-04822-5,Critical Care,duplicate,Duplicata de '43rd International Symposium on Intensive Care & Emergency Medicine…' já presente em Springer Nature Link/S2.,Springer Nature Link/S4,não
Springer Nature Link,S4,Springer S4 — Brasil / América Latina,sp_10.1186_s40677-024-00287-4,The potential use of nature-based solutions as natural hazard mitigation measure for linear infrastructure in the Nordic Countries,Vittoria Capobianco; Rosa Maria Palau; Anders Solheim; Kjersti Gisnås; Graham Gilbert; Per Danielsson; Peter van der Keur,2024,10.1186/s40677-024-00287-4,Geoenvironmental Disasters,duplicate,Duplicata de 'The potential use of nature-based solutions as natural hazard mitigation measure…' já presente em Springer Nature Link/S2.,Springer Nature Link/S4,sim
Springer Nature Link,S4,Springer S4 — Brasil / América Latina,sp_10.1186_s13223-023-00845-9,13th C1-inhibitor deficiency and angioedema workshop—2023,,2023,10.1186/s13223-023-00845-9,"Allergy, Asthma & Clinical Immunology",duplicate,Duplicata de '13th C1-inhibitor deficiency and angioedema workshop—2023…' já presente em Springer Nature Link/S2.,Springer Nature Link/S4,não
Springer Nature Link,S4,Springer S4 — Brasil / América Latina,sp_10.1007_s10286-023-00988-0,34th International Symposium on the Autonomic Nervous System,,2023,10.1007/s10286-023-00988-0,Clinical Autonomic Research,duplicate,Duplicata de '34th International Symposium on the Autonomic Nervous System…' já presente em Springer Nature Link/S2.,Springer Nature Link/S4,não
Springer Nature Link,S4,Springer S4 — Brasil / América Latina,sp_10.1007_s13181-021-00832-9,2021 ACMT Annual Scientific Meeting Abstracts—Virtual,,2021,10.1007/s13181-021-00832-9,Journal of Medical Toxicology,duplicate,Duplicata de '2021 ACMT Annual Scientific Meeting Abstracts—Virtual…' já presente em Springer Nature Link/S2.,Springer Nature Link/S4,não
Springer Nature Link,S4,Springer S4 — Brasil / América Latina,sp_10.1007_s12288-020-01384-8,61st Annual Conference of Indian Society of Hematology & Blood Transfusion (ISHBT) November 2020,,2020,10.1007/s12288-020-01384-8,Indian Journal of Hematology and Blood Transfusion,duplicate,Duplicata de '61st Annual Conference of Indian Society of Hematology & Blood Transfusion (ISHB…' já presente em Springer Nature Link/S2.,Springer Nature Link/S4,não
Springer Nature Link,S4,Springer S4 — Brasil / América Latina,sp_10.1186_s13054-019-2358-0,39th International Symposium on Intensive Care and Emergency Medicine,,2019,10.1186/s13054-019-2358-0,Critical Care,duplicate,Duplicata de '39th International Symposium on Intensive Care and Emergency Medicine…' já presente em Springer Nature Link/S2.,Springer Nature Link/S4,não
Springer Nature Link,S4,Springer S4 — Brasil / América Latina,sp_10.1007_s12028-017-0465-9,Abstracts Presented at the Neurocritical Care Society (NCS) 15th Annual Meeting,,2017,10.1007/s12028-017-0465-9,Neurocritical Care,duplicate,Duplicata de 'Abstracts Presented at the Neurocritical Care Society (NCS) 15th Annual Meeting…' já presente em Springer Nature Link/S2.,Springer Nature Link/S4,não
Springer Nature Link,S4,Springer S4 — Brasil / América Latina,sp_10.1186_s12969-017-0185-x,Proceedings of the 24<sup>th</sup> Paediatric Rheumatology European Society Congress: Part one,,2017,10.1186/s12969-017-0185-x,Pediatric Rheumatology,duplicate,Duplicata de 'Proceedings of the 24<sup>th</sup> Paediatric Rheumatology European Society Cong…' já presente em Springer Nature Link/S2.,Springer Nature Link/S4,não
Springer Nature Link,S4,Springer S4 — Brasil / América Latina,sp_10.1007_s12028-013-9895-1,Neurocritical Care Society 11th Annual Meeting,,2013,10.1007/s12028-013-9895-1,Neurocritical Care,duplicate,Duplicata de 'Neurocritical Care Society 11th Annual Meeting…' já presente em Springer Nature Link/S2.,Springer Nature Link/S4,não
Springer Nature Link,S4,Springer S4 — Brasil / América Latina,sp_10.1007_s10545-006-9995-6,Contents,,2006,10.1007/s10545-006-9995-6,Journal of Inherited Metabolic Disease,duplicate,Duplicata de 'Contents…' já presente em Springer Nature Link/S2.,Springer Nature Link/S4,não
Springer Nature Link,S4,Springer S4 — Brasil / América Latina,sp_10.1007_978-0-306-48603-6_5,E,André Heck,2004,10.1007/978-0-306-48603-6_5,StarBriefs Plus,duplicate,Duplicata de 'E…' já presente em Springer Nature Link/S2.,Springer Nature Link/S4,não
Springer Nature Link,S5,Springer S5 — Datasets de endoscopia gástrica,sp_10.1007_978-3-031-86069-0_26,Esophageal Cancer Diagnosis with a Bilinear Pooling and Attention-Based Convolutional Neural Network,Vikas Raina; Haewon Byeon; Manisha Bhende; K. Sri Yogi; Ismail Keshta; Kanishka Sardana,2025,10.1007/978-3-031-86069-0_26,Advanced Network Technologies and Computational Intelligence,duplicate,Duplicata de 'Esophageal Cancer Diagnosis with a Bilinear Pooling and Attention-Based Convolut…' já presente em Springer Nature Link/S1.,Springer Nature Link/S5,não
Springer Nature Link,S5,Springer S5 — Datasets de endoscopia gástrica,sp_10.1007_s13755-026-00457-8,An explainable hybrid deep-learning and machine learning framework for automatic coeliac disease detection from duodenal endoscopy images,Souaad Hamza-Cherif; Adil Gaouar; Zineb Aziza El Aouaber; Nesma Settouti,2026,10.1007/s13755-026-00457-8,Health Information Science and Systems,duplicate,Duplicata de 'An explainable hybrid deep-learning and machine learning framework for automatic…' já presente em Springer Nature Link/S1.,Springer Nature Link/S5,não
Springer Nature Link,S5,Springer S5 — Datasets de endoscopia gástrica,sp_10.1007_s00371-024-03723-6,Multimodal fusion and knowledge distillation for improved anomaly detection,Meichen Lu; Yi Chai; Kaixiong Xu; Weiqing Chen; Fei Ao; Wen Ji,2024,10.1007/s00371-024-03723-6,The Visual Computer,duplicate,Duplicata de 'Multimodal fusion and knowledge distillation for improved anomaly detection…' já presente em Springer Nature Link/S1.,Springer Nature Link/S5,não
Springer Nature Link,S5,Springer S5 — Datasets de endoscopia gástrica,sp_10.1007_978-3-031-21083-9_2,Criss-Cross Attention Based Multi-level Fusion Network for Gastric Intestinal Metaplasia Segmentation,Chu-Min Nien; Er-Hsiang Yang; Wei-Lun Chang; Hsiu-Chi Cheng; Chun-Rong Huang,2022,10.1007/978-3-031-21083-9_2,"Imaging Systems for GI Endoscopy, and Graphs in Biomedical Image Analysis",duplicate,Duplicata de 'Criss-Cross Attention Based Multi-level Fusion Network for Gastric Intestinal Me…' já presente em Springer Nature Link/S1.,Springer Nature Link/S5,não
Scopus (VLM/FMs),S2,S6-VLM S2 — Modelos nomeados em endoscopia,Wang2026546,Adaptive Mixture of Experts for Cross-Domain Medical Image Segmentation with Vision Foundation Models,"Wang, Qifei; Zhao, Yuefeng; Chen, Bolin; Zhou, Nai; Tao, Qianqian; Hu, Nannan",2026,10.1007/978-981-95-5764-6_37,Lecture Notes in Computer Science,duplicate,Duplicata de 'Adaptive Mixture of Experts for Cross-Domain Medical Image Segmentation with Vis…' já presente em Scopus (VLM/FMs)/S1.,Scopus (VLM/FMs)/S2,sim
Scopus (VLM/FMs),S2,S6-VLM S2 — Modelos nomeados em endoscopia,Nouman2024301,Rethinking MedSAM: Performance Discrepancies in Clinical Applications,"Nouman, Muhammad; Khoriba, Ghada; Rashed, Essam A.",2024,10.1109/FMLDS63805.2024.00061,"Proceedings - 2024 IEEE International Conference on Future Machine Learning and Data Science, FMLDS 2024",duplicate,Duplicata de 'Rethinking MedSAM: Performance Discrepancies in Clinical Applications…' já presente em Scopus (VLM/FMs)/S1.,Scopus (VLM/FMs)/S2,sim
Scopus (VLM/FMs),S2,S6-VLM S2 — Modelos nomeados em endoscopia,Yang2025425,RSG-SAM2: Robust Semantics-Guided SAM2 for Multi-Class Surgical Instruments Semantic Segmentation,"Yang, Dewei; Jiang, Chunyang; Le, Shuo; Liu, Jieming; Li, Xi; Li, Zhangyong",2025,10.1109/FTCS68006.2025.11405741,"2025 International Conference on Frontiers Technology in Circuits and Systems, FTCS 2025",duplicate,Duplicata de 'RSG-SAM2: Robust Semantics-Guided SAM2 for Multi-Class Surgical Instruments Sema…' já presente em Scopus (VLM/FMs)/S1.,Scopus (VLM/FMs)/S2,sim
Scopus (VLM/FMs),S2,S6-VLM S2 — Modelos nomeados em endoscopia,Paranjape2024187,AdaptiveSAM: Towards Efficient Tuning of SAM for Surgical Scene Segmentation,"Paranjape, Jay N.; Nair, Nithin Gopalakrishnan; Sikder, Shameema; Vedula, S. Swaroop; Patel, Vishal M.",2024,10.1007/978-3-031-66958-3_14,Lecture Notes in Computer Science (including subseries Lecture Notes in Artificial Intelligence and Lecture Notes in Bioinformatics),duplicate,Duplicata de 'AdaptiveSAM: Towards Efficient Tuning of SAM for Surgical Scene Segmentation…' já presente em Scopus (VLM/FMs)/S1.,Scopus (VLM/FMs)/S2,sim
Scopus (VLM/FMs),S2,S6-VLM S2 — Modelos nomeados em endoscopia,Liu2025383,Surgical Action Triplet Recognition Assisted by Foundation Models-Based Instrument Localization,"Liu, Junyan; Qiao, Peng; Dou, Yong; Liu, Sidun; Shen, Lu; Wang, Xi; Li, Wenyu",2025,10.1007/978-981-96-6969-1_26,Communications in Computer and Information Science,duplicate,Duplicata de 'Surgical Action Triplet Recognition Assisted by Foundation Models-Based Instrume…' já presente em Scopus (VLM/FMs)/S1.,Scopus (VLM/FMs)/S2,sim
Scopus (VLM/FMs),S2,S6-VLM S2 — Modelos nomeados em endoscopia,Sengupta2025,Is SAM 2 Better than SAM in Medical Image Segmentation?,"Sengupta, Sourya; Chakrabarty, Satrajit; Soni, Ravi",2025,10.1117/12.3047370,Progress in Biomedical Optics and Imaging - Proceedings of SPIE,duplicate,Duplicata de 'Is SAM 2 Better than SAM in Medical Image Segmentation?…' já presente em Scopus (VLM/FMs)/S1.,Scopus (VLM/FMs)/S2,sim
Scopus (VLM/FMs),S2,S6-VLM S2 — Modelos nomeados em endoscopia,Nouman2025,Evaluating Segmentation Accuracy with Diverse Prompt Strategies in Medsam,"Nouman, Muhammad; Khoriba, Ghada; Rashed, Essam A.",2025,10.1109/ISBI60581.2025.10980865,Proceedings - International Symposium on Biomedical Imaging,duplicate,Duplicata de 'Evaluating Segmentation Accuracy with Diverse Prompt Strategies in Medsam…' já presente em Scopus (VLM/FMs)/S1.,Scopus (VLM/FMs)/S2,sim
Scopus (VLM/FMs),S2,S6-VLM S2 — Modelos nomeados em endoscopia,Liu2025,SISAM: An Enhanced Promptable Segmentation Model with Expanded Dataset for Surgical Instruments,"Liu, Yuchu; Xiao, Jing",2025,10.1109/IJCNN64981.2025.11227665,Proceedings of the International Joint Conference on Neural Networks,duplicate,Duplicata de 'SISAM: An Enhanced Promptable Segmentation Model with Expanded Dataset for Surgi…' já presente em Scopus (VLM/FMs)/S1.,Scopus (VLM/FMs)/S2,sim
Scopus (VLM/FMs),S2,S6-VLM S2 — Modelos nomeados em endoscopia,Dong2025,Full fine-tuning strategy for endoscopic foundation models with expanded learnable offset parameters,"Dong, Minghan; Zheng, Xiangwei; Zhang, Xia; Zhang, Xingyu; Zhang, Mingzhe",2025,10.1088/2057-1976/adaec3,Biomedical Physics and Engineering Express,duplicate,Duplicata de 'Full fine-tuning strategy for endoscopic foundation models with expanded learnab…' já presente em Scopus (VLM/FMs)/S1.,Scopus (VLM/FMs)/S2,sim
Scopus (VLM/FMs),S2,S6-VLM S2 — Modelos nomeados em endoscopia,Wang2025,Task-specific prompting SAM for multi-task gastric cancer diagnosis in endoscopic images,"Wang, Bilin; Lei, Changda; Guo, Yunbo; Hong, Kaicheng; Kan, Xiuji; Ouyang, Yifan; Li, Junbo; Li, Rui",2025,10.1016/j.eswa.2025.128329,Expert Systems with Applications,duplicate,Duplicata de 'Task-specific prompting SAM for multi-task gastric cancer diagnosis in endoscopi…' já presente em Scopus/S1.,Scopus (VLM/FMs)/S2,sim
Scopus (VLM/FMs),S2,S6-VLM S2 — Modelos nomeados em endoscopia,Asiimwe2024166,EfficientMedSAM: Accelerating Medical Image Segmentation via Neural Architecture Search and Knowledge Distillation,"Asiimwe, Arnold Caleb; Das, William; Benmeziane, Hadjer; Maghraoui, Kaoutar El",2024,10.1109/EDGE62653.2024.00030,Proceedings - IEEE International Conference on Edge Computing,duplicate,Duplicata de 'EfficientMedSAM: Accelerating Medical Image Segmentation via Neural Architecture…' já presente em Scopus (VLM/FMs)/S1.,Scopus (VLM/FMs)/S2,sim
Scopus (VLM/FMs),S2,S6-VLM S2 — Modelos nomeados em endoscopia,Wang2023101,Foundation Model for Endoscopy Video Analysis via Large-Scale Self-supervised Pre-train,"Wang, Zhao; Liu, Chang; Zhang, Shaoting; Dou, Qi",2023,10.1007/978-3-031-43996-4_10,Lecture Notes in Computer Science (including subseries Lecture Notes in Artificial Intelligence and Lecture Notes in Bioinformatics),duplicate,Duplicata de 'Foundation Model for Endoscopy Video Analysis via Large-Scale Self-supervised Pr…' já presente em Scopus (VLM/FMs)/S1.,Scopus (VLM/FMs)/S2,sim
Scopus (VLM/FMs),S2,S6-VLM S2 — Modelos nomeados em endoscopia,Fang2026562,Structure-Aware Cross-Modal Prompt Tuning for Autonomous Bronchoscopic Navigation,"Fang, Hao; Zeng, Zhuo; Yang, Jianwei; Fan, Wenkang; Luo, Xiongbiao",2026,10.1007/978-3-032-05141-7_54,Lecture Notes in Computer Science,duplicate,Duplicata de 'Structure-Aware Cross-Modal Prompt Tuning for Autonomous Bronchoscopic Navigatio…' já presente em Scopus (VLM/FMs)/S1.,Scopus (VLM/FMs)/S2,sim
Scopus (VLM/FMs),S2,S6-VLM S2 — Modelos nomeados em endoscopia,2025,"Medical Imaging 2025: Image-Guided Procedures, Robotic Interventions, and Modeling",,2025,,Progress in Biomedical Optics and Imaging - Proceedings of SPIE,duplicate,"Duplicata de 'Medical Imaging 2025: Image-Guided Procedures, Robotic Interventions, and Modeli…' já presente em Scopus (VLM/FMs)/S1.",Scopus (VLM/FMs)/S2,sim
Scopus (VLM/FMs),S2,S6-VLM S2 — Modelos nomeados em endoscopia,Ejiga_Peter2025,Parameter-Efficient VLMs for Gastrointestinal Endoscopy: Medical Image Generation and Clinical Visual Question Answering,"Ejiga Peter, Ojonugwa Oluwafemi; Akor Ejiga, Frederick; Khalifa, Fahmi; Rahman, Md Mahmudur",2025,10.1109/BHI67747.2025.11269532,"BHI 2025 - IEEE-EMBS International Conference on Biomedical and Health Informatics, Conference Proceedings",duplicate,Duplicata de 'Parameter-Efficient VLMs for Gastrointestinal Endoscopy: Medical Image Generatio…' já presente em Scopus (VLM/FMs)/S1.,Scopus (VLM/FMs)/S2,sim
Scopus (VLM/FMs),S2,S6-VLM S2 — Modelos nomeados em endoscopia,Boers2024,"Foundation models in gastrointestinal endoscopic AI: Impact of architecture, pre-training approach and data efficiency","Boers, Tim G.W.; Fockens, Kiki N.; van der Putten, Joost A.; Jaspers, Tim J.M.; Kusters, Carolus H.J.; Jukema, Jelmer B.; Jong, Martijn R.; Struyvenberg, Maarten R.; de Groof, Jeroen; Bergman, Jacques J.; de With, Peter H.N.; van der Sommen, Fons",2024,10.1016/j.media.2024.103298,Medical Image Analysis,duplicate,"Duplicata de 'Foundation models in gastrointestinal endoscopic AI: Impact of architecture, pre…' já presente em Scopus (VLM/FMs)/S1.",Scopus (VLM/FMs)/S2,sim
Scopus (VLM/FMs),S2,S6-VLM S2 — Modelos nomeados em endoscopia,Zhang2025343,Combining Segment Anything Model with Domain-Specific Knowledge for Semi-Supervised Learning in Medical Image Segmentation,"Zhang, Yizhe; Zhou, Tao; Wu, Ye; Gu, Pengfei; Wang, Shuo",2025,10.1007/978-981-97-8496-7_24,Lecture Notes in Computer Science (including subseries Lecture Notes in Artificial Intelligence and Lecture Notes in Bioinformatics) ,duplicate,Duplicata de 'Combining Segment Anything Model with Domain-Specific Knowledge for Semi-Supervi…' já presente em Scopus (VLM/FMs)/S1.,Scopus (VLM/FMs)/S2,sim
Scopus (VLM/FMs),S2,S6-VLM S2 — Modelos nomeados em endoscopia,Li20251535,Transfer learning-based endoscopic image recognition of nasopharyngeal carcinoma: investigating pre-trained large models in small sample settings; [基于迁移学习的鼻咽癌内镜图像识别：预训练大模型在小样本条件下的研究],"Li, Zhen; Chen, Xiao; Liu, Xueli; Shi, Shang; Gong, Wentao; Qiu, Mingyan; Shi, Yuxuan; Yu, Hongmeng",2025,10.3760/cma.j.cn115330-20250725-00395,Chinese Journal of Otorhinolaryngology Head and Neck Surgery,duplicate,Duplicata de 'Transfer learning-based endoscopic image recognition of nasopharyngeal carcinoma…' já presente em Scopus (VLM/FMs)/S1.,Scopus (VLM/FMs)/S2,sim
Scopus (VLM/FMs),S2,S6-VLM S2 — Modelos nomeados em endoscopia,Ayzenberg2025,ProtoSAM for automated one shot medical image segmentation using foundational models,"Ayzenberg, Lev; Giryes, Raja; Greenspan, Hayit",2025,10.1038/s41598-025-06643-0,Scientific Reports,duplicate,Duplicata de 'ProtoSAM for automated one shot medical image segmentation using foundational mo…' já presente em Scopus (VLM/FMs)/S1.,Scopus (VLM/FMs)/S2,sim
Scopus (VLM/FMs),S2,S6-VLM S2 — Modelos nomeados em endoscopia,Wang20253526,Improving Foundation Model for Endoscopy Video Analysis via Representation Learning on Long Sequences,"Wang, Zhao; Liu, Chang; Zhu, Lingting; Wang, Tongtong; Zhang, Shaoting; Dou, Qi",2025,10.1109/JBHI.2025.3532311,IEEE Journal of Biomedical and Health Informatics,duplicate,Duplicata de 'Improving Foundation Model for Endoscopy Video Analysis via Representation Learn…' já presente em Scopus (VLM/FMs)/S1.,Scopus (VLM/FMs)/S2,sim
Scopus (VLM/FMs),S2,S6-VLM S2 — Modelos nomeados em endoscopia,Yao2025,LLaVA-Endo: a large language-and-vision assistant for gastrointestinal endoscopy,"Yao, Jieru; Li, Xueran; Xie, Qiang; Han, Longfei; Jia, Yiwen; Liu, Nian; Zhang, Dingwen; Han, Junwei",2025,10.1007/s11704-024-40319-8,Frontiers of Computer Science,duplicate,Duplicata de 'LLaVA-Endo: a large language-and-vision assistant for gastrointestinal endoscopy…' já presente em Scopus (VLM/FMs)/S1.,Scopus (VLM/FMs)/S2,sim
Scopus (VLM/FMs),S2,S6-VLM S2 — Modelos nomeados em endoscopia,Spiegler2025959,TextSAM-EUS: Text Prompt Learning for SAM to Accurately Segment Pancreatic Tumor in Endoscopic Ultrasound,"Spiegler, Pascal; Koleilat, Taha; Harirpoush, Arash; Miller, Corey S.; Rivaz, Hassan; Kersten-Oertel, Marta; Xiao, Yiming",2025,10.1109/ICCVW69036.2025.00104,"Proceedings - 2025 IEEE/CVF International Conference on Computer Vision Workshops, ICCV-W 2025",duplicate,Duplicata de 'TextSAM-EUS: Text Prompt Learning for SAM to Accurately Segment Pancreatic Tumor…' já presente em Scopus (VLM/FMs)/S1.,Scopus (VLM/FMs)/S2,sim
Scopus (VLM/FMs),S2,S6-VLM S2 — Modelos nomeados em endoscopia,Gu20246031,LeSAM: Adapt Segment Anything Model for Medical Lesion Segmentation,"Gu, Yunbo; Wu, Qianyu; Tang, Hui; Mai, Xiaoli; Shu, Huazhong; Li, Baosheng; Chen, Yang",2024,10.1109/JBHI.2024.3406871,IEEE Journal of Biomedical and Health Informatics,duplicate,Duplicata de 'LeSAM: Adapt Segment Anything Model for Medical Lesion Segmentation…' já presente em Scopus (VLM/FMs)/S1.,Scopus (VLM/FMs)/S2,sim
Scopus (VLM/FMs),S2,S6-VLM S2 — Modelos nomeados em endoscopia,Shen2025,Performance and Non-adversarial Robustness of the Segment Anything Model 2 in Surgical Video Segmentation,"Shen, Yiqing; Ding, Hao; Shao, Xinyuan; Unberath, Mathias",2025,10.1117/12.3047383,Progress in Biomedical Optics and Imaging - Proceedings of SPIE,duplicate,Duplicata de 'Performance and Non-adversarial Robustness of the Segment Anything Model 2 in Su…' já presente em Scopus (VLM/FMs)/S1.,Scopus (VLM/FMs)/S2,sim
Scopus (VLM/FMs),S2,S6-VLM S2 — Modelos nomeados em endoscopia,Johri202642,A Clinician-Guided Framework for Endoscopic AI: Developing PanEndoAtlas and Benchmarking Foundation Models Across the Full GI Spectrum,"Johri, Shreya; Luo, Luyang; Zhou, Hong-Yu; Brenner, Todd; Elamin, Sami; Geissler, Mark Enrik; Berzin, Tyler M.; Rajpurkar, Pranav",2026,10.1142/9789819824755_0004,Pacific Symposium on Biocomputing. Pacific Symposium on Biocomputing,duplicate,Duplicata de 'A Clinician-Guided Framework for Endoscopic AI: Developing PanEndoAtlas and Benc…' já presente em Scopus (VLM/FMs)/S1.,Scopus (VLM/FMs)/S2,sim
Scopus (VLM/FMs),S2,S6-VLM S2 — Modelos nomeados em endoscopia,Jong2026174,GastroNet-5M: A Multicenter Dataset for Developing Foundation Models in Gastrointestinal Endoscopy,"Jong, Martijn R.; Boers, Tim G.W.; Fockens, Kiki N.; Jukema, Jelmer B.; Kusters, Carolus H.J.; Jaspers, Tim J.M.; van Eijck van Heslinga, Rixta A.H.; Slooter, Floor C.; Struyvenberg, Maarten R.; Bisschops, Raf; van der Putten, Joost A.; de With, Peter H.N.; van der Sommen, Fons; de Groof, Albert J.; Bergman, Jacques J.G.H.M.",2026,10.1053/j.gastro.2025.07.030,Gastroenterology,duplicate,Duplicata de 'GastroNet-5M: A Multicenter Dataset for Developing Foundation Models in Gastroin…' já presente em Scopus (VLM/FMs)/S1.,Scopus (VLM/FMs)/S2,sim
Scopus (VLM/FMs),S2,S6-VLM S2 — Modelos nomeados em endoscopia,He2024125654,Dual-Branch Fully Convolutional Segment Anything Model for Lesion Segmentation in Endoscopic Images,"He, Dongzhi; Ma, Zeyuan; Li, Chenxi; Li, Yunqi",2024,10.1109/ACCESS.2024.3449428,IEEE Access,duplicate,Duplicata de 'Dual-Branch Fully Convolutional Segment Anything Model for Lesion Segmentation i…' já presente em Scopus (VLM/FMs)/S1.,Scopus (VLM/FMs)/S2,sim
Scopus (VLM/FMs),S2,S6-VLM S2 — Modelos nomeados em endoscopia,Paranjape2025187,Low-Rank Adaptation of Segment Anything Model for Surgical Scene Segmentation,"Paranjape, Jay N.; Sikder, Shameema; Vedula, S. Swaroop; Patel, Vishal M.",2025,10.1007/978-3-031-78198-8_13,Lecture Notes in Computer Science (including subseries Lecture Notes in Artificial Intelligence and Lecture Notes in Bioinformatics) ,duplicate,Duplicata de 'Low-Rank Adaptation of Segment Anything Model for Surgical Scene Segmentation…' já presente em Scopus (VLM/FMs)/S1.,Scopus (VLM/FMs)/S2,sim
Scopus (VLM/FMs),S2,S6-VLM S2 — Modelos nomeados em endoscopia,Hu2026993,SPA: Leveraging the SAM With Spatial Priors Adapter for Enhanced Medical Image Segmentation,"Hu, Jihong; Li, Yinhao; Jain, Rahul Kumar; Lin, Lanfen; Chen, Yen-Wei",2026,10.1109/JBHI.2025.3526174,IEEE Journal of Biomedical and Health Informatics,duplicate,Duplicata de 'SPA: Leveraging the SAM With Spatial Priors Adapter for Enhanced Medical Image S…' já presente em Scopus (VLM/FMs)/S1.,Scopus (VLM/FMs)/S2,sim
Scopus (VLM/FMs),S2,S6-VLM S2 — Modelos nomeados em endoscopia,Iacucci2025,Endo-Histo foundational fusion model: a novel artificial intelligence for assessing histologic remission and response to therapy in ulcerative colitis clinical trial,"Iacucci, Marietta; Santacroce, Giovanni; Meseguer, Pablo; Diéguez, Alejandro; Amor, Rocio Del; Kolawole, Bisi Bode; Chaudhari, Ujwala; Zammarchi, Irene; Hayes, Brian; Crotty, Rory; Zardo, Davide; Maeda, Yasuharu; Puga-Tejada, Miguel; Ditonno, Ilaria; Vadori, Valentina; Burke, Louise; D’Amico, Ferdinando; Ghosh, Subrata; Grisan, Enrico; Naranjo, Valery",2025,10.1093/ecco-jcc/jjaf108,Journal of Crohn's and Colitis,duplicate,Duplicata de 'Endo-Histo foundational fusion model: a novel artificial intelligence for assess…' já presente em Scopus (VLM/FMs)/S1.,Scopus (VLM/FMs)/S2,sim
Scopus (VLM/FMs),S2,S6-VLM S2 — Modelos nomeados em endoscopia,Li2026,Semi-MedSAM: Adapting SAM-assisted semi-supervised multi-modality learning for medical endoscopic image segmentation,"Li, Junhao; Li, Yun; Wu, Junhao; Ji, Chaojie; Chen, Zhijie; Lei, Wenbin; Wang, Ruxin",2026,10.1016/j.patcog.2026.113206,Pattern Recognition,duplicate,Duplicata de 'Semi-MedSAM: Adapting SAM-assisted semi-supervised multi-modality learning for m…' já presente em Scopus (VLM/FMs)/S1.,Scopus (VLM/FMs)/S2,sim
Scopus (VLM/FMs),S2,S6-VLM S2 — Modelos nomeados em endoscopia,Lou2025,Zero-Shot Surgical Tool Segmentation in Monocular Video Using Segment Anything Model 2,"Lou, Ange; Li, Yamin; Zhang, Yike; Labadie, Robert F.; Noble, Jack",2025,10.1117/12.3047479,Progress in Biomedical Optics and Imaging - Proceedings of SPIE,duplicate,Duplicata de 'Zero-Shot Surgical Tool Segmentation in Monocular Video Using Segment Anything M…' já presente em Scopus (VLM/FMs)/S1.,Scopus (VLM/FMs)/S2,sim
Scopus (VLM/FMs),S2,S6-VLM S2 — Modelos nomeados em endoscopia,Chen2025,Towards Clinically Applicable Large-Model-Based Privacy-Preserving Polyp Segmentation: A Federated LoRA Approach to Colonoscopy,"Chen, Xingchi; Zhu, Fa; Li, Dazhou; Li, Qing; Anwar, Muhammad Shahid; Shan, Gaoyang; Jiang, Jun",2025,10.1109/JBHI.2025.3639279,IEEE Journal of Biomedical and Health Informatics,duplicate,Duplicata de 'Towards Clinically Applicable Large-Model-Based Privacy-Preserving Polyp Segment…' já presente em Scopus (VLM/FMs)/S1.,Scopus (VLM/FMs)/S2,sim
Scopus (VLM/FMs),S2,S6-VLM S2 — Modelos nomeados em endoscopia,Li2026,The application of pre-trained large visual-language models for preliminary diagnosis of esophageal whitish plaques in large-scale esophageal cancer screening,"Li, Yilin; Li, Xin; Zhang, Di; Zhu, Wenwen; Hu, Yuan; Zhao, Zijian; Zhao, Qi",2026,10.1038/s41698-026-01301-8,npj Precision Oncology,duplicate,Duplicata de 'The application of pre-trained large visual-language models for preliminary diag…' já presente em Scopus (VLM/FMs)/S1.,Scopus (VLM/FMs)/S2,sim
Scopus (VLM/FMs),S3,S6-VLM S3 — Modelos comerciais multimodais em endoscopia,Sun2025,AI-powered three-category Helicobacter pylori diagnosis via magnetic controlled capsule endoscopy: a multicenter validation of a vision-language model,"Sun, Xi; Liu, Jing; Wu, Lili; Chen, Xiao; Ma, Xiaona; Teng, Fei; Zhang, Ting; Su, Hui; Fan, Xin; Li, Jiaxin; Xu, Shiping; Jin, Peng; Jiao, Hongmei",2025,10.3389/fmicb.2025.1687021,Frontiers in Microbiology,duplicate,Duplicata de 'AI-powered three-category Helicobacter pylori diagnosis via magnetic controlled …' já presente em Scopus (VLM/FMs)/S1.,Scopus (VLM/FMs)/S3,sim
Scopus (VLM/FMs),S3,S6-VLM S3 — Modelos comerciais multimodais em endoscopia,Awasthi2024711,Bridging human and machine intelligence: Reverse-engineering radiologist intentions for clinical trust and adoption,"Awasthi, Akash; Le, Ngan; Deng, Zhigang; Agrawal, Rishi; Wu, Carol C.; Van Nguyen, Hien",2024,10.1016/j.csbj.2024.11.012,Computational and Structural Biotechnology Journal,duplicate,Duplicata de 'Bridging human and machine intelligence: Reverse-engineering radiologist intenti…' já presente em Scopus (VLM/FMs)/S1.,Scopus (VLM/FMs)/S3,sim
Scopus (VLM/FMs),S3,S6-VLM S3 — Modelos comerciais multimodais em endoscopia,Wang202512636,CoPESD: A Multi-Level Surgical Motion Dataset for Training Large Vision-Language Models to Co-Pilot Endoscopic Submucosal Dissection,"Wang, Guankun; Xiao, Han; Zhang, Renrui; Gao, Huxin; Bai, Long; Yang, Xiaoxiao; Li, Zhen; Li, Hongsheng; Ren, Hongliang",2025,10.1145/3746027.3758200,"MM 2025 - Proceedings of the 33rd ACM International Conference on Multimedia, Co-Located with MM 2025",duplicate,Duplicata de 'CoPESD: A Multi-Level Surgical Motion Dataset for Training Large Vision-Language…' já presente em Scopus (VLM/FMs)/S1.,Scopus (VLM/FMs)/S3,sim
Scopus (VLM/FMs),S3,S6-VLM S3 — Modelos comerciais multimodais em endoscopia,Li2026,Attribute-driven prompt learning with vision–language models for few-shot gastrointestinal disease classification,"Li, Weiheng; Tang, Suigu; Liu, Huazhu; Cheang, Chak Fong; Liang, Yanyan; Zhao, Xiaofang; Nong, Jian",2026,10.1016/j.bspc.2026.110337,Biomedical Signal Processing and Control,duplicate,Duplicata de 'Attribute-driven prompt learning with vision–language models for few-shot gastro…' já presente em Scopus (VLM/FMs)/S1.,Scopus (VLM/FMs)/S3,sim
Scopus (VLM/FMs),S3,S6-VLM S3 — Modelos comerciais multimodais em endoscopia,Zhang2024,Potential of multimodal large language models for data mining of medical images and free-text reports,"Zhang, Yutong; Pan, Yi; Zhong, Tianyang; Dong, Peixin; Xie, Kangni; Liu, Yuxiao; Jiang, Hanqi; Wu, Zihao; Liu, Zhengliang; Zhao, Wei; Zhang, Wei; Zhao, Shijie; Zhang, Tuo; Jiang, Xi; Shen, Dinggang; Liu, Tianming; Zhang, Xin",2024,10.1016/j.metrad.2024.100103,Meta-Radiology,duplicate,Duplicata de 'Potential of multimodal large language models for data mining of medical images …' já presente em Scopus (VLM/FMs)/S1.,Scopus (VLM/FMs)/S3,sim
Scopus (VLM/FMs),S3,S6-VLM S3 — Modelos comerciais multimodais em endoscopia,Shi2025,Foundation models: Insights and implications for gastrointestinal cancer,"Shi, Lei; Huang, Rui; Guo, An-Jie; Zhao, Li-Ling",2025,10.3748/wjg.v31.i47.112921,World Journal of Gastroenterology,duplicate,Duplicata de 'Foundation models: Insights and implications for gastrointestinal cancer…' já presente em Scopus (VLM/FMs)/S1.,Scopus (VLM/FMs)/S3,sim
Scopus (VLM/FMs),S3,S6-VLM S3 — Modelos comerciais multimodais em endoscopia,Ejiga_Peter2025,Text-Guided Synthesis in Medical Multimedia Retrieval: A Framework for Enhanced Colonoscopy Image Classification and Segmentation,"Ejiga Peter, Ojonugwa Oluwafemi; Adeniran, Opeyemi Taiwo; John-Otumu, Adetokunbo MacGregor; Khalifa, Fahmi; Rahman, Md Mahmudur",2025,10.3390/a18030155,Algorithms,duplicate,Duplicata de 'Text-Guided Synthesis in Medical Multimedia Retrieval: A Framework for Enhanced …' já presente em Scopus (VLM/FMs)/S2.,Scopus (VLM/FMs)/S3,sim
Scopus (VLM/FMs),S3,S6-VLM S3 — Modelos comerciais multimodais em endoscopia,2026,"9th International Conference on Computer Vision and Image Processing, CVIP 2024",,2026,,Communications in Computer and Information Science,duplicate,"Duplicata de '9th International Conference on Computer Vision and Image Processing, CVIP 2024…' já presente em Scopus (VLM/FMs)/S3.",Scopus (VLM/FMs)/S3,sim
Scopus (VLM/FMs),S3,S6-VLM S3 — Modelos comerciais multimodais em endoscopia,2026,"1st International Workshop on Efficient Medical Artificial Intelligence, EMA4MICCAI 2025, held in conjunction with MICCAI 2025",,2026,,Lecture Notes in Computer Science,duplicate,"Duplicata de '1st International Workshop on Efficient Medical Artificial Intelligence, EMA4MIC…' já presente em Scopus (VLM/FMs)/S1.",Scopus (VLM/FMs)/S3,sim
Scopus (VLM/FMs),S3,S6-VLM S3 — Modelos comerciais multimodais em endoscopia,Wang2026,EndoChat: Grounded multimodal large language model for endoscopic surgery,"Wang, Guankun; Bai, Long; Wang, Junyi; Yuan, Kun; Li, Zhen; Jiang, Tianxu; He, Xiting; Wu, Jinlin; Chen, Zhen; Lei, Zhen; Liu, Hongbin; Wang, Jiazheng; Zhang, Fan; Padoy, Nicolas; Navab, Nassir; Ren, Hongliang",2026,10.1016/j.media.2025.103789,Medical Image Analysis,duplicate,Duplicata de 'EndoChat: Grounded multimodal large language model for endoscopic surgery…' já presente em Scopus (VLM/FMs)/S1.,Scopus (VLM/FMs)/S3,sim
Scopus (VLM/FMs),S3,S6-VLM S3 — Modelos comerciais multimodais em endoscopia,2026,"9th International Conference on Computer Vision and Image Processing, CVIP 2024",,2026,,Communications in Computer and Information Science,duplicate,"Duplicata de '9th International Conference on Computer Vision and Image Processing, CVIP 2024…' já presente em Scopus (VLM/FMs)/S3.",Scopus (VLM/FMs)/S3,sim
Scopus (VLM/FMs),S3,S6-VLM S3 — Modelos comerciais multimodais em endoscopia,Yagnik2026,"Artificial Intelligence in Gastrointestinal Endoscopy: Current Advances, Clinical Integration, and Future Directions: A Narrative Review","Yagnik, Vipul D; Choudhary, Prema Ram; Garg, Pankaj",2026,10.2147/CEG.S573930,Clinical and Experimental Gastroenterology,duplicate,"Duplicata de 'Artificial Intelligence in Gastrointestinal Endoscopy: Current Advances,
Clinica…' já presente em Web of Science/S2.",Scopus (VLM/FMs)/S3,sim
Scopus (VLM/FMs),S3,S6-VLM S3 — Modelos comerciais multimodais em endoscopia,Tian20256869,A Medical Multimodal Large Language Model for Pediatric Pneumonia,"Tian, Weiwei; Huang, Xinyu; Cheng, Tianhao; He, Wen; Fang, Jinwu; Feng, Rui; Geng, Daoying; Zhang, Xiaobo",2025,10.1109/JBHI.2025.3569361,IEEE Journal of Biomedical and Health Informatics,duplicate,Duplicata de 'A Medical Multimodal Large Language Model for Pediatric Pneumonia…' já presente em Scopus (VLM/FMs)/S1.,Scopus (VLM/FMs)/S3,sim
Scopus (VLM/FMs),S3,S6-VLM S3 — Modelos comerciais multimodais em endoscopia,Wang20253997,HiCur-NPC: Hierarchical Feature Fusion Curriculum Learning for Multi-Modal Foundation Model in Nasopharyngeal Carcinoma,"Wang, Zipei; Fang, Mengjie; Tang, Linglong; Tian, Jie; Dong, Di",2025,10.1109/TMI.2025.3558775,IEEE Transactions on Medical Imaging,duplicate,Duplicata de 'HiCur-NPC: Hierarchical Feature Fusion Curriculum Learning for Multi-Modal Found…' já presente em Scopus (VLM/FMs)/S1.,Scopus (VLM/FMs)/S3,sim
Scopus (VLM/FMs),S3,S6-VLM S3 — Modelos comerciais multimodais em endoscopia,Wang2026,Semba: A semantic–visual fusion method based on MLLM and Mamba for IBD subtype identification,"Wang, Jinping; Ruan, Guangcong; Li, Hualong; Nian, Yongjian; Wei, Yanling; Lei, Yan",2026,10.1016/j.bspc.2026.110358,Biomedical Signal Processing and Control,duplicate,Duplicata de 'Semba: A semantic–visual fusion method based on MLLM and Mamba for IBD subtype i…' já presente em Scopus (VLM/FMs)/S1.,Scopus (VLM/FMs)/S3,sim
Scopus (VLM/FMs),S3,S6-VLM S3 — Modelos comerciais multimodais em endoscopia,Chen2025,Towards Clinically Applicable Large-Model-Based Privacy-Preserving Polyp Segmentation: A Federated LoRA Approach to Colonoscopy,"Chen, Xingchi; Zhu, Fa; Li, Dazhou; Li, Qing; Anwar, Muhammad Shahid; Shan, Gaoyang; Jiang, Jun",2025,10.1109/JBHI.2025.3639279,IEEE Journal of Biomedical and Health Informatics,duplicate,Duplicata de 'Towards Clinically Applicable Large-Model-Based Privacy-Preserving Polyp Segment…' já presente em Scopus (VLM/FMs)/S1.,Scopus (VLM/FMs)/S3,sim
Scopus (VLM/FMs),S3,S6-VLM S3 — Modelos comerciais multimodais em endoscopia,Li2026,The application of pre-trained large visual-language models for preliminary diagnosis of esophageal whitish plaques in large-scale esophageal cancer screening,"Li, Yilin; Li, Xin; Zhang, Di; Zhu, Wenwen; Hu, Yuan; Zhao, Zijian; Zhao, Qi",2026,10.1038/s41698-026-01301-8,npj Precision Oncology,duplicate,Duplicata de 'The application of pre-trained large visual-language models for preliminary diag…' já presente em Scopus (VLM/FMs)/S1.,Scopus (VLM/FMs)/S3,sim
Scopus (VLM/FMs),S3,S6-VLM S3 — Modelos comerciais multimodais em endoscopia,2026,"13th International Conference on Ubi-Media Computing, Ubi-Media 2025 and 17th International Symposium on Pervasive Systems, Algorithms, and Networks, I-SPAN 2025",,2026,,Communications in Computer and Information Science,duplicate,"Duplicata de '13th International Conference on Ubi-Media Computing, Ubi-Media 2025 and 17th In…' já presente em Scopus (VLM/FMs)/S3.",Scopus (VLM/FMs)/S3,sim
Scopus (VLM/FMs),S3,S6-VLM S3 — Modelos comerciais multimodais em endoscopia,Liu2026,Long-text caption generation for surgical image with a concept retrieval augmented large multimodal model,"Liu, Jiquan; Zhu, Yichen; Feng, Jingyi; Zhang, Xiaoyan; Zhou, Ziyu; Tao, Ye; Duan, Huilong",2026,10.1371/journal.pone.0343823,PLOS ONE,duplicate,Duplicata de 'Long-text caption generation for surgical image with a concept retrieval augment…' já presente em Scopus (VLM/FMs)/S1.,Scopus (VLM/FMs)/S3,sim
Scopus (VLM/FMs),S3,S6-VLM S3 — Modelos comerciais multimodais em endoscopia,Zhao202538,A Training-free Modular Collaborative Framework: Application to Nasopharyngeal Endoscopy Report Generation,"Zhao, Haoran; Ai, Xiaotian; Li, Wei; Xu, Zhe; Wang, Huabin; Ren, Tao",2025,10.1145/3748382.3748390,FAIML 2025 - Proceedings of the 2025 4th International Conference on Frontiers of Artificial Intelligence and Machine Learning,duplicate,Duplicata de 'A Training-free Modular Collaborative Framework: Application to Nasopharyngeal E…' já presente em Scopus (VLM/FMs)/S1.,Scopus (VLM/FMs)/S3,sim
Scopus (VLM/FMs),S3,S6-VLM S3 — Modelos comerciais multimodais em endoscopia,Tran202514190,Enhancing Endoscopic Image Retrieval via Self-Supervised Learning and Large VLM-Based Re-ranking,"Tran, Khoa; Ly, Linh; Ho, Duy Khanh; Luong, Ngoc Hoang",2025,10.1145/3746027.3762082,"MM 2025 - Proceedings of the 33rd ACM International Conference on Multimedia, Co-Located with MM 2025",duplicate,Duplicata de 'Enhancing Endoscopic Image Retrieval via Self-Supervised Learning and Large VLM-…' já presente em Scopus (VLM/FMs)/S1.,Scopus (VLM/FMs)/S3,sim
Scopus (VLM/FMs),S3,S6-VLM S3 — Modelos comerciais multimodais em endoscopia,2024,"15th International Conference on Intelligent Human Computer Interaction, IHCI 2023",,2024,,Lecture Notes in Computer Science (including subseries Lecture Notes in Artificial Intelligence and Lecture Notes in Bioinformatics),duplicate,"Duplicata de '15th International Conference on Intelligent Human Computer Interaction, IHCI 20…' já presente em Scopus (VLM/FMs)/S3.",Scopus (VLM/FMs)/S3,sim
Scopus (VLM/FMs),S3,S6-VLM S3 — Modelos comerciais multimodais em endoscopia,Massimi2026,Large Language Model-Driven Analysis and Report Generation of Endoscopy Videos—A Pilot Study,"Massimi, Davide; Stefano, Luca Di; Rizkala, Tommy; Spadaccini, Marco; Mori, Yuichi; Menini, Maddalena; Antonelli, Giulio; Khalaf, Kareem; Bisschops, Raf; von Renteln, Daniel; Sharma, Prateek; Rex, Douglas K.; Bretthauer, Michael; Castoro, Carlo; De Sire, Roberto; Alfarone, Ludovico; D’Aprano, Alessandro; Carrara, Silvia; Maselli, Roberta; Vadalà, Vincenzo; Menini, Francesco; Elsaman, Abdelrahman Ashraf Alawdy; Fugazza, Alessandro; Colombo, Matteo; de Martino, Renato; Capogreco, Antonio; Franchelucci, Gianluca; Savevski, Victor; De Momi, Elena; Carlini, Luca; Lena, Chiara; Parasa, Sravanthi; O’Reilly, Susanne; Dibitetto, Simone; Spertino, Matteo; Repici, Alessandro; Hassan, Cesare",2026,10.1111/den.70134,Digestive Endoscopy,duplicate,Duplicata de 'Large Language Model-Driven Analysis and Report Generation of Endoscopy Videos—A…' já presente em Scopus (VLM/FMs)/S1.,Scopus (VLM/FMs)/S3,sim
Scopus (VLM/FMs),S3,S6-VLM S3 — Modelos comerciais multimodais em endoscopia,2026,"9th International Conference on Computer Vision and Image Processing, CVIP 2024",,2026,,Communications in Computer and Information Science,duplicate,"Duplicata de '9th International Conference on Computer Vision and Image Processing, CVIP 2024…' já presente em Scopus (VLM/FMs)/S3.",Scopus (VLM/FMs)/S3,sim
Scopus (VLM/FMs),S3,S6-VLM S3 — Modelos comerciais multimodais em endoscopia,Li2026,SGBA-Net: Semantic-guided bleeding-aware segmentation network for spinal endoscopy,"Li, Guoliang; Meng, Fanxu; Li, Qianqian; Li, Yibin; Qi, Lei; Song, Rui",2026,10.1016/j.neucom.2026.133547,Neurocomputing,duplicate,Duplicata de 'SGBA-Net: Semantic-guided bleeding-aware segmentation network for spinal endosco…' já presente em Scopus (VLM/FMs)/S1.,Scopus (VLM/FMs)/S3,sim
Scopus (VLM/FMs),S3,S6-VLM S3 — Modelos comerciais multimodais em endoscopia,He2026106,Endo-CLIP: Progressive Self-supervised Pre-training on Raw Colonoscopy Records,"He, Yili; Zhu, Yan; Fu, Peiyao; Yang, Ruijie; Chen, Tianyi; Wang, Zhihua; Li, Quanlin; Zhou, Pinghong; Yang, Xian; Wang, Shuo",2026,10.1007/978-3-032-05141-7_11,Lecture Notes in Computer Science,duplicate,Duplicata de 'Endo-CLIP: Progressive Self-supervised Pre-training on Raw Colonoscopy Records…' já presente em Scopus (VLM/FMs)/S1.,Scopus (VLM/FMs)/S3,sim
Scopus (VLM/FMs),S3,S6-VLM S3 — Modelos comerciais multimodais em endoscopia,Huy2025298,KGER: A Knowledge-Grounded Endoscopic Retrieval Framework with a Fused Bi-Encoder and Gemini Re-ranking Pipeline,"Huy, Hoang Pham Duc; Pham, Nguyen Hoang-Le; Nhat, Hien Thai Dinh; Minh, Hoang Thach",2025,10.1109/RIVF68649.2025.11365229,"Proceedings - 2025 RIVF International Conference on Computing and Communication Technologies, RIVF 2025",duplicate,Duplicata de 'KGER: A Knowledge-Grounded Endoscopic Retrieval Framework with a Fused Bi-Encode…' já presente em Scopus (VLM/FMs)/S1.,Scopus (VLM/FMs)/S3,sim
Scopus (VLM/FMs),S3,S6-VLM S3 — Modelos comerciais multimodais em endoscopia,2026,"9th International Conference on Computer Vision and Image Processing, CVIP 2024",,2026,,Communications in Computer and Information Science,duplicate,"Duplicata de '9th International Conference on Computer Vision and Image Processing, CVIP 2024…' já presente em Scopus (VLM/FMs)/S3.",Scopus (VLM/FMs)/S3,sim
Scopus (VLM/FMs),S3,S6-VLM S3 — Modelos comerciais multimodais em endoscopia,2026,"9th International Conference on Computer Vision and Image Processing, CVIP 2024",,2026,,Communications in Computer and Information Science,duplicate,"Duplicata de '9th International Conference on Computer Vision and Image Processing, CVIP 2024…' já presente em Scopus (VLM/FMs)/S3.",Scopus (VLM/FMs)/S3,sim
Scopus (VLM/FMs),S3,S6-VLM S3 — Modelos comerciais multimodais em endoscopia,Sabariram202465,"An End-to-End Pipeline Integrating Segmentation, Anomaly Detection, and Report Generation for Medical Imaging Analysis","Sabariram, M.Sachin; Vikram, C.B. Sanjay; Kavin, M.; Monieesh, S.; Saravanan, G.; Kumar, M.Senthil",2024,10.1109/ICDCC62744.2024.10960883,"2024 1st International Conference on Data, Computation and Communication, ICDCC 2024",duplicate,"Duplicata de 'An End-to-End Pipeline Integrating Segmentation, Anomaly Detection, and Report G…' já presente em Scopus (VLM/FMs)/S1.",Scopus (VLM/FMs)/S3,sim
