base,string_id,titulo_interpretativo_string,bibtex_key_original,title,authors,year,doi,venue,status,motivo,origens,tem_abstract
Web of Science,S1,WoS S1 — Principal: IA/DL em endoscopia digestiva alta,WOS:000469452600289,"Automatic Analysis of Endoscopic Images for Polyps Detection and
Segmentation","Pozdeev, Alexandr A.; Obukhova, Nataliia A.; Motyko, Alexandr A.",2019,10.1109/eiconrus.2019.8657018,"PROCEEDINGS OF THE 2019 IEEE CONFERENCE OF RUSSIAN YOUNG RESEARCHERS IN
ELECTRICAL AND ELECTRONIC ENGINEERING (EICONRUS)",duplicate,Duplicata de 'Automatic analysis of endoscopic images for polyps detection and segmentation…' já presente em Scopus/S1.,Web of Science/S1,sim
Web of Science,S1,WoS S1 — Principal: IA/DL em endoscopia digestiva alta,WOS:000446342100004,"Detecting and Locating Gastrointestinal Anomalies Using Deep Learning
and Iterative Cluster Unification","Iakovidis, Dimitris K.; Georgakopoulos, Spiros V.; Vasilakakis, Michael; Koulaouzidis, Anastasios; Plagianakos, Vassilis P.",2018,10.1109/TMI.2018.2837002,IEEE TRANSACTIONS ON MEDICAL IMAGING,duplicate,Duplicata de 'Detecting and Locating Gastrointestinal Anomalies Using Deep Learning and Iterat…' já presente em Scopus/S1.,Web of Science/S1,sim
Web of Science,S1,WoS S1 — Principal: IA/DL em endoscopia digestiva alta,WOS:001182135600001,"Artificial intelligence-assisted system for the assessment of Forrest
classification of peptic ulcer bleeding: a multicenter diagnostic study","He, Xiao-Jian; Wang, Xiao-Ling; Su, Tian-Kang; Yao, Li-Jia; Zheng, Jing; Wen, Xiao-Dong; Xu, Qin-Wei; Huang, Qian-Rong; Chen, Li-Bin; Chen, Chang-Xin; Lin, Hai-Fan; Chen, Yi-Qun; hu, Yan-Xing; Zhang, Kai-Hua; Jiang, Chuan-Shen; Liu, Gang; Li, Da-Zhou; Li, Dong-Liang; Wen, Wang",2024,10.1055/a-2252-4874,ENDOSCOPY,duplicate,Duplicata de 'Artificial intelligence-assisted system for the assessment of Forrest classifica…' já presente em Scopus/S1.,Web of Science/S1,sim
Web of Science,S1,WoS S1 — Principal: IA/DL em endoscopia digestiva alta,WOS:000608344900015,"Intelligent detection endoscopic assistant: An artificial
intelligence-based system for monitoring blind spots during
esophagogastroduodenoscopy in real-time","Li, Yan-Dong; Zhu, Shu-Wen; Yu, Jiang-Ping; Ruan, Rong-Wei; Cui, Zhao; Li, Yi-Ting; Lv, Mei-Chao; Wang, Huo-Gen; Chen, Ming; Jin, Chao-Hui; Wang, Shi",2021,10.1016/j.dld.2020.11.017,DIGESTIVE AND LIVER DISEASE,included,Visão computacional/DL aplicada a endoscopia digestiva alta.,PubMed/S2; Scopus/S1; Web of Science/S1,sim
Web of Science,S1,WoS S1 — Principal: IA/DL em endoscopia digestiva alta,WOS:000380502000068,"Lesion Detection of Endoscopy Images Based on Convolutional Neural
Network Features","Zhu, Rongsheng; Zhang, Rong; Xue, Dixiu",2015,,2015 8TH INTERNATIONAL CONGRESS ON IMAGE AND SIGNAL PROCESSING (CISP),included,Visão computacional/DL aplicada a endoscopia digestiva alta.,Web of Science/S1,sim
Web of Science,S1,WoS S1 — Principal: IA/DL em endoscopia digestiva alta,WOS:000735199000001,"Automated Detection of Gastric Cancer by Retrospective Endoscopic Image
Dataset Using U-Net R-CNN","Teramoto, Atsushi; Shibata, Tomoyuki; Yamada, Hyuga; Hirooka, Yoshiki; Saito, Kuniaki; Fujita, Hiroshi",2021,10.3390/app112311275,APPLIED SCIENCES-BASEL,duplicate,Duplicata de 'Automated detection of gastric cancer by retrospective endoscopic image dataset …' já presente em Scopus/S1.,Web of Science/S1,sim
Web of Science,S1,WoS S1 — Principal: IA/DL em endoscopia digestiva alta,WOS:000988100400001,"Assessment of Helicobacter pylori infection by deep
learning based on endoscopic videos in real time","Li, Yan-Dong; Wang, Huo-Gen; Chen, Sheng-Sen; Yu, Jiang-Ping; Ruan, Rong-Wei; Jin, Chao-Hui; Chen, Ming; Jin, Jia-Yan; Wang, Shi",2023,10.1016/j.dld.2023.02.010,DIGESTIVE AND LIVER DISEASE,included,Visão computacional/DL aplicada a endoscopia digestiva alta.,PubMed/S2; ScienceDirect/S3; ScienceDirect/S4; Scopus/S1; Web of Science/S1,sim
Web of Science,S1,WoS S1 — Principal: IA/DL em endoscopia digestiva alta,WOS:000468463000005,"Application of convolutional neural networks for evaluating
Helicobacter pylori infection status on the basis of endoscopic
images","Shichijo, Satoki; Endo, Yuma; Aoyama, Kazuharu; Takeuchi, Yoshinori; Ozawa, Tsuyoshi; Takiyama, Hirotoshi; Matsuo, Keigo; Fujishiro, Mitsuhiro; Ishihara, Soichiro; Ishihara, Ryu; Tada, Tomohiro",2019,10.1080/00365521.2019.1577486,SCANDINAVIAN JOURNAL OF GASTROENTEROLOGY,duplicate,Duplicata de 'Application of convolutional neural networks for evaluating Helicobacter pylori …' já presente em Scopus/S1.,Web of Science/S1,sim
Web of Science,S1,WoS S1 — Principal: IA/DL em endoscopia digestiva alta,WOS:001344686800001,"Use of artificial intelligence for the detection of Helicobacter pylori
infection from upper gastrointestinal endoscopy images: an updated
systematic review and meta-analysis","Parkash, Om; Lal, Abhishek; Subash, Tushar; Sultan, Ujala; Tahir, Hasan Nawaz; Hoodbhoy, Zahra; Sundar, Shiyam; Das, Jai Kumar",2024,10.20524/aog.2024.0913,ANNALS OF GASTROENTEROLOGY,duplicate,Duplicata de 'Use of artificial intelligence for the detection of Helicobacter pylori infectio…' já presente em Scopus/S1.,Web of Science/S1,sim
Web of Science,S1,WoS S1 — Principal: IA/DL em endoscopia digestiva alta,WOS:001060553100001,"Computer-Based Diagnosis of Celiac Disease by Quantitative Processing of
Duodenal Endoscopy Images","Molder, Adriana; Balaban, Daniel Vasile; Molder, Cristian-Constantin; Jinga, Mariana; Robin, Antonin",2023,10.3390/diagnostics13172780,DIAGNOSTICS,included,DL/CV em endoscopia com achado do trato GI alto.,Web of Science/S1,sim
Web of Science,S1,WoS S1 — Principal: IA/DL em endoscopia digestiva alta,WOS:000639562100079,"Ability of artificial intelligence to detect T1 esophageal squamous cell
carcinoma from endoscopic videos and the effects of real-time assistance","Shiroma, Sho; Yoshio, Toshiyuki; Kato, Yusuke; Horie, Yoshimasa; Namikawa, Ken; Tokai, Yoshitaka; Yoshimizu, Shoichi; Yoshizawa, Natsuko; Horiuchi, Yusuke; Ishiyama, Akiyoshi; Hirasawa, Toshiaki; Tsuchida, Tomohiro; Akazawa, Naoki; Akiyama, Junichi; Tada, Tomohiro; Fujisaki, Junko",2021,10.1038/s41598-021-87405-6,SCIENTIFIC REPORTS,duplicate,Duplicata de 'Ability of artificial intelligence to detect T1 esophageal squamous cell carcino…' já presente em Scopus/S1.,Web of Science/S1,sim
Web of Science,S1,WoS S1 — Principal: IA/DL em endoscopia digestiva alta,WOS:000704940200001,"Channel separation-based network for the automatic anatomical site
recognition using endoscopic images","Sun, Mingjian; Ma, Lingyu; Su, Xiufeng; Gao, Xiaozhong; Liu, Zichao; Ma, Liyong",2022,10.1016/j.bspc.2021.103167,BIOMEDICAL SIGNAL PROCESSING AND CONTROL,duplicate,Duplicata de 'Channel separation-based network for the automatic anatomical site recognition u…' já presente em Scopus/S1.,Web of Science/S1,sim
Web of Science,S1,WoS S1 — Principal: IA/DL em endoscopia digestiva alta,WOS:000718444000001,"Artificial Intelligence in Gastric Cancer: Identifying Gastric Cancer
Using Endoscopic Images with Convolutional Neural Network","Islam, Md Mohaimenul; Poly, Tahmina Nasrin; Walther, Bruno Andreas; Lin, Ming-Chin; Li, Yu-Chuan (Jack)",2021,10.3390/cancers13215253,CANCERS,included,Visão computacional/DL aplicada a endoscopia digestiva alta (contexto: dataset/benchmark).,Web of Science/S1,sim
Web of Science,S1,WoS S1 — Principal: IA/DL em endoscopia digestiva alta,WOS:000435391300008,"Application of artificial intelligence using a convolutional neural
network for detecting gastric cancer in endoscopic images","Hirasawa, Toshiaki; Aoyama, Kazuharu; Tanimoto, Tetsuya; Ishihara, Soichiro; Shichijo, Satoki; Ozawa, Tsuyoshi; Ohnishi, Tatsuya; Fujishiro, Mitsuhiro; Matsuo, Keigo; Fujisaki, Junko; Tada, Tomohiro",2018,10.1007/s10120-018-0793-2,GASTRIC CANCER,duplicate,Duplicata de 'Application of artificial intelligence using a convolutional neural network for …' já presente em PubMed/S3.,Web of Science/S1,sim
Web of Science,S1,WoS S1 — Principal: IA/DL em endoscopia digestiva alta,WOS:001172580300001,"Computer-aided diagnosis in real-time endoscopy for all stages of
gastric carcinogenesis: Development and validation study","Gong, Eun Jeong; Bang, Chang Seok; Lee, Jae Jun",2024,10.1002/ueg2.12551,UNITED EUROPEAN GASTROENTEROLOGY JOURNAL,duplicate,Duplicata de 'Computer-aided diagnosis in real-time endoscopy for all stages of gastric carcin…' já presente em PubMed/S2.,Web of Science/S1,sim
Web of Science,S1,WoS S1 — Principal: IA/DL em endoscopia digestiva alta,WOS:000685667600001,"Endoscopic image recognition method of gastric cancer based on deep
learning model","Qiu, Wengang; Xie, Jun; Shen, Yi; Xu, Jiang; Liang, Jun",2022,10.1111/exsy.12758,EXPERT SYSTEMS,duplicate,Duplicata de 'Endoscopic image recognition method of gastric cancer based on deep learning mod…' já presente em Scopus/S1.,Web of Science/S1,sim
Web of Science,S1,WoS S1 — Principal: IA/DL em endoscopia digestiva alta,WOS:000752662400001,"Construction and Multicenter Diagnostic Verification of Intelligent
Recognition System for Endoscopic Images From Early Gastric Cancer Based
on YOLO-V3 Algorithm","Yao, Zhendong; Jin, Tao; Mao, Boneng; Lu, Bo; Zhang, Yefei; Li, Sisi; Chen, Weichang",2022,10.3389/fonc.2022.815951,FRONTIERS IN ONCOLOGY,duplicate,Duplicata de 'Construction and Multicenter Diagnostic Verification of Intelligent Recognition …' já presente em Scopus/S1.,Web of Science/S1,sim
Web of Science,S1,WoS S1 — Principal: IA/DL em endoscopia digestiva alta,WOS:000551242400002,"Application of Convolutional Neural Networks for Detection of
Superficial Nonampullary Duodenal Epithelial Tumors in
Esophagogastroduodenoscopic Images","Inoue, Shuntaro; Shichijo, Satoki; Aoyama, Kazuharu; Kono, Mitsuhiro; Fukuda, Hiromu; Shimamoto, Yusaku; Nakagawa, Kentaro; Ohmori, Masayasu; Iwagami, Hiroyoshi; Matsuno, Kenshi; Iwatsubo, Taro; Nakahira, Hiroko; Matsuura, Noriko; Maekawa, Akira; Kanesaka, Takashi; Yamamoto, Sachiko; Takeuchi, Yoji; Higashino, Koji; Uedo, Noriya; Ishihara, Ryu; Tada, Tomohiro",2020,10.14309/ctg.0000000000000154,CLINICAL AND TRANSLATIONAL GASTROENTEROLOGY,included,Visão computacional/DL aplicada a endoscopia digestiva alta.,PubMed/S2; Scopus/S1; Web of Science/S1,sim
Web of Science,S1,WoS S1 — Principal: IA/DL em endoscopia digestiva alta,WOS:001047024900080,"Implementation of artificial intelligence in upper gastrointestinal
endoscopy","Nagao, Sayaka; Tani, Yasuhiro; Shibata, Junichi; Tsuji, Yosuke; Tada, Tomohiro; Ishihara, Ryu; Fujishiro, Mitsuhiro",2022,10.1002/deo2.72,DEN OPEN,duplicate,Duplicata de 'Implementation of artificial intelligence in upper gastrointestinal endoscopy…' já presente em PubMed/S3.,Web of Science/S1,sim
Web of Science,S1,WoS S1 — Principal: IA/DL em endoscopia digestiva alta,WOS:000669998400008,Usefulness of artificial intelligence in gastric neoplasms,"Kim, Ji Hyun; Nam, Seung-Joo; Park, Sung Chul",2021,10.3748/wjg.v27.i24.3543,WORLD JOURNAL OF GASTROENTEROLOGY,duplicate,Duplicata de 'Usefulness of artificial intelligence in gastric neoplasms…' já presente em Scopus/S1.,Web of Science/S1,sim
Web of Science,S1,WoS S1 — Principal: IA/DL em endoscopia digestiva alta,WOS:000429816800003,"Deep learning analyzes Helicobacter pylori infection by upper
gastrointestinal endoscopy images","Itoh, Takumi; Kawahira, Hiroshi; Nakashima, Hirotaka; Yata, Noriko",2018,10.1055/s-0043-120830,ENDOSCOPY INTERNATIONAL OPEN,duplicate,Duplicata de 'Deep learning analyzes Helicobacter pylori infection by upper gastrointestinal e…' já presente em PubMed/S2.,Web of Science/S1,sim
Web of Science,S1,WoS S1 — Principal: IA/DL em endoscopia digestiva alta,WOS:000543385900179,"Automated Detection and Segmentation of Early Gastric Cancer from
Endoscopic Images Using Mask R-CNN","Shibata, Tomoyuki; Teramoto, Atsushi; Yamada, Hyuga; Ohmiya, Naoki; Saito, Kuniaki; Fujita, Hiroshi",2020,10.3390/app10113842,APPLIED SCIENCES-BASEL,included,DL/CV em endoscopia com achado do trato GI alto.,Web of Science/S1,sim
Web of Science,S1,WoS S1 — Principal: IA/DL em endoscopia digestiva alta,WOS:000522757900001,"Artificial intelligence-based detection of pharyngeal cancer using
convolutional neural networks","Tamashiro, Atsuko; Yoshio, Toshiyuki; Ishiyama, Akiyoshi; Tsuchida, Tomohiro; Hijikata, Kazunori; Yoshimizu, Shoichi; Horiuchi, Yusuke; Hirasawa, Toshiaki; Seto, Akira; Sasaki, Toru; Fujisaki, Junko; Tada, Tomohiro",2020,10.1111/den.13653,DIGESTIVE ENDOSCOPY,duplicate,Duplicata de 'Artificial intelligence-based detection of pharyngeal cancer using convolutional…' já presente em Scopus/S1.,Web of Science/S1,sim
Web of Science,S1,WoS S1 — Principal: IA/DL em endoscopia digestiva alta,WOS:001091752000001,"A Temporal Learning Approach to Inpainting Endoscopic Specularities and
Its Effect on Image Correspondence","Daher, Rema; Vasconcelos, Francisco; Stoyanov, Danail",2023,10.1016/j.media.2023.102994,MEDICAL IMAGE ANALYSIS,duplicate,Duplicata de 'A Temporal Learning Approach to Inpainting Endoscopic Specularities and Its Effe…' já presente em Scopus/S1.,Web of Science/S1,sim
Web of Science,S1,WoS S1 — Principal: IA/DL em endoscopia digestiva alta,WOS:001062050500161,"AUTOMATIC CLASSIFICATION OF ESOPHAGOGASTRODUODENOSCOPY SUB-ANATOMICAL
REGIONS","Bravo, Diego; Ruano, Josue; Jaramillo, Maria; Gallego, Daniel; Gomez, Martin; Gonzalez, Fabio A.; Romero, Eduardo",2023,10.1109/ISBI53787.2023.10230483,"2023 IEEE 20TH INTERNATIONAL SYMPOSIUM ON BIOMEDICAL IMAGING, ISBI",duplicate,Duplicata de 'Automatic Classification of Esophagogastroduodenoscopy Sub-Anatomical Regions…' já presente em Scopus/S1.,Web of Science/S1,sim
Web of Science,S1,WoS S1 — Principal: IA/DL em endoscopia digestiva alta,WOS:001377693400001,"Artificial Intelligence-Based Classification of Anatomical Sites in
Esophagogastroduodenoscopy Images","Yuan, Peng; Ma, Zhong-Hua; Yan, Yan; Li, Shi-Jie; Wang, Jing; Wu, Qi",2024,10.2147/IJGM.S481127,INTERNATIONAL JOURNAL OF GENERAL MEDICINE,duplicate,Duplicata de 'Artificial Intelligence-Based Classification of Anatomical Sites in Esophagogast…' já presente em PubMed/S2.,Web of Science/S1,sim
Web of Science,S1,WoS S1 — Principal: IA/DL em endoscopia digestiva alta,WOS:001496729800001,A Multitask Network for the Diagnosis of Autoimmune Gastritis,"Cao, Yuqi; Zhao, Yining; Jin, Xinao; Zhang, Jiayuan; Zhang, Gangzhi; Huang, Pingjie; Zhang, Guangxin; Han, Yuehua",2025,10.3390/jimaging11050154,JOURNAL OF IMAGING,duplicate,Duplicata de 'A Multitask Network for the Diagnosis of Autoimmune Gastritis…' já presente em Scopus/S1.,Web of Science/S1,sim
Web of Science,S1,WoS S1 — Principal: IA/DL em endoscopia digestiva alta,WOS:000378969300020,"Identification of lesion images from gastrointestinal endoscope based on
feature extraction of combinational methods with and without learning
process","Liu, Ding-Yun; Gan, Tao; Rao, Ni-Ni; Xing, Yao-Wen; Zheng, Jie; Li, Sang; Luo, Cheng-Si; Zhou, Zhong-Jun; Wan, Yong-Li",2016,10.1016/j.media.2016.04.007,MEDICAL IMAGE ANALYSIS,included,Visão computacional/DL aplicada a endoscopia digestiva alta.,Web of Science/S1,sim
Web of Science,S1,WoS S1 — Principal: IA/DL em endoscopia digestiva alta,WOS:000437882300009,"Artificial intelligence diagnosis of Helicobacter pylori
infection using blue laser imaging-bright and linked color imaging: a
single-center prospective study","Nakashima, Hirotaka; Kawahira, Hiroshi; Kawachi, Hiroshi; Sakaki, Nobuhiro",2018,10.20524/aog.2018.0269,ANNALS OF GASTROENTEROLOGY,duplicate,Duplicata de 'Artificial intelligence diagnosis of helicobacter pylori infection using blue la…' já presente em Scopus/S1.,Web of Science/S1,sim
Web of Science,S1,WoS S1 — Principal: IA/DL em endoscopia digestiva alta,WOS:001304539800056,Application of MRI-based Deep Learning Models in Gastric Cancer,"Yuan, Letian",2024,10.1145/3662739.3670218,"PROCEEDINGS OF 2024 INTERNATIONAL CONFERENCE ON MACHINE INTELLIGENCE AND
DIGITAL APPLICATIONS, MIDA2024",duplicate,Duplicata de 'Application of MRI-based Deep Learning Models in Gastric Cancer…' já presente em Scopus/S1.,Web of Science/S1,sim
Web of Science,S1,WoS S1 — Principal: IA/DL em endoscopia digestiva alta,WOS:000898811500011,"Identification of upper GI diseases during screening gastroscopy using a
deep convolutional neural network algorithm","Yang, Hang; Wu, Yu; Yang, Bo; Wu, Min; Zhou, Jun; Liu, Qin; Lin, Yifei; Li, Shilin; Li, Xue; Zhang, Jie; Wang, Rui; Xie, Qianrong; Li, Jingqi; Luo, Yue; Tu, Mengjie; Wang, Xiao; Lan, Haitao; Bai, Xuesong; Wu, Huaping; Zeng, Fanwei; Zhao, Hong; Yi, Zhang; Zeng, Fanxin",2022,10.1016/j.gie.2022.06.011,GASTROINTESTINAL ENDOSCOPY,duplicate,Duplicata de 'Identification of upper GI diseases during screening gastroscopy using a deep co…' já presente em PubMed/S2.,Web of Science/S1,sim
Web of Science,S1,WoS S1 — Principal: IA/DL em endoscopia digestiva alta,WOS:000548118100054,"Labelling Stomach Anatomical Locations In Upper Gastrointestinal
Endoscopic Images Using a CNN",Hai Vu; Xuan Huy Manh; Bach Quan Duc; Van Kien Ha; Viet Hang Dao; Phuc Binh Nguyen; Bao Long Hoang; Thanh Hai Vu,2019,10.1145/3368926.3369704,"SOICT 2019: PROCEEDINGS OF THE TENTH INTERNATIONAL SYMPOSIUM ON
INFORMATION AND COMMUNICATION TECHNOLOGY",duplicate,Duplicata de 'Labelling stomach anatomical locations in upper gastrointestinal endoscopic imag…' já presente em Scopus/S1.,Web of Science/S1,sim
Web of Science,S1,WoS S1 — Principal: IA/DL em endoscopia digestiva alta,WOS:000987286600028,"Evaluation of deep learning methods for early gastric cancer detection
using gastroscopic images","Su, Xiufeng; Liu, Qingshan; Gao, Xiaozhong; Ma, Liyong",2023,10.3233/THC-236027,TECHNOLOGY AND HEALTH CARE,duplicate,Duplicata de 'Evaluation of deep learning methods for early gastric cancer detection using gas…' já presente em PubMed/S2.,Web of Science/S1,sim
Web of Science,S1,WoS S1 — Principal: IA/DL em endoscopia digestiva alta,WOS:001325811800004,"Development and application of an artificial intelligence-assisted
endoscopy system for diagnosis of Helicobacter pylori infection:
a multicenter randomized controlled study","Zou, Pei-Ying; Zhu, Jian-Ru; Zhao, Zhe; Mei, Hao; Zhao, Jing-Tao; Sun, Wen-Jing; Wang, Guo-Hua; Chen, Dong-Feng; Fan, Li-Lin; Lan, Chun-Hui",2024,10.1186/s12876-024-03389-3,BMC GASTROENTEROLOGY,duplicate,Duplicata de 'Development and application of an artificial intelligence-assisted endoscopy sys…' já presente em Scopus/S1.,Web of Science/S1,sim
Web of Science,S1,WoS S1 — Principal: IA/DL em endoscopia digestiva alta,WOS:000826494000002,"A deep learning network based on multi-scale and attention for the
diagnosis of chronic atrophic gastritis","Chong, Yanwen; Xie, Ningdi; Liu, Xin; Zhang, Meng; Huang, Fengxing; Fang, Jun; Wang, Fan; Pan, Shaoming; Nie, Haihang; Zhao, Qiu",2022,10.1055/a-1828-1441,ZEITSCHRIFT FUR GASTROENTEROLOGIE,duplicate,Duplicata de 'A deep learning network based on multi-scale and attention for the diagnosis of …' já presente em Scopus/S1.,Web of Science/S1,sim
Web of Science,S1,WoS S1 — Principal: IA/DL em endoscopia digestiva alta,WOS:001583164800007,Role of artificial intelligence in gastric diseases,"Gong, Eun Jeong; Woo, Jieun; Lee, Jae Jun; Bang, Chang Seok",2025,10.3748/wjg.v31.i37.111327,WORLD JOURNAL OF GASTROENTEROLOGY,duplicate,Duplicata de 'Role of artificial intelligence in gastric diseases…' já presente em Scopus (VLM/FMs)/S3.,Web of Science/S1,sim
Web of Science,S1,WoS S1 — Principal: IA/DL em endoscopia digestiva alta,WOS:001246168200005,"Gastric Section Correlation Network for Gastric Precancerous Lesion
Diagnosis","Jhang, Jyun-Yao; Tsai, Yu-Ching; Hsu, Tzu-Chun; Huang, Chun-Rong; Cheng, Hsiu-Chi; Sheu, Bor-Shyang",2024,10.1109/OJEMB.2023.3277219,IEEE OPEN JOURNAL OF ENGINEERING IN MEDICINE AND BIOLOGY,duplicate,Duplicata de 'Gastric Section Correlation Network for Gastric Precancerous Lesion Diagnosis…' já presente em Scopus/S1.,Web of Science/S1,sim
Web of Science,S1,WoS S1 — Principal: IA/DL em endoscopia digestiva alta,WOS:001416994500001,"Artificial intelligence-assisted diagnosis of early gastric cancer:
present practice and future prospects","Lei, Changda; Sun, Wenqiang; Wang, Kun; Weng, Ruixia; Kan, Xiuji; Li, Rui",2025,10.1080/07853890.2025.2461679,ANNALS OF MEDICINE,included,DL/CV em endoscopia com achado do trato GI alto.,Web of Science/S1,sim
Web of Science,S1,WoS S1 — Principal: IA/DL em endoscopia digestiva alta,WOS:000743747500009,"Real-time artificial intelligence for detecting focal lesions and
diagnosing neoplasms of the stomach by white-light endoscopy (with
videos)","Wu, Lianlian; Xu, Ming; Jiang, Xiaoda; He, Xinqi; Zhang, Heng; Ai, Yaowei; Tong, Qiaoyun; Lv, Peihua; Lu, Bin; Guo, Mingwen; Huang, Manling; Ye, Liping; Shen, Lei; Yu, Honggang",2022,10.1016/j.gie.2021.09.017,GASTROINTESTINAL ENDOSCOPY,duplicate,Duplicata de 'Real-time artificial intelligence for detecting focal lesions and diagnosing neo…' já presente em Scopus/S1.,Web of Science/S1,sim
Web of Science,S1,WoS S1 — Principal: IA/DL em endoscopia digestiva alta,WOS:000390993205124,WiLD: Widening View Angle for Lesion Detection with Gastroscopic Images,"Sohn, Soo Yeon; Lee, Dongkyu R.; Lee, Suk Kyu; Kim, Hwangnam; Suh, Yun Suhk; Kong, Seong Ho; Lee, Hyuk Joon; Yang, Han Kwang",2016,10.1109/ICC.2016.7511600,2016 IEEE INTERNATIONAL CONFERENCE ON COMMUNICATIONS (ICC),duplicate,Duplicata de 'WiLD: Widening view angle for lesion detection with gastroscopic images…' já presente em IEEE/S1.,Web of Science/S1,sim
Web of Science,S1,WoS S1 — Principal: IA/DL em endoscopia digestiva alta,WOS:000684113300001,"The role of computer-assisted systems for upper-endoscopy quality
monitoring and assessment of gastric lesions","Lazar, Daniela Cornelia; Avram, Mihaela Flavia; Faur, Alexandra Corina; Romosan, Ioan; Goldis, Adrian",2021,10.1093/gastro/goab008,GASTROENTEROLOGY REPORT,included,DL/CV em endoscopia com achado do trato GI alto.,Web of Science/S1; Web of Science/S2,sim
Web of Science,S1,WoS S1 — Principal: IA/DL em endoscopia digestiva alta,WOS:000605923700001,"Development of artificial intelligence system for quality control of
photo documentation in esophagogastroduodenoscopy","Choi, Seong Ji; Khan, Mohammad Azam; Choi, Hyuk Soon; Choo, Jaegul; Lee, Jae Min; Kwon, Soonwook; Keum, Bora; Chun, Hoon Jai",2022,10.1007/s00464-020-08236-6,SURGICAL ENDOSCOPY AND OTHER INTERVENTIONAL TECHNIQUES,duplicate,Duplicata de 'Development of artificial intelligence system for quality control of photo docum…' já presente em Scopus/S1.,Web of Science/S1,sim
Web of Science,S1,WoS S1 — Principal: IA/DL em endoscopia digestiva alta,WOS:001588996200003,"Gastric Anatomical Sites Recognition in Gastroscopic Images Based on
Dual-branch Perception and Multi-scale Semantic Aggregation","Gao, Shujun; Yu, Xiaomei; Liang, Xiao; Chen, Xuanchi; Zheng, Xiangwei",2026,10.1016/j.displa.2025.103234,DISPLAYS,duplicate,Duplicata de 'Gastric Anatomical Sites Recognition in Gastroscopic Images Based on Dual-branch…' já presente em Scopus/S1.,Web of Science/S1,sim
Web of Science,S1,WoS S1 — Principal: IA/DL em endoscopia digestiva alta,WOS:000990632100001,"Detection of duodenal villous atrophy on endoscopic images using a deep
learning algorithm","Scheppach, Markus W.; Rauber, David; Stallhofer, Johannes; Muzalyova, Anna; Otten, Vera; Manzeneder, Carolin; Schwamberger, Tanja; Wanzl, Julia; Schlottmann, Jakob; Tadic, Vidan; Probst, Andreas; Schnoy, Elisabeth; Roemmele, Christoph; Fleischmann, Carola; Meinikheim, Michael; Miller, Silvia; Maerkl, Bruno; Stallmach, Andreas; Palm, Christoph; Messmann, Helmut; Ebigbo, Alanna",2023,10.1016/j.gie.2023.01.006,GASTROINTESTINAL ENDOSCOPY,duplicate,Duplicata de 'Detection of duodenal villous atrophy on endoscopic images using a deep learning…' já presente em Scopus/S1.,Web of Science/S1,sim
Web of Science,S1,WoS S1 — Principal: IA/DL em endoscopia digestiva alta,WOS:000571891000005,"Anatomical classification of upper gastrointestinal organs under various
image capture conditions using AlexNet","Igarashi, Shohei; Sasaki, Yoshihiro; Mikami, Tatsuya; Sakuraba, Hirotake; Fukuda, Shinsaku",2020,10.1016/j.compbiomed.2020.103950,COMPUTERS IN BIOLOGY AND MEDICINE,duplicate,Duplicata de 'Anatomical classification of upper gastrointestinal organs under various image c…' já presente em Scopus/S1.,Web of Science/S1,sim
Web of Science,S1,WoS S1 — Principal: IA/DL em endoscopia digestiva alta,WOS:000701363700001,"Deep learning-based endoscopic anatomy classification: an accelerated
approach for data preparation and model validation","Chang, Yuan-Yen; Li, Pai-Chi; Chang, Ruey-Feng; Yao, Chih-Da; Chen, Yang-Yuan; Chang, Wen-Yen; Yen, Hsu-Heng",2022,10.1007/s00464-021-08698-2,SURGICAL ENDOSCOPY AND OTHER INTERVENTIONAL TECHNIQUES,duplicate,Duplicata de 'Deep learning-based endoscopic anatomy classification: an accelerated approach f…' já presente em Scopus/S1.,Web of Science/S1,sim
Web of Science,S1,WoS S1 — Principal: IA/DL em endoscopia digestiva alta,WOS:000655246000029,"Expert-level classification of gastritis by endoscopy using deep
learning: a multicenter diagnostic trial","Mu, Ganggang; Zhu, Yijie; Niu, Zhanyue; Li, Hongyan; Wu, Lianlian; Wang, Jing; Luo, Renquan; Hu, Xiao; Li, Yanxia; Zhang, Jixiang; Hu, Shan; Li, Chao; Ding, Shigang; Yu, Honggang",2021,10.1055/a-1372-2789,ENDOSCOPY INTERNATIONAL OPEN,included,DL/CV em endoscopia com achado do trato GI alto.,Web of Science/S1; Web of Science/S2,sim
Web of Science,S1,WoS S1 — Principal: IA/DL em endoscopia digestiva alta,WOS:000788097600003,"Optical biopsy mapping on endoscopic image mosaics with a marker-free
probe","Zenteno, Omar; Trinh, Dinh-Hoan; Treuillet, Sylvie; Lucas, Yves; Bazin, Thomas; Lamarque, Dominique; Daul, Christian",2022,10.1016/j.compbiomed.2022.105234,COMPUTERS IN BIOLOGY AND MEDICINE,duplicate,Duplicata de 'Optical biopsy mapping on endoscopic image mosaics with a marker-free probe…' já presente em Scopus/S1.,Web of Science/S1,sim
Web of Science,S1,WoS S1 — Principal: IA/DL em endoscopia digestiva alta,WOS:001218293800001,Curative criteria for endoscopic treatment of gastric cancer,"Neves, Joa A. Cunha; Delgado-Guillena, Pedro G.; Queiros, Patricia; Libanio, Diogo; de Santiago, Enrique Rodriguez",2024,10.1016/j.bpg.2024.101884,BEST PRACTICE & RESEARCH CLINICAL GASTROENTEROLOGY,duplicate,Duplicata de 'Curative criteria for endoscopic treatment of gastric cancer…' já presente em PubMed/S3.,Web of Science/S1,sim
Web of Science,S1,WoS S1 — Principal: IA/DL em endoscopia digestiva alta,WOS:001398291700008,"GastroHUN an Endoscopy Dataset of Complete Systematic Screening Protocol
for the Stomach","Bravo, Diego; Frias, Juan; Vera, Felipe; Trejos, Juan; Martinez, Carlos; Gomez, Martin; Gonzalez, Fabio; Romero, Eduardo",2025,10.1038/s41597-025-04401-5,SCIENTIFIC DATA,duplicate,Duplicata de 'GastroHUN an Endoscopy Dataset of Complete Systematic Screening Protocol for the…' já presente em Springer Nature Link/S1.,Web of Science/S1,sim
Web of Science,S1,WoS S1 — Principal: IA/DL em endoscopia digestiva alta,WOS:000532771700011,"Diagnosing chronic atrophic gastritis by gastroscopy using artificial
intelligence","Zhang, Yaqiong; Li, Fengxia; Yuan, Fuqiang; Zhang, Kai; Huo, Lijuan; Dong, Zichen; Lang, Yiming; Zhang, Yapeng; Wang, Meihong; Gao, Zenghui; Qin, Zhenzhen; Shen, Leixue",2020,10.1016/j.dld.2019.12.146,DIGESTIVE AND LIVER DISEASE,included,Visão computacional/DL aplicada a endoscopia digestiva alta (contexto: dataset/benchmark).,Web of Science/S1,sim
Web of Science,S1,WoS S1 — Principal: IA/DL em endoscopia digestiva alta,WOS:000992750400001,"Improving Classification Performance in Gastric Disease through
Realistic Data Augmentation Technique Based on Poisson Blending","Lee, Han-sung; Cho, Hyun-chong",2023,10.1007/s42835-023-01543-7,JOURNAL OF ELECTRICAL ENGINEERING & TECHNOLOGY,duplicate,Duplicata de 'Improving Classification Performance in Gastric Disease through Realistic Data A…' já presente em Scopus/S1.,Web of Science/S1,sim
Web of Science,S1,WoS S1 — Principal: IA/DL em endoscopia digestiva alta,WOS:000940337100001,"Subjective and objective quality assessment of gastrointestinal
endoscopy images: From manual operation to artificial intelligence","Yuan, Peng; Bai, Ruxue; Yan, Yan; Li, Shijie; Wang, Jing; Cao, Changqi; Wu, Qi",2023,10.3389/fnins.2022.1118087,FRONTIERS IN NEUROSCIENCE,included,Visão computacional/DL aplicada a endoscopia digestiva alta (contexto: dataset/benchmark).,Web of Science/S1,sim
Web of Science,S1,WoS S1 — Principal: IA/DL em endoscopia digestiva alta,WOS:001442977500046,"Research on Gastritis Endoscopic Images Classification Based on
SE-RepLKNet","Jin, Xinao; Zhao, Yining; Cao, Yuqi; Zhang, Gangzhi; Zhang, Guangxin; Han, Yuehua",2024,10.1109/ICCVIT63928.2024.10872498,"2024 2ND INTERNATIONAL CONFERENCE ON COMPUTER, VISION AND INTELLIGENT
TECHNOLOGY, ICCVIT",duplicate,Duplicata de 'Research on Gastritis Endoscopic Images Classification Based on SE-RepLKNet…' já presente em Scopus/S1.,Web of Science/S1,sim
Web of Science,S1,WoS S1 — Principal: IA/DL em endoscopia digestiva alta,WOS:001511695400007,"Task-specific prompting SAM for multi-task gastric cancer diagnosis in
endoscopic images","Wang, Bilin; Lei, Changda; Guo, Yunbo; Hong, Kaicheng; Kan, Xiuji; Ouyang, Yifan; Li, Junbo; Li, Rui",2025,10.1016/j.eswa.2025.128329,EXPERT SYSTEMS WITH APPLICATIONS,duplicate,Duplicata de 'Task-specific prompting SAM for multi-task gastric cancer diagnosis in endoscopi…' já presente em Scopus/S1.,Web of Science/S1,sim
Web of Science,S1,WoS S1 — Principal: IA/DL em endoscopia digestiva alta,WOS:000490412500013,"Smart connected electronic gastroscope system for gastric cancer
screening using multi-column convolutional neural networks","Wang, Hao; Ding, Shuai; Wu, Desheng; Zhang, Youtao; Yang, Shanlin",2019,10.1080/00207543.2018.1464232,INTERNATIONAL JOURNAL OF PRODUCTION RESEARCH,duplicate,Duplicata de 'Smart connected electronic gastroscope system for gastric cancer screening using…' já presente em Scopus/S1.,Web of Science/S1,sim
Web of Science,S1,WoS S1 — Principal: IA/DL em endoscopia digestiva alta,WOS:001416535400002,"Evaluation of an artificial intelligence-based system for real-time
high-quality photodocumentation during esophagogastroduodenoscopy","Ahn, Byeong Yun; Lee, Junwoo; Seol, Jeonga; Kim, Ji Yoon; Chung, Hyunsoo",2025,10.1038/s41598-024-83721-9,SCIENTIFIC REPORTS,included,Visão computacional/DL aplicada a endoscopia digestiva alta (contexto: dataset/benchmark).,Springer Nature Link/S1; Springer Nature Link/S2; Web of Science/S1,sim
Web of Science,S1,WoS S1 — Principal: IA/DL em endoscopia digestiva alta,WOS:000531313500001,"Deep learning-based anatomical site classification for upper
gastrointestinal endoscopy","He, Qi; Bano, Sophia; Ahmad, Omer F.; Yang, Bo; Chen, Xin; Valdastri, Pietro; Lovat, Laurence B.; Stoyanov, Danail; Zuo, Siyang",2020,10.1007/s11548-020-02148-5,INTERNATIONAL JOURNAL OF COMPUTER ASSISTED RADIOLOGY AND SURGERY,duplicate,Duplicata de 'Deep learning-based anatomical site classification for upper gastrointestinal en…' já presente em Scopus/S1.,Web of Science/S1,sim
Web of Science,S1,WoS S1 — Principal: IA/DL em endoscopia digestiva alta,WOS:000505737400006,"Upper gastrointestinal anatomy detection with multi-task convolutional
neural networks",Zhang Xu; Yu Tao; Zheng Wenfang; Lin Ne; Huang Zhengxing; Liu Jiquan; Hu Weiling; Duan Huilong; Si Jianmin,2019,10.1049/htl.2019.0066,HEALTHCARE TECHNOLOGY LETTERS,included,Visão computacional/DL aplicada a endoscopia digestiva alta.,Web of Science/S1,sim
Web of Science,S1,WoS S1 — Principal: IA/DL em endoscopia digestiva alta,WOS:001034311800001,"Non-endoscopic Applications of Machine Learning in Gastric Cancer: A
Systematic Review","Sy-Janairo, Marianne Linley L.; Janairo, Jose Isagani B.",2024,10.1007/s12029-023-00960-1,JOURNAL OF GASTROINTESTINAL CANCER,included,Visão computacional/DL aplicada a endoscopia digestiva alta (contexto: dataset/benchmark).,Springer Nature Link/S1; Springer Nature Link/S2; Web of Science/S1,sim
Web of Science,S1,WoS S1 — Principal: IA/DL em endoscopia digestiva alta,WOS:000610989000001,"Deep Learning-Based Computer-Aided Diagnosis System for Gastroscopy
Image Classification Using Synthetic Data","Kim, Yun-ji; Cho, Hyun Chin; Cho, Hyun-chong",2021,10.3390/app11020760,APPLIED SCIENCES-BASEL,duplicate,Duplicata de 'Deep learning‐based computer‐aided diagnosis system for gastroscopy image classi…' já presente em Scopus/S1.,Web of Science/S1,sim
Web of Science,S1,WoS S1 — Principal: IA/DL em endoscopia digestiva alta,WOS:001377321100001,"Validation of Artificial Intelligence Computer-Aided Detection on
Gastric Neoplasm in Upper Gastrointestinal Endoscopy","Lee, Hannah; Chung, Jun-Won; Yun, Sung-Cheol; Jung, Sung Woo; Yoon, Yeong Jun; Kim, Ji Hee; Cha, Boram; Kayasseh, Mohd Azzam; Kim, Kyoung Oh",2024,10.3390/diagnostics14232706,DIAGNOSTICS,included,Visão computacional/DL aplicada a endoscopia digestiva alta (contexto: dataset/benchmark).,PubMed/S3; Web of Science/S1; Web of Science/S2,sim
Web of Science,S1,WoS S1 — Principal: IA/DL em endoscopia digestiva alta,WOS:000685503100009,"A multi-feature fusion method for image recognition of gastrointestinal
metaplasia (GIM)","Li, Hongyan; Vong, Chi Man; Wong, Pak Kin; Ip, Weng Fai; Yan, Tao; Choi, I. Cheong; Yu, Hon Ho",2021,10.1016/j.bspc.2021.102909,BIOMEDICAL SIGNAL PROCESSING AND CONTROL,duplicate,Duplicata de 'A multi-feature fusion method for image recognition of gastrointestinal metaplas…' já presente em Scopus/S1.,Web of Science/S1,sim
Web of Science,S1,WoS S1 — Principal: IA/DL em endoscopia digestiva alta,WOS:001265603200009,"Real-World Application of Artificial Intelligence for Detecting
Pathologic Gastric Atypia and Neoplastic Lesions","Chang, Young Hoon; Shin, Cheol Min; Lee, Hae Dong; Park, Jinbae; Jeon, Jiwoon; Cho, Soo-Jeong; Kang, Seung Joo; Chung, Jae -Yong; Jun, Yu Kyung; Choi, Yonghoon; Yoon, Hyuk; Park, Young Soo; Kim, Nayoung; Lee, Dong Ho",2024,10.5230/jgc.2024.24.e28,JOURNAL OF GASTRIC CANCER,duplicate,Duplicata de 'Real-World Application of Artificial Intelligence for Detecting Pathologic Gastr…' já presente em PubMed/S3.,Web of Science/S1,sim
Web of Science,S1,WoS S1 — Principal: IA/DL em endoscopia digestiva alta,WOS:000844038300001,"A convolutional neural network-based system for detecting early gastric
cancer in white-light endoscopy","Zhou, Bin; Rao, Xiaolong; Xing, Haoqiang; Ma, Yongchen; Wang, Feng; Rong, Long",2023,10.1080/00365521.2022.2113427,SCANDINAVIAN JOURNAL OF GASTROENTEROLOGY,included,DL/CV em endoscopia com achado do trato GI alto.,Web of Science/S1,sim
Web of Science,S1,WoS S1 — Principal: IA/DL em endoscopia digestiva alta,WOS:001692488200001,"A Benchmark Dataset of Endoscopic Images and a Novel Deep Learning
Method to Segment Gastric Intestinal Metaplasia Under Linked Color
Imaging","Zhang, Mingya; Wang, Liang; Yu, Yue; Liu, Ling; Tao, Xianping; Gu, Limei; Ling, Tingsheng",2026,10.1111/coin.70177,COMPUTATIONAL INTELLIGENCE,duplicate,Duplicata de 'A Benchmark Dataset of Endoscopic Images and a Novel Deep Learning Method to Seg…' já presente em Scopus/S1.,Web of Science/S1,sim
Web of Science,S1,WoS S1 — Principal: IA/DL em endoscopia digestiva alta,WOS:001349859400001,"A deep learning approach for gastroscopic manifestation recognition
based on Kyoto Gastritis Score","Liu, Ao; Zhang, Xilin; Zhong, Jiaxin; Wang, Zilu; Ge, Zhenyang; Wang, Zhong; Fan, Xiaoya; Zhang, Jing",2024,10.1080/07853890.2024.2418963,ANNALS OF MEDICINE,duplicate,Duplicata de 'A deep learning approach for gastroscopic manifestation recognition based on Kyo…' já presente em Scopus/S1.,Web of Science/S1,sim
Web of Science,S1,WoS S1 — Principal: IA/DL em endoscopia digestiva alta,WOS:000600548600018,"Use of artificial intelligence for detection of gastric lesions by
magnetically controlled capsule endoscopy","Xia, Ji; Xia, Tian; Pan, Jun; Gao, Fei; Wang, Shuang; Qian, Yang-Yang; Wang, Heng; Zhao, Jie; Jiang, Xi; Zou, Wen-Bin; Wang, Yuan-Chen; Zhou, Wei; Li, Zhao-Shen; Liao, Zhuan",2021,10.1016/j.gie.2020.05.027,GASTROINTESTINAL ENDOSCOPY,duplicate,Duplicata de 'Use of artificial intelligence for detection of gastric lesions by magnetically …' já presente em PubMed/S3.,Web of Science/S1,sim
Web of Science,S1,WoS S1 — Principal: IA/DL em endoscopia digestiva alta,WOS:000431955100002,"Automatic anatomical classification of esophagogastroduodenoscopy images
using deep convolutional neural networks","Takiyama, Hirotoshi; Ozawa, Tsuyoshi; Ishihara, Soichiro; Fujishiro, Mitsuhiro; Shichijo, Satoki; Nomura, Shuhei; Miura, Motoi; Tada, Tomohiro",2018,10.1038/s41598-018-25842-6,SCIENTIFIC REPORTS,included,Visão computacional/DL aplicada a endoscopia digestiva alta.,Web of Science/S1,sim
Web of Science,S1,WoS S1 — Principal: IA/DL em endoscopia digestiva alta,WOS:001440077200154,Research of Deep Learning on Gastric Cancer Diagnosis,"Li, Lanlan; Chen, Mengni; YingZhou; Wang, Jianping; Wang, Dabiao",2020,10.1109/CSRSWTC50769.2020.9372583,"2020 CROSS STRAIT RADIO SCIENCE & WIRELESS TECHNOLOGY CONFERENCE,
CSRSWTC",duplicate,Duplicata de 'Research of Deep Learning on Gastric Cancer Diagnosis…' já presente em IEEE/S3.,Web of Science/S1,sim
Web of Science,S1,WoS S1 — Principal: IA/DL em endoscopia digestiva alta,WOS:000847866800001,"Multi-center verification of the influence of data ratio of training
sets on test results of an Al system for detecting early gastric cancer
based on the YOLO-v4 algorithm","Jin, Tao; Jiang, Yancai; Mao, Boneng; Wang, Xing; Lu, Bo; Qian, Ji; Zhou, Hutao; Ma, Tieliang; Zhang, Yefei; Li, Sisi; Shi, Yun; Yao, Zhendong",2022,10.3389/fonc.2022.953090,FRONTIERS IN ONCOLOGY,included,Visão computacional/DL aplicada a endoscopia digestiva alta.,Web of Science/S1,sim
Web of Science,S1,WoS S1 — Principal: IA/DL em endoscopia digestiva alta,WOS:000652587200005,"EFFICIENT TRANSFER LAERNING USED IN THE CLASSIFICATION OF GASTROSCOPIC
IMAGES WITH SMALL DATASET",Du Wenju; Rao Nini; Wang Yingchun; Hu Dingcan; Yong Jiaha,2020,10.1109/ICCWAMTIP51612.2020.9317450,"2020 17TH INTERNATIONAL COMPUTER CONFERENCE ON WAVELET ACTIVE MEDIA
TECHNOLOGY AND INFORMATION PROCESSING (ICCWAMTIP)",duplicate,Duplicata de 'Efficient Transfer Laerning Used in the Classification of Gastroscopic Images wi…' já presente em IEEE/S1.,Web of Science/S1,sim
Web of Science,S1,WoS S1 — Principal: IA/DL em endoscopia digestiva alta,WOS:000656913900001,"Automatic classification of esophageal disease in gastroscopic images
using an efficient channel attention deep dense convolutional neural
network","Du, Wenju; Rao, Nini; Dong, Changlong; Wang, Yingchun; Hu, Dingcan; Zhu, Linlin; Zeng, Bing; Gan, Tao",2021,10.1364/BOE.420935,BIOMEDICAL OPTICS EXPRESS,included,Visão computacional/DL aplicada a endoscopia digestiva alta.,Web of Science/S1,sim
Web of Science,S1,WoS S1 — Principal: IA/DL em endoscopia digestiva alta,WOS:000861306100001,"Improvement of Gastroscopy Classification Performance Through Image
Augmentation Using a Gradient-Weighted Class Activation Map","Ham, Hyun-Sik; Lee, Han-Sung; Chae, Jung-Woo; Cho, Hyun Chin; Cho, Hyun-Chong",2022,10.1109/ACCESS.2022.3207839,IEEE ACCESS,duplicate,Duplicata de 'Improvement of Gastroscopy Classification Performance Through Image Augmentation…' já presente em IEEE/S1.,Web of Science/S1,sim
Web of Science,S1,WoS S1 — Principal: IA/DL em endoscopia digestiva alta,WOS:001446153505099,"Artificial intelligence assisted recognition and diagnosis of
Magnetically controlled capsule gastroscopy","Chen, Susu; Wei, Chuyu; Li, Dongqi; Borchert, Glen M.; Yu, Zhong; Lin, Jiawen; Huang, Jingshan",2024,10.1109/BIBM62325.2024.10822068,"2024 IEEE INTERNATIONAL CONFERENCE ON BIOINFORMATICS AND BIOMEDICINE,
BIBM",duplicate,Duplicata de 'Artificial intelligence assisted recognition and diagnosis of Magnetically contr…' já presente em Scopus/S1.,Web of Science/S1,sim
Web of Science,S1,WoS S1 — Principal: IA/DL em endoscopia digestiva alta,WOS:001255718100005,"Deep learning-based anatomical position recognition for gastroscopic
examination","Su, Xiufeng; Liu, Weiyu; Jiang, Suyi; Gao, Xiaozhong; Chu, Yanliu; Ma, Liyong",2024,10.3233/THC-248004,TECHNOLOGY AND HEALTH CARE,included,Visão computacional/DL aplicada a endoscopia digestiva alta.,Web of Science/S1,sim
Web of Science,S1,WoS S1 — Principal: IA/DL em endoscopia digestiva alta,WOS:001165295800001,"Artificial intelligence-based diagnosis of the depth of
laryngopharyngeal cancer","Yumii, Kohei; Ueda, Tsutomu; Kawahara, Daisuke; Chikuie, Nobuyuki; Taruya, Takayuki; Hamamoto, Takao; Takeno, Sachio",2024,10.1016/j.anl.2023.09.001,AURIS NASUS LARYNX,included,Visão computacional/DL aplicada a endoscopia digestiva alta.,PubMed/S2; Scopus/S1; Web of Science/S1,sim
Web of Science,S1,WoS S1 — Principal: IA/DL em endoscopia digestiva alta,WOS:001505754300001,"Deep Learning for Glioblastoma Multiforme Detection from MRI: A
Statistical Analysis for Demographic Bias","Contreras, Kebin; Gutierrez-Rengifo, Julio; Casanova-Carvajal, Oscar; Alvarez, Angel Luis; Velez-Varela, Patricia E.; Urbano-Bojorge, Ana Lorena",2025,10.3390/app15116274,APPLIED SCIENCES-BASEL,excluded,Visão computacional sem vínculo com endoscopia/achados GI altos.,Web of Science/S1,sim
Web of Science,S1,WoS S1 — Principal: IA/DL em endoscopia digestiva alta,WOS:001251147201220,"Supervised and semi-supervised training of deep convolutional neural
networks for gastric landmark detection","Lopes, Ines; Silva, Augusto; Coimbra, Miguel; Dinis-Ribeiro, Mario; Libanio, Diogo; Renna, Francesco",2022,10.1109/EMBC48229.2022.9870992,"2022 44TH ANNUAL INTERNATIONAL CONFERENCE OF THE IEEE ENGINEERING IN
MEDICINE & BIOLOGY SOCIETY, EMBC",included,Visão computacional/DL aplicada a endoscopia digestiva alta (contexto: dataset/benchmark).,Web of Science/S1,sim
Web of Science,S1,WoS S1 — Principal: IA/DL em endoscopia digestiva alta,WOS:000518765200004,"A systematic evaluation and optimization of automatic detection of
ulcers in wireless capsule endoscopy on a large dataset using deep
convolutional neural networks","Wang, Sen; Xing, Yuxiang; Zhang, Li; Gao, Hewei; Zhang, Hao",2019,10.1088/1361-6560/ab5086,PHYSICS IN MEDICINE AND BIOLOGY,duplicate,Duplicata de 'A systematic evaluation and optimization of automatic detection of ulcers in wir…' já presente em PubMed/S3.,Web of Science/S1,sim
Web of Science,S1,WoS S1 — Principal: IA/DL em endoscopia digestiva alta,WOS:001401930400001,"A prospective and comparative study on improving the diagnostic accuracy
of early gastric cancer based on deep convolutional neural network
real-time diagnosis system (with video)","Feng, Jie; Zhang, Yaoping; Feng, Zhijun; Ma, Huiming; Gou, Yani; Wang, Pengfei; Feng, Yanhu; Wang, Xiang; Huang, Xiaojun",2025,10.1007/s00464-025-11527-5,SURGICAL ENDOSCOPY AND OTHER INTERVENTIONAL TECHNIQUES,duplicate,Duplicata de 'A prospective and comparative study on improving the diagnostic accuracy of earl…' já presente em PubMed/S3.,Web of Science/S1,sim
Web of Science,S1,WoS S1 — Principal: IA/DL em endoscopia digestiva alta,WOS:000987027000001,"Endoscopic Imaging for the Diagnosis of Neoplastic and Pre-Neoplastic
Conditions of the Stomach","Martins, Bruno Costa; Moura, Renata Nobre; Kum, Angelo So Taa; Matsubayashi, Carolina Ogawa; Marques, Sergio Barbosa; Safatle-Ribeiro, Adriana Vaz",2023,10.3390/cancers15092445,CANCERS,included,Visão computacional/DL aplicada a endoscopia digestiva alta.,Web of Science/S1; Web of Science/S2,sim
Web of Science,S1,WoS S1 — Principal: IA/DL em endoscopia digestiva alta,WOS:000897677600005,"Classification of precancerous lesions based on fusion of multiple
hierarchical features","Zhou, Huijun; Liu, Zhenyang; Li, Ting; Chen, Yifei; Huang, Wei; Zhang, Zijian",2023,10.1016/j.cmpb.2022.107301,COMPUTER METHODS AND PROGRAMS IN BIOMEDICINE,included,Visão computacional/DL aplicada a endoscopia digestiva alta (contexto: dataset/benchmark).,PubMed/S3; ScienceDirect/S1; ScienceDirect/S10; ScienceDirect/S2; ScienceDirect/S6; Web of Science/S1; Web of Science/S2; Web of Science/S3,sim
Web of Science,S1,WoS S1 — Principal: IA/DL em endoscopia digestiva alta,WOS:000792637700001,"Automated Disease Detection in Gastroscopy Videos Using Convolutional
Neural Networks","Zhang, Chenxi; Xiong, Zinan; Chen, Shuijiao; Ding, Alex; Cao, Yu; Liu, Benyuan; Liu, Xiaowei",2022,10.3389/fmed.2022.846024,FRONTIERS IN MEDICINE,duplicate,Duplicata de 'Automated Disease Detection in Gastroscopy Videos Using Convolutional Neural Net…' já presente em Scopus/S1.,Web of Science/S1,sim
Web of Science,S1,WoS S1 — Principal: IA/DL em endoscopia digestiva alta,WOS:000596399700001,"Cystoscopic Imaging for Bladder Cancer Detection Based on Stepwise
Organic Transfer Learning with a Pretrained Convolutional Neural Network","Ikeda, Atsushi; Nosato, Hirokazu; Kochi, Yuta; Negoro, Hiromitsu; Kojima, Takahiro; Sakanashi, Hidenori; Murakawa, Masahiro; Nishiyama, Hiroyuki",2021,10.1089/end.2020.0919,JOURNAL OF ENDOUROLOGY,included,Visão computacional/DL aplicada a endoscopia digestiva alta.,Web of Science/S1,sim
Web of Science,S1,WoS S1 — Principal: IA/DL em endoscopia digestiva alta,WOS:001147493600001,"A masked graph neural network model for real-time gastric polyp
detection in Healthcare 4.0","Huang, Junjun; Saw, Shier Nee; He, Tianran; Feng, Wei; Loo, Chu Kiong",2023,10.1016/j.jii.2023.100467,JOURNAL OF INDUSTRIAL INFORMATION INTEGRATION,duplicate,Duplicata de 'A masked graph neural network model for real-time gastric polyp detection in Hea…' já presente em ScienceDirect/S6.,Web of Science/S1,sim
Web of Science,S1,WoS S1 — Principal: IA/DL em endoscopia digestiva alta,WOS:001283315700021,"5G MEC+AI Pathology ``Anti-Cancer Guardian″: Design of Intelligent
Gastric Cancer Auxiliary Diagnosis and Warning Platform for Smart
Hospital System","Sun, Xin; Shu, Xin; Hu, Juncheng; Mo, Chunbao",2024,10.1007/978-3-031-61063-9_21,"DIGITAL HUMAN MODELING AND APPLICATIONS IN HEALTH, SAFETY, ERGONOMICS
AND RISK MANAGEMENT, PT II, DHM 2024",included,Visão computacional/DL aplicada a endoscopia digestiva alta.,Web of Science/S1,sim
Web of Science,S1,WoS S1 — Principal: IA/DL em endoscopia digestiva alta,WOS:001287628800002,"Hybrid model-based early diagnosis of esophageal disorders using
convolutional neural network and refined logistic regression","Janaki, R.; Lakshmi, D.",2024,10.1186/s13640-024-00634-3,EURASIP JOURNAL ON IMAGE AND VIDEO PROCESSING,included,Visão computacional/DL aplicada a endoscopia digestiva alta.,Springer Nature Link/S1; Springer Nature Link/S2; Web of Science/S1,sim
Web of Science,S1,WoS S1 — Principal: IA/DL em endoscopia digestiva alta,WOS:001362089100001,Linked color imaging and upper gastrointestinal neoplasia,"Ono, Shoko; Inoue, Masaki; Higashino, Masayuki; Hayasaka, Shuhei; Tanaka, Shugo; Egami, Hiroki; Sakamoto, Naoya",2025,10.1111/den.14957,DIGESTIVE ENDOSCOPY,duplicate,Duplicata de 'Linked color imaging and upper gastrointestinal neoplasia…' já presente em PubMed/S3.,Web of Science/S1,sim
Web of Science,S1,WoS S1 — Principal: IA/DL em endoscopia digestiva alta,WOS:000609501900019,"Automated and real-time validation of gastroesophageal varices under
esophagogastroduodenoscopy using a deep convolutional neural network: a
multicenter retrospective study (with video)","Chen, Mingkai; Wang, Jing; Xiao, Yong; Wu, Lianlian; Hu, Shan; Chen, Shi; Yi, Guodong; Hu, Wei; Xie, Xianmu; Zhu, Yijie; Chen, Yiyun; Yang, Yanning; Yu, Honggang",2021,10.1016/j.gie.2020.06.058,GASTROINTESTINAL ENDOSCOPY,included,Visão computacional/DL aplicada a endoscopia digestiva alta.,ScienceDirect/S3; ScienceDirect/S4; Web of Science/S1,sim
Web of Science,S1,WoS S1 — Principal: IA/DL em endoscopia digestiva alta,WOS:000524744100001,"Non-Local Attention and Densely-Connected Convolutional Neural Networks
for Malignancy Suspiciousness Classification of Gastric Ulcer","Sun, Muyi; Liang, Kaiyi; Zhang, Wenbao; Chang, Qing; Zhou, Xiaoguang",2020,10.1109/ACCESS.2020.2967350,IEEE ACCESS,duplicate,Duplicata de 'Non-Local attention and Densely-Connected Convolutional Neural Networks for Mali…' já presente em Scopus/S1.,Web of Science/S1,sim
Web of Science,S1,WoS S1 — Principal: IA/DL em endoscopia digestiva alta,WOS:000802571700001,"Artificial Intelligence for Upper Gastrointestinal Endoscopy: A Roadmap
from Technology Development to Clinical Practice","Renna, Francesco; Martins, Miguel; Neto, Alexandre; Cunha, Antonio; Libanio, Diogo; Dinis-Ribeiro, Mario; Coimbra, Miguel",2022,10.3390/diagnostics12051278,DIAGNOSTICS,included,Visão computacional/DL aplicada a endoscopia digestiva alta (contexto: dataset/benchmark).,Web of Science/S1; Web of Science/S2,sim
Web of Science,S1,WoS S1 — Principal: IA/DL em endoscopia digestiva alta,WOS:001562501200020,"Classification of Gastroscopy Images Under Extreme Class Imbalance: A
Deep Learning Pipeline","Krenzer, Adrian; Friedetzki, Tobias; Dietsch, Max; Puppe, Frank",2026,10.1007/978-3-031-98691-8_20,"MEDICAL IMAGE UNDERSTANDING AND ANALYSIS, MIUA 2025, PT II",duplicate,Duplicata de 'Classification of Gastroscopy Images Under Extreme Class Imbalance: A Deep Learn…' já presente em Scopus/S1.,Web of Science/S1,sim
Web of Science,S1,WoS S1 — Principal: IA/DL em endoscopia digestiva alta,WOS:000582678400018,"Understanding deep learning in land use classification based on
Sentinel-2 time series","Campos-Taberner, Manuel; Javier Garcia-Haro, Francisco; Martinez, Beatriz; Izquierdo-Verdiguier, Emma; Atzberger, Clement; Camps-Valls, Gustau; Amparo Gilabert, Maria",2020,10.1038/s41598-020-74215-5,SCIENTIFIC REPORTS,excluded,Tema fora do escopo ('remote sensing').,Web of Science/S1,sim
Web of Science,S1,WoS S1 — Principal: IA/DL em endoscopia digestiva alta,WOS:000766306800030,"Gastric Location Classification During Esophagogastroduodenoscopy Using
Deep Neural Networks","Ding, Alexander; Li, Ying; Chen, Qilei; Cao, Yu; Liu, Benyuan; Chen, Shujiao; Liu, Xiaowei",2021,10.1109/BIBE52308.2021.9635273,"2021 IEEE 21ST INTERNATIONAL CONFERENCE ON BIOINFORMATICS AND
BIOENGINEERING (IEEE BIBE 2021)",included,Visão computacional/DL aplicada a endoscopia digestiva alta.,Web of Science/S1,sim
Web of Science,S1,WoS S1 — Principal: IA/DL em endoscopia digestiva alta,WOS:000641705100014,"SCNET: A Novel UGI Cancer Screening Framework Based on Semantic-Level
Multimodal Data Fusion","Ding, Shuai; Huang, Hui; Li, Zhenmin; Liu, Xiao; Yang, Shanlin",2021,10.1109/JBHI.2020.2983126,IEEE JOURNAL OF BIOMEDICAL AND HEALTH INFORMATICS,included,Visão computacional/DL aplicada a endoscopia digestiva alta.,Web of Science/S1,sim
Web of Science,S1,WoS S1 — Principal: IA/DL em endoscopia digestiva alta,WOS:001429180700001,"EATNet: edge-aware and transformer-based network for RGB-D salient
object detection","Liu, Xu; Liu, Chenhua; Zhou, Xianye; Fan, Guodong",2025,10.1007/s00530-025-01717-5,MULTIMEDIA SYSTEMS,included,Visão computacional/DL aplicada a endoscopia digestiva alta (contexto: dataset/benchmark).,Web of Science/S1,sim
Web of Science,S1,WoS S1 — Principal: IA/DL em endoscopia digestiva alta,WOS:001031393400016,"Image Recognition and Diagnosis System of Early Gastric Cancer Based on
Artificial Intelligence Algorithm",Huang Junjun; Jiang Yujie,2023,10.1109/ACCTCS58815.2023.00068,"2023 3RD ASIA-PACIFIC CONFERENCE ON COMMUNICATIONS TECHNOLOGY AND
COMPUTER SCIENCE, ACCTCS",included,Visão computacional/DL aplicada a endoscopia digestiva alta.,Web of Science/S1,sim
Web of Science,S1,WoS S1 — Principal: IA/DL em endoscopia digestiva alta,WOS:000803755400014,"Correlation of the detection rate of upper GI cancer with artificial
intelligence score: results from a multicenter trial (with video)","Li, Yan-Dong; Li, Hui-Zhang; Chen, Sheng-Sen; Jin, Chao-Hui; Chen, Ming; Cheng, Ming; Ma, Min -Jun; Zhang, Xiao-Ping; Wang, Xin; Zhou, Jian-Bo; Chen, Ming-Tong; Chen, Jiang-Ning; Yu, Shan; Wang, Tie -Jun; Fang, Wei-Ping; Cao, Xian-Wei; Yu, Xiao-Jie; Du, Ling-Bin; Wang, Shi",2022,10.1016/j.gie.2021.12.019,GASTROINTESTINAL ENDOSCOPY,included,Visão computacional/DL aplicada a endoscopia digestiva alta.,Web of Science/S1,sim
Web of Science,S1,WoS S1 — Principal: IA/DL em endoscopia digestiva alta,WOS:001424376600031,"A unified framework harnessing multi-scale feature ensemble and
attention mechanism for gastric polyp and protrusion identification in
gastroscope imaging","He, Chunyou; Zhang, Jingda; Liang, Yunxiao; Li, Hao",2025,10.1038/s41598-025-90034-y,SCIENTIFIC REPORTS,duplicate,Duplicata de 'A unified framework harnessing multi-scale feature ensemble and attention mechan…' já presente em PubMed/S3.,Web of Science/S1,sim
Web of Science,S1,WoS S1 — Principal: IA/DL em endoscopia digestiva alta,WOS:001103832000001,"Diagnostic usefulness of deep learning methods for Helicobacter
pylori infection using esophagogastroduodenoscopy images","Kang, Daesung; Lee, Kayoung; Kim, Jinseung",2023,10.1002/jgh3.12995,JGH OPEN,included,Visão computacional/DL aplicada a endoscopia digestiva alta.,Web of Science/S1,sim
Web of Science,S1,WoS S1 — Principal: IA/DL em endoscopia digestiva alta,WOS:000874656300001,"Noninvasive detection and interpretation of gastrointestinal diseases by
collaborative serum metabolite and magnetically controlled capsule
endoscopy","Yu, Xiang-Tian; Chen, Ming; Guo, Jingyi; Zhang, Jing; Zeng, Tao",2022,10.1016/j.csbj.2022.10.001,COMPUTATIONAL AND STRUCTURAL BIOTECHNOLOGY JOURNAL,included,Visão computacional/DL aplicada a endoscopia digestiva alta.,PubMed/S3; ScienceDirect/S5; Web of Science/S1; Web of Science/S2,sim
Web of Science,S1,WoS S1 — Principal: IA/DL em endoscopia digestiva alta,WOS:000879909900001,"Automatic classification of gastric lesions in gastroscopic images using
a lightweight deep learning model with attention mechanism and
cost-sensitive learning","Wang, Lingxiao; Yang, Yingyun; Li, Jingyang; Tian, Wei; He, Kun; Xu, Tianming; Fang, Zhaohui; Yang, Aiming; Li, Ting",2022,10.3389/fphy.2022.1033422,FRONTIERS IN PHYSICS,included,Visão computacional/DL aplicada a endoscopia digestiva alta (contexto: dataset/benchmark).,Web of Science/S1; Web of Science/S2,sim
Web of Science,S1,WoS S1 — Principal: IA/DL em endoscopia digestiva alta,WOS:000541142600013,"Depth Information-Based Automatic Annotation of Early Esophageal Cancers
in Gastroscopic Images Using Deep Learning Techniques","Liu, Dingyun; Jiang, Hongxiu; Rao, Nini; Du, Wenju; Luo, Chengsi; Li, Zhengwen; Zhu, Linlin; Gan, Tao",2020,10.1109/ACCESS.2020.2996631,IEEE ACCESS,included,Visão computacional/DL aplicada a endoscopia digestiva alta.,Web of Science/S1,sim
Web of Science,S1,WoS S1 — Principal: IA/DL em endoscopia digestiva alta,WOS:001413988900042,"DAC-UNet: Dual Attention CNN-Enhanced CswinUnet for Gastric Cancer
Pathological Image Segmentation","Hu, Tao; Pan, Jingshan; Li, Na; Tian, Tangbin; Zhang, Shengyu; Zhang, Lu; Han, Yujiao; Xu, Jiwei",2024,10.1109/MedAI62885.2024.00049,"2024 IEEE INTERNATIONAL CONFERENCE ON MEDICAL ARTIFICIAL INTELLIGENCE,
MEDAI 2024",duplicate,Duplicata de 'DAC-UNet: Dual Attention CNN-Enhanced CswinUnet for Gastric Cancer Pathological …' já presente em IEEE/S1.,Web of Science/S1,sim
Web of Science,S1,WoS S1 — Principal: IA/DL em endoscopia digestiva alta,WOS:001621426600005,"Collaborative Integration of AI and Human Expertise to Improve Detection
of Chest Radiograph Abnormalities","Awasthi, Akash; Le, Ngan; Deng, Zhigang; Wu, Carol C.; Nguyen, Hien Van",2025,10.1148/ryai.240277,RADIOLOGY-ARTIFICIAL INTELLIGENCE,duplicate,Duplicata de 'Collaborative Integration of AI and Human Expertise to Improve Detection of Ches…' já presente em Scopus (VLM/FMs)/S1.,Web of Science/S1,sim
Web of Science,S1,WoS S1 — Principal: IA/DL em endoscopia digestiva alta,WOS:000772416200001,"Deep learning model can improve the diagnosis rate of endoscopic chronic
atrophic gastritis: a prospective cohort study","Zhao, Quchuan; Chi, Tianyu",2022,10.1186/s12876-022-02212-1,BMC GASTROENTEROLOGY,included,Visão computacional/DL aplicada a endoscopia digestiva alta.,Web of Science/S1,sim
Web of Science,S1,WoS S1 — Principal: IA/DL em endoscopia digestiva alta,WOS:001119893700001,"Investigating Effective Data Augmentation Techniques for Accurate
Gastric Classification in the Development of a Deep Learning-Based
Computer-Aided Diagnosis System","Park, Jae-beom; Lee, Han-sung; Cho, Hyun-chong",2023,10.3390/app132212325,APPLIED SCIENCES-BASEL,duplicate,Duplicata de 'Investigating Effective Data Augmentation Techniques for Accurate Gastric Classi…' já presente em Scopus/S1.,Web of Science/S1,sim
Web of Science,S1,WoS S1 — Principal: IA/DL em endoscopia digestiva alta,WOS:001305483200001,"Artificial Intelligence for the Automatic Diagnosis of Gastritis: A
Systematic Review","Turtoi, Daria Claudia; Brata, Vlad Dumitru; Incze, Victor; Ismaiel, Abdulrahman; Dumitrascu, Dinu Iuliu; Militaru, Valentin; Munteanu, Mihai Alexandru; Botan, Alexandru; Toc, Dan Alexandru; Duse, Traian Adrian; Popa, Stefan Lucian",2024,10.3390/jcm13164818,JOURNAL OF CLINICAL MEDICINE,duplicate,Duplicata de 'Artificial Intelligence for the Automatic Diagnosis of Gastritis: A Systematic R…' já presente em PubMed/S3.,Web of Science/S1,sim
Web of Science,S1,WoS S1 — Principal: IA/DL em endoscopia digestiva alta,WOS:001602192000001,"AI-powered three-category Helicobacter pylori diagnosis via
magnetic controlled capsule endoscopy: a multicenter validation of a
vision-language model","Sun, Xi; Liu, Jing; Wu, Lili; Chen, Xiao; Ma, Xiaona; Teng, Fei; Zhang, Ting; Su, Hui; Fan, Xin; Li, Jiaxin; Xu, Shiping; Jin, Peng; Jiao, Hongmei",2025,10.3389/fmicb.2025.1687021,FRONTIERS IN MICROBIOLOGY,duplicate,Duplicata de 'AI-powered three-category Helicobacter pylori diagnosis via magnetic controlled …' já presente em Scopus (VLM/FMs)/S1.,Web of Science/S1,sim
Web of Science,S1,WoS S1 — Principal: IA/DL em endoscopia digestiva alta,WOS:001325852500006,"Chicken swarm algorithm with deep convolutional neural network based
tongue image analysis for gastric cancer classification","Tiwari, Ajay; Katiyar, Alok",2024,10.3233/IDT-240138,INTELLIGENT DECISION TECHNOLOGIES-NETHERLANDS,included,Visão computacional/DL aplicada a endoscopia digestiva alta (contexto: dataset/benchmark).,Web of Science/S1,sim
Web of Science,S1,WoS S1 — Principal: IA/DL em endoscopia digestiva alta,WOS:000675439400012,"Standalone performance of artificial intelligence for upper GI
neoplasia: a meta-analysis","Arribas, Julia; Antonelli, Giulio; Frazzoni, Leonardo; Fuccio, Lorenzo; Ebigbo, Alanna; van der Sommen, Fons; Ghatwary, Noha; Palm, Christoph; Coimbra, Miguel; Renna, Francesco; Bergman, J. J. G. H. M.; Sharma, Prateek; Messmann, Helmut; Hassan, Cesare; Dinis-Ribeiro, Mario J.",2021,10.1136/gutjnl-2020-321922,GUT,included,DL/CV aplicado a achados do trato GI alto — presume-se imagens endoscópicas/histopatológicas.,Web of Science/S1; Web of Science/S2,sim
Web of Science,S1,WoS S1 — Principal: IA/DL em endoscopia digestiva alta,WOS:001200951600001,"Development of an Artificial Intelligence Diagnostic System Using Linked
Color Imaging for Barrett's Esophagus","Takeda, Tsutomu; Asaoka, Daisuke; Ueyama, Hiroya; Abe, Daiki; Suzuki, Maiko; Inami, Yoshihiro; Uemura, Yasuko; Yamamoto, Momoko; Iwano, Tomoyo; Uchida, Ryota; Utsunomiya, Hisanori; Oki, Shotaro; Suzuki, Nobuyuki; Ikeda, Atsushi; Akazawa, Yoichi; Matsumoto, Kohei; Ueda, Kumiko; Hojo, Mariko; Nojiri, Shuko; Tada, Tomohiro; Nagahara, Akihito",2024,10.3390/jcm13071990,JOURNAL OF CLINICAL MEDICINE,included,Visão computacional/DL aplicada a endoscopia digestiva alta.,Web of Science/S1; Web of Science/S2,sim
Web of Science,S1,WoS S1 — Principal: IA/DL em endoscopia digestiva alta,WOS:001079799500001,"A reconstruction and convolution operations enabled variant vision
transformer with gastroscopic images for automatic locating of polyps in
Internet of Medical Things","Qin, Zhe; Zhang, Yaqiong; Li, Jian; Li, Deming; Mo, Yanqing; Wang, Liyang; Qian, Peiyu; Feng, Li",2024,10.1016/j.inffus.2023.102007,INFORMATION FUSION,included,Visão computacional/DL aplicada a endoscopia digestiva alta (contexto: dataset/benchmark).,Web of Science/S1; Web of Science/S2; Web of Science/S3,sim
Web of Science,S1,WoS S1 — Principal: IA/DL em endoscopia digestiva alta,WOS:001106636700001,"Lightweight deep learning model incorporating an attention mechanism and
feature fusion for automatic classification of gastric lesions in
gastroscopic images","Wang, Lingxiao; Yang, Yingyun; Yang, Aiming; Li, Ting",2023,10.1364/BOE.487456,BIOMEDICAL OPTICS EXPRESS,included,Visão computacional/DL aplicada a endoscopia digestiva alta (contexto: dataset/benchmark).,PubMed/S3; Web of Science/S1; Web of Science/S2,sim
Web of Science,S1,WoS S1 — Principal: IA/DL em endoscopia digestiva alta,WOS:000503234500010,"Randomised controlled trial of WISENSE, a real-time quality improving
system for monitoring blind spots during esophagogastroduodenoscopy","Wu, Lianlian; Zhang, Jun; Zhou, Wei; An, Ping; Shen, Lei; Liu, Jun; Jiang, Xiaoda; Huang, Xu; Mu, Ganggang; Wan, Xinyue; Lv, Xiaoguang; Gao, Juan; Cui, Ning; Hu, Shan; Chen, Yiyun; Hu, Xiao; Li, Jiangjie; Chen, Di; Gong, Dexin; He, Xinqi; Ding, Qianshan; Zhu, Xiaoyun; Li, Suqin; Wei, Xiao; Li, Xia; Wang, Xuemei; Zhou, Jie; Zhang, Mengjiao; Yu, Hong Gang",2019,10.1136/gutjnl-2018-317366,GUT,included,Visão computacional/DL aplicada a endoscopia digestiva alta.,Web of Science/S1,sim
Web of Science,S1,WoS S1 — Principal: IA/DL em endoscopia digestiva alta,WOS:001451150800003,"Constructing an artificial intelligence-assisted system for the
assessment of gastroesophageal valve function based on the hill
classification (with video)","Chen, Jian; Wang, Ganhong; Xia, Kaijian; Wang, Zhenni; Liu, Luojie; Xu, Xiaodan",2025,10.1186/s12911-025-02973-1,BMC MEDICAL INFORMATICS AND DECISION MAKING,included,Visão computacional/DL aplicada a endoscopia digestiva alta (contexto: dataset/benchmark).,Web of Science/S1,sim
Web of Science,S1,WoS S1 — Principal: IA/DL em endoscopia digestiva alta,WOS:000878175800008,"Application of an artificial intelligence system for endoscopic
diagnosis of superficial esophageal squamous cell carcinoma","Meng, Qian-Qian; Gao, Ye; Lin, Han; Wang, Tian-Jiao; Zhang, Yan-Rong; Feng, Jian; Li, Zhao-Shen; Xin, Lei; Wang, Luo-Wei",2022,10.3748/wjg.v28.i37.5483,WORLD JOURNAL OF GASTROENTEROLOGY,included,Visão computacional/DL aplicada a endoscopia digestiva alta (contexto: dataset/benchmark).,Web of Science/S1,sim
Web of Science,S1,WoS S1 — Principal: IA/DL em endoscopia digestiva alta,WOS:001173677900001,"Reducing blind spots in esophagogastroduodenoscopy examinations using a
novel deep learning model","Wan, Guangquan; Lian, Guanghui; Yao, Lan",2024,10.1007/s00530-024-01259-2,MULTIMEDIA SYSTEMS,duplicate,Duplicata de 'Reducing blind spots in esophagogastroduodenoscopy examinations using a novel de…' já presente em Scopus/S1.,Web of Science/S1,sim
Web of Science,S1,WoS S1 — Principal: IA/DL em endoscopia digestiva alta,WOS:001470951700004,"Artificial intelligence-assisted esophagogastroduodenoscopy improves
procedure quality for endoscopists in early stages of training","Chan, Shannon Melissa; Chan, Daniel; Yip, Hon Chi; Scheppach, Markus Wolfgang; Lam, Ray; Ng, Stephen K. K.; Ng, Enders Kwok Wai; Chiu, Philip W.",2025,10.1055/a-2547-6645,ENDOSCOPY INTERNATIONAL OPEN,duplicate,Duplicata de 'Artificial intelligence-assisted esophagogastroduodenoscopy improves procedure q…' já presente em PubMed/S3.,Web of Science/S1,sim
Web of Science,S1,WoS S1 — Principal: IA/DL em endoscopia digestiva alta,WOS:000641781200003,"Artificial intelligence-assisted endoscopic detection of esophageal
neoplasia in early stage: The next step?","Liu, Yong",2021,10.3748/wjg.v27.i14.1392,WORLD JOURNAL OF GASTROENTEROLOGY,duplicate,Duplicata de 'Artificial intelligence-assisted endoscopic detection of esophageal neoplasia in…' já presente em PubMed/S3.,Web of Science/S1,sim
Web of Science,S1,WoS S1 — Principal: IA/DL em endoscopia digestiva alta,WOS:000921725000003,"Role of artificial intelligence-guided esophagogastroduodenoscopy in
assessing the procedural completeness and quality","Goenka, Mahesh Kumar; Afzalpurkar, Shivaraj; Jejurikar, Saurabh; Rodge, Gajanan Ashokrao; Tiwari, Awanish",2023,10.1007/s12664-022-01294-9,INDIAN JOURNAL OF GASTROENTEROLOGY,duplicate,Duplicata de 'Role of artificial intelligence-guided esophagogastroduodenoscopy in assessing t…' já presente em PubMed/S3.,Web of Science/S1,sim
Web of Science,S1,WoS S1 — Principal: IA/DL em endoscopia digestiva alta,WOS:000808111200003,"Development and validation of a feature extraction- based logical
anthropomorphic diagnostic system for early gastric cancer: A
case-control study","Li, Jia; Zhu, Yijie; Dong, Zehua; He, Xinqi; Xu, Ming; Liu, Jun; Zhang, Mengjiao; Tao, Xiao; Du, Hongliu; Chen, Di; Huang, Li; Shang, Renduo; Zhang, Lihui; Luo, Renquan; Zhou, Wei; Deng, Yunchao; Huang, Xu; Li, Yanxia; Chen, Boru; Gong, Rongrong; Zhang, Chenxia; Li, Xun; Wu, Lianlian; Yu, Honggang",2022,10.1016/j.eclinm.2022.101366,ECLINICALMEDICINE,included,DL/CV em endoscopia com achado do trato GI alto.,Web of Science/S1,sim
Web of Science,S1,WoS S1 — Principal: IA/DL em endoscopia digestiva alta,WOS:001593978500001,"Real-Time Prediction of Helicobacter pylori Infection Using a Deep
Learning Model During Esophagogastroduodenoscopy: A Prospective
Multicenter Study","Li, Yan-Dong; Wang, Huo-Gen; Yan, Xue-Hui; Lv, Xiao-Jin; Zhu, Shu-Wen; Li, Yue-Wen; Yu, Jiang-Ping; Zhao, Yuan-Han; Wang, Shi",2025,10.1111/hel.70078,HELICOBACTER,included,Visão computacional/DL aplicada a endoscopia digestiva alta.,Web of Science/S1,sim
Web of Science,S1,WoS S1 — Principal: IA/DL em endoscopia digestiva alta,WOS:000536254900007,Recent advances in diagnostic upper endoscopy,"Teh, Jun-Liang; Shabbir, Asim; Yuen, Soon; So, Jimmy Bok-Yan",2020,10.3748/wjg.v26.i4.433,WORLD JOURNAL OF GASTROENTEROLOGY,duplicate,Duplicata de 'Recent advances in diagnostic upper endoscopy…' já presente em PubMed/S3.,Web of Science/S1,sim
Web of Science,S1,WoS S1 — Principal: IA/DL em endoscopia digestiva alta,WOS:000313219600001,Analysis of Endoscopy Video Using Machine Learning Techniques,"Saraf, Santosh S.; Udupi, G. R.; Hajare, Santosh D.",2012,10.1166/jmihi.2012.1070,JOURNAL OF MEDICAL IMAGING AND HEALTH INFORMATICS,included,DL/CV em endoscopia com achado do trato GI alto.,Web of Science/S1,sim
Web of Science,S1,WoS S1 — Principal: IA/DL em endoscopia digestiva alta,WOS:000574357800004,"Accuracy of artificial intelligence-assisted detection of upper GI
lesions: a systematic review and meta-analysis","Lui, Thomas K. L.; Tsui, Vivien W. M.; Leung, Wai K.",2020,10.1016/j.gie.2020.06.034,GASTROINTESTINAL ENDOSCOPY,included,DL/CV em endoscopia com achado do trato GI alto.,Web of Science/S1; Web of Science/S2,sim
Web of Science,S1,WoS S1 — Principal: IA/DL em endoscopia digestiva alta,WOS:001638881700001,Beyond Detection: AI in Gastric Endoscopy,"Tiwari, Avinash",2025,10.1111/den.70074,DIGESTIVE ENDOSCOPY,included,[manual_v1] Editorial 'Beyond Detection: AI in Gastric Endoscopy' (Digestive Endoscopy 2025) — perspectiva recente sobre IA em endoscopia gástrica; útil para introdução/discussão mesmo sem abstract.,Web of Science/S1,não
Web of Science,S1,WoS S1 — Principal: IA/DL em endoscopia digestiva alta,WOS:001044575300001,"Effect of a deep learning-based automatic upper GI endoscopic reporting
system: a randomized crossover study (with video)","Zhang, Lihui; Lu, Zihua; Yao, Liwen; Dong, Zehua; Zhou, Wei; He, Chunping; Luo, Renquan; Zhang, Mengjiao; Wang, Jing; Li, Yanxia; Deng, Yunchao; Zhang, Chenxia; Li, Xun; Shang, Renduo; Xu, Ming; Wang, Junxiao; Zhao, Yu; Wu, Lianlian; Yu, Honggang",2023,10.1016/j.gie.2023.02.025,GASTROINTESTINAL ENDOSCOPY,duplicate,Duplicata de 'Effect of a deep learning-based automatic upper GI endoscopic reporting system: …' já presente em PubMed/S3.,Web of Science/S1,sim
Web of Science,S1,WoS S1 — Principal: IA/DL em endoscopia digestiva alta,WOS:001199428900001,"Advanced diagnostic endoscopy in the upper gastrointestinal tract:
Review of the Japan Gastroenterological Endoscopic Society core sessions","Ueyama, Hiroya; Hirasawa, Toshiaki; Yano, Tomonori; Doyama, Hisashi; Isomoto, Hajime; Yagi, Kazuyoshi; Kawai, Takashi; Yao, Kenshi",2024,10.1002/deo2.359,DEN OPEN,included,Visão computacional/DL aplicada a endoscopia digestiva alta.,Web of Science/S1; Web of Science/S2,sim
Web of Science,S1,WoS S1 — Principal: IA/DL em endoscopia digestiva alta,WOS:000305454600045,"Semantic and Topological Classification of Images in Magnetically Guided
Capsule Endoscopy","Mewes, P. W.; Rennert, P.; Juloski, A. Lj.; Lalande, A.; Angelopoulou, E.; Kuth, R.; Hornegger, J.",2012,10.1117/12.912280,MEDICAL IMAGING 2012: COMPUTER-AIDED DIAGNOSIS,included,Visão computacional/DL aplicada a endoscopia digestiva alta.,Web of Science/S1,sim
Web of Science,S1,WoS S1 — Principal: IA/DL em endoscopia digestiva alta,WOS:001612137800001,"Deep learning for gastric location classification: An analysis of
location boundaries and improvements through attention and contrastive
learning","Zhang, Chenxi; Ding, Alexander; Fu, Zhehong; Ni, Jing; Chen, Qilei; Xiong, Zinan; Liu, Benyuan; Cao, Yu; Chen, Shuijiao; Liu, Xiaowei",2023,10.1016/j.smhl.2023.100394,SMART HEALTH,included,Visão computacional/DL aplicada a endoscopia digestiva alta (contexto: dataset/benchmark).,Web of Science/S1,sim
Web of Science,S1,WoS S1 — Principal: IA/DL em endoscopia digestiva alta,WOS:001351505600001,"Simultaneous Segmentation and Classification of Esophageal Lesions Using
Attention Gating Pyramid Vision Transformer","Ge, Peixuan; Yan, Tao; Wong, Pak Kin; Li, Zheng; Chan, In Neng; Yu, Hon Ho; Chan, Chon In; Yao, Liang; Hu, Ying; Gao, Shan",2025,10.1109/TETCI.2024.3485704,IEEE TRANSACTIONS ON EMERGING TOPICS IN COMPUTATIONAL INTELLIGENCE,duplicate,Duplicata de 'Simultaneous Segmentation and Classification of Esophageal Lesions Using Attenti…' já presente em Scopus/S1.,Web of Science/S1,sim
Web of Science,S1,WoS S1 — Principal: IA/DL em endoscopia digestiva alta,WOS:001585785400007,"Deep-Learning-Based Early Stage Gastric Cancer Detection in
Narrow-Band-Imaging Gastroscopy Images Using Pyramid Spatial Pooling
U-Net","Huang, Cian-Ting; Lee, Tsung-Chun; Kanesaka, Takashi; Uedo, Noria; Wang, Hsiu-Po; Chang, Hsuan-Ting",2026,10.1007/978-981-96-6291-3_7,"UBI-MEDIA COMPUTING, PERVASIVE SYSTEMS, ALGORITHMS AND NETWORKS,
UBI-MEDIA 2025, I-SPAN 2025, PT II",included,Visão computacional/DL aplicada a endoscopia digestiva alta (contexto: dataset/benchmark).,Web of Science/S1,sim
Web of Science,S1,WoS S1 — Principal: IA/DL em endoscopia digestiva alta,WOS:000912585600001,"A deep learning based framework for the classification of multi- class
capsule gastroscope image in gastroenterologic diagnosis","Xiao, Ping; Pan, Yuhang; Cai, Feiyue; Tu, Haoran; Liu, Junru; Yang, Xuemei; Liang, Huanling; Zou, Xueqing; Yang, Li; Duan, Jueni; Xv, Long; Feng, Lijuan; Liu, Zhenyu; Qian, Yun; Meng, Yu; Du, Jingfeng; Mei, Xi; Lou, Ting; Yin, Xiaoxv; Tan, Zhen",2022,10.3389/fphys.2022.1060591,FRONTIERS IN PHYSIOLOGY,duplicate,Duplicata de 'A deep learning based framework for the classification of multi- class capsule g…' já presente em PubMed/S3.,Web of Science/S1,sim
Web of Science,S1,WoS S1 — Principal: IA/DL em endoscopia digestiva alta,WOS:001071319200001,MRI-Based Deep Learning Method for Classification of IDH Mutation Status,"Yogananda, Chandan Ganesh Bangalore; Wagner, Benjamin C.; Truong, Nghi C. D.; Holcomb, James M.; Reddy, Divya D.; Saadat, Niloufar; Hatanpaa, Kimmo J.; Patel, Toral R.; Fei, Baowei; Lee, Matthew D.; Jain, Rajan; Bruce, Richard J.; Pinho, Marco C.; Madhuranthakam, Ananth J.; Maldjian, Joseph A.",2023,10.3390/bioengineering10091045,BIOENGINEERING-BASEL,included,Visão computacional/DL aplicada a endoscopia digestiva alta (contexto: dataset/benchmark).,Web of Science/S1,sim
Web of Science,S1,WoS S1 — Principal: IA/DL em endoscopia digestiva alta,WOS:000449892200024,"Automated classification of celiac disease during upper endoscopy:
Status quo and quo vadis","Gadermayr, M.; Wimmer, G.; Kogler, H.; Vecsei, A.; Merhof, D.; Uhl, A.",2018,10.1016/j.compbiomed.2018.04.020,COMPUTERS IN BIOLOGY AND MEDICINE,duplicate,Duplicata de 'Automated classification of celiac disease during upper endoscopy: Status quo an…' já presente em ScienceDirect/S3.,Web of Science/S1,sim
Web of Science,S1,WoS S1 — Principal: IA/DL em endoscopia digestiva alta,WOS:000347747000024,Deep sparse feature selection for computer aided endoscopy diagnosis,"Cong, Yang; Wang, Shuai; Liu, Ji; Cao, Jun; Yang, Yunsheng; Luo, Jiebo",2015,10.1016/j.patcog.2014.09.010,PATTERN RECOGNITION,included,Visão computacional/DL aplicada a endoscopia digestiva alta (contexto: dataset/benchmark).,Web of Science/S1,sim
Web of Science,S1,WoS S1 — Principal: IA/DL em endoscopia digestiva alta,WOS:001585942500003,"Deep learning-aided optical biopsy achieves whole-chain diagnosis of
Correa cascade of gastric cancer: a prospective study","Liu, Guanqun; Li, Guangchao; Li, Zhen; Shao, Xuejun; Ji, Rui; Ma, Tian; Zhang, Yan; Su, Jingran; Qi, Qingqing; Guo, Jing; He, Yishan; Yang, Xiaoxiao; Li, Yanqing; Zuo, Xiuli",2025,10.1186/s12916-025-04310-9,BMC MEDICINE,duplicate,Duplicata de 'Deep learning-aided optical biopsy achieves whole-chain diagnosis of Correa casc…' já presente em PubMed/S3.,Web of Science/S1,sim
Web of Science,S1,WoS S1 — Principal: IA/DL em endoscopia digestiva alta,WOS:000836995600044,"Artificial intelligence versus expert endoscopists for diagnosis of
gastric cancer in patients who have undergone upper gastrointestinal
endoscopy","Niikura, Ryota; Aoki, Tomonori; Shichijo, Satoki; Yamada, Atsuo; Kawahara, Takuya; Kato, Yusuke; Hirata, Yoshihiro; Hayakawa, Yoku; Suzuki, Nobumi; Ochi, Masanori; Hirasawa, Toshiaki; Tada, Tomohiro; Kawai, Takashi; Koike, Kazuhiko",2022,10.1055/a-1660-6500,ENDOSCOPY,included,Visão computacional/DL aplicada a endoscopia digestiva alta.,Web of Science/S1,sim
Web of Science,S1,WoS S1 — Principal: IA/DL em endoscopia digestiva alta,WOS:000970766500001,"Endoscopic diagnosis and treatment in gastric cancer: Current evidence
and new perspectives","Vincze, Aron",2023,10.3389/fsurg.2023.1122454,FRONTIERS IN SURGERY,included,Visão computacional/DL aplicada a endoscopia digestiva alta.,Web of Science/S1,sim
Web of Science,S1,WoS S1 — Principal: IA/DL em endoscopia digestiva alta,WOS:001493728300001,Future of image enhanced endoscopy of esophageal adenocarcinoma,"Parlar, Kerem; Cakir, Mert; Ozer, Ozlem; Sharma, Prateek",2025,10.5946/ce.2024.324,CLINICAL ENDOSCOPY,duplicate,Duplicata de 'Future of image enhanced endoscopy of esophageal adenocarcinoma…' já presente em PubMed/S3.,Web of Science/S1,sim
Web of Science,S1,WoS S1 — Principal: IA/DL em endoscopia digestiva alta,WOS:000519961200011,"Computer Aided Annotation of Early Esophageal Cancer in Gastroscopic
Images based on Deeplabv3+Network","Liu, Ding Yun; Jiang, Hong Xiu; Rao, Ni Ni; Luo, Cheng Si; Du, Wen Ju; Li, Zheng Wen; Gan, Tao",2019,10.1145/3354031.3354046,"PROCEEDINGS OF 2019 4TH INTERNATIONAL CONFERENCE ON BIOMEDICAL SIGNAL
AND IMAGE PROCESSING (ICBIP 2019)",included,Visão computacional/DL aplicada a endoscopia digestiva alta.,Web of Science/S1,sim
Web of Science,S1,WoS S1 — Principal: IA/DL em endoscopia digestiva alta,WOS:000728525000011,"Deep learning system compared with expert endoscopists in predicting
early gastric cancer and its invasion depth and differentiation status","Wu, Lianlian; Wang, Jing; He, Xinqi; Zhu, Yijie; Jiang, Xiaoda; Chen, Yiyun; Wang, Yonggui; Huang, Li; Shang, Renduo; Dong, Zehua; Chen, Boru; Tao, Xiao; Wu, Qi; Yu, Honggang",2022,10.1016/j.gie.2021.06.033,GASTROINTESTINAL ENDOSCOPY,duplicate,Duplicata de 'Deep learning system compared with expert endoscopists in predicting early gastr…' já presente em PubMed/S3.,Web of Science/S1,sim
Web of Science,S1,WoS S1 — Principal: IA/DL em endoscopia digestiva alta,WOS:000713626400005,"Privacy-preserving Time-series Medical Images Analysis Using a Hybrid
Deep Learning Framework","Yue, Zijie; Ding, Shuai; Zhao, Lei; Zhang, Youtao; Cao, Zehong; Tanveer, M.; Jolfaei, Alireza; Zheng, Xi",2021,10.1145/3383779,ACM TRANSACTIONS ON INTERNET TECHNOLOGY,excluded,Visão computacional sem vínculo com endoscopia/achados GI altos.,Web of Science/S1,sim
Web of Science,S1,WoS S1 — Principal: IA/DL em endoscopia digestiva alta,WOS:000780549400001,"Real-Time Multi-Label Upper Gastrointestinal Anatomy Recognition from
Gastroscope Videos","Yu, Tao; Hu, Huiyi; Zhang, Xinsen; Lei, Honglin; Liu, Jiquan; Hu, Weiling; Duan, Huilong; Si, Jianmin",2022,10.3390/app12073306,APPLIED SCIENCES-BASEL,included,Visão computacional/DL aplicada a endoscopia digestiva alta (contexto: dataset/benchmark).,Web of Science/S1,sim
Web of Science,S1,WoS S1 — Principal: IA/DL em endoscopia digestiva alta,WOS:001405656600002,"Deep learning model targeting cancer surrounding tissues for accurate
cancer diagnosis based on histopathological images","Li, Lanlan; Geng, Yi; Chen, Tao; Lin, Kaixin; Xie, Chengjie; Qi, Jing; Wei, Hongan; Wang, Jianping; Wang, Dabiao; Yuan, Ze; Wan, Zixiao; Li, Tuoyang; Luo, Yanxin; Niu, Decao; Li, Juan; Yu, Huichuan",2025,10.1186/s12967-024-06017-6,JOURNAL OF TRANSLATIONAL MEDICINE,included,DL/CV aplicado a achados do trato GI alto — presume-se imagens endoscópicas/histopatológicas.,Web of Science/S1,sim
Web of Science,S1,WoS S1 — Principal: IA/DL em endoscopia digestiva alta,WOS:000707971200001,"Development and evaluation of a double-check support system using
artificial intelligence in endoscopic screening for gastric cancer","Oura, Hirotaka; Matsumura, Tomoaki; Fujie, Mai; Ishikawa, Tsubasa; Nagashima, Ariki; Shiratori, Wataru; Tokunaga, Mamoru; Kaneko, Tatsuya; Imai, Yushi; Oike, Tsubasa; Yokoyama, Yuya; Akizue, Naoki; Ota, Yuki; Okimoto, Kenichiro; Arai, Makoto; Nakagawa, Yuki; Inada, Mari; Yamaguchi, Kazuya; Kato, Jun; Kato, Naoya",2022,10.1007/s10120-021-01256-8,GASTRIC CANCER,included,Visão computacional/DL aplicada a endoscopia digestiva alta (contexto: dataset/benchmark).,Springer Nature Link/S2; Web of Science/S1,sim
Web of Science,S1,WoS S1 — Principal: IA/DL em endoscopia digestiva alta,WOS:001107519300061,"Fractal Bilinear Deep Neural Network Models for Gastric Intestinal
Metaplasia Detection","Pedroso, Maria; Martins, Miguel L.; Libanio, Diogo; Dinis-Ribeiro, Mario; Coimbra, Miguel; Renna, Francesco",2023,10.1109/BHI58575.2023.10313503,"2023 IEEE EMBS INTERNATIONAL CONFERENCE ON BIOMEDICAL AND HEALTH
INFORMATICS, BHI",duplicate,Duplicata de 'Fractal Bilinear Deep Neural Network Models for Gastric Intestinal Metaplasia De…' já presente em IEEE/S3.,Web of Science/S1,sim
Web of Science,S1,WoS S1 — Principal: IA/DL em endoscopia digestiva alta,WOS:001139313400001,"Gastro-BaseNet: A Specialized Pre-Trained Model for Enhanced
Gastroscopic Data Classification and Diagnosis of Gastric Cancer and
Ulcer","Lee, Gi Pyo; Kim, Young Jae; Park, Dong Kyun; Kim, Yoon Jae; Han, Su Kyeong; Kim, Kwang Gi",2024,10.3390/diagnostics14010075,DIAGNOSTICS,duplicate,Duplicata de 'Gastro-BaseNet: A Specialized Pre-Trained Model for Enhanced Gastroscopic Data C…' já presente em PubMed/S3.,Web of Science/S1,sim
Web of Science,S1,WoS S1 — Principal: IA/DL em endoscopia digestiva alta,WOS:000784108700124,"Narrow-Band Imaging for the Computer-Assisted Diagnosis in Patients with
Barrett's Esophagus","Kage, Andreas; Raithel, Martin; Zopf, Steffen; Wittenberg, Thomas; Munzenmayer, Christian",2009,10.1117/12.812257,MEDICAL IMAGING 2009: COMPUTER-AIDED DIAGNOSIS,included,DL/CV aplicado a achados do trato GI alto — presume-se imagens endoscópicas/histopatológicas.,Web of Science/S1,sim
Web of Science,S1,WoS S1 — Principal: IA/DL em endoscopia digestiva alta,WOS:000371977803040,COMPUTER AIDED ENDOSCOPE DIAGNOSIS VIA WEAKLY LABELED DATA MINING,"Wang, Shuai; Gong, Yang; Fan, Huijie; Yang, Yunsheng; Tang, Yandong; Zhao, Huaici",2015,,2015 IEEE INTERNATIONAL CONFERENCE ON IMAGE PROCESSING (ICIP),included,Visão computacional/DL aplicada a endoscopia digestiva alta (contexto: dataset/benchmark).,Web of Science/S1,sim
Web of Science,S1,WoS S1 — Principal: IA/DL em endoscopia digestiva alta,WOS:001351257000001,"Deep Learning Models for Anatomical Location Classification in
Esophagogastroduodenoscopy Images and Videos: A Quantitative Evaluation
with Clinical Data","Kang, Seong Min; Lee, Gi Pyo; Kim, Young Jae; Kim, Kyoung Oh; Kim, Kwang Gi",2024,10.3390/diagnostics14212360,DIAGNOSTICS,included,Visão computacional/DL aplicada a endoscopia digestiva alta (contexto: dataset/benchmark).,Web of Science/S1,sim
Web of Science,S1,WoS S1 — Principal: IA/DL em endoscopia digestiva alta,WOS:001568989400001,"A Multicenter Pivotal Study on the Artificial Intelligence System for
Neoplastic Lesions Detection in Upper Gastrointestinal Endoscopy","Abe, Seiichiro; Kitagawa, Yoshiyasu; Hatta, Waku; Maekita, Takao; Kato, Motohiko; Nagahara, Akihito; Osawa, Hiroyuki; Dohi, Osamu; Nakashima, Hirotaka; Furukawa, Kazuhiro; Oka, Shiro; Yokoyama, Tomoko; Ito, Toru; Oda, Ichiro",2025,10.1111/den.70015,DIGESTIVE ENDOSCOPY,duplicate,Duplicata de 'A Multicenter Pivotal Study on the Artificial Intelligence System for Neoplastic…' já presente em PubMed/S3.,Web of Science/S1,sim
Web of Science,S1,WoS S1 — Principal: IA/DL em endoscopia digestiva alta,WOS:000578080300232,SUPERVISED AUGMENTATION: LEVERAGE STRONG ANNOTATION FOR LIMITED DATA,"Zheng, Han; Shang, Hong; Sun, Zhongqian; Fu, Xinghui; Yao, Jianhua; Huang, Junzhou",2020,10.1109/isbi45749.2020.9098607,2020 IEEE 17TH INTERNATIONAL SYMPOSIUM ON BIOMEDICAL IMAGING (ISBI 2020),duplicate,Duplicata de 'Supervised Augmentation: Leverage Strong Annotation for Limited Data…' já presente em IEEE/S1.,Web of Science/S1,sim
Web of Science,S1,WoS S1 — Principal: IA/DL em endoscopia digestiva alta,WOS:001273217900068,"Early gastric cancer detection and lesion segmentation based on deep
learning and gastroscopic images","Zhang, Kezhi; Wang, Haibao; Cheng, Yaru; Liu, Hongyan; Gong, Qi; Zeng, Qian; Zhang, Tao; Wei, Guoqiang; Wei, Zhi; Chen, Dong",2024,10.1038/s41598-024-58361-8,SCIENTIFIC REPORTS,duplicate,Duplicata de 'Early gastric cancer detection and lesion segmentation based on deep learning an…' já presente em Springer Nature Link/S1.,Web of Science/S1,sim
Web of Science,S1,WoS S1 — Principal: IA/DL em endoscopia digestiva alta,WOS:000855983300213,"Application of Improved Mask R-CNN Algorithm Based on Gastroscopic Image
in Detection of Early Gastric Cancer","Cui, Zhi-Heng; Zhang, Qin-Yan; Zhang, Jing-Wei; Sun, Xue; Wang, Qing; Lei, Yi; Zang, Lin; Zhao, Li; Yang, Ji-Jiang",2022,10.1109/COMPSAC54236.2022.00221,"2022 IEEE 46TH ANNUAL COMPUTERS, SOFTWARE, AND APPLICATIONS CONFERENCE
(COMPSAC 2022)",duplicate,Duplicata de 'Application of Improved Mask R-CNN Algorithm Based on Gastroscopic Image in Dete…' já presente em IEEE/S1.,Web of Science/S1,sim
Web of Science,S1,WoS S1 — Principal: IA/DL em endoscopia digestiva alta,WOS:001710077100001,"Large Language Model-Driven Analysis and Report Generation of Endoscopy
Videos-A Pilot Study","Massimi, Davide; Stefano, Luca Di; Rizkala, Tommy; Spadaccini, Marco; Mori, Yuichi; Menini, Maddalena; Antonelli, Giulio; Khalaf, Kareem; Bisschops, Raf; Von Renteln, Daniel; Sharma, Prateek; Rex, Douglas K.; Bretthauer, Michael; Castoro, Carlo; Repici, Alessandro; Hassan, Cesare",2026,10.1111/den.70134,DIGESTIVE ENDOSCOPY,duplicate,Duplicata de 'Large Language Model-Driven Analysis and Report Generation of Endoscopy Videos—A…' já presente em Scopus (VLM/FMs)/S1.,Web of Science/S1,sim
Web of Science,S1,WoS S1 — Principal: IA/DL em endoscopia digestiva alta,WOS:000721964700001,"Improving the Classification Performance of Esophageal Disease on Small
Dataset by Semi-supervised Efficient Contrastive Learning","Du, Wenju; Rao, Nini; Yong, Jiahao; Wang, Yingchun; Hu, Dingcan; Gan, Tao; Zhu, Linlin; Zeng, Bing",2022,10.1007/s10916-021-01782-z,JOURNAL OF MEDICAL SYSTEMS,duplicate,Duplicata de 'Improving the Classification Performance of Esophageal Disease on Small Dataset …' já presente em Scopus/S1.,Web of Science/S1,sim
Web of Science,S1,WoS S1 — Principal: IA/DL em endoscopia digestiva alta,WOS:000732258000001,"Leveraging Multimodal Semantic Fusion for Gastric Cancer Screening via
Hierarchical Attention Mechanism","Ding, Shuai; Hu, Shikang; Li, Xiaojian; Zhang, Youtao; Wu, Desheng Dash",2022,10.1109/TSMC.2021.3096974,IEEE TRANSACTIONS ON SYSTEMS MAN CYBERNETICS-SYSTEMS,included,Visão computacional/DL aplicada a endoscopia digestiva alta (contexto: dataset/benchmark).,Web of Science/S1,sim
Web of Science,S1,WoS S1 — Principal: IA/DL em endoscopia digestiva alta,WOS:000494657400001,"Whole Stomach 3D Reconstruction and Frame Localization From Monocular
Endoscope Video","Widya, Aji Resindra; Monno, Yusuke; Okutomi, Masatoshi; Suzuki, Sho; Gotoda, Takuji; Miki, Kenji",2019,10.1109/JTEHM.2019.2946802,IEEE JOURNAL OF TRANSLATIONAL ENGINEERING IN HEALTH AND MEDICINE,duplicate,Duplicata de 'Whole Stomach 3D Reconstruction and Frame Localization From Monocular Endoscope …' já presente em IEEE/S1.,Web of Science/S1,sim
Web of Science,S1,WoS S1 — Principal: IA/DL em endoscopia digestiva alta,WOS:000829945600001,"Deep learning as a novel method for endoscopic diagnosis of chronic
atrophic gastritis: a prospective nested case-control study","Zhao, Quchuan; Jia, Qing; Chi, Tianyu",2022,10.1186/s12876-022-02427-2,BMC GASTROENTEROLOGY,included,Visão computacional/DL aplicada a endoscopia digestiva alta.,Web of Science/S1,sim
Web of Science,S1,WoS S1 — Principal: IA/DL em endoscopia digestiva alta,WOS:000318899300158,A Computer-Aided Lesion Diagnose Method Based on Gastroscopeimage,Pan Liang; Yang Cong; Mo Guan,2012,,"PROCEEDING OF THE IEEE INTERNATIONAL CONFERENCE ON INFORMATION AND
AUTOMATION",included,Visão computacional/DL aplicada a endoscopia digestiva alta (contexto: dataset/benchmark).,Web of Science/S1,sim
Web of Science,S1,WoS S1 — Principal: IA/DL em endoscopia digestiva alta,WOS:000652833900018,"Identifying early gastric cancer under magnifying narrow-band images
with deep learning: a multicenter study","Hu, Hao; Gong, Lixin; Dong, Di; Zhu, Liang; Wang, Min; He, Jie; Shu, Lei; Cai, Yiling; Cai, Shilun; Su, Wei; Zhong, Yunshi; Li, Cong; Zhu, Yongbei; Fang, Mengjie; Zhong, Lianzhen; Yang, Xin; Zhou, Pinghong; Tian, Jie",2021,10.1016/j.gie.2020.11.014,GASTROINTESTINAL ENDOSCOPY,duplicate,Duplicata de 'Identifying early gastric cancer under magnifying narrow-band images with deep l…' já presente em ScienceDirect/S1.,Web of Science/S1,sim
Web of Science,S1,WoS S1 — Principal: IA/DL em endoscopia digestiva alta,WOS:000829724300005,"Artificial intelligence for diagnosing gastric lesions under white-light
endoscopy","Yuan, Xiang-Lei; Zhou, Yao; Liu, Wei; Luo, Qi; Zeng, Xian-Hui; Yi, Zhang; Hu, Bing",2022,10.1007/s00464-022-09420-6,SURGICAL ENDOSCOPY AND OTHER INTERVENTIONAL TECHNIQUES,included,DL/CV em endoscopia com achado do trato GI alto.,Web of Science/S1; Web of Science/S2,sim
Web of Science,S1,WoS S1 — Principal: IA/DL em endoscopia digestiva alta,WOS:000577665700001,"Diagnostic accuracy of a novel third generation esophageal capsule as a
non-invasive detection method for Barrett's esophagus: A pilot study","Duvvuri, Abhiram; Desai, Madhav; Vennelaganti, Sreekar; Higbee, April; Gorrepati, Venkat Subhash; Dasari, Chandra; Chandrasekar, Viveksandeep Thoguluva; Vennalaganti, Prashanth; Kohli, Divyanshoo; Sathyamurthy, Anjana; Rai, Tarun; Sharma, Prateek",2021,10.1111/jgh.15283,JOURNAL OF GASTROENTEROLOGY AND HEPATOLOGY,included,Visão computacional/DL aplicada a endoscopia digestiva alta.,Web of Science/S1,sim
Web of Science,S1,WoS S1 — Principal: IA/DL em endoscopia digestiva alta,WOS:001540803800001,"Magnetically guided gastric capsule endoscopy: a review and new
developments","Rey, Jean-Francois",2025,10.5946/ce.2025.062,CLINICAL ENDOSCOPY,duplicate,Duplicata de 'Magnetically guided gastric capsule endoscopy: a review and new developments…' já presente em PubMed/S3.,Web of Science/S1,sim
Web of Science,S1,WoS S1 — Principal: IA/DL em endoscopia digestiva alta,WOS:001578594600001,"Constructing and validating vision transformer-based assisted detection
models for atrophic gastritis: A retrospective study","Chen, Hu; Liu, Shiyu; Miao, Yanzi; Yang, Xin; Li, Tao; Wu, Chuannan; Li, Zhentao; Guo, Yahui; Yu, Sijin; Chen, Guangxia",2025,10.1177/00368504251381972,SCIENCE PROGRESS,included,Visão computacional/DL aplicada a endoscopia digestiva alta (contexto: dataset/benchmark).,Web of Science/S1,sim
Web of Science,S1,WoS S1 — Principal: IA/DL em endoscopia digestiva alta,WOS:000915498100001,An automatic gastric polyp detection technique using deep learning,"Mushtaq, Dania; Madni, Tahir Mustafa; Janjua, Uzair Iqbal; Anwar, Fozia; Kakakhail, Ahmad",2023,10.1002/ima.22850,INTERNATIONAL JOURNAL OF IMAGING SYSTEMS AND TECHNOLOGY,included,Visão computacional/DL aplicada a endoscopia digestiva alta.,Web of Science/S1; Web of Science/S2; Web of Science/S3,sim
Web of Science,S1,WoS S1 — Principal: IA/DL em endoscopia digestiva alta,WOS:000397260205148,Specular Reflection Detection on Gastroscopic Images,"Yao, Rui; Wu, Yilun; Yang, Wei; Lin, Xiaolin; Chen, Shidan; Zhang, Su",2010,,"2010 4TH INTERNATIONAL CONFERENCE ON BIOINFORMATICS AND BIOMEDICAL
ENGINEERING (ICBBE 2010)",included,[manual_v1] Detecção de reflexos especulares em imagens gastroscópicas — trata diretamente de artefato de imagem (reflexo) em gastroscopia; relevante para a trilha de artefatos do projeto.,Web of Science/S1,sim
Web of Science,S1,WoS S1 — Principal: IA/DL em endoscopia digestiva alta,WOS:001277927300001,"Real-time gastric intestinal metaplasia segmentation using a deep neural
network designed for multiple imaging modes on high-resolution images","Pornvoraphat, Passin; Tiankanon, Kasenee; Pittayanon, Rapat; Nupairoj, Natawut; Vateekul, Peerapon; Rerknimitr, Rungsun",2024,10.1016/j.knosys.2024.112213,KNOWLEDGE-BASED SYSTEMS,included,Visão computacional/DL aplicada a endoscopia digestiva alta (contexto: dataset/benchmark).,Web of Science/S1,sim
Web of Science,S1,WoS S1 — Principal: IA/DL em endoscopia digestiva alta,WOS:000380399500455,Automatic Gastroscopy Video Quality Assessment,"Wang, Shuai; Tian, Dongying; Cong, Yang; Yang, Yunsheng; Tang, Yandong; Zhao, Huaici",2014,,"2014 IEEE INTERNATIONAL CONFERENCE ON ROBOTICS AND BIOMIMETICS
IEEE-ROBIO 2014",included,Visão computacional/DL aplicada a endoscopia digestiva alta (contexto: dataset/benchmark).,Web of Science/S1,sim
Web of Science,S1,WoS S1 — Principal: IA/DL em endoscopia digestiva alta,WOS:001357972100001,"Randomized controlled trial of an artificial intelligence diagnostic
system for the detection of esophageal squamous cell carcinoma in
clinical practice","Nakao, Eisuke; Yoshio, Toshiyuki; Kato, Yusuke; Namikawa, Ken; Tokai, Yoshitaka; Yoshimizu, Shoichi; Horiuchi, Yusuke; Ishiyama, Akiyoshi; Hirasawa, Toshiaki; Kurihara, Nozomi; Ishizuka, Naoki; Ishihara, Ryu; Tada, Tomohiro; Fujisaki, Junko",2025,10.1055/a-2421-3194,ENDOSCOPY,included,Visão computacional/DL aplicada a endoscopia digestiva alta.,Web of Science/S1; Web of Science/S2,sim
Web of Science,S1,WoS S1 — Principal: IA/DL em endoscopia digestiva alta,WOS:000971500201054,"Learning How to MIMIC: Using Model Explanations to Guide Deep Learning
Training","Watson, Matthew; Hasan, Bashar Awwad Shiekh; Al Moubayed, Noura",2023,10.1109/WACV56688.2023.00151,"2023 IEEE/CVF WINTER CONFERENCE ON APPLICATIONS OF COMPUTER VISION
(WACV)",duplicate,Duplicata de 'Learning How to MIMIC: Using Model Explanations to Guide Deep Learning Training…' já presente em IEEE/S1.,Web of Science/S1,sim
Web of Science,S1,WoS S1 — Principal: IA/DL em endoscopia digestiva alta,WOS:001096555600001,"U-Net deep learning model for endoscopic diagnosis of chronic atrophic
gastritis and operative link for gastritis assessment staging: a
prospective nested case-control study","Zhao, Quchuan; Jia, Qing; Chi, Tianyu",2023,10.1177/17562848231208669,THERAPEUTIC ADVANCES IN GASTROENTEROLOGY,included,Visão computacional/DL aplicada a endoscopia digestiva alta (contexto: dataset/benchmark).,Web of Science/S1,sim
Web of Science,S1,WoS S1 — Principal: IA/DL em endoscopia digestiva alta,WOS:001367817100001,"Linked Color Imaging with Artificial Intelligence Improves the Detection
of Early Gastric Cancer","Zhao, Youshen; Dohi, Osamu; Ishida, Tsugitaka; Yoshida, Naohisa; Ochiai, Tomoko; Mukai, Hiroki; Seya, Mayuko; Yamauchi, Katsuma; Miyazaki, Hajime; Fukui, Hayato; Yasuda, Takeshi; Iwai, Naoto; Inoue, Ken; Itoh, Yoshito; Liu, Xinkai; Zhang, Ruiyao; Zhu, Xin",2024,10.1159/000540728,DIGESTIVE DISEASES,included,Visão computacional/DL aplicada a endoscopia digestiva alta.,Web of Science/S1,sim
Web of Science,S1,WoS S1 — Principal: IA/DL em endoscopia digestiva alta,WOS:000889214300001,"Reduced detection rate of artificial intelligence in images obtained
from untrained endoscope models and improvement using domain adaptation
algorithm","Park, Junseok; Hwang, Youngbae; Kim, Hyun Gun; Lee, Joon Seong; Kim, Jin-Oh; Lee, Tae Hee; Jeon, Seong Ran; Hong, Su Jin; Ko, Bong Min; Kim, Seokmin",2022,10.3389/fmed.2022.1036974,FRONTIERS IN MEDICINE,included,Visão computacional/DL aplicada a endoscopia digestiva alta (contexto: dataset/benchmark).,Web of Science/S1,sim
Web of Science,S1,WoS S1 — Principal: IA/DL em endoscopia digestiva alta,WOS:001088839500001,"A systematic review on diagnosis and treatment of gastrointestinal
diseases by magnetically controlled capsule endoscopy and artificial
intelligence","Wang, Xiaotong; Hu, Xiaoming; Xu, Yongxue; Yong, Jiahao; Li, Xiang; Zhang, Kaixuan; Gan, Tao; Yang, Jinlin; Rao, Nini",2023,10.1177/17562848231206991,THERAPEUTIC ADVANCES IN GASTROENTEROLOGY,duplicate,Duplicata de 'A systematic review on diagnosis and treatment of gastrointestinal diseases by m…' já presente em PubMed/S3.,Web of Science/S1,sim
Web of Science,S1,WoS S1 — Principal: IA/DL em endoscopia digestiva alta,WOS:001251147200104,"Malignancy Suspicious Region Guided Deep Neural Networks for Gastric
Ulcer Classification","Zheng, Xiaoyan; Zeng, Zeng; Ma, Can; Chang, Qing; Zhao, Ziyuan; Yang, Xulei",2022,10.1109/EMBC48229.2022.9871776,"2022 44TH ANNUAL INTERNATIONAL CONFERENCE OF THE IEEE ENGINEERING IN
MEDICINE & BIOLOGY SOCIETY, EMBC",duplicate,Duplicata de 'Malignancy Suspicious Region Guided Deep Neural Networks for Gastric Ulcer Class…' já presente em IEEE/S1.,Web of Science/S1,sim
Web of Science,S1,WoS S1 — Principal: IA/DL em endoscopia digestiva alta,WOS:000371368900001,"Scalable gastroscopic video summarization via similarle-inhibition
dictionary selection","Wang, Shuai; Cong, Yang; Cao, Jun; Yang, Yunsheng; Tang, Yandong; Zhao, Huaici; Yu, Haibin",2016,10.1016/j.artmed.2015.08.006,ARTIFICIAL INTELLIGENCE IN MEDICINE,included,Visão computacional/DL aplicada a endoscopia digestiva alta (contexto: dataset/benchmark).,ScienceDirect/S6; Web of Science/S1,sim
Web of Science,S1,WoS S1 — Principal: IA/DL em endoscopia digestiva alta,WOS:001626465900032,"Enhancing Robustness in Gastroscopy Analysis With PoissonGaussian
Noise-Based Adversarial Augmentation","Kim, Ji-Hwan; Chae, Jung-Woo; Cho, Hyun Chin; Cho, Hyun-Chong",2025,10.1109/ACCESS.2025.3631278,IEEE ACCESS,duplicate,Duplicata de 'Enhancing Robustness in Gastroscopy Analysis With Poisson–Gaussian Noise-Based A…' já presente em IEEE/S1.,Web of Science/S1,sim
Web of Science,S1,WoS S1 — Principal: IA/DL em endoscopia digestiva alta,WOS:001305705103160,"AUTOMATED DETECTION AND SEGMENTATION OF GLIOBLASTOMA IN MRI USING
MULTI-LEVEL DIFFUSION TRANSFORMER U-NET","Masood, Anum; Naseem, Usman; Rashid, Junaid; Razzak, Imran",2024,10.1109/ISBI56570.2024.10635860,"IEEE INTERNATIONAL SYMPOSIUM ON BIOMEDICAL IMAGING, ISBI 2024",included,Visão computacional/DL aplicada a endoscopia digestiva alta (contexto: dataset/benchmark).,IEEE/S1; Web of Science/S1,sim
Web of Science,S1,WoS S1 — Principal: IA/DL em endoscopia digestiva alta,WOS:000932834400002,Endoscopic diagnosis and treatment of esophageal adenocarcinoma,"Baumer, Sebastian; Pech, Oliver",2023,10.1007/s00761-023-01311-2,ONKOLOGIE,included,Visão computacional/DL aplicada a endoscopia digestiva alta.,Springer Nature Link/S2; Web of Science/S1; Web of Science/S2,sim
Web of Science,S1,WoS S1 — Principal: IA/DL em endoscopia digestiva alta,WOS:000876516800004,"RETRACTED: Construction of Stomach Cancer Lesion Detection Combined with
Drug Therapy Based on Artificial Intelligence (Retracted Article)","Zhai, Shengyong; Yu, Lihong; Li, Jing",2022,10.1155/2022/1905437,CONTRAST MEDIA & MOLECULAR IMAGING,duplicate,Duplicata de 'Construction of Stomach Cancer Lesion Detection Combined with Drug Therapy Based…' já presente em PubMed/S3.,Web of Science/S1,sim
Web of Science,S1,WoS S1 — Principal: IA/DL em endoscopia digestiva alta,WOS:000503827500030,"Smart electronic gastroscope system using a cloud-edge collaborative
framework","Ding, Shuai; Li, Ling; Li, Zhenmin; Wang, Hao; Zhang, Yanchun",2019,10.1016/j.future.2019.04.031,FUTURE GENERATION COMPUTER SYSTEMS-THE INTERNATIONAL JOURNAL OF ESCIENCE,included,Visão computacional/DL aplicada a endoscopia digestiva alta.,ScienceDirect/S1; ScienceDirect/S2; ScienceDirect/S5; ScienceDirect/S6; Web of Science/S1,sim
Web of Science,S1,WoS S1 — Principal: IA/DL em endoscopia digestiva alta,WOS:000556699600006,"A New Active Locomotion Capsule Endoscopy under Magnetic Control and
Automated Reading Program","Oh, Dong Jun; Kim, Kwang Seop; Lim, Yun Jeong",2020,10.5946/ce.2020.127,CLINICAL ENDOSCOPY,excluded,"[manual_v1] Cápsula endoscópica com controle magnético e leitura automatizada — foco em hardware/ação magnética, pouco vínculo com classificação/detecção.",Web of Science/S1,sim
Web of Science,S1,WoS S1 — Principal: IA/DL em endoscopia digestiva alta,WOS:001191747400001,"Color-Transfer-Enhanced Data Construction and Validation for Deep
Learning-Based Upper Gastrointestinal Landmark Classification in
Wireless Capsule Endoscopy","Kim, Hyeon-Seo; Cho, Byungwoo; Park, Jong-Oh; Kang, Byungjeon",2024,10.3390/diagnostics14060591,DIAGNOSTICS,included,Visão computacional/DL aplicada a endoscopia digestiva alta (contexto: dataset/benchmark).,Web of Science/S1,sim
Web of Science,S1,WoS S1 — Principal: IA/DL em endoscopia digestiva alta,WOS:001281387900001,"A two-stage image enhancement and dynamic feature aggregation framework
for gastroscopy image segmentation","He, Dongzhi; Li, Yunyu; Chen, Liule; Liang, Yu; Xue, Yongle; Xiao, Xingmei; Li, Yunqi",2024,10.1016/j.neucom.2024.128228,NEUROCOMPUTING,duplicate,Duplicata de 'A two-stage image enhancement and dynamic feature aggregation framework for gast…' já presente em Scopus/S1.,Web of Science/S1,sim
Web of Science,S1,WoS S1 — Principal: IA/DL em endoscopia digestiva alta,WOS:001205796000030,"Early gastric cancer detection and lesion segmentation based on deep
learning and gastroscopic images (vol 14, 7847, 2024)","Zhang, Kezhi; Wang, Haibao; Cheng, Yaru; Liu, Hongyan; Gong, Qi; Zeng, Qian; Zhang, Tao; Wei, Guoqiang; Wei, Zhi; Chen, Dong",2024,10.1038/s41598-024-59794-x,SCIENTIFIC REPORTS,included,"Título/keywords indicam DL/CV em endoscopia digestiva alta ou achado GI, mesmo sem abstract.",Web of Science/S1,não
Web of Science,S1,WoS S1 — Principal: IA/DL em endoscopia digestiva alta,WOS:000497354500002,"Gastroscopic Panoramic View: Application to Automatic Polyps Detection
under Gastroscopy","Shi, Chenfei; Xue, Yan; Jiang, Chuan; Tian, Hui; Liu, Bei",2019,10.1155/2019/4393124,COMPUTATIONAL AND MATHEMATICAL METHODS IN MEDICINE,duplicate,Duplicata de 'Gastroscopic Panoramic View: Application to Automatic Polyps Detection under Gas…' já presente em PubMed/S3.,Web of Science/S1,sim
Web of Science,S1,WoS S1 — Principal: IA/DL em endoscopia digestiva alta,WOS:001369214100013,"Bilinear Fine-grained Classification of Ultrasound Images Integrated
with Interpretable Radiomics","Wang, Chenzhong; Gong, Xun; Kong, Weiji; Zhou, Hong; Li, Jiao",2025,10.1007/978-981-97-8499-8_13,"PATTERN RECOGNITION AND COMPUTER VISION, PRCV 2024, PT XV",duplicate,Duplicata de 'Bilinear Fine-grained Classification of Ultrasound Images Integrated with Interp…' já presente em Scopus/S1.,Web of Science/S1,sim
Web of Science,S1,WoS S1 — Principal: IA/DL em endoscopia digestiva alta,WOS:001158090200001,"A Multimodal Multipath Artificial Intelligence System for Diagnosing
Gastric Protruded Lesions on Endoscopy and Endoscopic Ultrasonography
Images","Zhu, Chang; Hua, Yifei; Zhang, Min; Wang, Yun; Li, Wenjie; Ding, Yanbing; She, Qiang; Zhang, Weifeng; Si, Xinmin; Kong, Zihao; Liu, Baiyun; Chen, Weidao; Wu, Jiangfen; Dang, Yini; Zhang, Guoxin",2023,10.14309/ctg.0000000000000551,CLINICAL AND TRANSLATIONAL GASTROENTEROLOGY,duplicate,Duplicata de 'A Multimodal Multipath Artificial Intelligence System for Diagnosing Gastric Pro…' já presente em PubMed/S3.,Web of Science/S1,sim
Web of Science,S1,WoS S1 — Principal: IA/DL em endoscopia digestiva alta,WOS:001367578700001,"Bridging human and machine intelligence: Reverse-engineering radiologist
intentions for clinical trust and adoption","Awasthi, Akash; Le, Ngan; Deng, Zhigang; Agrawal, Rishi; Wu, Carol C.; Van Nguyen, Hien",2024,10.1016/j.csbj.2024.11.012,COMPUTATIONAL AND STRUCTURAL BIOTECHNOLOGY JOURNAL,duplicate,Duplicata de 'Bridging human and machine intelligence: Reverse-engineering radiologist intenti…' já presente em Scopus (VLM/FMs)/S1.,Web of Science/S1,sim
Web of Science,S1,WoS S1 — Principal: IA/DL em endoscopia digestiva alta,WOS:001029416800001,"Gastric polyp detection module based on improved attentional feature
fusion","Xie, Yun; Yu, Yao; Liao, Mingchao; Sun, Changyin",2023,10.1186/s12938-023-01130-x,BIOMEDICAL ENGINEERING ONLINE,duplicate,Duplicata de 'Gastric polyp detection module based on improved attentional feature fusion…' já presente em Scopus/S1.,Web of Science/S1,sim
Web of Science,S1,WoS S1 — Principal: IA/DL em endoscopia digestiva alta,WOS:000752240200002,"Lesion Segmentation in Gastroscopic Images Using Generative Adversarial
Networks","Sun, Yaru; Li, Yunqi; Wang, Pengfei; He, Dongzhi; Wang, Zhiqiang",2022,10.1007/s10278-022-00591-1,JOURNAL OF DIGITAL IMAGING,duplicate,Duplicata de 'Lesion Segmentation in Gastroscopic Images Using Generative Adversarial Networks…' já presente em PubMed/S3.,Web of Science/S1,sim
Web of Science,S1,WoS S1 — Principal: IA/DL em endoscopia digestiva alta,WOS:000825090700025,"Instant diagnosis of gastroscopic biopsy via deep-learned single-shot
femtosecond stimulated Raman histology","Liu, Zhijie; Su, Wei; Ao, Jianpeng; Wang, Min; Jiang, Qiuli; He, Jie; Gao, Hua; Lei, Shu; Nie, Jinshan; Yan, Xuefeng; Guo, Xiaojing; Zhou, Pinghong; Hu, Hao; Ji, Minbiao",2022,10.1038/s41467-022-31339-8,NATURE COMMUNICATIONS,included,Visão computacional/DL aplicada a endoscopia digestiva alta.,Springer Nature Link/S2; Web of Science/S1,sim
Web of Science,S1,WoS S1 — Principal: IA/DL em endoscopia digestiva alta,WOS:000793403500001,"Deep Learning-Based Ultrasound Combined with Gastroscope for the
Diagnosis and Nursing of Upper Gastrointestinal Submucous Lesions","Xia, Lima; Sun, Suhua; Dai, Weijie",2022,10.1155/2022/1607099,COMPUTATIONAL AND MATHEMATICAL METHODS IN MEDICINE,included,Visão computacional/DL aplicada a endoscopia digestiva alta.,Web of Science/S1,sim
Web of Science,S1,WoS S1 — Principal: IA/DL em endoscopia digestiva alta,WOS:001428743400001,"WtNGAN: Unpaired image translation from white light images to
narrow-band images","Lin, Qinghua; Li, Zuoyong; Zeng, Kun; Wen, Jie; Jiang, Yuting; Chen, Jian",2025,10.1016/j.patcog.2025.111431,PATTERN RECOGNITION,included,Visão computacional/DL aplicada a endoscopia digestiva alta (contexto: dataset/benchmark).,ScienceDirect/S6; ScienceDirect/S8; Web of Science/S1; Web of Science/S6,sim
Web of Science,S1,WoS S1 — Principal: IA/DL em endoscopia digestiva alta,WOS:000942112600001,"Development of a Low-Cost Gastroscope Prototype (GP) for Potential
Cost-Effective Gastric Cancer Screening in Prevalent Regions","Xu, James; Benson, Mark E.; Granlund, Liam M.; Gehrke, Seth; Stanfield, Dylan; Weiss, Jennifer; Pfau, Patrick; Soni, Anurag; Cox, Ben L.; Petry, George; Swader, Robert A.; Reichelderfer, Mark; Li, Zhanhai; Atrukstang, Tenzin; Banik, Nyah; Eliceiri, Kevin W.; Gopal, Deepak V.",2023,10.1055/s-0043-1762574,JOURNAL OF DIGESTIVE ENDOSCOPY,included,Visão computacional/DL aplicada a endoscopia digestiva alta.,Web of Science/S1,sim
Web of Science,S1,WoS S1 — Principal: IA/DL em endoscopia digestiva alta,WOS:000963444900001,"Early gastric cancer segmentation in gastroscopic images using a
co-spatial attention and channel attention based triple-branch ResUnet","Du, Wenju; Rao, Nini; Yong, Jiahao; Adjei, Prince Ebenezer; Hu, Xiaoming; Wang, Xiaotong; Gan, Tao; Zhu, Linlin; Zeng, Bing; Liu, Mengyuan; Xu, Yongxue",2023,10.1016/j.cmpb.2023.107397,COMPUTER METHODS AND PROGRAMS IN BIOMEDICINE,included,Visão computacional/DL aplicada a endoscopia digestiva alta (contexto: dataset/benchmark).,Web of Science/S1,sim
