base,string_id,titulo_interpretativo_string,bibtex_key_original,title,authors,year,doi,venue,status,motivo,origens,tem_abstract
Springer Nature Link,S2,Springer S2 — Lesões e alterações gástricas,sp_10.1007_s00261-025-05181-7,Artificial intelligence in gastric cancer: a systematic review of machine learning and deep learning applications,Muna Alsallal; Marwah Shaker Habeeb; Krunal Vaghela; H. Malathi; Alisha Vashisht; Prabhat Kumar Sahu; Devendra Singh; Ali Fawzi Al-Hussainy; Idris A. Aljanaby; Hayder Naji Sameer; Zainab H. Athab; Mohaned Adil; Ahmed Yaseen; Bagher Farhood,2025,10.1007/s00261-025-05181-7,Abdominal Radiology,included,"Título/keywords indicam DL/CV em endoscopia digestiva alta ou achado GI, mesmo sem abstract.",Springer Nature Link/S2,não
Springer Nature Link,S2,Springer S2 — Lesões e alterações gástricas,sp_10.1038_s41598-024-83721-9,Evaluation of an artificial intelligence-based system for real-time high-quality photodocumentation during esophagogastroduodenoscopy,Byeong Yun Ahn; Junwoo Lee; Jeonga Seol; Ji Yoon Kim; Hyunsoo Chung,2025,10.1038/s41598-024-83721-9,Scientific Reports,duplicate,"Duplicata de 'Evaluation of an artificial intelligence-based system for real-time
high-quality…' já presente em Web of Science/S1.",Springer Nature Link/S2,não
Springer Nature Link,S2,Springer S2 — Lesões e alterações gástricas,sp_10.1007_s00464-025-12423-8,Multi-region and multi-image convolutional neural network model for detecting gastric helicobacter pylori infection,Jie Dai; Zhijian Li; Xigang Zhang; Chunxiao Lai; Guiming Liu; Ruiya Zhang; Lizhi Yi; Hui Yang; Lin Qiu; Yu Lin; Quansheng Guan; Zhenyu Wang; Zhifang Zhao; Huihong Ji; Shunhui He; Haiyang Jiang; Feng Li; Yang Bai,2025,10.1007/s00464-025-12423-8,Surgical Endoscopy,duplicate,Duplicata de 'Multi-region and multi-image convolutional neural network model for detecting ga…' já presente em Springer Nature Link/S1.,Springer Nature Link/S2,não
Springer Nature Link,S2,Springer S2 — Lesões e alterações gástricas,sp_10.1007_s00464-026-12660-5,Influence of sex differences among endoscopists in gastric cancer and precancerous condition detection rate during EGD in the artificial intelligence era: a retrospective study,Yijie Zhu; Li Huang; Dexin Gong; Zehua Dong; Chenxia Zhang; Jingzhai Wang; Xiao Tao; Ping Wan; Lianlian Wu; Yu Zhang,2026,10.1007/s00464-026-12660-5,Surgical Endoscopy,duplicate,Duplicata de 'Influence of sex differences among endoscopists in gastric cancer and precancero…' já presente em PubMed/S3.,Springer Nature Link/S2,não
Springer Nature Link,S2,Springer S2 — Lesões e alterações gástricas,sp_10.1007_s00464-025-12560-0,Effect of <i>Helicobacter pylori</i> infection on deep learning-assisted detection of gastric neoplastic lesions under white light endoscopy,Lingling Yan; Liangmin Zhang; Renquan Luo; Jiacheng Li; Weixia Wu; Weidan Wu; Zhenzhen Wang; Jinbang Peng; Haideng Yang; Binbin Gu; Xinli Mao,2026,10.1007/s00464-025-12560-0,Surgical Endoscopy,duplicate,Duplicata de 'Effect of <i>Helicobacter pylori</i> infection on deep learning-assisted detecti…' já presente em Springer Nature Link/S1.,Springer Nature Link/S2,não
Springer Nature Link,S2,Springer S2 — Lesões e alterações gástricas,sp_10.1007_s13755-026-00457-8,An explainable hybrid deep-learning and machine learning framework for automatic coeliac disease detection from duodenal endoscopy images,Souaad Hamza-Cherif; Adil Gaouar; Zineb Aziza El Aouaber; Nesma Settouti,2026,10.1007/s13755-026-00457-8,Health Information Science and Systems,duplicate,Duplicata de 'An explainable hybrid deep-learning and machine learning framework for automatic…' já presente em Springer Nature Link/S1.,Springer Nature Link/S2,não
Springer Nature Link,S2,Springer S2 — Lesões e alterações gástricas,sp_10.1038_s41598-024-58361-8,Early gastric cancer detection and lesion segmentation based on deep learning and gastroscopic images,Kezhi Zhang; Haibao Wang; Yaru Cheng; Hongyan Liu; Qi Gong; Qian Zeng; Tao Zhang; Guoqiang Wei; Zhi Wei; Dong Chen,2024,10.1038/s41598-024-58361-8,Scientific Reports,duplicate,Duplicata de 'Early gastric cancer detection and lesion segmentation based on deep learning an…' já presente em Springer Nature Link/S1.,Springer Nature Link/S2,sim
Springer Nature Link,S2,Springer S2 — Lesões e alterações gástricas,sp_10.1007_978-3-031-86069-0_26,Esophageal Cancer Diagnosis with a Bilinear Pooling and Attention-Based Convolutional Neural Network,Vikas Raina; Haewon Byeon; Manisha Bhende; K. Sri Yogi; Ismail Keshta; Kanishka Sardana,2025,10.1007/978-3-031-86069-0_26,Advanced Network Technologies and Computational Intelligence,duplicate,Duplicata de 'Esophageal Cancer Diagnosis with a Bilinear Pooling and Attention-Based Convolut…' já presente em Springer Nature Link/S1.,Springer Nature Link/S2,não
Springer Nature Link,S2,Springer S2 — Lesões e alterações gástricas,sp_10.1038_s41598-024-62494-1,Enhanced multi-class pathology lesion detection in gastric neoplasms using deep learning-based approach and validation,Byeong Soo Kim; Bokyung Kim; Minwoo Cho; Hyunsoo Chung; Ji Kon Ryu; Sungwan Kim,2024,10.1038/s41598-024-62494-1,Scientific Reports,included,DL/CV em endoscopia com achado do trato GI alto.,Springer Nature Link/S2,sim
Springer Nature Link,S2,Springer S2 — Lesões e alterações gástricas,sp_10.1007_s00464-025-12410-z,Artificial intelligence assistance narrows the experience gap in endoscopic reporting of gastric lesions: a prospective clinical trial,"Hang You; Xiao Tao; Zehua Dong; Yanxia Li; Li Huang; Jia Li; Hongliu Du; Mei Deng; Zhifeng Wu; Xia Tan; Ting Yang,Jun Liu; Honggang Yu",2025,10.1007/s00464-025-12410-z,Surgical Endoscopy,duplicate,Duplicata de 'Artificial intelligence assistance narrows the experience gap in endoscopic repo…' já presente em PubMed/S3.,Springer Nature Link/S2,não
Springer Nature Link,S2,Springer S2 — Lesões e alterações gástricas,sp_10.1186_s12876-024-03389-3,Development and application of an artificial intelligence-assisted endoscopy system for diagnosis of <i>Helicobacter pylori</i> infection: a multicenter randomized controlled study,Pei-Ying Zou; Jian-Ru Zhu; Zhe Zhao; Hao Mei; Jing-Tao Zhao; Wen-Jing Sun; Guo-Hua Wang; Dong-Feng Chen; Li-Lin Fan; Chun-Hui Lan,2024,10.1186/s12876-024-03389-3,BMC Gastroenterology,duplicate,Duplicata de 'Development and application of an artificial intelligence-assisted endoscopy sys…' já presente em Scopus/S1.,Springer Nature Link/S2,não
Springer Nature Link,S2,Springer S2 — Lesões e alterações gástricas,sp_10.1007_s00464-025-12415-8,Application of artificial intelligence for detection of <i>Helicobacter pylori</i> infection by magnetically controlled capsule endoscopy,Fuying Zheng; Qiaoying Zhu; Peiwen Yuan; Futao Wu; Yanli Cui; Zhenhua Xiao; Honghao Li; Xue Li; Jiong Wu; Zhiyan Qu; Zhanhui Ye; Aimin Li,2025,10.1007/s00464-025-12415-8,Surgical Endoscopy,duplicate,Duplicata de 'Application of artificial intelligence for detection of <i>Helicobacter pylori</…' já presente em Springer Nature Link/S1.,Springer Nature Link/S2,não
Springer Nature Link,S2,Springer S2 — Lesões e alterações gástricas,sp_10.1007_s00464-025-11527-5,A prospective and comparative study on improving the diagnostic accuracy of early gastric cancer based on deep convolutional neural network real-time diagnosis system (with video),Jie Feng; Yaoping Zhang; Zhijun Feng; Huiming Ma; Yani Gou; Pengfei Wang; Yanhu Feng; Xiang Wang; Xiaojun Huang,2025,10.1007/s00464-025-11527-5,Surgical Endoscopy,duplicate,Duplicata de 'A prospective and comparative study on improving the diagnostic accuracy of earl…' já presente em PubMed/S3.,Springer Nature Link/S2,não
Springer Nature Link,S2,Springer S2 — Lesões e alterações gástricas,sp_10.1186_s12935-025-03756-4,The artificial intelligence revolution in gastric cancer management: clinical applications,Runze Li; Jingfan Li; Yuman Wang; Xiaoyu Liu; Weichao Xu; Runxue Sun; Binqing Xue; Xinqian Zhang; Yikun Ai; Yanru Du; Jianming Jiang,2025,10.1186/s12935-025-03756-4,Cancer Cell International,duplicate,Duplicata de 'The artificial intelligence revolution in gastric cancer management: clinical ap…' já presente em Springer Nature Link/S1.,Springer Nature Link/S2,não
Springer Nature Link,S2,Springer S2 — Lesões e alterações gástricas,sp_10.1186_s13040-025-00486-1,WHFDL: an explainable method based on World Hyper-heuristic and Fuzzy Deep Learning approaches for gastric cancer detection using metabolomics data,Nora Mahdavi; Arman Daliri; Mahdieh Zabihimayvan; Yalda Yaghooti; Mohammad Mahdi Mir; Parastoo Ghazanfari; Avin Zarrabi; Pedram Khalaj; Reza Sadeghi,2025,10.1186/s13040-025-00486-1,BioData Mining,included,"Título/keywords indicam DL/CV em endoscopia digestiva alta ou achado GI, mesmo sem abstract.",Springer Nature Link/S2,não
Springer Nature Link,S2,Springer S2 — Lesões e alterações gástricas,sp_10.1007_s11082-023-06060-5,RETRACTED ARTICLE: Transfer learning based feature extraction with metaheuristic optimization algorithm for detecting gastric cancer using optoelectronic sensor in endoscope,S. Famila; A. Arulmurugan; A. Mahendar; R. Kalaiyarasan; N. Supriya; Bhargavi Maridu,2024,10.1007/s11082-023-06060-5,Optical and Quantum Electronics,duplicate,Duplicata de 'RETRACTED ARTICLE: Transfer learning based feature extraction with metaheuristic…' já presente em Springer Nature Link/S1.,Springer Nature Link/S2,não
Springer Nature Link,S2,Springer S2 — Lesões e alterações gástricas,sp_10.1186_s13640-024-00634-3,Hybrid model-based early diagnosis of esophageal disorders using convolutional neural network and refined logistic regression,R. Janaki; D. Lakshmi,2024,10.1186/s13640-024-00634-3,EURASIP Journal on Image and Video Processing,duplicate,"Duplicata de 'Hybrid model-based early diagnosis of esophageal disorders using
convolutional n…' já presente em Web of Science/S1.",Springer Nature Link/S2,não
Springer Nature Link,S2,Springer S2 — Lesões e alterações gástricas,sp_10.1007_s00234-025-03631-z,MRI-derived deep learning models for predicting 1p/19q codeletion status in glioma patients: a systematic review and meta-analysis of diagnostic test accuracy studies,Amir Mahmoud Ahmadzadeh; Nima Broomand Lomer; Mohammad Amin Ashoobi; Danial Elyassirad; Benyamin Gheiji; Mahsa Vatanparast; Amirhossein Rostami; Mohammad Ali Abouei Mehrizi; Azadeh Tabari; Girish Bathla; Shahriar Faghani,2025,10.1007/s00234-025-03631-z,Neuroradiology,duplicate,Duplicata de 'MRI-derived deep learning models for predicting 1p/19q codeletion status in glio…' já presente em Springer Nature Link/S1.,Springer Nature Link/S2,não
Springer Nature Link,S2,Springer S2 — Lesões e alterações gástricas,sp_10.1007_s00330-025-11898-2,Diagnostic performance of deep learning for predicting glioma isocitrate dehydrogenase and 1p/19q co-deletion in MRI: a systematic review and meta-analysis,Somayeh Farahani; Marjaneh Hejazi; Mehnaz Tabassum; Antonio Di Ieva; Neda Mahdavifar; Sidong Liu,2025,10.1007/s00330-025-11898-2,European Radiology,excluded,Visão computacional sem vínculo com endoscopia/achados GI altos.,Springer Nature Link/S2,sim
Springer Nature Link,S2,Springer S2 — Lesões e alterações gástricas,sp_10.1007_s11596-025-00128-x,Artificial Intelligence for Spleen-Stomach Disorders in Traditional Chinese Medicine: Integrating Knowledge Graphs with Intelligent Diagnosis and Treatment,Yu-yu Duan; Si-feng Jia; Song Ye; Lekhang Cheang; Wahou Tai; Li-zhi Xiang; Zhe-wei Ye,2025,10.1007/s11596-025-00128-x,Current Medical Science,included,"Título/keywords indicam DL/CV em endoscopia digestiva alta ou achado GI, mesmo sem abstract.",Springer Nature Link/S2,não
Springer Nature Link,S2,Springer S2 — Lesões e alterações gástricas,sp_10.1007_978-3-031-32029-3_4,Preliminary Study of Deep Learning Algorithms for Metaplasia Detection in Upper Gastrointestinal Endoscopy,Alexandre Neto; Sofia Ferreira; Diogo Libânio; Mário Dinis-Ribeiro; Miguel Coimbra; António Cunha,2023,10.1007/978-3-031-32029-3_4,Wireless Mobile Communication and Healthcare,duplicate,Duplicata de 'Preliminary Study of Deep Learning Algorithms for Metaplasia Detection in Upper …' já presente em Scopus/S1.,Springer Nature Link/S2,não
Springer Nature Link,S2,Springer S2 — Lesões e alterações gástricas,sp_10.1038_s41698-025-01224-w,Mucin phenotype-based deep learning framework for intestinal metaplasia-carcinogenesis progression prediction,Xiaoyang Wu; Fang Wang; Weiyou Dai; Chuxuan Ni; Liping Sun; Yuehua Gong; Nannan Dong; Zeyang Wang; Liang Li; Qian Xu; Jingjing Jing; Shixuan Shen; Huakang Tu; Yuan Yuan,2025,10.1038/s41698-025-01224-w,npj Precision Oncology,included,"Título/keywords indicam DL/CV em endoscopia digestiva alta ou achado GI, mesmo sem abstract.",Springer Nature Link/S2,não
Springer Nature Link,S2,Springer S2 — Lesões e alterações gástricas,sp_10.1007_s40846-025-00936-5,A Deep Learning Method for Automated Site Recognition of Nasopharyngeal Endoscopic Images,Jiayin Lei; Wei Yang; Rongqian Yang,2025,10.1007/s40846-025-00936-5,Journal of Medical and Biological Engineering,duplicate,Duplicata de 'A Deep Learning Method for Automated Site Recognition of Nasopharyngeal Endoscop…' já presente em Springer Nature Link/S1.,Springer Nature Link/S2,não
Springer Nature Link,S2,Springer S2 — Lesões e alterações gástricas,sp_10.1007_s11042-024-18910-9,A graph-optimized deep learning framework for recognition of Barrett’s esophagus and reflux esophagitis,Muzhou Hou; Jiaoju Wang; Taohua Liu; Zhaoying Li; Alphonse Houssou Hounye; Xiaowei Liu; Kaifu Wang; Shuijiao Chen,2024,10.1007/s11042-024-18910-9,Multimedia Tools and Applications,duplicate,Duplicata de 'A graph-optimized deep learning framework for recognition of Barrett’s esophagus…' já presente em Springer Nature Link/S1.,Springer Nature Link/S2,não
Springer Nature Link,S2,Springer S2 — Lesões e alterações gástricas,sp_10.1007_s10120-025-01679-7,Exploring the potential of artificial intelligence in assessing the risk of gastric neoplastic lesions in patients with corpus atrophic gastritis,Emanuele Dilaghi; Edoardo Cesaroni; Irene Ligato; Matteo Silvestri; Giampaolo Liuzzi; Bruno Annibale; Stefano Lucidi; Gianluca Esposito; Marco Sciandrone,2025,10.1007/s10120-025-01679-7,Gastric Cancer,included,Visão computacional/DL aplicada a endoscopia digestiva alta (contexto: dataset/benchmark).,Springer Nature Link/S2; Web of Science/S2,sim
Springer Nature Link,S2,Springer S2 — Lesões e alterações gástricas,sp_10.1038_s41598-024-68866-x,Efficient artificial intelligence-based assessment of the gastroesophageal valve with Hill classification through active learning,Ioannis Kafetzis; Karl-Hermann Fuchs; Philipp Sodmann; Joel Troya; Wolfram Zoller; Alexander Meining; Alexander Hann,2024,10.1038/s41598-024-68866-x,Scientific Reports,included,Visão computacional/DL aplicada a endoscopia digestiva alta (contexto: dataset/benchmark).,Springer Nature Link/S2; Springer Nature Link/S3; Web of Science/S2,sim
Springer Nature Link,S2,Springer S2 — Lesões e alterações gástricas,sp_10.1007_978-3-032-05141-7_4,Automated Auditing of Upper Endoscopy Procedure Times: A Temporal Multiclass Analysis,Diego Bravo; Josué Ruano; Martín Gómez; Fabio A. Gónzalez; Eduardo Romero,2026,10.1007/978-3-032-05141-7_4,Medical Image Computing and Computer Assisted Intervention – MICCAI 2025,included,Sem abstract; recuperado por string forte (Springer-Nature-Link/S2) que já restringe a endoscopia alta + IA/DL e exclui colorretal — confiável.,Springer Nature Link/S2,não
Springer Nature Link,S2,Springer S2 — Lesões e alterações gástricas,sp_10.1186_s12911-023-02235-y,Machine learning applications for early detection of esophageal cancer: a systematic review,Farhang Hosseini; Farkhondeh Asadi; Hassan Emami; Rayan Ebnali Harari,2023,10.1186/s12911-023-02235-y,BMC Medical Informatics and Decision Making,duplicate,Duplicata de 'Machine learning applications for early detection of esophageal cancer: a system…' já presente em Springer Nature Link/S1.,Springer Nature Link/S2,sim
Springer Nature Link,S2,Springer S2 — Lesões e alterações gástricas,sp_10.1007_s12029-023-00960-1,Non-endoscopic Applications of Machine Learning in Gastric Cancer: A Systematic Review,Marianne Linley L. Sy-Janairo; Jose Isagani B. Janairo,2023,10.1007/s12029-023-00960-1,Journal of Gastrointestinal Cancer,duplicate,"Duplicata de 'Non-endoscopic Applications of Machine Learning in Gastric Cancer: A
Systematic …' já presente em Web of Science/S1.",Springer Nature Link/S2,não
Springer Nature Link,S2,Springer S2 — Lesões e alterações gástricas,sp_10.1038_s41746-025-01532-2,Effect of computer aided detection system on esophageal neoplasm diagnosis in varied levels of endoscopists,Bing Li; Yan-Yun Du; Wei-Min Tan; Dong-Li He; Zhi-Peng Qi; Hon-Ho Yu; Qiang Shi; Zhong Ren; Ming-Yan Cai; Bo Yan; Shi-Lun Cai; Yun-Shi Zhong,2025,10.1038/s41746-025-01532-2,npj Digital Medicine,duplicate,Duplicata de 'Effect of computer aided detection system on esophageal neoplasm diagnosis in va…' já presente em Springer Nature Link/S1.,Springer Nature Link/S2,não
Springer Nature Link,S2,Springer S2 — Lesões e alterações gástricas,sp_10.1038_s41746-023-00813-y,Explainable artificial intelligence incorporated with domain knowledge diagnosing early gastric neoplasms under white light endoscopy,Zehua Dong; Junxiao Wang; Yanxia Li; Yunchao Deng; Wei Zhou; Xiaoquan Zeng; Dexin Gong; Jun Liu; Jie Pan; Renduo Shang; Youming Xu; Ming Xu; Lihui Zhang; Mengjiao Zhang; Xiao Tao; Yijie Zhu; Hongliu Du; Zihua Lu; Liwen Yao; Lianlian Wu; Honggang Yu,2023,10.1038/s41746-023-00813-y,npj Digital Medicine,duplicate,Duplicata de 'Explainable artificial intelligence incorporated with domain knowledge diagnosin…' já presente em Springer Nature Link/S1.,Springer Nature Link/S2,sim
Springer Nature Link,S2,Springer S2 — Lesões e alterações gástricas,sp_10.1186_s12957-024-03321-9,The value of machine learning approaches in the diagnosis of early gastric cancer: a systematic review and meta-analysis,Yiheng Shi; Haohan Fan; Li Li; Yaqi Hou; Feifei Qian; Mengting Zhuang; Bei Miao; Sujuan Fei,2024,10.1186/s12957-024-03321-9,World Journal of Surgical Oncology,duplicate,Duplicata de 'The value of machine learning approaches in the diagnosis of early gastric cance…' já presente em Springer Nature Link/S1.,Springer Nature Link/S2,sim
Springer Nature Link,S2,Springer S2 — Lesões e alterações gástricas,sp_10.1186_s12916-025-04379-2,Artificial intelligence–assisted endoscopic diagnosis system for diagnosing <i>Helicobacter pylori</i> infection: a multicenter study,Yue Hu; Jianwei Xu; Liang Huang; Zhilin Zheng; Jin Zhao; Tanzhou Chen; Jiang Liu; Fangfang Zhang; Xiaoyun Ding; Jie Pan; Xiaoteng Wang; Shan Liu; Ling Zhang; Bin Lv,2025,10.1186/s12916-025-04379-2,BMC Medicine,duplicate,Duplicata de 'Artificial intelligence–assisted endoscopic diagnosis system for diagnosing Heli…' já presente em Scopus/S1.,Springer Nature Link/S2,não
Springer Nature Link,S2,Springer S2 — Lesões e alterações gástricas,sp_10.1007_s12664-025-01850-z,Image-enhanced endoscopy in upper GI tract: State-of-the-art review,Zaheer Nabi; Sonmoon Mohapatra; Noriya Uedo; Ashutosh Mohapatra; Pradev Inavolu; Hardik Rughwani; Mohan Ramchandani; D. Nageshwar Reddy,2025,10.1007/s12664-025-01850-z,Indian Journal of Gastroenterology,included,"Sinais ambíguos no abstract, mas recuperado por string forte (Springer-Nature-Link/S2) com filtro endoscopia alta + IA — confiável.",Springer Nature Link/S2,sim
Springer Nature Link,S2,Springer S2 — Lesões e alterações gástricas,sp_10.1007_s00464-025-12534-2,AI-powered hierarchical classification of ampullary neoplasms: a deep learning approach using white-light and narrow-band imaging,Dan Yoon; Sung Hoon Chang; Woo Hyun Paik; Chang Hyun Kim; Byeong Soo Kim; Young Gyun Kim; Hyunsoo Chung; Ji Kon Ryu; Sang Hyub Lee; In Rae Cho; Seong Ji Choi; Joo Seong Kim; Sungwan Kim; Jin Ho Choi,2026,10.1007/s00464-025-12534-2,Surgical Endoscopy,duplicate,Duplicata de 'AI-powered hierarchical classification of ampullary neoplasms: a deep learning a…' já presente em Springer Nature Link/S1.,Springer Nature Link/S2,sim
Springer Nature Link,S2,Springer S2 — Lesões e alterações gástricas,sp_10.1007_s13193-025-02306-8,ENDOANGEL: Revolutionizing Early Detection and Surgical Approaches for Gastric Cancer with Advanced AI Technology,Amirhosein Naseri; Mohamad Hossein Antikchi; Sepideh Soleymani; Mehdi Khosravi-Mashizi; Hossein Neamatzadeh,2025,10.1007/s13193-025-02306-8,Indian Journal of Surgical Oncology,duplicate,Duplicata de 'ENDOANGEL: Revolutionizing Early Detection and Surgical Approaches for Gastric C…' já presente em Springer Nature Link/S1.,Springer Nature Link/S2,não
Springer Nature Link,S2,Springer S2 — Lesões e alterações gástricas,sp_10.1038_s41598-025-11172-x,Developing an artificial intelligence-based progressive growing GAN for high-quality facial profile generation and evaluation through turing test and aesthetic analysis,Shahab Kavousinejad; Kazem Dalaie; Mohammad Behnaz; Soodeh Tahmasbi; Asghar Ebadifar; Hoori Mirmohammadsadeghi,2025,10.1038/s41598-025-11172-x,Scientific Reports,duplicate,Duplicata de 'Developing an artificial intelligence-based progressive growing GAN for high-qua…' já presente em Springer Nature Link/S1.,Springer Nature Link/S2,não
Springer Nature Link,S2,Springer S2 — Lesões e alterações gástricas,sp_10.1186_s13027-024-00632-0,"Prevalence of <i>Helicobacter pylori</i> infection in the general population in Wuzhou, China: a cross-sectional study",Liumei Yan; Qiliang He; Xinyun Peng; Sen Lin; Meigu Sha; Shujian Zhao; Dewang Huang; Jiemei Ye,2025,10.1186/s13027-024-00632-0,Infectious Agents and Cancer,duplicate,Duplicata de 'Prevalence of <i>Helicobacter pylori</i> infection in the general population in …' já presente em Springer Nature Link/S1.,Springer Nature Link/S2,não
Springer Nature Link,S2,Springer S2 — Lesões e alterações gástricas,sp_10.1186_s12911-025-02969-x,Development and validation of a machine learning model to predict hemostatic intervention in patients with acute upper gastrointestinal bleeding,Kajornvit Raghareutai; Watcharaporn Tanchotsrinon; Onuma Sattayalertyanyong; Uayporn Kaosombatwattana,2025,10.1186/s12911-025-02969-x,BMC Medical Informatics and Decision Making,included,Visão computacional/DL aplicada a endoscopia digestiva alta (contexto: dataset/benchmark).,Springer Nature Link/S2,sim
Springer Nature Link,S2,Springer S2 — Lesões e alterações gástricas,sp_10.1007_978-981-99-2468-4_8,Classification of Esophageal Cancer Using Ensembled CNN with Generalized Normal Distribution Optimization Model and Support Vector Machine Classifier,A. Chempak Kumar; D. Muhammad Noorul Mubarak,2023,10.1007/978-981-99-2468-4_8,Congress on Smart Computing Technologies,included,"Título/keywords indicam DL/CV em endoscopia digestiva alta ou achado GI, mesmo sem abstract.",Springer Nature Link/S2,não
Springer Nature Link,S2,Springer S2 — Lesões e alterações gástricas,sp_10.1007_s10396-021-01153-8,Artificial intelligence in the diagnosis of cirrhosis and portal hypertension,Xiaoguo Li; Ning Kang; Xiaolong Qi; Yifei Huang,2021,10.1007/s10396-021-01153-8,Journal of Medical Ultrasonics,included,Sem abstract; recuperado por string forte (Springer-Nature-Link/S2) que já restringe a endoscopia alta + IA/DL e exclui colorretal — confiável.,Springer Nature Link/S2,não
Springer Nature Link,S2,Springer S2 — Lesões e alterações gástricas,sp_10.1186_s13063-023-07346-5,"The effectiveness of a computer-aided system in improving the detection rate of gastric neoplasm and early gastric cancer: study protocol for a multi-centre, randomized controlled trial",Zehua Dong; Yijie Zhu; Hongliu Du; Junxiao Wang; Xiaoquan Zeng; Xiao Tao; Ting Yang; Jiamin Wang; Mei Deng; Jun Liu; Lianlian Wu; Honggang Yu,2023,10.1186/s13063-023-07346-5,Trials,included,"Sinais ambíguos no abstract, mas recuperado por string forte (Springer-Nature-Link/S2) com filtro endoscopia alta + IA — confiável.",PubMed/S3; Springer Nature Link/S2; Web of Science/S2,sim
Springer Nature Link,S2,Springer S2 — Lesões e alterações gástricas,sp_10.1007_s10620-025-09069-w,"A Simple, Interpretable Machine Learning Model Based on Clinical Factors Accurately Predicts Incident Dysplasia or Malignancy in Barrett’s Esophagus",Ashwin Rao; Jasmine Haydel; Samuel Ma; Aaron P. Thrift; Theresa Nguyen-Wenker; Hashem B. El-Serag,2025,10.1007/s10620-025-09069-w,Digestive Diseases and Sciences,included,"Título/keywords indicam DL/CV em endoscopia digestiva alta ou achado GI, mesmo sem abstract.",Springer Nature Link/S2,não
Springer Nature Link,S2,Springer S2 — Lesões e alterações gástricas,sp_10.1038_s41598-025-20270-9,Raman spectroscopy and machine learning for early detection of gastric cancer and <i>Helicobacter pylori</i> with gastric juice,Weiwei Fu; Yuxin Zhang; Kangle Zhai; Jing Zhang; Yue Wen; Yingli Xu; Jing Zhang; Jing Wang; Shigang Ding,2025,10.1038/s41598-025-20270-9,Scientific Reports,included,"Título/keywords indicam DL/CV em endoscopia digestiva alta ou achado GI, mesmo sem abstract.",Springer Nature Link/S2,não
Springer Nature Link,S2,Springer S2 — Lesões e alterações gástricas,sp_10.1007_s11739-025-04229-2,A portal into hemodynamics: utility of portal vein ultrasound in predicting variceal etiology of upper gastrointestinal hemorrhage in the emergency department,Siddhi Naik; Prithvishree Ravindra; Souvik Chaudhuri; P. S. Priya; Sai Deepak Alli; Shiran Shetty,2025,10.1007/s11739-025-04229-2,Internal and Emergency Medicine,included,"Sinais ambíguos no abstract, mas recuperado por string forte (Springer-Nature-Link/S2) com filtro endoscopia alta + IA — confiável.",Springer Nature Link/S2,sim
Springer Nature Link,S2,Springer S2 — Lesões e alterações gástricas,sp_10.1007_s11548-020-02148-5,Deep learning-based anatomical site classification for upper gastrointestinal endoscopy,Qi He; Sophia Bano; Omer F. Ahmad; Bo Yang; Xin Chen; Pietro Valdastri; Laurence B. Lovat; Danail Stoyanov; Siyang Zuo,2020,10.1007/s11548-020-02148-5,International Journal of Computer Assisted Radiology and Surgery,duplicate,Duplicata de 'Deep learning-based anatomical site classification for upper gastrointestinal en…' já presente em Scopus/S1.,Springer Nature Link/S2,sim
Springer Nature Link,S2,Springer S2 — Lesões e alterações gástricas,sp_10.1007_s00464-026-12600-3,Risk factors for missed early gastric cancer: a retrospective cohort study based on pathologically confirmed cases after endoscopic submucosal dissection,Kaier Gu; Tianer Gu; Wei Xie; Han Bu; Yang Liu,2026,10.1007/s00464-026-12600-3,Surgical Endoscopy,included,Título/keywords indicam endoscopia + achado GI alto; presume-se CAD/análise de imagem.,Springer Nature Link/S2,não
Springer Nature Link,S2,Springer S2 — Lesões e alterações gástricas,sp_10.1186_s13244-024-01809-2,An ensemble machine learning model assists in the diagnosis of gastric ectopic pancreas and gastric stromal tumors,Kui Sun; Ying Wang; Rongchao Shi; Siyu Wu; Ximing Wang,2024,10.1186/s13244-024-01809-2,Insights into Imaging,included,DL/CV aplicado a achados do trato GI alto — presume-se imagens endoscópicas/histopatológicas.,Springer Nature Link/S2,sim
Springer Nature Link,S2,Springer S2 — Lesões e alterações gástricas,sp_10.1007_s10354-023-01020-w,Application value of an artificial intelligence-based diagnosis and recognition system in gastroscopy training for graduate students in gastroenterology: a preliminary study,Peng An; Zhongqiu Wang,2023,10.1007/s10354-023-01020-w,Wiener Medizinische Wochenschrift,included,"Título/keywords indicam DL/CV em endoscopia digestiva alta ou achado GI, mesmo sem abstract.",Springer Nature Link/S2,não
Springer Nature Link,S2,Springer S2 — Lesões e alterações gástricas,sp_10.1007_s10120-021-01256-8,Development and evaluation of a double-check support system using artificial intelligence in endoscopic screening for gastric cancer,Hirotaka Oura; Tomoaki Matsumura; Mai Fujie; Tsubasa Ishikawa; Ariki Nagashima; Wataru Shiratori; Mamoru Tokunaga; Tatsuya Kaneko; Yushi Imai; Tsubasa Oike; Yuya Yokoyama; Naoki Akizue; Yuki Ota; Kenichiro Okimoto; Makoto Arai; Yuki Nakagawa; Mari Inada; Kazuya Yamaguchi; Jun Kato; Naoya Kato,2021,10.1007/s10120-021-01256-8,Gastric Cancer,duplicate,"Duplicata de 'Development and evaluation of a double-check support system using
artificial int…' já presente em Web of Science/S1.",Springer Nature Link/S2,não
Springer Nature Link,S2,Springer S2 — Lesões e alterações gástricas,sp_10.1007_s11695-026-08501-y,Scoping Review of Reflux after Primary One Anastomosis Gastric Bypass: Navigating the Maze to Enhance the Evidence Base,Walid El Ansari; Kareem El-Ansari; Mohamed Hany,2026,10.1007/s11695-026-08501-y,Obesity Surgery,included,Sem abstract; recuperado por string forte (Springer-Nature-Link/S2) que já restringe a endoscopia alta + IA/DL e exclui colorretal — confiável.,Springer Nature Link/S2,não
Springer Nature Link,S2,Springer S2 — Lesões e alterações gástricas,sp_10.1007_s00464-022-09319-2,A deep learning-based model improves diagnosis of early gastric cancer under narrow band imaging endoscopy,Dehua Tang; Muhan Ni; Chang Zheng; Xiwei Ding; Nina Zhang; Tian Yang; Qiang Zhan; Yiwei Fu; Wenjia Liu; Duanming Zhuang; Ying Lv; Guifang Xu; Lei Wang; Xiaoping Zou,2022,10.1007/s00464-022-09319-2,Surgical Endoscopy,duplicate,Duplicata de 'A deep learning-based model improves diagnosis of early gastric cancer under nar…' já presente em Springer Nature Link/S1.,Springer Nature Link/S2,não
Springer Nature Link,S2,Springer S2 — Lesões e alterações gástricas,sp_10.1007_s00464-024-10970-0,"Risk factors of missed early gastric cancer in endoscopic resected population: a retrospective, case–control study",Zhenyu Zhang; Ningjing Gao; Kun Liu; Muhan Ni; Xiang Zhang; Peng Yan; Min Chen; Xiaotan Dou; Huimin Guo; Tian Yang; Xiwei Ding; Guifang Xu; Dehua Tang; Lei Wang; Xiaoping Zou,2024,10.1007/s00464-024-10970-0,Surgical Endoscopy,included,Título/keywords indicam endoscopia + achado GI alto; presume-se CAD/análise de imagem.,Springer Nature Link/S2,não
Springer Nature Link,S2,Springer S2 — Lesões e alterações gástricas,sp_10.1007_978-3-031-22922-0_10,Smart Intelligent System for Cervix Cancer Image Classification Using Google Cloud Platform,P. Subashini; T. T. Dhivyaprabha; M. Krishnaveni; M. B. Jennyfer Susan,2023,10.1007/978-3-031-22922-0_10,Enabling Technologies for Effective Planning and Management in Sustainable Smart Cities,duplicate,Duplicata de 'Smart Intelligent System for Cervix Cancer Image Classification Using Google Clo…' já presente em Springer Nature Link/S1.,Springer Nature Link/S2,não
Springer Nature Link,S2,Springer S2 — Lesões e alterações gástricas,sp_10.1038_s41598-025-86763-9,Machine learning classification and biochemical characteristics in the real-time diagnosis of gastric adenocarcinoma using Raman spectroscopy,Alex Noh; Sabrina Xin Zi Quek; Nuraini Zailani; Juin Shin Wee; Derrick Yong; Byeong Yun Ahn; Khek Yu Ho; Hyunsoo Chung,2025,10.1038/s41598-025-86763-9,Scientific Reports,included,"Título/keywords indicam DL/CV em endoscopia digestiva alta ou achado GI, mesmo sem abstract.",Springer Nature Link/S2,não
Springer Nature Link,S2,Springer S2 — Lesões e alterações gástricas,sp_10.1186_s13020-024-00963-5,Development of an artificial intelligent model for pre-endoscopic screening of precancerous lesions in gastric cancer,Lan Wang; Qian Zhang; Peng Zhang; Bowen Wu; Jun Chen; Jiamin Gong; Kaiqiang Tang; Shiyu Du; Shao Li,2024,10.1186/s13020-024-00963-5,Chinese Medicine,included,DL/CV em endoscopia com achado do trato GI alto.,Springer Nature Link/S2; Springer Nature Link/S3,sim
Springer Nature Link,S2,Springer S2 — Lesões e alterações gástricas,sp_10.1038_s41598-022-10739-2,Utility of an artificial intelligence system for classification of esophageal lesions when simulating its clinical use,Ayaka Tajiri; Ryu Ishihara; Yusuke Kato; Takahiro Inoue; Katsunori Matsueda; Muneaki Miyake; Kotaro Waki; Yusaku Shimamoto; Hiromu Fukuda; Noriko Matsuura; Satoshi Egawa; Shinjiro Yamaguchi; Hideharu Ogiyama; Kiyoshi Ogiso; Tsutomu Nishida; Kenji Aoi; Tomohiro Tada,2022,10.1038/s41598-022-10739-2,Scientific Reports,duplicate,Duplicata de 'Utility of an artificial intelligence system for classification of esophageal le…' já presente em Springer Nature Link/S1.,Springer Nature Link/S2,sim
Springer Nature Link,S2,Springer S2 — Lesões e alterações gástricas,sp_10.1007_s10479-022-04964-1,An ensemble method of the machine learning to prognosticate the gastric cancer,Hirad Baradaran Rezaei; Alireza Amjadian; Mohammad Vahid Sebt; Reza Askari; Abolfazl Gharaei,2022,10.1007/s10479-022-04964-1,Annals of Operations Research,included,"Título/keywords indicam DL/CV em endoscopia digestiva alta ou achado GI, mesmo sem abstract.",Springer Nature Link/S2,não
Springer Nature Link,S2,Springer S2 — Lesões e alterações gástricas,sp_10.1007_s11894-023-00907-3,Small Bowel Imaging in Celiac Disease: Is there a role for Small Bowel Ultrasound?,Roberta Elisa Rossi; Anita Busacca; Luca Brandaleone; Benedetta Masoni; Sara Massironi; Mirella Fraquelli; Alessandro Repici,2023,10.1007/s11894-023-00907-3,Current Gastroenterology Reports,included,Sem abstract; recuperado por string forte (Springer-Nature-Link/S2) que já restringe a endoscopia alta + IA/DL e exclui colorretal — confiável.,Springer Nature Link/S2,não
Springer Nature Link,S2,Springer S2 — Lesões e alterações gástricas,sp_10.1007_978-981-99-9788-6_10,An Improved Prototypical Network for Endoscopic Grading of Intestinal Metaplasia,Rui Li; Xiaomei Yu; Xuanchi Chen; Xiangwei Zheng,2024,10.1007/978-981-99-9788-6_10,Artificial Intelligence Security and Privacy,duplicate,Duplicata de 'An Improved Prototypical Network for Endoscopic Grading of Intestinal Metaplasia…' já presente em Scopus (VLM/FMs)/S1.,Springer Nature Link/S2,não
Springer Nature Link,S2,Springer S2 — Lesões e alterações gástricas,sp_10.1007_s11227-025-07497-z,GPDet: an anchor-free object detector based on dual center-ness and criss-cross balance for unstructured gastroscopic image data,Zhimin Tang; Yuhui Deng; Yi Zhou; Hexian Lu; Lijuan Lu; Junhao Huang; Hong Li; Shun Long,2025,10.1007/s11227-025-07497-z,The Journal of Supercomputing,duplicate,Duplicata de 'GPDet: an anchor-free object detector based on dual center-ness and criss-cross …' já presente em Springer Nature Link/S1.,Springer Nature Link/S2,não
Springer Nature Link,S2,Springer S2 — Lesões e alterações gástricas,sp_10.1007_s11894-025-00976-6,Future of Endoscopy in Surveillance of Esophageal Varices,Carlos Moctezuma-Velazquez; Juan G. Abraldes,2025,10.1007/s11894-025-00976-6,Current Gastroenterology Reports,included,Título/keywords indicam endoscopia + achado GI alto; presume-se CAD/análise de imagem.,Springer Nature Link/S2,não
Springer Nature Link,S2,Springer S2 — Lesões e alterações gástricas,sp_10.1007_s00464-024-10683-4,Cruroplasty with or without mesh? A systematic literature review with a novel time-organized proportion meta-analysis,Andrés R. Latorre-Rodríguez; Ajay Rajan; Sumeet K. Mittal,2024,10.1007/s00464-024-10683-4,Surgical Endoscopy,included,Sem abstract; recuperado por string forte (Springer-Nature-Link/S2) que já restringe a endoscopia alta + IA/DL e exclui colorretal — confiável.,Springer Nature Link/S2,não
Springer Nature Link,S2,Springer S2 — Lesões e alterações gástricas,sp_10.1007_s00464-026-12702-y,Imaging characteristics and discrimination model development for early gastric cancer using multi-spectral CT,Wei-Na Jing; Xiao-Cun Xing; Fei-Fan Chen; Jin-Lin Yang; Kai Liao; Kai Deng,2026,10.1007/s00464-026-12702-y,Surgical Endoscopy,duplicate,Duplicata de 'Imaging characteristics and discrimination model development for early gastric c…' já presente em Springer Nature Link/S1.,Springer Nature Link/S2,não
Springer Nature Link,S2,Springer S2 — Lesões e alterações gástricas,sp_10.1186_s12876-023-02788-2,A single-center prospective study evaluating the usefulness of artificial intelligence for the diagnosis of esophageal squamous cell carcinoma in a real-time setting,Yasuhiro Tani; Ryu Ishihara; Takahiro Inoue; Yuki Okubo; Yushi Kawakami; Katsunori Matsueda; Muneaki Miyake; Shunsuke Yoshii; Satoki Shichijo; Takashi Kanesaka; Sachiko Yamamoto; Yoji Takeuchi; Koji Higashino; Noriya Uedo; Tomoki Michida; Yusuke Kato; Tomohiro Tada,2023,10.1186/s12876-023-02788-2,BMC Gastroenterology,included,DL/CV em endoscopia com achado do trato GI alto.,Springer Nature Link/S2,sim
Springer Nature Link,S2,Springer S2 — Lesões e alterações gástricas,sp_10.1007_s00464-023-10156-0,Application of machine learning to predict postoperative gastrointestinal bleed in bariatric surgery,Justin L. Hsu; Kevin A. Chen; Logan R. Butler; Anoosh Bahraini; Muneera R. Kapadia; Shawn M. Gomez; Timothy M. Farrell,2023,10.1007/s00464-023-10156-0,Surgical Endoscopy,included,"Título/keywords indicam DL/CV em endoscopia digestiva alta ou achado GI, mesmo sem abstract.",Springer Nature Link/S2,não
Springer Nature Link,S2,Springer S2 — Lesões e alterações gástricas,sp_10.1007_s00431-026-06833-6,"Adherence to guidelines, pitfalls, and emerging technologies in endoscopic practice for celiac disease: a nationwide SIGENP survey",Silvana Ancona; Federica Malerba; Federico Medina; Paolo Gandullia; Andrea Chiaro; Sara Renzo; Paola De Angelis; Claudio Romano; Monica Malamisura; Renata Auricchio; Marco Crocco,2026,10.1007/s00431-026-06833-6,European Journal of Pediatrics,included,Título/keywords indicam endoscopia + achado GI alto; presume-se CAD/análise de imagem.,Springer Nature Link/S2,não
Springer Nature Link,S2,Springer S2 — Lesões e alterações gástricas,sp_10.1007_s00216-024-05545-w,Raman fiber-optic probe for rapid diagnosis of gastric and esophageal tumors with machine learning analysis or similarity assessments: a comparative study,Shiyan Fang; Pei Xu; Siyi Wu; Zhou Chen; Junqing Yang; Haibo Xiao; Fangbao Ding; Shuchun Li; Jin Sun; Zirui He; Jian Ye; Linley Li Lin,2024,10.1007/s00216-024-05545-w,Analytical and Bioanalytical Chemistry,included,"Título/keywords indicam DL/CV em endoscopia digestiva alta ou achado GI, mesmo sem abstract.",Springer Nature Link/S2,não
Springer Nature Link,S2,Springer S2 — Lesões e alterações gástricas,sp_10.1038_s41598-022-20610-z,Artificial intelligence-enhanced volumetric laser endomicroscopy improves dysplasia detection in Barrett’s esophagus in a randomized cross-over study,Allon Kahn; Matthew J. Mc; Kinley; Molly Stewart; Kenneth K. Wang; Prasad G. Iyer; Cadman L. Leggett; Arvind J. Trindade,2022,10.1038/s41598-022-20610-z,Scientific Reports,included,DL/CV em endoscopia com achado do trato GI alto.,Springer Nature Link/S2,sim
Springer Nature Link,S2,Springer S2 — Lesões e alterações gástricas,sp_10.1245_s10434-024-16701-y,Machine Learning Prediction of Early Recurrence in Gastric Cancer: A Nationwide Real-World Study,Xing-Qi Zhang; Ze-Ning Huang; Ju Wu; Xiao-Dong Liu; Rong-Zhen Xie; Ying-Xin Wu; Chang-Yue Zheng; Chao-Hui Zheng; Ping Li; Jian-Wei Xie; Jia-Bin Wang; Qi-Chen He; Wen-Wu Qiu; Yi-Hui Tang; Hao-Xiang Zhang; Yan-Bing Zhou; Jian-Xian Lin; Chang-Ming Huang,2024,10.1245/s10434-024-16701-y,Annals of Surgical Oncology,included,"Título/keywords indicam DL/CV em endoscopia digestiva alta ou achado GI, mesmo sem abstract.",Springer Nature Link/S2,não
Springer Nature Link,S2,Springer S2 — Lesões e alterações gástricas,sp_10.1186_s12913-025-12218-6,Machine learning-driven prediction of medical expenses in triple-vessel PCI patients using feature selection,Kuan-Yu Chen; Yen-Chun Huang; Chih-Kuang Liu; Shao-Jung Li; Mingchih Chen,2025,10.1186/s12913-025-12218-6,BMC Health Services Research,included,Sem abstract; recuperado por string forte (Springer-Nature-Link/S2) que já restringe a endoscopia alta + IA/DL e exclui colorretal — confiável.,Springer Nature Link/S2,não
Springer Nature Link,S2,Springer S2 — Lesões e alterações gástricas,sp_10.1038_s41467-022-31339-8,Instant diagnosis of gastroscopic biopsy via deep-learned single-shot femtosecond stimulated Raman histology,Zhijie Liu; Wei Su; Jianpeng Ao; Min Wang; Qiuli Jiang; Jie He; Hua Gao; Shu Lei; Jinshan Nie; Xuefeng Yan; Xiaojing Guo; Pinghong Zhou; Hao Hu; Minbiao Ji,2022,10.1038/s41467-022-31339-8,Nature Communications,duplicate,"Duplicata de 'Instant diagnosis of gastroscopic biopsy via deep-learned single-shot
femtosecon…' já presente em Web of Science/S1.",Springer Nature Link/S2,sim
Springer Nature Link,S2,Springer S2 — Lesões e alterações gástricas,sp_10.1038_s41598-022-19639-x,An xception model based on residual attention mechanism for the classification of benign and malignant gastric ulcers,Yixin Liu; Lihang Zhang; Zezhou Hao; Ziyuan Yang; Shanjuan Wang; Xiaoguang Zhou; Qing Chang,2022,10.1038/s41598-022-19639-x,Scientific Reports,duplicate,Duplicata de 'An xception model based on residual attention mechanism for the classification o…' já presente em Springer Nature Link/S1.,Springer Nature Link/S2,sim
Springer Nature Link,S2,Springer S2 — Lesões e alterações gástricas,sp_10.1186_s12967-020-02660-x,Deep learning model for classifying endometrial lesions,Yun; Zheng Zhang; Zi; Hao Wang; Jin Zhang; Cui; Cui Wang; Yu; Shan Wang; Hao Chen; Lu; He Shan; Jia; Ning Huo; Jia; Hui Gu; Xiaoxin Ma,2021,10.1186/s12967-020-02660-x,Journal of Translational Medicine,excluded,Visão computacional sem vínculo com endoscopia/achados GI altos.,Springer Nature Link/S2,sim
Springer Nature Link,S2,Springer S2 — Lesões e alterações gástricas,sp_10.1007_s12029-025-01245-5,Correlation between Tomographic and Histopathological Staging in Upfront Resected Gastric Cancer: Enhancing Diagnostic Accuracy in the Era of Perioperative Therapy,Kaival Gundavda; Aishvarya Shri Rajasimman; Shraddha Patkar; Renish Chhatrala; Akshay D. Baheti; Purvi Haria; Manjushree Kolhe; Manish Bhandare; Vikram Chaudhari; Shailesh V. Shrikhande,2025,10.1007/s12029-025-01245-5,Journal of Gastrointestinal Cancer,included,"Título/keywords indicam DL/CV em endoscopia digestiva alta ou achado GI, mesmo sem abstract.",Springer Nature Link/S2,não
Springer Nature Link,S2,Springer S2 — Lesões e alterações gástricas,sp_10.1007_978-3-031-19671-3_48,Endoscopic Staging and Resection for Early Gastric Cancer,Jason Samarasena; Anastasia Chahine; Joo Ha Hwang,2023,10.1007/978-3-031-19671-3_48,The AFS Textbook of Foregut Disease,included,Título/keywords indicam endoscopia + achado GI alto; presume-se CAD/análise de imagem.,Springer Nature Link/S2,não
Springer Nature Link,S2,Springer S2 — Lesões e alterações gástricas,sp_10.1007_s11695-024-07641-3,Histopathological Examination of 404 Sleeve Gastrectomy Specimens at a Large UK Center and Systematic Review of the Published Literature,Hannah Briggs; Edward J Nevins; Aya Musbahi,2024,10.1007/s11695-024-07641-3,Obesity Surgery,included,Sem abstract; recuperado por string forte (Springer-Nature-Link/S2) que já restringe a endoscopia alta + IA/DL e exclui colorretal — confiável.,Springer Nature Link/S2,não
Springer Nature Link,S2,Springer S2 — Lesões e alterações gástricas,sp_10.1007_s11938-024-00441-9,Barrett’s Esophagus: Who and How Do We Screen?,Bibek Saha; Anjul Verma; Prasad G. Iyer,2024,10.1007/s11938-024-00441-9,Current Treatment Options in Gastroenterology,included,Sem abstract; recuperado por string forte (Springer-Nature-Link/S2) que já restringe a endoscopia alta + IA/DL e exclui colorretal — confiável.,Springer Nature Link/S2,não
Springer Nature Link,S2,Springer S2 — Lesões e alterações gástricas,sp_10.1007_s10120-022-01330-9,Cooperation between artificial intelligence and endoscopists for diagnosing invasion depth of early gastric cancer,Atsushi Goto; Naoto Kubota; Jun Nishikawa; Ryo Ogawa; Koichi Hamabe; Shinichi Hashimoto; Hiroyuki Ogihara; Yoshihiko Hamamoto; Hideo Yanai; Osamu Miura; Taro Takami,2022,10.1007/s10120-022-01330-9,Gastric Cancer,included,DL/CV em endoscopia com achado do trato GI alto.,Springer Nature Link/S2,sim
Springer Nature Link,S2,Springer S2 — Lesões e alterações gástricas,sp_10.1038_s41598-024-66754-y,Predictive modeling of lower extreme deep vein thrombosis following radical gastrectomy for gastric cancer: based on multiple machine learning methods,Haiyan Zhou; Yongyan Jin; Guofeng Chen; Xiaoli Jin; Jian Chen; Jun Wang,2024,10.1038/s41598-024-66754-y,Scientific Reports,included,DL/CV aplicado a achados do trato GI alto — presume-se imagens endoscópicas/histopatológicas.,Springer Nature Link/S2,sim
Springer Nature Link,S2,Springer S2 — Lesões e alterações gástricas,sp_10.1186_s13244-026-02242-3,Application value of gastric contrast ultrasonography in gastric tumors,Guanmo Liu; Jie Li; Hua Liang; Zicheng Zheng; Chenggang Zhang; Yixuan He; Yihua Wang; Yang Gui; Weiming Kang; Xin Ye,2026,10.1186/s13244-026-02242-3,Insights into Imaging,included,DL/CV em endoscopia com achado do trato GI alto.,Springer Nature Link/S2,sim
Springer Nature Link,S2,Springer S2 — Lesões e alterações gástricas,sp_10.1186_s12893-026-03531-w,Preoperative Hill's classification as a predictor of postoperative gastroesophageal reflux disease following laparoscopic sleeve gastrectomy: a prospective multicenter study from Egypt,Atteyat A. Semeya; Esayed Elmokadem; Raafat S. A. Abdel Hafez; Mohammed Siam; Amira A. A. Othman; Mohamed Mahmoud Abdalgaliel,2026,10.1186/s12893-026-03531-w,BMC Surgery,included,Sem abstract; recuperado por string forte (Springer-Nature-Link/S2) que já restringe a endoscopia alta + IA/DL e exclui colorretal — confiável.,Springer Nature Link/S2,não
Springer Nature Link,S2,Springer S2 — Lesões e alterações gástricas,sp_10.1186_s12876-022-02626-x,Establishing machine learning models to predict the early risk of gastric cancer based on lifestyle factors,Mohammad Reza Afrash; Mohsen Shafiee; Hadi Kazemi-Arpanahi,2023,10.1186/s12876-022-02626-x,BMC Gastroenterology,included,DL/CV em endoscopia com achado do trato GI alto.,Springer Nature Link/S2; Springer Nature Link/S3,sim
Springer Nature Link,S2,Springer S2 — Lesões e alterações gástricas,sp_10.1007_s12065-025-01084-0,Skewed medical data-oriented parallel modular diagnosis via scalable belief-ruled hierarchy,Xingwu Zeng; Leilei Chang; Qianqian Wang; Xiaobin Xu; Shuo Zhang; Bingbing Hou,2025,10.1007/s12065-025-01084-0,Evolutionary Intelligence,included,Sem abstract; recuperado por string forte (Springer-Nature-Link/S2) que já restringe a endoscopia alta + IA/DL e exclui colorretal — confiável.,Springer Nature Link/S2,não
Springer Nature Link,S2,Springer S2 — Lesões e alterações gástricas,sp_10.1007_978-3-031-66846-3_33,Management Algorithms Relevant to Oesophageal Reconstruction,Muntzer Mughal,2025,10.1007/978-3-031-66846-3_33,Reconstructive Surgery of the Oesophagus and Stomach,included,Sem abstract; recuperado por string forte (Springer-Nature-Link/S2) que já restringe a endoscopia alta + IA/DL e exclui colorretal — confiável.,Springer Nature Link/S2,não
Springer Nature Link,S2,Springer S2 — Lesões e alterações gástricas,sp_10.1007_s10846-023-02001-2,Theory and Application of High-Precision Preoperative Positioning for Cochlear Surgical Robot,Hengjia Liu; Hongjian Yu; Zhijiang Du; Feng Liu; Xuanbo Fan; Lining Sun,2023,10.1007/s10846-023-02001-2,Journal of Intelligent & Robotic Systems,duplicate,Duplicata de 'Theory and Application of High-Precision Preoperative Positioning for Cochlear S…' já presente em Springer Nature Link/S1.,Springer Nature Link/S2,não
Springer Nature Link,S2,Springer S2 — Lesões e alterações gástricas,sp_10.1186_s44315-025-00036-8,Blue bioeconomy and biotechnology: towards a sustainably growing microalgae industry,Doris Ying Ying Tang; Cendy Ooi; Pau Loke Show,2025,10.1186/s44315-025-00036-8,Blue Biotechnology,included,Sem abstract; recuperado por string forte (Springer-Nature-Link/S2) que já restringe a endoscopia alta + IA/DL e exclui colorretal — confiável.,Springer Nature Link/S2,não
Springer Nature Link,S2,Springer S2 — Lesões e alterações gástricas,sp_10.1186_s41239-025-00540-2,Design and assessment of AI-based learning tools in higher education: a systematic review,Jihao Luo; Chenxu Zheng; Jiamin Yin; Hock Hai Teo,2025,10.1186/s41239-025-00540-2,International Journal of Educational Technology in Higher Education,included,Sem abstract; recuperado por string forte (Springer-Nature-Link/S2) que já restringe a endoscopia alta + IA/DL e exclui colorretal — confiável.,Springer Nature Link/S2,não
Springer Nature Link,S2,Springer S2 — Lesões e alterações gástricas,sp_10.1007_s11270-023-06125-x,"Herbicide Use in the Era of Farm to Fork: Strengths, Weaknesses, and Future Implications",Vassilios Triantafyllidis; Antonios Mavroeidis; Chariklia Kosma; Ioannis Konstantinos Karabagias; Anastasios Zotos; George Kehayias; Dimitrios Beslemes; Ioannis Roussis; Dimitrios Bilalis; Garyfalia Economou; Ioanna Kakabouki,2023,10.1007/s11270-023-06125-x,"Water, Air, & Soil Pollution",included,Sem abstract; recuperado por string forte (Springer-Nature-Link/S2) que já restringe a endoscopia alta + IA/DL e exclui colorretal — confiável.,Springer Nature Link/S2,não
Springer Nature Link,S2,Springer S2 — Lesões e alterações gástricas,sp_10.1007_s11739-024-03846-7,Eosinophilic oesophagitis in adults: from symptoms to therapeutic options,Carlo Maria Rossi; Marco Vincenzo Lenti; Giovanni Santacroce; Stefania Merli; Alessandro Vanoli; Antonio Di Sabatino,2024,10.1007/s11739-024-03846-7,Internal and Emergency Medicine,included,Sem abstract; recuperado por string forte (Springer-Nature-Link/S2) que já restringe a endoscopia alta + IA/DL e exclui colorretal — confiável.,Springer Nature Link/S2,não
Springer Nature Link,S2,Springer S2 — Lesões e alterações gástricas,sp_10.1007_978-981-99-9392-5_21,Gastrointestinal Stromal Tumors Recurrence After Stopping Adjuvant Therapy,Xiaoqi Li; Wenze Wan; Han Liang,2024,10.1007/978-981-99-9392-5_21,Clinical Management of Gastrointestinal Stromal Tumor,included,Sem abstract; recuperado por string forte (Springer-Nature-Link/S2) que já restringe a endoscopia alta + IA/DL e exclui colorretal — confiável.,Springer Nature Link/S2,não
Springer Nature Link,S2,Springer S2 — Lesões e alterações gástricas,sp_10.1007_978-3-030-97610-1_30,Improving Gastroesophageal Reflux Diseases Classification Diagnosis from Endoscopic Images Using StyleGAN2-ADA,Phuong-Thao Nguyen; Thanh-Hai Tran; Viet-Hang Dao; Hai Vu,2022,10.1007/978-3-030-97610-1_30,Artificial Intelligence in Data and Big Data Processing,duplicate,Duplicata de 'Improving Gastroesophageal Reflux Diseases Classification Diagnosis from Endosco…' já presente em Springer Nature Link/S1.,Springer Nature Link/S2,não
Springer Nature Link,S2,Springer S2 — Lesões e alterações gástricas,sp_10.1007_s11894-026-01041-6,A Practical Guide to Incorporating Novel Barrett’s Screening/Surveillance Tools into Clinical Practice,Brian E. White; Alexandra L. Strauss Starling,2026,10.1007/s11894-026-01041-6,Current Gastroenterology Reports,included,Sem abstract; recuperado por string forte (Springer-Nature-Link/S2) que já restringe a endoscopia alta + IA/DL e exclui colorretal — confiável.,Springer Nature Link/S2,não
Springer Nature Link,S2,Springer S2 — Lesões e alterações gástricas,sp_10.1007_s10620-026-09978-4,A Comparison of the ABC and AIMS65 Scores in Predicting Outcomes in Patients with Acute Upper Gastrointestinal Bleeding: A Retrospective Multicenter Study,Ali Sohail; Uday Sankar Akash Vankayala; Bivin George; Taimur Aslam; Jon Javor; Liliane Deeb,2026,10.1007/s10620-026-09978-4,Digestive Diseases and Sciences,included,Título/keywords indicam endoscopia + achado GI alto; presume-se CAD/análise de imagem.,Springer Nature Link/S2,não
Springer Nature Link,S2,Springer S2 — Lesões e alterações gástricas,sp_10.1038_s41598-025-02540-8,Development and validation of a hypoxemia prediction model in middle-aged and elderly outpatients undergoing painless gastroscopy,Leilei Zheng; Xinyan Wu; Wei Gu; Rui Wang; Jing Wang; Hongying He; Zhao Wang; Bin Yi; Yi Zhang,2025,10.1038/s41598-025-02540-8,Scientific Reports,included,Sem abstract; recuperado por string forte (Springer-Nature-Link/S2) que já restringe a endoscopia alta + IA/DL e exclui colorretal — confiável.,Springer Nature Link/S2,não
Springer Nature Link,S2,Springer S2 — Lesões e alterações gástricas,sp_10.1038_s41598-021-87737-3,Artificial intelligence-assisted analysis of endoscopic retrograde cholangiopancreatography image for identifying ampulla and difficulty of selective cannulation,Taesung Kim; Jinhee Kim; Hyuk Soon Choi; Eun Sun Kim; Bora Keum; Yoon Tae Jeen; Hong Sik Lee; Hoon Jai Chun; Sung Yong Han; Dong Uk Kim; Soonwook Kwon; Jaegul Choo; Jae Min Lee,2021,10.1038/s41598-021-87737-3,Scientific Reports,duplicate,Duplicata de 'Artificial intelligence-assisted analysis of endoscopic retrograde cholangiopanc…' já presente em Springer Nature Link/S1.,Springer Nature Link/S2,sim
Springer Nature Link,S2,Springer S2 — Lesões e alterações gástricas,sp_10.1007_978-981-95-7588-6_1,Green Technology for Phytochemicals,Pharkphoom Panichayupakaranant,2026,10.1007/978-981-95-7588-6_1,Phytoceuticals for Sustainable Medication,included,Sem abstract; recuperado por string forte (Springer-Nature-Link/S2) que já restringe a endoscopia alta + IA/DL e exclui colorretal — confiável.,Springer Nature Link/S2,não
Springer Nature Link,S2,Springer S2 — Lesões e alterações gástricas,sp_10.1007_978-3-031-90570-4_9,Esophagitis and Barrett’s Esophagus,Giuseppe Galloro; Rosa Maione; Alessia Chini,2026,10.1007/978-3-031-90570-4_9,Functional Diseases of the Esophagus,included,Sem abstract; recuperado por string forte (Springer-Nature-Link/S2) que já restringe a endoscopia alta + IA/DL e exclui colorretal — confiável.,Springer Nature Link/S2,não
Springer Nature Link,S2,Springer S2 — Lesões e alterações gástricas,sp_10.1007_s10730-026-09581-0,“No BLT”: The Rise and Risk of Acronyms in the Medical Record,Isha Harshe; Rebecca Soistmann; Kenneth Goodman,2026,10.1007/s10730-026-09581-0,HEC Forum,included,Sem abstract; recuperado por string forte (Springer-Nature-Link/S2) que já restringe a endoscopia alta + IA/DL e exclui colorretal — confiável.,Springer Nature Link/S2,não
Springer Nature Link,S2,Springer S2 — Lesões e alterações gástricas,sp_10.1186_s12880-025-01681-6,Predictive value of high-risk esophageal varices in cirrhosis based on dual-energy CT combined with clinical and serologic features,Jiewen Chen; Fei Zhang; Shuitian Wu; Disi Liu; Liyang Yang; Meng Li; Ming Yin; Kun Ma; Ge Wen; Weikang Huang,2025,10.1186/s12880-025-01681-6,BMC Medical Imaging,included,Sem abstract; recuperado por string forte (Springer-Nature-Link/S2) que já restringe a endoscopia alta + IA/DL e exclui colorretal — confiável.,Springer Nature Link/S2,não
Springer Nature Link,S2,Springer S2 — Lesões e alterações gástricas,sp_10.1186_s43593-022-00038-8,Computational coherent Raman scattering imaging: breaking physical barriers by fusion of advanced instrumentation and data science,Haonan Lin; Ji-Xin Cheng,2023,10.1186/s43593-022-00038-8,eLight,duplicate,Duplicata de 'Computational coherent Raman scattering imaging: breaking physical barriers by f…' já presente em Springer Nature Link/S1.,Springer Nature Link/S2,sim
Springer Nature Link,S2,Springer S2 — Lesões e alterações gástricas,sp_10.1007_978-3-031-17979-2_2,"Self-supervised Approach for a Fully Assistive Esophageal Surveillance: Quality, Anatomy and Neoplasia Guidance",Ziang Xu; Sharib Ali; Numan Celik; Adam Bailey; Barbara Braden; Jens Rittscher,2022,10.1007/978-3-031-17979-2_2,Cancer Prevention Through Early Detection,duplicate,"Duplicata de 'Self-supervised Approach for a Fully Assistive Esophageal Surveillance: Quality,…' já presente em Springer Nature Link/S1.",Springer Nature Link/S2,não
Springer Nature Link,S2,Springer S2 — Lesões e alterações gástricas,sp_10.1038_s41598-024-73387-8,Spectrum aided vision enhancer enhances mucosal visualization by hyperspectral imaging in capsule endoscopy,Yen-Po Wang; Riya Karmakar; Arvind Mukundan; Yu-Ming Tsao; Te-Chin Sung; Ching-Liang Lu; Hsiang-Chen Wang,2024,10.1038/s41598-024-73387-8,Scientific Reports,included,"Sinais ambíguos no abstract, mas recuperado por string forte (Springer-Nature-Link/S2) com filtro endoscopia alta + IA — confiável.",Springer Nature Link/S2,sim
Springer Nature Link,S2,Springer S2 — Lesões e alterações gástricas,sp_10.1245_s10434-026-19622-0,Improved Clinical Outcomes in Anastomotic Leak Management Using Preemptive Endoscopic Vacuum Therapy After Esophagectomy,Jennifer Merten; Markus Karl Kostka; Carsten Szardenings; Jens Peter Hölzen; Mazen A. Juratli; Nader El-Sourani; Andreas Pascher; Ann-Kathrin Eichelmann,2026,10.1245/s10434-026-19622-0,Annals of Surgical Oncology,included,"Sinais ambíguos no abstract, mas recuperado por string forte (Springer-Nature-Link/S2) com filtro endoscopia alta + IA — confiável.",Springer Nature Link/S2,sim
Springer Nature Link,S2,Springer S2 — Lesões e alterações gástricas,sp_10.1007_978-3-030-56993-8_3,Esophageal Neoplasia: Endoscopic Diagnosis and Treatment,Gaius Longcroft-Wheaton; Asma Alkandari; Pradeep Bhandari,2022,10.1007/978-3-030-56993-8_3,Gastrointestinal and Pancreatico-Biliary Diseases: Advanced Diagnostic and Therapeutic Endoscopy,included,Título/keywords indicam endoscopia + achado GI alto; presume-se CAD/análise de imagem.,Springer Nature Link/S2,não
Springer Nature Link,S2,Springer S2 — Lesões e alterações gástricas,sp_10.1007_s11894-023-00876-7,Evaluation of Esophageal Dysphagia in Elderly Patients,Khanh Hoang Nicholas Le; Eric E. Low; Rena Yadlapati,2023,10.1007/s11894-023-00876-7,Current Gastroenterology Reports,included,Sem abstract; recuperado por string forte (Springer-Nature-Link/S2) que já restringe a endoscopia alta + IA/DL e exclui colorretal — confiável.,Springer Nature Link/S2,não
Springer Nature Link,S2,Springer S2 — Lesões e alterações gástricas,sp_10.1007_s00464-025-12549-9,Comparative safety and efficacy of endoscopic band ligation versus endoscopic radiofrequency ablation for gastroesophageal reflux disease,Wenjuan Wang; Liya Luo; Qing Shi; Zhengqi Yang; Canyu Zhan; Hanlin Liu; Hong Yang; Suye Ran; Min Wen; Sha Zou; Liju Liu; Linya Huang; Qi Liu; Lingyu Song,2026,10.1007/s00464-025-12549-9,Surgical Endoscopy,included,Título/keywords indicam endoscopia + achado GI alto; presume-se CAD/análise de imagem.,Springer Nature Link/S2,não
Springer Nature Link,S2,Springer S2 — Lesões e alterações gástricas,sp_10.1186_s13000-023-01293-0,Machine learning-based model for predicting the esophagogastric variceal bleeding risk in liver cirrhosis patients,Yixin Hou; Hao Yu; Qun Zhang; Yuying Yang; Xiaoli Liu; Xianbo Wang; Yuyong Jiang,2023,10.1186/s13000-023-01293-0,Diagnostic Pathology,included,DL/CV em endoscopia com achado do trato GI alto.,Springer Nature Link/S2,sim
Springer Nature Link,S2,Springer S2 — Lesões e alterações gástricas,sp_10.1038_s44321-025-00194-7,An AI-assisted morphoproteomic approach is a supportive tool in esophagitis-related precision medicine,Sven Mattern; Vanessa Hollfoth; Eyyub Bag; Arslan Ali; Philip Riemenschneider; Mohamed A Jarboui; Karsten Boldt; Mihaly Sulyok; Anabel Dickemann; Julia Luibrand; Stefano Fusco; Mirita Franz-Wachtel; Kerstin Singer; Benjamin Goeppert; Oliver Schilling; Nisar Malek; Falko Fend; Boris Macek; Marius Ueffing; Stephan Singer,2025,10.1038/s44321-025-00194-7,EMBO Molecular Medicine,included,DL/CV aplicado a achados do trato GI alto — presume-se imagens endoscópicas/histopatológicas.,Springer Nature Link/S2,sim
Springer Nature Link,S2,Springer S2 — Lesões e alterações gástricas,sp_10.1007_978-3-031-21317-5_12,Endoscopy: Is There Anything New?,Cristina Trovato,2023,10.1007/978-3-031-21317-5_12,Hereditary Gastric and Breast Cancer Syndrome,included,Sem abstract; recuperado por string forte (Springer-Nature-Link/S2) que já restringe a endoscopia alta + IA/DL e exclui colorretal — confiável.,Springer Nature Link/S2,não
Springer Nature Link,S2,Springer S2 — Lesões e alterações gástricas,sp_10.1007_s40812-025-00355-2,From agriculture to agroindustry: the European Union Farm to Fork policy,Mariano Weber; Marco Ciro Liscio; Daniele Bregoli; Paolo Sospiro,2025,10.1007/s40812-025-00355-2,Journal of Industrial and Business Economics,included,"Sinais ambíguos no abstract, mas recuperado por string forte (Springer-Nature-Link/S2) com filtro endoscopia alta + IA — confiável.",Springer Nature Link/S2; Springer Nature Link/S4,sim
Springer Nature Link,S2,Springer S2 — Lesões e alterações gástricas,sp_10.1007_s11227-021-03630-w,Adoption value of deep learning and serological indicators in the screening of atrophic gastritis based on artificial intelligence,Jianhai Zhang; Jianhong Yu; Suna Fu; Xinhua Tian,2021,10.1007/s11227-021-03630-w,The Journal of Supercomputing,duplicate,Duplicata de 'Adoption value of deep learning and serological indicators in the screening of a…' já presente em Springer Nature Link/S1.,Springer Nature Link/S2,não
Springer Nature Link,S2,Springer S2 — Lesões e alterações gástricas,sp_10.1007_978-981-16-6963-7_1,Research on Multi-label of Gastritis Pathological Images Based on Weakly Supervised Deep Learning,Haoyang Cui; Xie Ding; Jingyi Zhang; Dan Huang; Yi Wang; Qinghua You; Boqiang Zhang; Yu Wang; Jiaxu Zhao,2022,10.1007/978-981-16-6963-7_1,"The International Conference on Image, Vision and Intelligent Systems (ICIVIS 2021)",included,"Título/keywords indicam DL/CV em endoscopia digestiva alta ou achado GI, mesmo sem abstract.",Springer Nature Link/S2,não
Springer Nature Link,S2,Springer S2 — Lesões e alterações gástricas,sp_10.1007_s10620-025-08983-3,Advancing Upper Gastrointestinal Cancer Detection: A Single-Center Pilot Study Exploring the Potential of Electrical Impedance Spectroscopy in Endoscopic Procedures,Hadi Mokhtari Dowlatabad; Reihane Mahdavi; Seyed Rouhollah Miri; Mohammad Reza Fattahi; Hossein Ataee; Narges Yousefpour; Navid Manoochehri; Reza Taslimi; Mohammad Abdolahad,2025,10.1007/s10620-025-08983-3,Digestive Diseases and Sciences,included,Título/keywords indicam endoscopia + achado GI alto; presume-se CAD/análise de imagem.,Springer Nature Link/S2,não
Springer Nature Link,S2,Springer S2 — Lesões e alterações gástricas,sp_10.1186_s12876-022-02589-z,Magnetic controlled capsule endoscope (MCCE)‘s diagnostic performance for <i>H. pylori</i> infection status based on the Kyoto classification of gastritis,Sun Xi; Liu Jing; Wu Lili; Li Tingting; Li Jun; Wang Ming; Wang Zhiqiang; Jin Peng,2022,10.1186/s12876-022-02589-z,BMC Gastroenterology,included,"Sinais ambíguos no abstract, mas recuperado por string forte (Springer-Nature-Link/S2) com filtro endoscopia alta + IA — confiável.",Springer Nature Link/S2; Springer Nature Link/S3,sim
Springer Nature Link,S2,Springer S2 — Lesões e alterações gástricas,sp_10.1007_s10029-025-03516-3,Evaluation of the safety and effectiveness of crural reinforcement with bio-a<sup>®</sup> or phasix-st<sup>®</sup> mesh: results from a multicenter study,Alberto Aiolfi; Davide Bona; Sara De Bernardi; Francesca Lombardo; Michele Manara; Gianluca Bonitta; Quan Wang; Marta Cavalli; Giampiero Campanelli; Luigi Bonavina,2025,10.1007/s10029-025-03516-3,Hernia,included,"Sinais ambíguos no abstract, mas recuperado por string forte (Springer-Nature-Link/S2) com filtro endoscopia alta + IA — confiável.",Springer Nature Link/S2,sim
Springer Nature Link,S2,Springer S2 — Lesões e alterações gástricas,sp_10.1007_s10140-025-02417-3,Adrenal abscesses: an uncommon and unexpected cause of the acute abdomen,Connor W. Smith; Hajra Arshad; Elliot K. Fishman,2025,10.1007/s10140-025-02417-3,Emergency Radiology,included,Sem abstract; recuperado por string forte (Springer-Nature-Link/S2) que já restringe a endoscopia alta + IA/DL e exclui colorretal — confiável.,Springer Nature Link/S2,não
Springer Nature Link,S2,Springer S2 — Lesões e alterações gástricas,sp_10.1007_s12029-022-00874-4,Post-Endoscopy Upper Gastrointestinal Cancer Rate in a Tertiary Referral Centre: An Australian Data Linkage Analysis,Naeman Goetz; Mehul Lamba; Kimberley Ryan; Florian Grimpen,2022,10.1007/s12029-022-00874-4,Journal of Gastrointestinal Cancer,included,Título/keywords indicam endoscopia + achado GI alto; presume-se CAD/análise de imagem.,Springer Nature Link/S2; Web of Science/S2,não
Springer Nature Link,S2,Springer S2 — Lesões e alterações gástricas,sp_10.1007_s00404-024-07677-x,"Hysteroscopy: where did we start, and where are we now? The compelling story of what many considered the “Cinderella” of gynecological endoscopy",Salvatore Giovanni Vitale; Andrea Giannini; Jose Carugno; Bruno van Herendael; Gaetano Riemma; Luis Alonso Pacheco; Amal Drizi; Liliana Mereu; Stefano Bettocchi; Stefano Angioni; Sergio Haimovich,2024,10.1007/s00404-024-07677-x,Archives of Gynecology and Obstetrics,included,"Endoscopia sem CV explícito no abstract, mas recuperado por string forte (Springer-Nature-Link/S2) que filtra IA/DL — confiável.",Springer Nature Link/S2,sim
Springer Nature Link,S2,Springer S2 — Lesões e alterações gástricas,sp_10.1007_978-3-032-07649-6_46,"Business Ethics, Sustainable Research, and the Declaration of Helsinki",Joel Faintuch; Salomao Faintuch,2025,10.1007/978-3-032-07649-6_46,Business Ethics in the Healthcare Industry,included,Sem abstract; recuperado por string forte (Springer-Nature-Link/S2) que já restringe a endoscopia alta + IA/DL e exclui colorretal — confiável.,Springer Nature Link/S2,não
Springer Nature Link,S2,Springer S2 — Lesões e alterações gástricas,sp_10.1007_978-981-19-4546-5_35,An Improved SSD-Based Gastric Cancer Detection Method,Minggui Liu; Zhiming Luo; Donglin Cao; Dazhen Lin; Songzhi Su; Shaozi Li,2022,10.1007/978-981-19-4546-5_35,Computer Supported Cooperative Work and Social Computing,duplicate,Duplicata de 'An Improved SSD-Based Gastric Cancer Detection Method…' já presente em Springer Nature Link/S1.,Springer Nature Link/S2,não
Springer Nature Link,S2,Springer S2 — Lesões e alterações gástricas,sp_10.1007_s10620-022-07432-9,"Unsedated Transnasal Endoscopy: A Safe, Well-Tolerated and Accurate Alternative to Standard Diagnostic Peroral Endoscopy",Rebecca K. Grant; William M. Brindle; Alexander R. Robertson; Rahul Kalla; John N. Plevris,2022,10.1007/s10620-022-07432-9,Digestive Diseases and Sciences,included,Sem abstract; recuperado por string forte (Springer-Nature-Link/S2) que já restringe a endoscopia alta + IA/DL e exclui colorretal — confiável.,Springer Nature Link/S2,não
Springer Nature Link,S2,Springer S2 — Lesões e alterações gástricas,sp_10.1186_s12876-025-03898-9,Unveiling gastric precancerous stages: metabolomic insights for early detection and intervention,Xiaoyue Zhang; Ziming Lin; Boyan Xu; Chenyu Ma; Bowen Jiang; Yan Geng; Yingyue Sheng; Yuanyuan Dai; Yuzheng Xue; Yilin Ren,2025,10.1186/s12876-025-03898-9,BMC Gastroenterology,included,Sem abstract; recuperado por string forte (Springer-Nature-Link/S2) que já restringe a endoscopia alta + IA/DL e exclui colorretal — confiável.,Springer Nature Link/S2,não
Springer Nature Link,S2,Springer S2 — Lesões e alterações gástricas,sp_10.1007_s10120-023-01394-1,Clinical and endoscopic features of metachronous gastric cancer with possible lymph node metastasis after endoscopic submucosal dissection and <i>Helicobacter pylori</i> eradication,Haruhisa Suzuki; Satoru Nonaka; Iruru Maetani; Takahisa Matsuda; Seiichiro Abe; Shigetaka Yoshinaga; Ichiro Oda; Yukinori Yamagata; Takaki Yoshikawa; Yutaka Saito,2023,10.1007/s10120-023-01394-1,Gastric Cancer,included,Título/keywords indicam endoscopia + achado GI alto; presume-se CAD/análise de imagem.,Springer Nature Link/S2,não
Springer Nature Link,S2,Springer S2 — Lesões e alterações gástricas,sp_10.1186_s12911-023-02324-y,Intelligent identification system of gastric stromal tumors based on blood biopsy indicators,Shangjun Han; Meijuan Song; Jiarui Wang; Yalong Huang; Zuxi Li; Aijia Yang; Changsheng Sui; Zeping Zhang; Jiling Qiao; Jing Yang,2023,10.1186/s12911-023-02324-y,BMC Medical Informatics and Decision Making,included,DL/CV aplicado a achados do trato GI alto — presume-se imagens endoscópicas/histopatológicas.,Springer Nature Link/S2; Springer Nature Link/S3,sim
Springer Nature Link,S2,Springer S2 — Lesões e alterações gástricas,sp_10.1007_s44217-024-00214-7,A tutorial for integrating generative AI in mixed methods data analysis,Celeste Combrinck,2024,10.1007/s44217-024-00214-7,Discover Education,excluded,Fora de escopo — NLP/texto ('chatbot') sem visão computacional em endoscopia.,Springer Nature Link/S2,sim
Springer Nature Link,S2,Springer S2 — Lesões e alterações gástricas,sp_10.1038_s41598-024-76330-z,Development and validation of a novel nomogram to predict worsening of gastroesophageal reflux symptoms after laparoscopic sleeve gastrectomy using Lasso-logistic regression,Lei Jin; Xiao-Kun Huang; Zhen-Yu Gao; Jing Gu; Zhe Zhang; Fei-Qi Xu; Ying Li; Hao-Peng Zhu; Cheng-Fei Du; Jun-Wei Liu; Lei Liang; Zhi-Fei Wang; Xiao-Dong Sun; Zun-Qiang Xiao; Yao-Juan Wu,2024,10.1038/s41598-024-76330-z,Scientific Reports,included,Sem abstract; recuperado por string forte (Springer-Nature-Link/S2) que já restringe a endoscopia alta + IA/DL e exclui colorretal — confiável.,Springer Nature Link/S2,não
Springer Nature Link,S2,Springer S2 — Lesões e alterações gástricas,sp_10.1038_s41598-023-29284-7,Visibility of early gastric cancers by texture and color enhancement imaging using a high-definition ultrathin transnasal endoscope,Yohei Koyama; Mitsushige Sugimoto; Takashi Kawai; Midori Mizumachi; Fumito Yamanishi; Sho Matsumoto; Yuka Suzuki; Daiki Nemoto; Hirokazu Shinohara; Tadashi Ichimiya; Takahiro Muramatsu; Yasuyuki Kagawa; Taisuke Matsumoto; Akira Madarame; Takashi Morise; Kumiko Uchida; Hayato Yamaguchi; Shin Kono; Sakiko Naito; Masakatsu Fukuzawa; Takao Itoi,2023,10.1038/s41598-023-29284-7,Scientific Reports,included,"Sinais ambíguos no abstract, mas recuperado por string forte (Springer-Nature-Link/S2) com filtro endoscopia alta + IA — confiável.",Springer Nature Link/S2,sim
Springer Nature Link,S2,Springer S2 — Lesões e alterações gástricas,sp_10.1186_s12876-025-04375-z,Characterization of neuroendocrine cell hyperplasia in autoimmune gastritis: improving H&E-based diagnosis through systematic training,Lining Wang; Huizhong Xue; Lu Wang; Shanshan Li; Meng Zhao; Xiaogang Liu,2026,10.1186/s12876-025-04375-z,BMC Gastroenterology,included,Sem abstract; recuperado por string forte (Springer-Nature-Link/S2) que já restringe a endoscopia alta + IA/DL e exclui colorretal — confiável.,Springer Nature Link/S2,não
Springer Nature Link,S2,Springer S2 — Lesões e alterações gástricas,sp_10.1007_s42452-025-07027-9,Modeling for prediction of gastric cancer after bariatric surgery: a secondary and multi-method study,Seyyed Amir Yasin Ahmadi; Mohammad Javad Nourmohammadi; Ahmad Madankan; Ali Kabir,2025,10.1007/s42452-025-07027-9,Discover Applied Sciences,included,Sem abstract; recuperado por string forte (Springer-Nature-Link/S2) que já restringe a endoscopia alta + IA/DL e exclui colorretal — confiável.,Springer Nature Link/S2,não
Springer Nature Link,S2,Springer S2 — Lesões e alterações gástricas,sp_10.1186_s12876-025-04461-2,Development of a prediction model for peptic ulcer disease using the fusion of a feature selection strategy and ensemble algorithms,Raoof Nopour,2025,10.1186/s12876-025-04461-2,BMC Gastroenterology,duplicate,Duplicata de 'Development of a prediction model for peptic ulcer disease using the fusion of a…' já presente em Springer Nature Link/S1.,Springer Nature Link/S2,não
Springer Nature Link,S2,Springer S2 — Lesões e alterações gástricas,sp_10.1007_s10620-019-05862-6,Convolutional Neural Network for Differentiating Gastric Cancer from Gastritis Using Magnified Endoscopy with Narrow Band Imaging,Yusuke Horiuchi; Kazuharu Aoyama; Yoshitaka Tokai; Toshiaki Hirasawa; Shoichi Yoshimizu; Akiyoshi Ishiyama; Toshiyuki Yoshio; Tomohiro Tsuchida; Junko Fujisaki; Tomohiro Tada,2019,10.1007/s10620-019-05862-6,Digestive Diseases and Sciences,duplicate,Duplicata de 'Convolutional Neural Network for Differentiating Gastric Cancer from Gastritis U…' já presente em PubMed/S3.,Springer Nature Link/S2,não
Springer Nature Link,S2,Springer S2 — Lesões e alterações gástricas,sp_10.1186_s13014-024-02560-0,Dose to cardiac substructures and cardiovascular events in esophageal cancer patients treated with definitive radiotherapy,Victor Nguyen; Jean-Philippe Metges; Moncef Morjani; Pierre-Guillaume Pourreau; Estelle Dhamelincourt; Lucille QuenehervéOlivier Pradier; Vincent Bourbonne,2024,10.1186/s13014-024-02560-0,Radiation Oncology,included,Sem abstract; recuperado por string forte (Springer-Nature-Link/S2) que já restringe a endoscopia alta + IA/DL e exclui colorretal — confiável.,Springer Nature Link/S2,não
Springer Nature Link,S2,Springer S2 — Lesões e alterações gástricas,sp_10.1007_978-981-19-6203-5_18,Regional Detection of Cervical Lesions Based on Self-attention Mechanism and Multi-scale Feature Enhancement,Ting Feng; Jie Ying; Haima Yang; Fang Li; Han Li,2022,10.1007/978-981-19-6203-5_18,Proceedings of 2022 Chinese Intelligent Systems Conference,included,Sem abstract; recuperado por string forte (Springer-Nature-Link/S2) que já restringe a endoscopia alta + IA/DL e exclui colorretal — confiável.,Springer Nature Link/S2,não
Springer Nature Link,S2,Springer S2 — Lesões e alterações gástricas,sp_10.1007_s42835-019-00259-x,Gastric Lesion Classification Using Deep Learning Based on Fast and Robust Fuzzy C-Means and Simple Linear Iterative Clustering Superpixel Algorithms,Dong-hyun Kim; Hyun; Chin Cho; Hyun-chong Cho,2019,10.1007/s42835-019-00259-x,Journal of Electrical Engineering & Technology,duplicate,"Duplicata de 'Gastric Lesion Classification Using Deep Learning Based on Fast and
Robust Fuzzy…' já presente em Web of Science/S3.",Springer Nature Link/S2,não
Springer Nature Link,S2,Springer S2 — Lesões e alterações gástricas,sp_10.1007_s44230-026-00138-5,Risk Allocation and Incentive Mechanisms in AI-Assisted Medical Diagnosis: A Cross-Disciplinary Analysis Based on Multi-domain Cases,Xinyang Tian; Ruolin Wang; Xinyue Tian,2026,10.1007/s44230-026-00138-5,Human-Centric Intelligent Systems,included,Sem abstract; recuperado por string forte (Springer-Nature-Link/S2) que já restringe a endoscopia alta + IA/DL e exclui colorretal — confiável.,Springer Nature Link/S2,não
Springer Nature Link,S2,Springer S2 — Lesões e alterações gástricas,sp_10.1007_s00431-024-05962-0,Innovative nomogram approach to enhance the prediction of <i>Helicobacter pylori</i> infection in children via magnetic-controlled capsule endoscopy,Ling Wang; Kai Lin; Weiwei Cheng; Xing Wang; Yong Zhang; Yuling Feng; Zhujun Gu; Haifeng Liu,2025,10.1007/s00431-024-05962-0,European Journal of Pediatrics,included,Título/keywords indicam endoscopia + achado GI alto; presume-se CAD/análise de imagem.,Springer Nature Link/S2,não
Springer Nature Link,S2,Springer S2 — Lesões e alterações gástricas,sp_10.1038_s41598-026-41599-9,A novel risk-scoring system based on endoscopic ultrasound and clinical characteristics for the preoperative diagnosis of small gastric gastrointestinal stromal tumors,Luojie Liu; Yunfu Feng; Sijie Zheng; Bin He; Chao Ma; Zhibing Wang; Xiaodan Xu; Jian Chen; Ying Shi,2026,10.1038/s41598-026-41599-9,Scientific Reports,included,Título/keywords indicam endoscopia + achado GI alto; presume-se CAD/análise de imagem.,Springer Nature Link/S2,não
Springer Nature Link,S2,Springer S2 — Lesões e alterações gástricas,sp_10.1007_s10120-019-00992-2,Convolutional neural network for the diagnosis of early gastric cancer based on magnifying narrow band imaging,Lan Li; Yishu Chen; Zhe Shen; Xuequn Zhang; Jianzhong Sang; Yong Ding; Xiaoyun Yang; Jun Li; Ming Chen; Chaohui Jin; Chunlei Chen; Chaohui Yu,2019,10.1007/s10120-019-00992-2,Gastric Cancer,included,"Título/keywords indicam DL/CV em endoscopia digestiva alta ou achado GI, mesmo sem abstract.",Springer Nature Link/S2,não
Springer Nature Link,S2,Springer S2 — Lesões e alterações gástricas,sp_10.1007_s11705-026-2661-7,Photothermal catalysis for plastic upcycling: a review on material design and reaction mechanisms,Haoze Li; Mengyao Wang; Hailong Cheng; Li Wang; Jianping Yang,2026,10.1007/s11705-026-2661-7,ENGINEERING Chemical Engineering,included,Sem abstract; recuperado por string forte (Springer-Nature-Link/S2) que já restringe a endoscopia alta + IA/DL e exclui colorretal — confiável.,Springer Nature Link/S2,não
Springer Nature Link,S2,Springer S2 — Lesões e alterações gástricas,sp_10.1007_s11938-020-00297-9,What Is the Optimal Surveillance Strategy for Non-dysplastic Barrett’s Esophagus?,Ying Gibbens; Prasad G. Iyer,2020,10.1007/s11938-020-00297-9,Current Treatment Options in Gastroenterology,included,Sem abstract; recuperado por string forte (Springer-Nature-Link/S2) que já restringe a endoscopia alta + IA/DL e exclui colorretal — confiável.,Springer Nature Link/S2,não
Springer Nature Link,S2,Springer S2 — Lesões e alterações gástricas,sp_10.1007_s00261-022-03604-3,Implementation of cinematic rendering of gastric masses into clinical practice: a pictorial review,Claire Brookmeyer; Steven P. Rowe; Linda C. Chu; Elliot K. Fishman,2022,10.1007/s00261-022-03604-3,Abdominal Radiology,included,Sem abstract; recuperado por string forte (Springer-Nature-Link/S2) que já restringe a endoscopia alta + IA/DL e exclui colorretal — confiável.,Springer Nature Link/S2,não
Springer Nature Link,S2,Springer S2 — Lesões e alterações gástricas,sp_10.1007_978-3-031-19671-3_22,Screening Technologies for Barrett’s Esophagus and Esophageal Adenocarcinoma,Gary W. Falk; Cadman L. Leggett,2023,10.1007/978-3-031-19671-3_22,The AFS Textbook of Foregut Disease,included,Sem abstract; recuperado por string forte (Springer-Nature-Link/S2) que já restringe a endoscopia alta + IA/DL e exclui colorretal — confiável.,Springer Nature Link/S2,não
Springer Nature Link,S2,Springer S2 — Lesões e alterações gástricas,sp_10.1007_s00371-024-03723-6,Multimodal fusion and knowledge distillation for improved anomaly detection,Meichen Lu; Yi Chai; Kaixiong Xu; Weiqing Chen; Fei Ao; Wen Ji,2024,10.1007/s00371-024-03723-6,The Visual Computer,duplicate,Duplicata de 'Multimodal fusion and knowledge distillation for improved anomaly detection…' já presente em Springer Nature Link/S1.,Springer Nature Link/S2,não
Springer Nature Link,S2,Springer S2 — Lesões e alterações gástricas,sp_10.1007_s11837-026-08273-x,"Materials Engineering of Elastomer–Metal Interfaces Under Corrosion, Wear, and Adhesion Stressors",S. Bhuvanesh; V. Prakash; V. Arul; P. Saravanan; N. Subasree; K. Radhakrishnan; R. Suriyaprakash; Mohammed Alsawat; M. Sherlin Nivetha; Jothi Vinoth Kumar,2026,10.1007/s11837-026-08273-x,JOM,included,Sem abstract; recuperado por string forte (Springer-Nature-Link/S2) que já restringe a endoscopia alta + IA/DL e exclui colorretal — confiável.,Springer Nature Link/S2,não
Springer Nature Link,S2,Springer S2 — Lesões e alterações gástricas,sp_10.1007_s00405-026-10091-5,Evaluation of ChatGPT-4o as a text-based clinical decision support tool for junior otolaryngology residents: A randomized controlled trial,Lise Sogalow; Meryem Miri; Antonino Maniaci; Carlos M. Chiesa-Estomba; Sarah Saxena; Stephane Hans; Giovanni Briganti; Jérôme R. Lechien,2026,10.1007/s00405-026-10091-5,European Archives of Oto-Rhino-Laryngology,included,Sem abstract; recuperado por string forte (Springer-Nature-Link/S2) que já restringe a endoscopia alta + IA/DL e exclui colorretal — confiável.,Springer Nature Link/S2,não
Springer Nature Link,S2,Springer S2 — Lesões e alterações gástricas,sp_10.1007_s00455-024-10740-z,Abstracts from the 31st Meeting of the Dysphagia Research Society,Catriona M. Steele,2024,10.1007/s00455-024-10740-z,Dysphagia,duplicate,Duplicata de 'Abstracts from the 31st Meeting of the Dysphagia Research Society…' já presente em Springer Nature Link/S1.,Springer Nature Link/S2,não
Springer Nature Link,S2,Springer S2 — Lesões e alterações gástricas,sp_10.1186_s41824-025-00274-4,Molecular imaging in the diagnostic process of neuroendocrine tumors: a systematic review on unknown primary origin and suspected NETs,Laura Alonzo; Roberto Cannella; Riccardo Laudicella; Viviana Benfante; Pierpaolo Purpura; Giuseppe Micci; Massimo Galia; Giuseppe Brancatelli; Massimo Midiri; Pierpaolo Alongi,2025,10.1186/s41824-025-00274-4,EJNMMI Reports,included,Sem abstract; recuperado por string forte (Springer-Nature-Link/S2) que já restringe a endoscopia alta + IA/DL e exclui colorretal — confiável.,Springer Nature Link/S2,não
Springer Nature Link,S2,Springer S2 — Lesões e alterações gástricas,sp_10.1007_978-3-030-29964-4_3-1,Esophageal Neoplasia: Endoscopic Diagnosis and Treatment,Gaius Longcroft-Wheaton; Asma Alkandari; Pradeep Bhandari,2021,10.1007/978-3-030-29964-4_3-1,Gastrointestinal and Pancreatico-Biliary Diseases: Advanced Diagnostic and Therapeutic Endoscopy,included,Título/keywords indicam endoscopia + achado GI alto; presume-se CAD/análise de imagem.,Springer Nature Link/S2,não
Springer Nature Link,S2,Springer S2 — Lesões e alterações gástricas,sp_10.1007_978-3-030-90142-4_5,The Role of Endoscopy in Refractory Coeliac Disease,H. A. Penny; S. Chetcuti Zammat; R. Sidhu; D. S. Sanders,2022,10.1007/978-3-030-90142-4_5,Refractory Celiac Disease,included,Título/keywords indicam endoscopia + achado GI alto; presume-se CAD/análise de imagem.,Springer Nature Link/S2,não
Springer Nature Link,S2,Springer S2 — Lesões e alterações gástricas,sp_10.1007_s11938-024-00461-5,"Navigating Cirrhosis: Presentation, Outcomes, and Treatments in Adulthood and Beyond",Hamza Tahir; Manisha Verma; Bakhtawer Siraj; Richard S. Kalman,2024,10.1007/s11938-024-00461-5,Current Treatment Options in Gastroenterology,included,Sem abstract; recuperado por string forte (Springer-Nature-Link/S2) que já restringe a endoscopia alta + IA/DL e exclui colorretal — confiável.,Springer Nature Link/S2,não
Springer Nature Link,S2,Springer S2 — Lesões e alterações gástricas,sp_10.1007_978-3-032-08009-7_17,Robust Early Detection of Barrett’s Neoplasia: Addressing Low-Prevalence Challenges with Generative Modeling,Tim J. M. Jaspers; Francisco Caetano; Cris H. B. Claessens; Carolus H. J. Kusters; Haiko Middeljans; Martijn R. Jong; Rixta A. H. van Eijck van Heslinga; Floor Slooter; Albert Jeroen de Groof; Jacques J. Bergman; Peter H. N. De With; Fons van der Sommen,2026,10.1007/978-3-032-08009-7_17,Data Engineering in Medical Imaging,included,Sem abstract; recuperado por string forte (Springer-Nature-Link/S2) que já restringe a endoscopia alta + IA/DL e exclui colorretal — confiável.,Springer Nature Link/S2,não
Springer Nature Link,S2,Springer S2 — Lesões e alterações gástricas,sp_10.1038_s41746-025-01589-z,Expert of Experts Verification and Alignment (EVAL) Framework for Large Language Models Safety in Gastroenterology,Mauro GiuffrèKisung You; Ziteng Pang; Simone Kresevic; Sunny Chung; Ryan Chen; Youngmin Ko; Colleen Chan; Theo Saarinen; Milos Ajcevic; Lory S. CrocèGuadalupe Garcia-Tsao; Ian Gralnek; Joseph J. Y. Sung; Alan Barkun; Loren Laine; Jasjeet Sekhon; Bradly Stadie; Dennis L. Shung,2025,10.1038/s41746-025-01589-z,npj Digital Medicine,included,Sem abstract; recuperado por string forte (Springer-Nature-Link/S2) que já restringe a endoscopia alta + IA/DL e exclui colorretal — confiável.,Springer Nature Link/S2,não
Springer Nature Link,S2,Springer S2 — Lesões e alterações gástricas,sp_10.1007_s10916-021-01782-z,Improving the Classification Performance of Esophageal Disease on Small Dataset by Semi-supervised Efficient Contrastive Learning,Wenju Du; Nini Rao; Jiahao Yong; Yingchun Wang; Dingcan Hu; Tao Gan; Linlin Zhu; Bing Zeng,2021,10.1007/s10916-021-01782-z,Journal of Medical Systems,duplicate,Duplicata de 'Improving the Classification Performance of Esophageal Disease on Small Dataset …' já presente em Scopus/S1.,Springer Nature Link/S2,não
Springer Nature Link,S2,Springer S2 — Lesões e alterações gástricas,sp_10.1007_978-3-031-78829-1_8,Market—Retailers and Consumers,Dagmar Glatz; David Stakemeier; Sarah Grede; Anna Ziessow; Dietmar Böhm,2025,10.1007/978-3-031-78829-1_8,Circular Economy of Plastics,included,Sem abstract; recuperado por string forte (Springer-Nature-Link/S2) que já restringe a endoscopia alta + IA/DL e exclui colorretal — confiável.,Springer Nature Link/S2,não
Springer Nature Link,S2,Springer S2 — Lesões e alterações gástricas,sp_10.1007_s00464-022-09642-8,Gastric myoelectrical activity based AI-derived threshold predicts resolution of gastroparesis post-pyloric balloon dilation,Mark Noar; Sulman Khan,2022,10.1007/s00464-022-09642-8,Surgical Endoscopy,included,Sem abstract; recuperado por string forte (Springer-Nature-Link/S2) que já restringe a endoscopia alta + IA/DL e exclui colorretal — confiável.,Springer Nature Link/S2,não
Springer Nature Link,S2,Springer S2 — Lesões e alterações gástricas,sp_10.1038_s44259-025-00108-0,Reviewing the complexities of bacterial biocide susceptibility and in vitro biocide adaptation methodologies,Peter O’Reilly; Genevieve Loiselle; Ryan Darragh; Carmine Slipski; Denice C. Bay,2025,10.1038/s44259-025-00108-0,npj Antimicrobials and Resistance,included,Sem abstract; recuperado por string forte (Springer-Nature-Link/S2) que já restringe a endoscopia alta + IA/DL e exclui colorretal — confiável.,Springer Nature Link/S2,não
Springer Nature Link,S2,Springer S2 — Lesões e alterações gástricas,sp_10.1007_s40846-026-01030-0,Applications of Piezoelectric Stimulation in Tissue Engineering,Beini Sheng; Jingrui Xing; Biao Song; Yuwei Gao; Hongmei Tang; Miao Xiao,2026,10.1007/s40846-026-01030-0,Journal of Medical and Biological Engineering,included,Sem abstract; recuperado por string forte (Springer-Nature-Link/S2) que já restringe a endoscopia alta + IA/DL e exclui colorretal — confiável.,Springer Nature Link/S2,não
Springer Nature Link,S2,Springer S2 — Lesões e alterações gástricas,sp_10.1007_978-3-030-56993-8_5,Management of Barrett’s Esophagus: State of the Art,Nour Hamade; Prateek Sharma,2022,10.1007/978-3-030-56993-8_5,Gastrointestinal and Pancreatico-Biliary Diseases: Advanced Diagnostic and Therapeutic Endoscopy,included,Sem abstract; recuperado por string forte (Springer-Nature-Link/S2) que já restringe a endoscopia alta + IA/DL e exclui colorretal — confiável.,Springer Nature Link/S2,não
Springer Nature Link,S2,Springer S2 — Lesões e alterações gástricas,sp_10.1007_s11042-023-14861-9,A survey on the utilization of Superpixel image for clustering based image segmentation,Buddhadev Sasmal; Krishna Gopal Dhal,2023,10.1007/s11042-023-14861-9,Multimedia Tools and Applications,duplicate,Duplicata de 'A survey on the utilization of Superpixel image for clustering based image segme…' já presente em Springer Nature Link/S1.,Springer Nature Link/S2,não
Springer Nature Link,S2,Springer S2 — Lesões e alterações gástricas,sp_10.1007_978-3-031-73376-5_8,Optimizing Multi-expert Consensus for Classification and Precise Localization of Barrett’s Neoplasia,Carolus H. J. Kusters; Tim G. W. Boers; Tim J. M. Jaspers; Martijn R. Jong; Rixta A. H. van Eijck van Heslinga; Albert J. de Groof; Jacques J. Bergman; Fons van der Sommen; Peter H. N. De With,2025,10.1007/978-3-031-73376-5_8,"Cancer Prevention, Detection, and Intervention",duplicate,Duplicata de 'Optimizing Multi-expert Consensus for Classification and Precise Localization of…' já presente em Springer Nature Link/S1.,Springer Nature Link/S2,não
Springer Nature Link,S2,Springer S2 — Lesões e alterações gástricas,sp_10.1007_s00464-025-11573-z,Endoscopic ultrasound-based radiomics for predicting pathologic upgrade in esophageal low-grade intraepithelial neoplasia,Yajing Chen; Shuhan Sun; Shumei Miao; Han Chen; Xiaoying Zhou; Feihong Yu,2025,10.1007/s00464-025-11573-z,Surgical Endoscopy,included,"Título/keywords indicam DL/CV em endoscopia digestiva alta ou achado GI, mesmo sem abstract.",Springer Nature Link/S2,não
Springer Nature Link,S2,Springer S2 — Lesões e alterações gástricas,sp_10.1186_s12876-025-03765-7,Factors influencing the incidence of early gastric cancer: a bayesian network analysis,Ruiyu Li; Taiming Yang; Zi Dong; Yin Gao; Nan Li; Ting Song; Jinshu Sun; Ying Chen,2025,10.1186/s12876-025-03765-7,BMC Gastroenterology,included,Sem abstract; recuperado por string forte (Springer-Nature-Link/S2) que já restringe a endoscopia alta + IA/DL e exclui colorretal — confiável.,Springer Nature Link/S2; Springer Nature Link/S3,não
Springer Nature Link,S2,Springer S2 — Lesões e alterações gástricas,sp_10.1186_s13054-024-04822-5,43rd International Symposium on Intensive Care & Emergency Medicine,,2024,10.1186/s13054-024-04822-5,Critical Care,included,Sem abstract; recuperado por string forte (Springer-Nature-Link/S2) que já restringe a endoscopia alta + IA/DL e exclui colorretal — confiável.,Springer Nature Link/S2; Springer Nature Link/S4,não
Springer Nature Link,S2,Springer S2 — Lesões e alterações gástricas,sp_10.1038_s41598-020-75075-9,The endoluminal pressures during flexible gastrointestinal endoscopy,Yuki Ushimaru; Kiyokazu Nakajima; Masashi Hirota; Yasuaki Miyazaki; Kotaro Yamashita; Takuro Saito; Koji Tanaka; Tomoki Makino; Tsuyoshi Takahashi; Yukinori Kurokawa; Makoto Yamasaki; Masaki Mori; Yuichiro Doki,2020,10.1038/s41598-020-75075-9,Scientific Reports,included,"Sinais ambíguos no abstract, mas recuperado por string forte (Springer-Nature-Link/S2) com filtro endoscopia alta + IA — confiável.",Springer Nature Link/S2,sim
Springer Nature Link,S2,Springer S2 — Lesões e alterações gástricas,sp_10.1007_978-3-032-17584-7_4,Public Policies for Sustainable Development and City Typology: Cities’ Models,Eugenia Bitsani; Theodoros Tsekos; Isidora Thymi; Georgia Marava,2026,10.1007/978-3-032-17584-7_4,The Biocultural City as a Utopia or the Future Reality?,included,Sem abstract; recuperado por string forte (Springer-Nature-Link/S2) que já restringe a endoscopia alta + IA/DL e exclui colorretal — confiável.,Springer Nature Link/S2,não
Springer Nature Link,S2,Springer S2 — Lesões e alterações gástricas,sp_10.1186_s12876-022-02413-8,Prediction of the need for emergency endoscopic treatment for upper gastrointestinal bleeding and new score model: a retrospective study,Yoshihiro Sasaki; Tomoko Abe; Norio Kawamura; Taisei Keitoku; Isamu Shibata; Shino Ohno; Keiichi Ono; Makoto Makishima,2022,10.1186/s12876-022-02413-8,BMC Gastroenterology,included,"Sinais ambíguos no abstract, mas recuperado por string forte (Springer-Nature-Link/S2) com filtro endoscopia alta + IA — confiável.",Springer Nature Link/S2,sim
Springer Nature Link,S2,Springer S2 — Lesões e alterações gástricas,sp_10.1186_s12967-025-06352-2,CHI3L1: a key driver in gastritis-to-cancer transformation,Tao Li; Huizhong Jiang; Yucheng Gong; Mengting Liao; Yuanping Jia; Jiena Chen; Ming Dai; Yinan Yan; Xinyu Lu; Runhua Chen; Yuan Li; Yan Chen; Jie Lin; Yicong Li; Xia Ding,2025,10.1186/s12967-025-06352-2,Journal of Translational Medicine,included,DL/CV aplicado a achados do trato GI alto — presume-se imagens endoscópicas/histopatológicas.,Springer Nature Link/S2,sim
Springer Nature Link,S2,Springer S2 — Lesões e alterações gástricas,sp_10.1007_s10735-026-10773-8,Histomorphological analysis of the relationship between <i>Helicobacter pylori</i> infection of the gastric mucosa and host immunity strength,Yang-kun Wang; Quan-wei Guo; Hai-ying He; Ying-ying Li; Chao-ya Zhu; Ping Li; Bo Jiang; Su-nan Wang; Si-liang Xu,2026,10.1007/s10735-026-10773-8,Journal of Molecular Histology,included,Sem abstract; recuperado por string forte (Springer-Nature-Link/S2) que já restringe a endoscopia alta + IA/DL e exclui colorretal — confiável.,Springer Nature Link/S2,não
Springer Nature Link,S2,Springer S2 — Lesões e alterações gástricas,sp_10.1007_978-3-031-21083-9_2,Criss-Cross Attention Based Multi-level Fusion Network for Gastric Intestinal Metaplasia Segmentation,Chu-Min Nien; Er-Hsiang Yang; Wei-Lun Chang; Hsiu-Chi Cheng; Chun-Rong Huang,2022,10.1007/978-3-031-21083-9_2,"Imaging Systems for GI Endoscopy, and Graphs in Biomedical Image Analysis",duplicate,Duplicata de 'Criss-Cross Attention Based Multi-level Fusion Network for Gastric Intestinal Me…' já presente em Springer Nature Link/S1.,Springer Nature Link/S2,não
Springer Nature Link,S2,Springer S2 — Lesões e alterações gástricas,sp_10.1007_978-3-030-39177-5_8,Two-Stage Method for Polyps Segmentation in Endoscopic Images,Nataliia A. Obukhova; Alexander A. Motyko; Alexaner A. Pozdeev,2020,10.1007/978-3-030-39177-5_8,Computer Vision in Control Systems—6,duplicate,Duplicata de 'Two-Stage Method for Polyps Segmentation in Endoscopic Images…' já presente em Springer Nature Link/S1.,Springer Nature Link/S2,não
Springer Nature Link,S2,Springer S2 — Lesões e alterações gástricas,sp_10.1007_s11695-022-06264-w,"Prevalence, Predictors, and Management of Gastroesophageal Reflux Disease After Laparoscopic Sleeve Gastrectomy: a Multicenter Cohort Study",Ayman El Nakeeb; Hassan Aldossary; Ahmed Zaid; Mohamed El Sorogy; Mohamad Elrefai; Mohamed Attia; Alaa Mostafa Sewefy; Taha Kayed; Mubarak Al-Shari Aldawsari; Hathal Mashan Al Dossari; Mohammed M. Mohammed,2022,10.1007/s11695-022-06264-w,Obesity Surgery,included,Sem abstract; recuperado por string forte (Springer-Nature-Link/S2) que já restringe a endoscopia alta + IA/DL e exclui colorretal — confiável.,Springer Nature Link/S2,não
Springer Nature Link,S2,Springer S2 — Lesões e alterações gástricas,sp_10.1007_s11604-022-01352-4,Application of radiomics in precision prediction of diagnosis and treatment of gastric cancer,Getao Du; Yun Zeng; Dan Chen; Wenhua Zhan; Yonghua Zhan,2022,10.1007/s11604-022-01352-4,Japanese Journal of Radiology,duplicate,Duplicata de 'Application of radiomics in precision prediction of diagnosis and treatment of g…' já presente em Springer Nature Link/S1.,Springer Nature Link/S2,não
Springer Nature Link,S2,Springer S2 — Lesões e alterações gástricas,sp_10.1038_s41467-024-54897-5,Paradigm of engineering recalcitrant non-model microorganism with dominant metabolic pathway as a biorefinery chassis,Xiongying Yan; Weiwei Bao; Yalun Wu; Chenyue Zhang; Zhitao Mao; Qianqian Yuan; Zhousheng Hu; Penghui He; Qiqun Peng; Mimi Hu; Binan Geng; Hongwu Ma; Shouwen Chen; Qiang Fei; Qiaoning He; Shihui Yang,2024,10.1038/s41467-024-54897-5,Nature Communications,included,Sem abstract; recuperado por string forte (Springer-Nature-Link/S2) que já restringe a endoscopia alta + IA/DL e exclui colorretal — confiável.,Springer Nature Link/S2,não
Springer Nature Link,S2,Springer S2 — Lesões e alterações gástricas,sp_10.1007_978-3-031-68767-9_2,Climate Change Competitiveness,Agnieszka Karman; Urszula Bronisz; Jarosław BanaśAndrzej Miszczuk,2024,10.1007/978-3-031-68767-9_2,Regional Competitiveness Towards Climate Change,included,Sem abstract; recuperado por string forte (Springer-Nature-Link/S2) que já restringe a endoscopia alta + IA/DL e exclui colorretal — confiável.,Springer Nature Link/S2,não
Springer Nature Link,S2,Springer S2 — Lesões e alterações gástricas,sp_10.1186_s13613-023-01131-y,"Proceedings of Reanimation 2023, the French Intensive Care Society International Congress",,2023,10.1186/s13613-023-01131-y,Annals of Intensive Care,included,Sem abstract; recuperado por string forte (Springer-Nature-Link/S2) que já restringe a endoscopia alta + IA/DL e exclui colorretal — confiável.,Springer Nature Link/S2,não
Springer Nature Link,S2,Springer S2 — Lesões e alterações gástricas,sp_10.1007_s00464-019-06677-2,Spotting malignancies from gastric endoscopic images using deep learning,Jang Hyung Lee; Young Jae Kim; Yoon Woo Kim; Sungjin Park; Youn-i Choi; Yoon Jae Kim; Dong Kyun Park; Kwang Gi Kim; Jun-Won Chung,2019,10.1007/s00464-019-06677-2,Surgical Endoscopy,duplicate,Duplicata de 'Spotting malignancies from gastric endoscopic images using deep learning…' já presente em PubMed/S2.,Springer Nature Link/S2,não
Springer Nature Link,S2,Springer S2 — Lesões e alterações gástricas,sp_10.1007_s11581-026-06983-5,Recent advances in polymeric membrane-based potentiometric ion-selective sensors for disease diagnosis,Shusheng Liu; Hongtao Li; Rongning Liang,2026,10.1007/s11581-026-06983-5,Ionics,included,Sem abstract; recuperado por string forte (Springer-Nature-Link/S2) que já restringe a endoscopia alta + IA/DL e exclui colorretal — confiável.,Springer Nature Link/S2,não
Springer Nature Link,S2,Springer S2 — Lesões e alterações gástricas,sp_10.1007_s12072-024-10774-3,The Asian Pacific association for the study of the liver clinical practice guidelines for the diagnosis and management of metabolic dysfunction-associated fatty liver disease,Mohammed Eslam; Jian-Gao Fan; Ming-Lung Yu; Vincent Wai-Sun Wong; Ian Homer Cua; Chun-Jen Liu; Tawesak Tanwandee; Rino Gani; Wai-Kay Seto; Shahinul Alam; Dan Yock Young; Saeed Hamid; Ming-Hua Zheng; Takumi Kawaguchi; Wah-Kheong Chan; Diana Payawal; Soek-Siam Tan; George Boon-bee Goh; Simone I. Strasser; Hang Dao Viet; Jia-Horng Kao; Won Kim; Seung Up Kim; Shelley E. Keating; Yusuf Yilmaz; Lubna Kamani; Chia-Chi Wang; Yasser Fouad; Zaigham Abbas; Sombat Treeprasertsuk; Kessarin Thanapirom; Mamun Al Mahtab; Undram Lkhagvaa; Oidov Baatarkhuu; Ashok Kumar Choudhury; Catherine A. M. Stedman; Abhijit Chowdhury; A Kadir Dokmeci; Fu-Sheng Wang; Han-Chieh Lin; Jee-Fu Huang; Jess Howell; Jidong Jia; Mohamed Alboraie; Stuart K. Roberts; Masato Yoneda; Hasmik Ghazinian; Aram Mirijanyan; Yuemin Nan; Cosmas Rinaldi Adithya Lesmana; Leon A. Adams; Gamal Shiha; Manoj Kumar; Necati Örmeci; Lai Wei; George Lau; Masao Omata; Shiv K. Sarin; Jacob George,2025,10.1007/s12072-024-10774-3,Hepatology International,included,Sem abstract; recuperado por string forte (Springer-Nature-Link/S2) que já restringe a endoscopia alta + IA/DL e exclui colorretal — confiável.,Springer Nature Link/S2,não
Springer Nature Link,S2,Springer S2 — Lesões e alterações gástricas,sp_10.1186_s40001-023-01349-3,Construction of a prediction model for rebleeding in patients with acute upper gastrointestinal bleeding,Yangping Zhuang; Shaohuai Xia; Junwei Chen; Jun Ke; Shirong Lin; Qingming Lin; Xiahong Tang; Hanlin Huang; Nan Zheng; Yi Wang; Feng Chen,2023,10.1186/s40001-023-01349-3,European Journal of Medical Research,included,"Sinais ambíguos no abstract, mas recuperado por string forte (Springer-Nature-Link/S2) com filtro endoscopia alta + IA — confiável.",Springer Nature Link/S2,sim
Springer Nature Link,S2,Springer S2 — Lesões e alterações gástricas,sp_10.1038_s41598-025-98859-3,Endoscopic versus laparoscopic resection of gastrointestinal stromal tumors at the esophagogastric junction using propensity score matching analysis,Shanshan Zhu; Zhen Liu; Jingwen Zhang; Nan Dai; Saif Ullah; Ge Zhang; Shengang Zhang; Ping Liu; Yang Fu; Shimeng Zheng; Zhaokai Zhou; Yudi Xu; Le Chang; Changqing Guo; Xinguang Cao,2025,10.1038/s41598-025-98859-3,Scientific Reports,included,Título/keywords indicam endoscopia + achado GI alto; presume-se CAD/análise de imagem.,Springer Nature Link/S2,não
Springer Nature Link,S2,Springer S2 — Lesões e alterações gástricas,sp_10.1007_s00761-023-01311-2,Endoskopische Diagnostik und Therapie von Adenokarzinomen des Ösophagus,Sebastian Baumer; Oliver Pech,2023,10.1007/s00761-023-01311-2,Die Onkologie,duplicate,Duplicata de 'Endoscopic diagnosis and treatment of esophageal adenocarcinoma…' já presente em Web of Science/S1.,Springer Nature Link/S2,não
Springer Nature Link,S2,Springer S2 — Lesões e alterações gástricas,sp_10.1007_s00428-022-03286-8,The OLGA-OLGIM staging and the interobserver agreement for gastritis and preneoplastic lesion screening: a cross-sectional study,Beatriz E. Salazar; Tania Pérez-Cala; Sara Isabel Gomez-Villegas; Laura Cardona-Zapata; Sebastián Pazos-Bastidas; Alejandra Cardona-Estepa; Diego Enrique Vélez-Gómez; José Armando Justinico-Castro; Andrés Bernal-Cobo; Harold Adrián Dávila-Giraldo; Juan Carlos Benítez-Guerra; Joaquín Tiberio Valencia-Cárdenas; Edgar de Jesús Ospina; Rodrigo Castaño-Llano; María Mercedes Bravo; Juan Carlos Cataño-Correa; Jovanny Zabaleta; Alba Alicia Trespalacios-Rangel; Ana María Cock-Botero; Miguel Ignacio Roldán-Pérez; Alonso Martínez,2022,10.1007/s00428-022-03286-8,Virchows Archiv,included,Sem abstract; recuperado por string forte (Springer-Nature-Link/S2) que já restringe a endoscopia alta + IA/DL e exclui colorretal — confiável.,Springer Nature Link/S2,não
Springer Nature Link,S2,Springer S2 — Lesões e alterações gástricas,sp_10.1007_978-3-031-24888-7_2,Environmental Law in the EU: A Pathway Toward the Green Transition,Nicolas de Sadeleer,2023,10.1007/978-3-031-24888-7_2,Blue Planet Law,included,"Sinais ambíguos no abstract, mas recuperado por string forte (Springer-Nature-Link/S2) com filtro endoscopia alta + IA — confiável.",Springer Nature Link/S2,sim
Springer Nature Link,S2,Springer S2 — Lesões e alterações gástricas,sp_10.1186_s40677-024-00287-4,The potential use of nature-based solutions as natural hazard mitigation measure for linear infrastructure in the Nordic Countries,Vittoria Capobianco; Rosa Maria Palau; Anders Solheim; Kjersti Gisnås; Graham Gilbert; Per Danielsson; Peter van der Keur,2024,10.1186/s40677-024-00287-4,Geoenvironmental Disasters,included,"Sinais ambíguos no abstract, mas recuperado por string forte (Springer-Nature-Link/S2) com filtro endoscopia alta + IA — confiável.",Springer Nature Link/S2; Springer Nature Link/S4,sim
Springer Nature Link,S2,Springer S2 — Lesões e alterações gástricas,sp_10.1007_s40267-025-01200-1,Identification of Potential Drug–Disease Interactions in Hospitalized Patients with Liver Cirrhosis and the Prospective Utility of Clinical Decision Support Alerts,Stephanie C. M. Wuyts; Natasha J. Hilbrands; Maridi Aerts; Midas B. Mulder; Karen Pien; Alain G. Dupont; Sander D. Borgsteede; Pieter Cornu,2025,10.1007/s40267-025-01200-1,Drugs & Therapy Perspectives,included,Sem abstract; recuperado por string forte (Springer-Nature-Link/S2) que já restringe a endoscopia alta + IA/DL e exclui colorretal — confiável.,Springer Nature Link/S2,não
Springer Nature Link,S2,Springer S2 — Lesões e alterações gástricas,sp_10.1007_s00330-023-09854-z,Prediction of occult peritoneal metastases or positive cytology using CT in gastric cancer,Pengpeng Liu; Ping’an Ding; Haotian Wu; Jiaxiang Wu; Peigang Yang; Yuan Tian; Honghai Guo; Qun Zhao,2023,10.1007/s00330-023-09854-z,European Radiology,included,Sem abstract; recuperado por string forte (Springer-Nature-Link/S2) que já restringe a endoscopia alta + IA/DL e exclui colorretal — confiável.,Springer Nature Link/S2,não
Springer Nature Link,S2,Springer S2 — Lesões e alterações gástricas,sp_10.1007_s10585-026-10393-2,A novel multimodal combining radiomics and tumor–stroma ratio (TSR) improves diagnosis of gastric cancer peritoneal metastasis,Lin Zhong; Ting Lin; Dong Hou; Hongyun Huang; Shihai Zhou; Yu Lin; Yue Yu; Liangquan Liu; Jing Luo; Fanghai Han; Lang Xie,2026,10.1007/s10585-026-10393-2,Clinical & Experimental Metastasis,included,"Título/keywords indicam DL/CV em endoscopia digestiva alta ou achado GI, mesmo sem abstract.",Springer Nature Link/S2,não
Springer Nature Link,S2,Springer S2 — Lesões e alterações gástricas,sp_10.1007_s13193-024-02145-z,AI Chatbots in Oncology: A Comparative Study of Sider Fusion AI and Perplexity AI for Gastric Cancer Patients,Amirhosein Naseri; Mohammad Hossein Antikchi; Maedeh Barahman; Ahmad Shirinzadeh-Dastgiri; Seyed Masoud Haghighi; Kian; Mohammad Vakili-Ojarood; Amirhossein Rahmani; Amirhossein Shahbazi; Amirmasoud Shiri; Ali Masoudi; Maryam Aghasipour; Kazem Aghili; Hossein Neamatzadeh,2024,10.1007/s13193-024-02145-z,Indian Journal of Surgical Oncology,included,Sem abstract; recuperado por string forte (Springer-Nature-Link/S2) que já restringe a endoscopia alta + IA/DL e exclui colorretal — confiável.,Springer Nature Link/S2,não
Springer Nature Link,S2,Springer S2 — Lesões e alterações gástricas,sp_10.1007_s11695-024-07299-x,Two-Year Results of Sleeve Gastrectomy Combined with Posterior Fundoplication for Obesity Patients with Gastroesophageal Reflux Disease,Thierry Bège; Adèle Lasbleiz; Sandrine Boullu; Bénédicte Gaborit; Stéphane V. Berdah; Anne Dutour; Pauline Duconseil,2024,10.1007/s11695-024-07299-x,Obesity Surgery,included,Sem abstract; recuperado por string forte (Springer-Nature-Link/S2) que já restringe a endoscopia alta + IA/DL e exclui colorretal — confiável.,Springer Nature Link/S2,não
Springer Nature Link,S2,Springer S2 — Lesões e alterações gástricas,sp_10.1038_s41598-022-18723-6,Spatiotemporal multi-scale modeling of radiopharmaceutical distributions in vascularized solid tumors,Mohammad Kiani Shahvandi; M. Soltani; Farshad Moradi Kashkooli; Babak Saboury; Arman Rahmim,2022,10.1038/s41598-022-18723-6,Scientific Reports,included,"Sinais ambíguos no abstract, mas recuperado por string forte (Springer-Nature-Link/S2) com filtro endoscopia alta + IA — confiável.",Springer Nature Link/S2,sim
Springer Nature Link,S2,Springer S2 — Lesões e alterações gástricas,sp_10.1007_978-3-030-87564-0_8,The EU Perspective from Setbacks to Success: Tackling Climate Change from Copenhagen to the Green Deal and the Next-Generation EU,Agostino Inguscio,2022,10.1007/978-3-030-87564-0_8,Interdisciplinary Approaches to Climate Change for Sustainable Growth,included,Sem abstract; recuperado por string forte (Springer-Nature-Link/S2) que já restringe a endoscopia alta + IA/DL e exclui colorretal — confiável.,Springer Nature Link/S2,não
Springer Nature Link,S2,Springer S2 — Lesões e alterações gástricas,sp_10.1186_s12911-024-02659-0,Real-world data to support post-market safety and performance of embolization coils: evidence generation from a medical device manufacturer and data institute partnership,Amelia Hochreiter-Hufford; Jennifer Gatz; Amy M. Griggs; Ryan D. Schoch; Kimberly M. Birmingham; Christopher Frederick; John Price; Scott Snyder,2024,10.1186/s12911-024-02659-0,BMC Medical Informatics and Decision Making,included,"Sinais ambíguos no abstract, mas recuperado por string forte (Springer-Nature-Link/S2) com filtro endoscopia alta + IA — confiável.",Springer Nature Link/S2,sim
Springer Nature Link,S2,Springer S2 — Lesões e alterações gástricas,sp_10.1038_s41598-019-48769-y,Prediction of future gastric cancer risk using a machine learning algorithm and comprehensive medical check-up data: A case-control study,Junichi Taninaga; Yu Nishiyama; Kazutoshi Fujibayashi; Toshiaki Gunji; Noriko Sasabe; Kimiko Iijima; Toshio Naito,2019,10.1038/s41598-019-48769-y,Scientific Reports,included,DL/CV em endoscopia com achado do trato GI alto.,Springer Nature Link/S2,sim
Springer Nature Link,S2,Springer S2 — Lesões e alterações gástricas,sp_10.1007_s40544-022-0685-7,A review of advances in tribology in 2020–2021,Yonggang Meng; Jun Xu; Liran Ma; Zhongmin Jin; Braham Prakash; Tianbao Ma; Wenzhong Wang,2022,10.1007/s40544-022-0685-7,Friction,included,"Sinais ambíguos no abstract, mas recuperado por string forte (Springer-Nature-Link/S2) com filtro endoscopia alta + IA — confiável.",Springer Nature Link/S2,sim
Springer Nature Link,S2,Springer S2 — Lesões e alterações gástricas,sp_10.1007_s10388-022-00933-6,Clinical use of mean nocturnal baseline impedance and post-reflux swallow-induced peristaltic wave index for the diagnosis of gastro-esophageal reflux disease,Pierfrancesco Visaggi; Lucia Mariani; Federica Baiano Svizzero; Luca Tarducci; Andrea Sostilio; Marzio Frazzoni; Salvatore Tolone; Roberto Penagini; Leonardo Frazzoni; Linda Ceccarelli; Vincenzo Savarino; Massimo Bellini; Prakash C. Gyawali; Edoardo V. Savarino; Nicola de Bortoli,2022,10.1007/s10388-022-00933-6,Esophagus,included,DL/CV em endoscopia com achado do trato GI alto.,Springer Nature Link/S2,sim
Springer Nature Link,S2,Springer S2 — Lesões e alterações gástricas,sp_10.1038_s41378-024-00774-6,A piezoresistive-based 3-axial MEMS tactile sensor and integrated surgical forceps for gastrointestinal endoscopic minimally invasive surgery,Cheng Hou; Huxin Gao; Xiaoxiao Yang; Guangming Xue; Xiuli Zuo; Yanqing Li; Dongsheng Li; Bo Lu; Hongliang Ren; Huicong Liu; Lining Sun,2024,10.1038/s41378-024-00774-6,Microsystems & Nanoengineering,included,"Sinais ambíguos no abstract, mas recuperado por string forte (Springer-Nature-Link/S2) com filtro endoscopia alta + IA — confiável.",Springer Nature Link/S2,sim
Springer Nature Link,S2,Springer S2 — Lesões e alterações gástricas,sp_10.1007_978-3-031-21317-5_13,"Endoscopic Surveillance and Pathology of Biopsies in CDH1, CTNNA1, and HDGC-Like Families",Jolanda M. van Dieren; Tanya M. Bisseling; Liudmila L. Kodach; Chella R. S. van der Post,2023,10.1007/978-3-031-21317-5_13,Hereditary Gastric and Breast Cancer Syndrome,included,Sem abstract; recuperado por string forte (Springer-Nature-Link/S2) que já restringe a endoscopia alta + IA/DL e exclui colorretal — confiável.,Springer Nature Link/S2,não
Springer Nature Link,S2,Springer S2 — Lesões e alterações gástricas,sp_10.1007_s10286-023-00988-0,34th International Symposium on the Autonomic Nervous System,,2023,10.1007/s10286-023-00988-0,Clinical Autonomic Research,included,Sem abstract; recuperado por string forte (Springer-Nature-Link/S2) que já restringe a endoscopia alta + IA/DL e exclui colorretal — confiável.,Springer Nature Link/S2; Springer Nature Link/S4,não
Springer Nature Link,S2,Springer S2 — Lesões e alterações gástricas,sp_10.1007_978-3-030-78217-7_4,Robotic Esophageal Surgery,David J. Straus,2021,10.1007/978-3-030-78217-7_4,Innovative Endoscopic and Surgical Technology in the GI Tract,included,Sem abstract; recuperado por string forte (Springer-Nature-Link/S2) que já restringe a endoscopia alta + IA/DL e exclui colorretal — confiável.,Springer Nature Link/S2,não
Springer Nature Link,S2,Springer S2 — Lesões e alterações gástricas,sp_10.1007_978-3-030-66450-3_5,Personalizing Patients to Enable Shared Decision Making,Mamoun T. Mardini; Amal Hashky; Zbigniew W. Raś,2021,10.1007/978-3-030-66450-3_5,Recommender Systems for Medicine and Music,included,Sem abstract; recuperado por string forte (Springer-Nature-Link/S2) que já restringe a endoscopia alta + IA/DL e exclui colorretal — confiável.,Springer Nature Link/S2,não
Springer Nature Link,S2,Springer S2 — Lesões e alterações gástricas,sp_10.1007_s11136-023-03417-x,Patients’ perspectives on irritable bowel syndrome: a qualitative analysis based on social media in China,Shaopeng Sun; Jiajia Chen; Heng Li; Yijie Lou; Lixia Chen; Bin Lv,2023,10.1007/s11136-023-03417-x,Quality of Life Research,included,Sem abstract; recuperado por string forte (Springer-Nature-Link/S2) que já restringe a endoscopia alta + IA/DL e exclui colorretal — confiável.,Springer Nature Link/S2,não
Springer Nature Link,S2,Springer S2 — Lesões e alterações gástricas,sp_10.1007_s10620-019-05817-x,Early Esophageal Cancer: A Gastroenterologist’s Disease,Joseph Spataro; Alvin M. Zfass; Mitchell Schubert; Tilak Shah,2019,10.1007/s10620-019-05817-x,Digestive Diseases and Sciences,included,Sem abstract; recuperado por string forte (Springer-Nature-Link/S2) que já restringe a endoscopia alta + IA/DL e exclui colorretal — confiável.,Springer Nature Link/S2,não
Springer Nature Link,S2,Springer S2 — Lesões e alterações gástricas,sp_10.1007_978-3-031-30371-5_1,Introduction,Vic Velanovich,2023,10.1007/978-3-031-30371-5_1,Medical Persuasion,included,Sem abstract; recuperado por string forte (Springer-Nature-Link/S2) que já restringe a endoscopia alta + IA/DL e exclui colorretal — confiável.,Springer Nature Link/S2,não
Springer Nature Link,S2,Springer S2 — Lesões e alterações gástricas,sp_10.1007_s40265-023-01939-9,Alcohol-Associated Liver Disease: Evolving Concepts and Treatments,David Stephen Prince; Emily Nash; Ken Liu,2023,10.1007/s40265-023-01939-9,Drugs,included,Sem abstract; recuperado por string forte (Springer-Nature-Link/S2) que já restringe a endoscopia alta + IA/DL e exclui colorretal — confiável.,Springer Nature Link/S2,não
Springer Nature Link,S2,Springer S2 — Lesões e alterações gástricas,sp_10.1007_978-3-030-29964-4_5-1,Management of Barrett’s Esophagus: State of the Art,Nour Hamade; Prateek Sharma,2020,10.1007/978-3-030-29964-4_5-1,Gastrointestinal and Pancreatico-Biliary Diseases: Advanced Diagnostic and Therapeutic Endoscopy,included,Sem abstract; recuperado por string forte (Springer-Nature-Link/S2) que já restringe a endoscopia alta + IA/DL e exclui colorretal — confiável.,Springer Nature Link/S2,não
Springer Nature Link,S2,Springer S2 — Lesões e alterações gástricas,sp_10.1186_s13223-023-00845-9,13th C1-inhibitor deficiency and angioedema workshop—2023,,2023,10.1186/s13223-023-00845-9,"Allergy, Asthma & Clinical Immunology",included,Sem abstract; recuperado por string forte (Springer-Nature-Link/S2) que já restringe a endoscopia alta + IA/DL e exclui colorretal — confiável.,Springer Nature Link/S2; Springer Nature Link/S4,não
Springer Nature Link,S2,Springer S2 — Lesões e alterações gástricas,sp_10.1007_s00464-021-08666-w,A prospective multicenter study of the magnifying endoscopic evaluation of the invasion depth of superficial esophageal cancers,Tatsuhiro Gotoda; Keisuke Hori; Masahiro Nakagawa; Sayo Kobayashi; Tatsuya Toyokawa; Shuhei Ishiyama; Atsushi Imagawa; Makoto Abe; Yoshiyasu Kono; Hiromitsu Kanzaki; Masaya Iwamuro; Seiji Kawano; Yoshiro Kawahara; Hiroyuki Okada,2021,10.1007/s00464-021-08666-w,Surgical Endoscopy,included,Título/keywords indicam endoscopia + achado GI alto; presume-se CAD/análise de imagem.,Springer Nature Link/S2,não
Springer Nature Link,S2,Springer S2 — Lesões e alterações gástricas,sp_10.1007_978-3-030-88334-8_18,Perioperative and Anaesthetic Care in Head and Neck Cancer Surgery,Su S. Thon,2022,10.1007/978-3-030-88334-8_18,Atlas of Extreme Facial  Cancer,included,Sem abstract; recuperado por string forte (Springer-Nature-Link/S2) que já restringe a endoscopia alta + IA/DL e exclui colorretal — confiável.,Springer Nature Link/S2,não
Springer Nature Link,S2,Springer S2 — Lesões e alterações gástricas,sp_10.1007_s00261-021-03287-2,Comparison of clinical-computed tomography model with 2D and 3D radiomics models to predict occult peritoneal metastases in advanced gastric cancer,Jiang Huang; Yidi Chen; Yuying Zhang; Jinhuan Xie; Yiqiong Liang; Wenzhao Yuan; Ting Zhou; Ruizhi Gao; Rong Wen; Yuwei Xia; Liling Long,2021,10.1007/s00261-021-03287-2,Abdominal Radiology,included,"Título/keywords indicam DL/CV em endoscopia digestiva alta ou achado GI, mesmo sem abstract.",Springer Nature Link/S2,não
Springer Nature Link,S2,Springer S2 — Lesões e alterações gástricas,sp_10.1007_978-3-030-29832-6_7,Radiologic Assessment of Esophageal Cancer,Valeria M. Moncayo; A. Tuba Kendi; David M. Schuster,2020,10.1007/978-3-030-29832-6_7,Esophageal Cancer,included,Sem abstract; recuperado por string forte (Springer-Nature-Link/S2) que já restringe a endoscopia alta + IA/DL e exclui colorretal — confiável.,Springer Nature Link/S2,não
Springer Nature Link,S2,Springer S2 — Lesões e alterações gástricas,sp_10.1038_s41415-021-2947-6,Diagnostic intervals in oropharyngeal cancers from a primary care perspective: a ten-year case note review,Jane Wilcock; Ciaran Grafton-Clarke,2021,10.1038/s41415-021-2947-6,British Dental Journal,included,"Sinais ambíguos no abstract, mas recuperado por string forte (Springer-Nature-Link/S2) com filtro endoscopia alta + IA — confiável.",Springer Nature Link/S2,sim
Springer Nature Link,S2,Springer S2 — Lesões e alterações gástricas,sp_10.1007_s42398-021-00204-7,"Novel coronavirus disease (COVID-19): origin, transmission through the environment, health effects, and mitigation strategies—a review",Anshu Singh; Izharul Haq,2021,10.1007/s42398-021-00204-7,Environmental Sustainability,included,Sem abstract; recuperado por string forte (Springer-Nature-Link/S2) que já restringe a endoscopia alta + IA/DL e exclui colorretal — confiável.,Springer Nature Link/S2,não
Springer Nature Link,S2,Springer S2 — Lesões e alterações gástricas,sp_10.1007_s13181-021-00832-9,2021 ACMT Annual Scientific Meeting Abstracts—Virtual,,2021,10.1007/s13181-021-00832-9,Journal of Medical Toxicology,included,Sem abstract; recuperado por string forte (Springer-Nature-Link/S2) que já restringe a endoscopia alta + IA/DL e exclui colorretal — confiável.,Springer Nature Link/S2; Springer Nature Link/S4,não
Springer Nature Link,S2,Springer S2 — Lesões e alterações gástricas,sp_10.1007_s10620-020-06463-4,Dysplasia in Random Biopsies from Barrett’s Surveillance Is an Important Marker for More Severe Pathology,I. C. Noordzij; M. C. M. Van Loon van de Ende; W. L. Curvers; G. van Lijnschoten; C. J. Huysentruyt; E. J. Schoon,2020,10.1007/s10620-020-06463-4,Digestive Diseases and Sciences,included,Sem abstract; recuperado por string forte (Springer-Nature-Link/S2) que já restringe a endoscopia alta + IA/DL e exclui colorretal — confiável.,Springer Nature Link/S2,não
Springer Nature Link,S2,Springer S2 — Lesões e alterações gástricas,sp_10.1007_s12288-020-01384-8,61st Annual Conference of Indian Society of Hematology & Blood Transfusion (ISHBT) November 2020,,2020,10.1007/s12288-020-01384-8,Indian Journal of Hematology and Blood Transfusion,included,Sem abstract; recuperado por string forte (Springer-Nature-Link/S2) que já restringe a endoscopia alta + IA/DL e exclui colorretal — confiável.,Springer Nature Link/S2; Springer Nature Link/S4,não
Springer Nature Link,S2,Springer S2 — Lesões e alterações gástricas,sp_10.1007_978-3-030-00979-3_20,Vision-Based Driver’s Attention Monitoring System for Smart Vehicles,Lamia Alam; Mohammed Moshiul Hoque,2019,10.1007/978-3-030-00979-3_20,Intelligent Computing & Optimization,included,Sem abstract; recuperado por string forte (Springer-Nature-Link/S2) que já restringe a endoscopia alta + IA/DL e exclui colorretal — confiável.,Springer Nature Link/S2,não
Springer Nature Link,S2,Springer S2 — Lesões e alterações gástricas,sp_10.1186_s13613-021-00862-0,"Proceedings of Reanimation 2021, the French Intensive Care Society International Congress",,2021,10.1186/s13613-021-00862-0,Annals of Intensive Care,included,Sem abstract; recuperado por string forte (Springer-Nature-Link/S2) que já restringe a endoscopia alta + IA/DL e exclui colorretal — confiável.,Springer Nature Link/S2,não
Springer Nature Link,S2,Springer S2 — Lesões e alterações gástricas,sp_10.1007_s11606-018-4759-1,Subgroups of High-Cost Medicare Advantage Patients: an Observational Study,Brian W. Powers; Jiali Yan; Jingsan Zhu; Kristin A. Linn; Sachin H. Jain; Jennifer L. Kowalski; Amol S. Navathe,2018,10.1007/s11606-018-4759-1,Journal of General Internal Medicine,included,Sem abstract; recuperado por string forte (Springer-Nature-Link/S2) que já restringe a endoscopia alta + IA/DL e exclui colorretal — confiável.,Springer Nature Link/S2,não
Springer Nature Link,S2,Springer S2 — Lesões e alterações gástricas,sp_10.1007_978-981-15-2205-5_8,An Architecture for e-Health Recommender Systems Based on Similarity of Patients’ Symptoms,Valerio Frittelli; Mario José Diván,2020,10.1007/978-981-15-2205-5_8,Blockchain Technology for Smart Cities,included,Sem abstract; recuperado por string forte (Springer-Nature-Link/S2) que já restringe a endoscopia alta + IA/DL e exclui colorretal — confiável.,Springer Nature Link/S2,não
Springer Nature Link,S2,Springer S2 — Lesões e alterações gástricas,sp_10.1007_s12055-020-00948-7,"              <Emphasis Type=""BoldItalic"">Abstracts of the 66th Annual Conference of IACTS, February 2020</Emphasis>            ",,2020,10.1007/s12055-020-00948-7,Indian Journal of Thoracic and Cardiovascular Surgery,included,Sem abstract; recuperado por string forte (Springer-Nature-Link/S2) que já restringe a endoscopia alta + IA/DL e exclui colorretal — confiável.,Springer Nature Link/S2,não
Springer Nature Link,S2,Springer S2 — Lesões e alterações gástricas,sp_10.1007_s11548-019-01993-3,Computer-aided diagnosis of gastrointestinal stromal tumors: a radiomics method on endoscopic ultrasound image,Xinyi Li; Fei Jiang; Yi Guo; Zhendong Jin; Yuanyuan Wang,2019,10.1007/s11548-019-01993-3,International Journal of Computer Assisted Radiology and Surgery,included,"Título/keywords indicam DL/CV em endoscopia digestiva alta ou achado GI, mesmo sem abstract.",Springer Nature Link/S2,não
Springer Nature Link,S2,Springer S2 — Lesões e alterações gástricas,sp_10.1007_978-3-030-00018-9_62,Research on Syndrome Classification and Risk Factors Extraction of Tibetan Medicine Based on Clustering,Chaoyi Liu; Lei Zhang; Lu Wang; Xiaolan Zhu; Xiaoying Wang,2018,10.1007/978-3-030-00018-9_62,Cloud Computing and Security,included,Sem abstract; recuperado por string forte (Springer-Nature-Link/S2) que já restringe a endoscopia alta + IA/DL e exclui colorretal — confiável.,Springer Nature Link/S2,não
Springer Nature Link,S2,Springer S2 — Lesões e alterações gástricas,sp_10.1186_s13054-019-2358-0,39th International Symposium on Intensive Care and Emergency Medicine,,2019,10.1186/s13054-019-2358-0,Critical Care,included,Sem abstract; recuperado por string forte (Springer-Nature-Link/S2) que já restringe a endoscopia alta + IA/DL e exclui colorretal — confiável.,Springer Nature Link/S2; Springer Nature Link/S4,não
Springer Nature Link,S2,Springer S2 — Lesões e alterações gástricas,sp_10.1007_978-3-030-21481-4_2,Flexible Endoscopy: Early Detection of Dysplasia in Barrett’s Oesophagus,Dale Jonathan Waterhouse,2019,10.1007/978-3-030-21481-4_2,Novel Optical Endoscopes for Early Cancer Diagnosis and Therapy,included,Título/keywords indicam endoscopia + achado GI alto; presume-se CAD/análise de imagem.,Springer Nature Link/S2,não
Springer Nature Link,S2,Springer S2 — Lesões e alterações gástricas,sp_10.1007_s12028-017-0465-9,Abstracts Presented at the Neurocritical Care Society (NCS) 15th Annual Meeting,,2017,10.1007/s12028-017-0465-9,Neurocritical Care,included,Sem abstract; recuperado por string forte (Springer-Nature-Link/S2) que já restringe a endoscopia alta + IA/DL e exclui colorretal — confiável.,Springer Nature Link/S2; Springer Nature Link/S4,não
Springer Nature Link,S2,Springer S2 — Lesões e alterações gástricas,sp_10.1186_s12969-017-0185-x,Proceedings of the 24<sup>th</sup> Paediatric Rheumatology European Society Congress: Part one,,2017,10.1186/s12969-017-0185-x,Pediatric Rheumatology,included,Sem abstract; recuperado por string forte (Springer-Nature-Link/S2) que já restringe a endoscopia alta + IA/DL e exclui colorretal — confiável.,Springer Nature Link/S2; Springer Nature Link/S4,não
Springer Nature Link,S2,Springer S2 — Lesões e alterações gástricas,sp_10.1007_s10620-015-3999-8,Endoscopic Ultrasonography: From the Origins to Routine EUS,Eugene P. Di; Magno; Matthew J. Di; Magno,2015,10.1007/s10620-015-3999-8,Digestive Diseases and Sciences,included,Sem abstract; recuperado por string forte (Springer-Nature-Link/S2) que já restringe a endoscopia alta + IA/DL e exclui colorretal — confiável.,Springer Nature Link/S2,não
Springer Nature Link,S2,Springer S2 — Lesões e alterações gástricas,sp_10.1007_978-3-319-13117-7_99,A New Approach Based on Local Binary Patterns Histogram and Fourier Descriptors as a Support Tool in Presumptive Diagnosis of Gastritis,L. Serpa-Andrade; V. Robles-Bykbaev; L. Gonzalez-Delgado; G. Guevara-Segarra,2015,10.1007/978-3-319-13117-7_99,"VI Latin American Congress on Biomedical Engineering CLAIB 2014, Paraná, Argentina 29, 30 & 31 October 2014",included,Sem abstract; recuperado por string forte (Springer-Nature-Link/S2) que já restringe a endoscopia alta + IA/DL e exclui colorretal — confiável.,Springer Nature Link/S2,não
Springer Nature Link,S2,Springer S2 — Lesões e alterações gástricas,sp_10.1007_978-3-319-13545-8_5,3D Shape Recovery from Endoscope Image Based on Both Photometric and Geometric Constraints,Yuji Iwahori; Keita Tatematsu; Tsuyoshi Nakamura; Shinji Fukui; Robert J. Woodham; Kunio Kasugai,2015,10.1007/978-3-319-13545-8_5,Knowledge-Based Information Systems in Practice,included,Sem abstract; recuperado por string forte (Springer-Nature-Link/S2) que já restringe a endoscopia alta + IA/DL e exclui colorretal — confiável.,Springer Nature Link/S2,não
Springer Nature Link,S2,Springer S2 — Lesões e alterações gástricas,sp_10.1007_978-94-017-9579-1_25,On the Nature of Medicine,Kazem Sadegh-Zadeh,2015,10.1007/978-94-017-9579-1_25,Handbook of Analytic Philosophy of Medicine,included,Sem abstract; recuperado por string forte (Springer-Nature-Link/S2) que já restringe a endoscopia alta + IA/DL e exclui colorretal — confiável.,Springer Nature Link/S2,não
Springer Nature Link,S2,Springer S2 — Lesões e alterações gástricas,sp_10.1007_978-94-017-9579-1_6,Fundamentals of Medical Concept Formation,Kazem Sadegh-Zadeh,2015,10.1007/978-94-017-9579-1_6,Handbook of Analytic Philosophy of Medicine,included,Sem abstract; recuperado por string forte (Springer-Nature-Link/S2) que já restringe a endoscopia alta + IA/DL e exclui colorretal — confiável.,Springer Nature Link/S2,não
Springer Nature Link,S2,Springer S2 — Lesões e alterações gástricas,sp_10.1007_978-94-017-9579-1_12,The Semantics and Pragmatics of Medical Knowledge,Kazem Sadegh-Zadeh,2015,10.1007/978-94-017-9579-1_12,Handbook of Analytic Philosophy of Medicine,included,Sem abstract; recuperado por string forte (Springer-Nature-Link/S2) que já restringe a endoscopia alta + IA/DL e exclui colorretal — confiável.,Springer Nature Link/S2,não
Springer Nature Link,S2,Springer S2 — Lesões e alterações gástricas,sp_10.1007_978-94-017-9579-1_7,The Patient,Kazem Sadegh-Zadeh,2015,10.1007/978-94-017-9579-1_7,Handbook of Analytic Philosophy of Medicine,included,Sem abstract; recuperado por string forte (Springer-Nature-Link/S2) que já restringe a endoscopia alta + IA/DL e exclui colorretal — confiável.,Springer Nature Link/S2,não
Springer Nature Link,S2,Springer S2 — Lesões e alterações gástricas,sp_10.1007_s12028-013-9895-1,Neurocritical Care Society 11th Annual Meeting,,2013,10.1007/s12028-013-9895-1,Neurocritical Care,included,Sem abstract; recuperado por string forte (Springer-Nature-Link/S2) que já restringe a endoscopia alta + IA/DL e exclui colorretal — confiável.,Springer Nature Link/S2; Springer Nature Link/S4,não
Springer Nature Link,S2,Springer S2 — Lesões e alterações gástricas,sp_10.1007_978-94-007-2260-6_21,On the Nature of Medicine,Kazem Sadegh-Zadeh,2012,10.1007/978-94-007-2260-6_21,Handbook of Analytic Philosophy of Medicine,included,Sem abstract; recuperado por string forte (Springer-Nature-Link/S2) que já restringe a endoscopia alta + IA/DL e exclui colorretal — confiável.,Springer Nature Link/S2,não
Springer Nature Link,S2,Springer S2 — Lesões e alterações gástricas,sp_10.1007_978-94-007-2260-6_5,Fundamentals of Medical Concept Formation,Kazem Sadegh-Zadeh,2012,10.1007/978-94-007-2260-6_5,Handbook of Analytic Philosophy of Medicine,included,Sem abstract; recuperado por string forte (Springer-Nature-Link/S2) que já restringe a endoscopia alta + IA/DL e exclui colorretal — confiável.,Springer Nature Link/S2,não
Springer Nature Link,S2,Springer S2 — Lesões e alterações gástricas,sp_10.1007_978-94-007-2260-6_6,The Patient,Kazem Sadegh-Zadeh,2012,10.1007/978-94-007-2260-6_6,Handbook of Analytic Philosophy of Medicine,included,Sem abstract; recuperado por string forte (Springer-Nature-Link/S2) que já restringe a endoscopia alta + IA/DL e exclui colorretal — confiável.,Springer Nature Link/S2,não
Springer Nature Link,S2,Springer S2 — Lesões e alterações gástricas,sp_10.1007_978-94-007-2260-6_11,The Semantics and Pragmatics of Medical Knowledge,Kazem Sadegh-Zadeh,2012,10.1007/978-94-007-2260-6_11,Handbook of Analytic Philosophy of Medicine,included,Sem abstract; recuperado por string forte (Springer-Nature-Link/S2) que já restringe a endoscopia alta + IA/DL e exclui colorretal — confiável.,Springer Nature Link/S2,não
Springer Nature Link,S2,Springer S2 — Lesões e alterações gástricas,sp_10.1007_978-3-642-21219-2_19,An Intelligent Automated Recognition System of Abnormal Structures in WCE Images,Piotr Szczypiński; Artur Klepaczko; Michał Strzelecki,2011,10.1007/978-3-642-21219-2_19,Hybrid Artificial Intelligent Systems,included,Sem abstract; recuperado por string forte (Springer-Nature-Link/S2) que já restringe a endoscopia alta + IA/DL e exclui colorretal — confiável.,Springer Nature Link/S2,não
Springer Nature Link,S2,Springer S2 — Lesões e alterações gástricas,sp_10.1007_978-3-642-04268-3_61,Biopsy Site Re-localisation Based on the Computation of Epipolar Lines from Two Previous Endoscopic Images,Baptiste Allain; Mingxing Hu; Laurence B. Lovat; Richard Cook; Sebastien Ourselin; David Hawkes,2009,10.1007/978-3-642-04268-3_61,Medical Image Computing and Computer-Assisted Intervention – MICCAI 2009,included,Sem abstract; recuperado por string forte (Springer-Nature-Link/S2) que já restringe a endoscopia alta + IA/DL e exclui colorretal — confiável.,Springer Nature Link/S2,não
Springer Nature Link,S2,Springer S2 — Lesões e alterações gástricas,sp_10.1007_978-3-642-03882-2_581,Automated Diagnosis of Barrett’s Esophagus with Endoscopic Images,P. Rajan; M. Canto; E. Gorospe; A. Almario; A. Kage; C. Winter; G. Hager; T. Wittenberg; C. Münzenmayer,2009,10.1007/978-3-642-03882-2_581,"World Congress on Medical Physics and Biomedical Engineering, September 7 - 12, 2009, Munich, Germany",included,Título/keywords indicam endoscopia + achado GI alto; presume-se CAD/análise de imagem.,Springer Nature Link/S2,não
Springer Nature Link,S2,Springer S2 — Lesões e alterações gástricas,sp_10.1007_s10620-006-9202-5,Applying Data Mining Techniques in the Development of a Diagnostics Questionnaire for GERD,Noya Horowitz; Menachem Moshkowitz; Zamir Halpern; Moshe Leshno,2007,10.1007/s10620-006-9202-5,Digestive Diseases and Sciences,included,Sem abstract; recuperado por string forte (Springer-Nature-Link/S2) que já restringe a endoscopia alta + IA/DL e exclui colorretal — confiável.,Springer Nature Link/S2,não
Springer Nature Link,S2,Springer S2 — Lesões e alterações gástricas,sp_10.1007_11867661_49,Analysis System of Endoscopic Image of Early Gastric Cancer,Kwang-Baek Kim; Sungshin Kim; Gwang-Ha Kim,2006,10.1007/11867661_49,Image Analysis and Recognition,included,Título/keywords indicam endoscopia + achado GI alto; presume-se CAD/análise de imagem.,Springer Nature Link/S2,não
Springer Nature Link,S2,Springer S2 — Lesões e alterações gástricas,sp_10.1007_s10545-006-9995-6,Contents,,2006,10.1007/s10545-006-9995-6,Journal of Inherited Metabolic Disease,included,Sem abstract; recuperado por string forte (Springer-Nature-Link/S2) que já restringe a endoscopia alta + IA/DL e exclui colorretal — confiável.,Springer Nature Link/S2; Springer Nature Link/S4,não
Springer Nature Link,S2,Springer S2 — Lesões e alterações gástricas,sp_10.1007_978-0-306-48603-6_5,E,André Heck,2004,10.1007/978-0-306-48603-6_5,StarBriefs Plus,included,Sem abstract; recuperado por string forte (Springer-Nature-Link/S2) que já restringe a endoscopia alta + IA/DL e exclui colorretal — confiável.,Springer Nature Link/S2; Springer Nature Link/S4,não
Springer Nature Link,S2,Springer S2 — Lesões e alterações gástricas,sp_10.1007_978-3-540-30547-7_22,Selective Classifiers Can Be Too Restrictive: A Case-Study in Oesophageal Cancer,Rosa Blanco; Linda C. van der Gaag; Iñaki Inza; Pedro Larrañaga,2004,10.1007/978-3-540-30547-7_22,Biological and Medical Data Analysis,included,Sem abstract; recuperado por string forte (Springer-Nature-Link/S2) que já restringe a endoscopia alta + IA/DL e exclui colorretal — confiável.,Springer Nature Link/S2,não
Springer Nature Link,S2,Springer S2 — Lesões e alterações gástricas,sp_10.1007_978-1-4471-0119-2_18,A Case Study in Ontologies for Probabilistic Networks,Eveline M. Helsper; Linda C. van der Gaag,2002,10.1007/978-1-4471-0119-2_18,Research and Development in Intelligent Systems XVIII,included,Sem abstract; recuperado por string forte (Springer-Nature-Link/S2) que já restringe a endoscopia alta + IA/DL e exclui colorretal — confiável.,Springer Nature Link/S2,não
Springer Nature Link,S2,Springer S2 — Lesões e alterações gástricas,sp_10.1007_3-540-60025-6_122,Coordinating taxonomies: Key to re-usable concept representations,A. L. Rector,1995,10.1007/3-540-60025-6_122,Artificial Intelligence in Medicine,included,Sem abstract; recuperado por string forte (Springer-Nature-Link/S2) que já restringe a endoscopia alta + IA/DL e exclui colorretal — confiável.,Springer Nature Link/S2,não
Springer Nature Link,S2,Springer S2 — Lesões e alterações gástricas,sp_10.1007_3-540-57868-4_81,Early screening for gastric cancer using machine learning techniques,W. Z. Liu; A. P. White; M. T. Hallissey,1994,10.1007/3-540-57868-4_81,Machine Learning: ECML-94,included,"Título/keywords indicam DL/CV em endoscopia digestiva alta ou achado GI, mesmo sem abstract.",Springer Nature Link/S2; Springer Nature Link/S3,não
Springer Nature Link,S2,Springer S2 — Lesões e alterações gástricas,sp_10.1007_BF03216312,Pediatrics II. Miscellanea,X. Pastor; J. Jaurégulzar; A. Palomeque; C. Sierra; M. L. Sonnet; D. Floret; D. Perrot; D. Stamm; I. A. Murdoch; A. Mitchell; S. Parsons; S. A. Qureshi; R. Brangenberg; M. Bodensohn; U. Bürger; J. H. Reeves; W. W. Butt; A. -L. Kuusela; T. Ruuska; R. Karikoski-Leo; V. Lautamatti,1992,10.1007/BF03216312,Intensive Care Medicine,included,Sem abstract; recuperado por string forte (Springer-Nature-Link/S2) que já restringe a endoscopia alta + IA/DL e exclui colorretal — confiável.,Springer Nature Link/S2,não
Springer Nature Link,S2,Springer S2 — Lesões e alterações gástricas,sp_10.1007_978-3-662-35152-9_3,L,Otto Spamer’s,1879,10.1007/978-3-662-35152-9_3,Illustrirtes Handels-Lexikon,included,Sem abstract; recuperado por string forte (Springer-Nature-Link/S2) que já restringe a endoscopia alta + IA/DL e exclui colorretal — confiável.,Springer Nature Link/S2,não
Springer Nature Link,S2,Springer S2 — Lesões e alterações gástricas,sp_10.1007_978-3-642-99193-6_2,Praktischer Teil,H. Müller,1919,10.1007/978-3-642-99193-6_2,Westermeiers Leitfaden für die Försterprüfungen,included,Sem abstract; recuperado por string forte (Springer-Nature-Link/S2) que já restringe a endoscopia alta + IA/DL e exclui colorretal — confiável.,Springer Nature Link/S2,não
